pack,tier,artist,title,from_movie_show,explicit,plays_in_game,deezer_id,verdict_keep_or_cut,notes
"2000's Mega Hits","Free","*NSYNC","Bye Bye Bye","","","yes","632447","",""
"2000's Mega Hits","Free","*NSYNC","Girlfriend","","","yes","4274057","",""
"2000's Mega Hits","Free","2raumwohnung","36 Grad","","","yes","13478212","",""
"2000's Mega Hits","Free","2raumwohnung","Besser geht's nicht","","","yes","13458959","",""
"2000's Mega Hits","Free","2raumwohnung","Sexy Girl","","","yes","131135270","",""
"2000's Mega Hits","Free","3 Doors Down","Here Without You","","","yes","2172900","",""
"2000's Mega Hits","Free","3 Doors Down","When I'm Gone","","","yes","2172895","",""
"2000's Mega Hits","Free","50 Cent","Candy Shop","","YES","no - explicit","145429544","",""
"2000's Mega Hits","Free","50 Cent","Disco Inferno","","","yes","1575414","",""
"2000's Mega Hits","Free","50 Cent","In Da Club","","YES","no - explicit","1141668","",""
"2000's Mega Hits","Free","A Fine Frenzy","Almost Lover","","","yes","3154015","",""
"2000's Mega Hits","Free","A Touch Of Class","My Heart Beats Like A Drum (Dam Dam Dam) (Radio Edit)","","","yes","13185278","",""
"2000's Mega Hits","Free","a-ha","Foot Of The Mountain","","","yes","4190292","",""
"2000's Mega Hits","Free","a-ha","Forever Not Yours","","","yes","807083","",""
"2000's Mega Hits","Free","A. R. Rahman","Jai Ho! (You Are My Destiny)","","","yes","2947119","",""
"2000's Mega Hits","Free","A*Teens","Sugar Rush","","","yes","2290041","",""
"2000's Mega Hits","Free","Aaliyah","Try Again","","","yes","1115907","",""
"2000's Mega Hits","Free","Aaliyah","We Need A Resolution","","","yes","1115260","",""
"2000's Mega Hits","Free","Adele","Chasing Pavements","","","yes","2577958","",""
"2000's Mega Hits","Free","Adele","Make You Feel My Love","","","yes","2577966","",""
"2000's Mega Hits","Free","Afroman","Because I Got High (Album Version Explicit)","","","yes","85451726","",""
"2000's Mega Hits","Free","Agnes","Release Me","","","yes","76561588","",""
"2000's Mega Hits","Free","Air","Cherry Blossom Girl","","","yes","3369072","",""
"2000's Mega Hits","Free","Akon","Bananza (Belly Dancer)","","","yes","1168894","",""
"2000's Mega Hits","Free","Akon","Don't Matter (Radio Edit)","","","yes","1100118","",""
"2000's Mega Hits","Free","Akon","Locked Up","","YES","no - explicit","1137869","",""
"2000's Mega Hits","Free","Akon","Lonely","","YES","no - explicit","2530867","",""
"2000's Mega Hits","Free","Akon","Smack That","","YES","no - explicit","1137864","",""
"2000's Mega Hits","Free","Alcazar","Crying at the Discoteque","","","yes","603418","",""
"2000's Mega Hits","Free","Alex Gaudino","Destination Calabria (Radio Edit)","","","yes","5406699","",""
"2000's Mega Hits","Free","Alexandra Prince","Rising High (Radio Edit)","","","yes","4660015","",""
"2000's Mega Hits","Free","Alice Deejay","Better Off Alone","","","yes","397372032","",""
"2000's Mega Hits","Free","Alicia Keys","Doesn't Mean Anything","","","yes","4764450","",""
"2000's Mega Hits","Free","Alicia Keys","Empire State of Mind (Part II) Broken Down","","","yes","4761593","",""
"2000's Mega Hits","Free","Alicia Keys","Fallin'","","","yes","959183","",""
"2000's Mega Hits","Free","Alicia Keys","If I Ain't Got You","","","yes","629466","",""
"2000's Mega Hits","Free","Alicia Keys","No One","","","yes","2466262","",""
"2000's Mega Hits","Free","Alicia Keys","Put It In a Love Song (feat. Beyoncé Knowles)","","","yes","4761589","",""
"2000's Mega Hits","Free","Alicia Keys","Try Sleeping with a Broken Heart","","","yes","4761583","",""
"2000's Mega Hits","Free","Alizée","Moi... Lolita","","","yes","506372122","",""
"2000's Mega Hits","Free","All Saints","Pure Shores","","","yes","706840","",""
"2000's Mega Hits","Free","All Saints","Rock Steady","","","yes","5848599","",""
"2000's Mega Hits","Free","Amerie","1 Thing","","","yes","13145771","",""
"2000's Mega Hits","Free","Amy Macdonald","Mr Rock & Roll","","","yes","7256042","",""
"2000's Mega Hits","Free","Amy Macdonald","This Is The Life","","","yes","882691","",""
"2000's Mega Hits","Free","Amy Winehouse","Back To Black","","YES","no - explicit","2176856","",""
"2000's Mega Hits","Free","Amy Winehouse","Fuck Me Pumps","","YES","no - explicit","-2656401262","",""
"2000's Mega Hits","Free","Amy Winehouse","Love Is A Losing Game","","","yes","2176857","",""
"2000's Mega Hits","Free","Amy Winehouse","Rehab","","","yes","2176852","",""
"2000's Mega Hits","Free","Amy Winehouse","Tears Dry On Their Own (Kardinal Beats Remix)","","","yes","104008800","",""
"2000's Mega Hits","Free","Amy Winehouse","You Know I'm No Good","","","yes","913895","",""
"2000's Mega Hits","Free","Anastacia","I'm Outta Love","","","yes","574984","",""
"2000's Mega Hits","Free","Anastacia","One Day In Your Life (European Version)","","","yes","111772898","",""
"2000's Mega Hits","Free","Anastacia","Sick and Tired","","","yes","638409","",""
"2000's Mega Hits","Free","Angie Stone","Wish I Didn't Miss You","","","yes","966648","",""
"2000's Mega Hits","Free","Annie","Heartbeat","","","yes","740399","",""
"2000's Mega Hits","Free","Artful Dodger","Moving Too Fast (Radio Edit)","","","yes","55131141","",""
"2000's Mega Hits","Free","Ashwin Gane","Who's Watching","","YES","no - explicit","3090582081","",""
"2000's Mega Hits","Free","ATB","Believe in Me","","","yes","61676321","",""
"2000's Mega Hits","Free","ATB","The Summer","","","yes","61639799","",""
"2000's Mega Hits","Free","ATC","Around the World","","","yes","140013769","",""
"2000's Mega Hits","Free","Aura Dione","I Will Love You Monday (365)","","","yes","81836104","",""
"2000's Mega Hits","Free","Aventura","Obsesion","","","yes","64848628","",""
"2000's Mega Hits","Free","Avril Lavigne","Complicated","","","yes","1023429","",""
"2000's Mega Hits","Free","Avril Lavigne","Girlfriend (Explicit Version)","","","yes","580029","",""
"2000's Mega Hits","Free","Avril Lavigne","Girlfriend (Radio Edit)","","","yes","5495884","",""
"2000's Mega Hits","Free","Avril Lavigne","I'm with You","","","yes","15587475","",""
"2000's Mega Hits","Free","Avril Lavigne","My Happy Ending","","YES","no - explicit","65191248","",""
"2000's Mega Hits","Free","Avril Lavigne","Sk8er Boi","","","yes","15587466","",""
"2000's Mega Hits","Free","Azad","Eines Tages","","","yes","2264638","",""
"2000's Mega Hits","Free","B.o.B","Nothin' on You (feat. Bruno Mars)","","","yes","72933079","",""
"2000's Mega Hits","Free","B2K","Bump, Bump, Bump (feat. P. Diddy)","","","yes","869086","",""
"2000's Mega Hits","Free","Baby Bash","Suga Suga","","","yes","2501296","",""
"2000's Mega Hits","Free","Backstreet Boys","I Want It That Way","","","yes","13141170","",""
"2000's Mega Hits","Free","Baha Men","Who Let The Dogs Out","","","yes","3389258","",""
"2000's Mega Hits","Free","Band Of Horses","The Funeral","","","yes","75624012","",""
"2000's Mega Hits","Free","Band of Silver","Checked Out","","","yes","2935813851","",""
"2000's Mega Hits","Free","Band of Silver","Simulation","","","yes","2747702831","",""
"2000's Mega Hits","Free","Band of Silver","Training Arc","","","yes","3147209241","",""
"2000's Mega Hits","Free","Barcode Brothers","Dooh Dooh","","","yes","2500802","",""
"2000's Mega Hits","Free","Barthezz","On the Move (Radio Edit)","","","yes","13476008","",""
"2000's Mega Hits","Free","Basshunter","Boten Anna (Radio edit)","","","yes","735670","",""
"2000's Mega Hits","Free","Bat For Lashes","Daniel","","","yes","3148226","",""
"2000's Mega Hits","Free","bbno$","check","","YES","no - explicit","3134757761","",""
"2000's Mega Hits","Free","bbno$","two","","YES","no - explicit","3018200471","",""
"2000's Mega Hits","Free","BeatFreakz","Somebody's Watching Me (Hi_Tack Radio Edit)","","","yes","489401192","",""
"2000's Mega Hits","Free","Benjamin Diamond","Little Scare","","","yes","67655991","",""
"2000's Mega Hits","Free","Benny Benassi","Satisfaction (Isak Original Extended)","","","yes","13839055","",""
"2000's Mega Hits","Free","Beyoncé","Beautiful Liar","","","yes","551207","",""
"2000's Mega Hits","Free","Beyoncé","Broken-Hearted Girl","","","yes","2485111","",""
"2000's Mega Hits","Free","Beyoncé","Crazy In Love (feat. JAY-Z)","","","yes","609244","",""
"2000's Mega Hits","Free","Beyoncé","Diva","","","yes","2485121","",""
"2000's Mega Hits","Free","Beyoncé","Halo","","","yes","2553265","",""
"2000's Mega Hits","Free","Beyoncé","If I Were A Boy","","","yes","2553264","",""
"2000's Mega Hits","Free","Beyoncé","Irreplaceable","","","yes","13131048","",""
"2000's Mega Hits","Free","Beyoncé","Naughty Girl","","","yes","597856","",""
"2000's Mega Hits","Free","Beyoncé","Single Ladies (Put A Ring On It)","","","yes","2553270","",""
"2000's Mega Hits","Free","Billy Crawford","Trackin'","","","yes","2426385555","",""
"2000's Mega Hits","Free","Black Legend","You See the Trouble with Me (We'll Be in Trouble Radio Edit)","","","yes","414585442","",""
"2000's Mega Hits","Free","Blank & Jones","Djs, Fans & Freaks (Radio Cut)","","","yes","471065372","",""
"2000's Mega Hits","Free","blink-182","All The Small Things","","","yes","127354207","",""
"2000's Mega Hits","Free","blink-182","I Miss You","","","yes","910533","",""
"2000's Mega Hits","Free","Bloc Party","Banquet","","","yes","4194878","",""
"2000's Mega Hits","Free","Bloodhound Gang","The Bad Touch","","YES","no - explicit","953105","",""
"2000's Mega Hits","Free","Blu Cantrell","Breathe (feat. Sean Paul) (Rap Version)","","","yes","13146819","",""
"2000's Mega Hits","Free","Blue","All Rise","","","yes","3152219","",""
"2000's Mega Hits","Free","Blue","Breathe Easy","","","yes","3089587","",""
"2000's Mega Hits","Free","Blue","Bubblin'","","","yes","-594125541","",""
"2000's Mega Hits","Free","Blue","Sorry Seems To Be The Hardest Word (Radio Edit)","","","yes","3097538","",""
"2000's Mega Hits","Free","Blue Lagoon","Break My Stride (Radio Edit)","","","yes","2193052","",""
"2000's Mega Hits","Free","Bob Sinclar","Love Generation","","","yes","78734054","",""
"2000's Mega Hits","Free","Bomfunk MC's","(Crack It) Something Going On (feat. Jessica Folker)","","","yes","13200005","",""
"2000's Mega Hits","Free","Bomfunk MC's","Freestyler","","","yes","5363024","",""
"2000's Mega Hits","Free","Bomfunk MC's","Freestyler (Alternative Radio Edit)","","","yes","14887680","",""
"2000's Mega Hits","Free","Bon Jovi","It's My Life","","","yes","89870993","",""
"2000's Mega Hits","Free","Boogie Pimps","Somebody To Love (Salt Shaker Remix)","","","yes","83928689","",""
"2000's Mega Hits","Free","Booty Luv","Boogie 2Nite (Seamus Haji Big Love Edit)","","","yes","144526994","",""
"2000's Mega Hits","Free","Booty Luv","Some Kinda Rush (Radio Edit)","","","yes","144527000","",""
"2000's Mega Hits","Free","Bosson","One In A Million (Remix)","","","yes","6814359","",""
"2000's Mega Hits","Free","Brainstorm","Maybe","","","yes","102448558","",""
"2000's Mega Hits","Free","Brandy","What About Us?","","","yes","714910","",""
"2000's Mega Hits","Free","Breaking Benjamin","The Diary of Jane","","","yes","3112344","",""
"2000's Mega Hits","Free","Britney Spears","...Baby One More Time","","","yes","540175","",""
"2000's Mega Hits","Free","Britney Spears","Boys (feat. Pharrell Williams) (Co-Ed Remix)","","","yes","582280","",""
"2000's Mega Hits","Free","Britney Spears","Gimme More","","YES","no - explicit","15589893","",""
"2000's Mega Hits","Free","Britney Spears","I'm a Slave 4 U","","","yes","540191","",""
"2000's Mega Hits","Free","Britney Spears","If U Seek Amy","","","yes","82199342","",""
"2000's Mega Hits","Free","Britney Spears","Lucky","","","yes","582261","",""
"2000's Mega Hits","Free","Britney Spears","Me Against the Music (feat. Madonna) (LP Version / Video Mix)","","","yes","15392959","",""
"2000's Mega Hits","Free","Britney Spears","Oops!...I Did It Again","","","yes","582254","",""
"2000's Mega Hits","Free","Britney Spears","Toxic","","","yes","15391618","",""
"2000's Mega Hits","Free","Britney Spears","Womanizer","","","yes","82199332","",""
"2000's Mega Hits","Free","Bro' Sis","I Believe (Video / Radio Mix)","","","yes","1152570392","",""
"2000's Mega Hits","Free","Bro'Sis","Do You (Album Version)","","","yes","2185912","",""
"2000's Mega Hits","Free","Bruno Mars","Just the Way You Are","","","yes","8011850","",""
"2000's Mega Hits","Free","Busta Rhymes","I Know What You Want (feat. Flipmode Squad)","","","yes","15220661","",""
"2000's Mega Hits","Free","Busted","What I Go To School For","","","yes","2192087","",""
"2000's Mega Hits","Free","Calvin Harris","I'm Not Alone (Radio Edit)","","","yes","69304060","",""
"2000's Mega Hits","Free","Cascada","Evacuate The Dancefloor (Radio Edit)","","","yes","3976674","",""
"2000's Mega Hits","Free","Cascada","Everytime We Touch (Radio Edit)","","","yes","1139054","",""
"2000's Mega Hits","Free","Cassandra Steen","Stadt","","","yes","2799594","",""
"2000's Mega Hits","Free","Cassie","Me & U","","","yes","2793680","",""
"2000's Mega Hits","Free","Céline Dion","A New Day Has Come (Radio Remix)","","","yes","14552283","",""
"2000's Mega Hits","Free","Céline Dion","I'm Alive","","","yes","14552292","",""
"2000's Mega Hits","Free","Chad Kroeger","Hero (feat. Josey Scott)","","","yes","3866895","",""
"2000's Mega Hits","Free","Cher","All or Nothing","","","yes","786740","",""
"2000's Mega Hits","Free","Cher","Song for the Lonely","","","yes","5615410","",""
"2000's Mega Hits","Free","Cher","The Music's No Good Without You (Almighty Radio Edit)","","","yes","707097","",""
"2000's Mega Hits","Free","Chicane","Don't Give Up","","","yes","6467783","",""
"2000's Mega Hits","Free","Chris Brown","Forever","","","yes","2101627","",""
"2000's Mega Hits","Free","Chris Brown","Run It! (Featuring Juelz Santana)","","","yes","13140203","",""
"2000's Mega Hits","Free","Chris Brown","Wall To Wall","","","yes","15048965","",""
"2000's Mega Hits","Free","Chris Brown","With You","","","yes","2101614","",""
"2000's Mega Hits","Free","Christina Aguilera","Dirrty (feat. Redman)","","","yes","994974","",""
"2000's Mega Hits","Free","Christina Aguilera","Lady Marmalade (From ""Moulin Rouge"" Soundtrack)","","","yes","2438245","",""
"2000's Mega Hits","Free","Chromeo","Fancy Footwork","","","yes","707533842","",""
"2000's Mega Hits","Free","Ciara","1, 2 Step (feat. Missy Elliott)","","","yes","600473","",""
"2000's Mega Hits","Free","Ciara","1, 2 Step (Main)","","","yes","60765447","",""
"2000's Mega Hits","Free","Ciara","Goodies (feat. Petey Pablo)","","","yes","13145340","",""
"2000's Mega Hits","Free","Ciara","Love Sex Magic (feat. Justin Timberlake)","","","yes","2924891","",""
"2000's Mega Hits","Free","Clueso","Gewinner (Single Version / Remastered 2014)","","","yes","128103351","",""
"2000's Mega Hits","Free","Colbie Caillat","Bubbly","","","yes","1087017","",""
"2000's Mega Hits","Free","Coldplay","Clocks","","","yes","3098841","",""
"2000's Mega Hits","Free","Coldplay","Clocks","","","yes","3155881","",""
"2000's Mega Hits","Free","Coldplay","Fix You","","","yes","3106505","",""
"2000's Mega Hits","Free","Coldplay","In My Place","","","yes","3098838","",""
"2000's Mega Hits","Free","Coldplay","Life in Technicolor ii","","","yes","13444592","",""
"2000's Mega Hits","Free","Coldplay","The Scientist","","","yes","3098840","",""
"2000's Mega Hits","Free","Coldplay","Violet Hill","","","yes","3157973","",""
"2000's Mega Hits","Free","Coldplay","Viva La Vida","","","yes","3160070","",""
"2000's Mega Hits","Free","Coldplay","Yellow","","","yes","3128096","",""
"2000's Mega Hits","Free","ConKi","Oh My Love","","","yes","2888412552","",""
"2000's Mega Hits","Free","Corinne Bailey Rae","Put Your Records On","","","yes","3119484","",""
"2000's Mega Hits","Free","Craig David","7 Days","","","yes","694618","",""
"2000's Mega Hits","Free","Craig David","Fill Me In","","","yes","2559110","",""
"2000's Mega Hits","Free","Craig David","Rendezvous","","","yes","143169100","",""
"2000's Mega Hits","Free","Craig David","Rewind","","","yes","2559123","",""
"2000's Mega Hits","Free","Craig David","Rise & Fall (feat. Sting)","","","yes","143170316","",""
"2000's Mega Hits","Free","Craig David","Walking Away","","","yes","2606919","",""
"2000's Mega Hits","Free","Crazy Town","Butterfly","","","yes","13144808","",""
"2000's Mega Hits","Free","Creed","One Last Breath","","","yes","80274648","",""
"2000's Mega Hits","Free","Creed","With Arms Wide Open","","","yes","836186382","",""
"2000's Mega Hits","Free","Cypress Hill","What's Your Number? (feat. Tim Armstrong)","","YES","no - explicit","565965","",""
"2000's Mega Hits","Free","D12","My Band","","YES","no - explicit","1102401","",""
"2000's Mega Hits","Free","D12","Purple Pills","","YES","no - explicit","1126602","",""
"2000's Mega Hits","Free","Daddy Yankee","Gasolina","","","yes","385097421","",""
"2000's Mega Hits","Free","Daft Punk","Harder, Better, Faster, Stronger","","","yes","3135556","",""
"2000's Mega Hits","Free","Daft Punk","One More Time (Short Radio Edit)","","","yes","3157685","",""
"2000's Mega Hits","Free","Daft Punk","Technologic (Radio Edit)","","","yes","3157513","",""
"2000's Mega Hits","Free","Daniel Bedingfield","If You're Not The One","","","yes","2298577","",""
"2000's Mega Hits","Free","Daniel Bedingfield","James Dean (I Wanna Know)","","","yes","2298576","",""
"2000's Mega Hits","Free","Daniel Merriweather","Change (feat. Wale)","","YES","no - explicit","3437910","",""
"2000's Mega Hits","Free","Daniel Merriweather","Red","","","yes","3437913","",""
"2000's Mega Hits","Free","Daniel Powter","Bad Day","","","yes","6685848","",""
"2000's Mega Hits","Free","Dante Thomas","Miss California","","","yes","71703888","",""
"2000's Mega Hits","Free","Darude","Sandstorm","","","yes","11390027","",""
"2000's Mega Hits","Free","Daughtry","Waiting for Superman","","","yes","72314176","",""
"2000's Mega Hits","Free","David Guetta","Love Don't Let Me Go","","","yes","3087828","",""
"2000's Mega Hits","Free","David Guetta","Love Is Gone (Fred Riester & Joachim Garraud Radio Edit Remix)","","","yes","3107326","",""
"2000's Mega Hits","Free","David Guetta","Memories (feat. Kid Cudi)","","","yes","5400243","",""
"2000's Mega Hits","Free","David Guetta","One Love (feat. Estelle)","","","yes","13275699","",""
"2000's Mega Hits","Free","David Guetta","Sexy Bitch (feat. Akon)","","YES","no - explicit","673165762","",""
"2000's Mega Hits","Free","David Guetta","When Love Takes Over (feat. Kelly Rowland)","","","yes","3445820","",""
"2000's Mega Hits","Free","David Jordan","Sun Goes Down","","","yes","884307","",""
"2000's Mega Hits","Free","David O. Joseph","Butterfly","","","yes","490981082","",""
"2000's Mega Hits","Free","Debelah Morgan","Dance with Me","","","yes","3875181","",""
"2000's Mega Hits","Free","Deichkind","Bon Voyage (feat. Nina)","","","yes","685508","",""
"2000's Mega Hits","Free","Delerium","Silence (Tiësto's In Search Of Sunrise Remix)","","","yes","67708599","",""
"2000's Mega Hits","Free","Depeche Mode","Dream On","","","yes","68515207","",""
"2000's Mega Hits","Free","Depeche Mode","Precious","","","yes","3120377","",""
"2000's Mega Hits","Free","Depeche Mode","Wrong","","","yes","136332236","",""
"2000's Mega Hits","Free","Destiny's Child","Bootylicious","","","yes","4006939","",""
"2000's Mega Hits","Free","Destiny's Child","Independent Women, Pt. 1 (Pasadena Remix)","","","yes","833204","",""
"2000's Mega Hits","Free","Destiny's Child","Jumpin', Jumpin'","","","yes","580931","",""
"2000's Mega Hits","Free","Destiny's Child","Say My Name","","","yes","580936","",""
"2000's Mega Hits","Free","Destiny's Child","Soldier (Radio Edit)","","","yes","15413324","",""
"2000's Mega Hits","Free","Destiny's Child","Survivor","","","yes","1008337","",""
"2000's Mega Hits","Free","Diddy","Come To Me (feat. Nicole Scherzinger)","","","yes","3878453","",""
"2000's Mega Hits","Free","Diddy","I Need a Girl (Pt. 2) [feat. Loon, Ginuwine, Mario Winans]","","","yes","2794597","",""
"2000's Mega Hits","Free","Diddy","Last Night (feat. Keyshia Cole) (Radio Edit)","","","yes","5094636","",""
"2000's Mega Hits","Free","Dido","Here With Me","","","yes","962165","",""
"2000's Mega Hits","Free","Dido","Life for Rent","","","yes","2654328","",""
"2000's Mega Hits","Free","Dido","Thank You","","","yes","962173","",""
"2000's Mega Hits","Free","Dido","White Flag","","","yes","2654326","",""
"2000's Mega Hits","Free","Die Fantastischen Vier","Einfach Sein","","","yes","551958","",""
"2000's Mega Hits","Free","Die Toten Hosen","Nur zu Besuch","","","yes","142393491","",""
"2000's Mega Hits","Free","Dirty Vegas","Days Go By (Radio Edit)","","","yes","3441327","",""
"2000's Mega Hits","Free","Dizzee Rascal","Bonkers","","","yes","15640851","",""
"2000's Mega Hits","Free","DJ Bobo","What a Feeling","","","yes","917796222","",""
"2000's Mega Hits","Free","DJ Sammy","Heaven","","","yes","88911095","",""
"2000's Mega Hits","Free","Dr. Dre","The Next Episode","","YES","no - explicit","1579481","",""
"2000's Mega Hits","Free","Dr. Motte & Westbam Present","One World One Love Parade (Short)","","","yes","61707276","",""
"2000's Mega Hits","Free","Dragonette","Take It Like A Man","","","yes","1141730","",""
"2000's Mega Hits","Free","Drake","Best I Ever Had","","YES","no - explicit","6297757","",""
"2000's Mega Hits","Free","Drake","Forever (Album Version Explicit)","","YES","no - explicit","5060528","",""
"2000's Mega Hits","Free","Duffy","Mercy","","","yes","980106","",""
"2000's Mega Hits","Free","Duffy","Warwick Avenue","","","yes","530295731","",""
"2000's Mega Hits","Free","Edward Sharpe & The Magnetic Zeros","Home (2019 - Remaster)","","","yes","745172452","",""
"2000's Mega Hits","Free","Elton John","This Train Don't Stop There Anymore","","","yes","2495484","",""
"2000's Mega Hits","Free","Elvis Presley","A Little Less Conversation (JXL Radio Edit Remix)","","","yes","636220","",""
"2000's Mega Hits","Free","Emiliana Torrini","Jungle Drum","","","yes","2802894","",""
"2000's Mega Hits","Free","Eminem","Cleanin' Out My Closet","","YES","no - explicit","916414","",""
"2000's Mega Hits","Free","Eminem","Lose Yourself","","YES","no - explicit","1109731","",""
"2000's Mega Hits","Free","Eminem","Stan","","YES","no - explicit","1109730","",""
"2000's Mega Hits","Free","Eminem","The Real Slim Shady","","YES","no - explicit","1109737","",""
"2000's Mega Hits","Free","Eminem","Till I Collapse","","YES","no - explicit","916445","",""
"2000's Mega Hits","Free","Eminem","We Made You","","","yes","86332785","",""
"2000's Mega Hits","Free","Eminem","Without Me","","YES","no - explicit","916424","",""
"2000's Mega Hits","Free","Emma Bunton","What Took You So Long?","","","yes","3088626","",""
"2000's Mega Hits","Free","Empire Of The Sun","Walking On A Dream","","","yes","4286051","",""
"2000's Mega Hits","Free","Empire Of The Sun","We Are The People","","","yes","4286053","",""
"2000's Mega Hits","Free","Enrique Iglesias","Be With You","","","yes","2279344","",""
"2000's Mega Hits","Free","Enrique Iglesias","Escape","","","yes","2604915","",""
"2000's Mega Hits","Free","Enrique Iglesias","Not In Love (Radio Mix)","","","yes","2447998","",""
"2000's Mega Hits","Free","Enya","May It Be","","","yes","14628832","",""
"2000's Mega Hits","Free","Eric Prydz","Call On Me (Radio Edit)","","","yes","2739742","",""
"2000's Mega Hits","Free","Eric Prydz","Pjanoo (Radio Edit)","","","yes","144535404","",""
"2000's Mega Hits","Free","Eric Prydz","Proper Education (Radio Edit)","","","yes","388965251","",""
"2000's Mega Hits","Free","Estelle","American Boy","","YES","no - explicit","462849482","",""
"2000's Mega Hits","Free","Evanescence","Bring Me To Life","","","yes","80274512","",""
"2000's Mega Hits","Free","Eve","Let Me Blow Ya Mind","","YES","no - explicit","496745532","",""
"2000's Mega Hits","Free","Eve","Who's That Girl?","","YES","no - explicit","2457786","",""
"2000's Mega Hits","Free","Faithless","Music Matters featuring Cass Fox (Axwell Edit)","","","yes","38358631","",""
"2000's Mega Hits","Free","Faithless","One Step Too Far (feat. Dido) (Radio Edit)","","","yes","560280","",""
"2000's Mega Hits","Free","Fall Out Boy","Sugar, We're Goin Down","","","yes","917265","",""
"2000's Mega Hits","Free","Far East Movement","Like A G6","","","yes","7180013","",""
"2000's Mega Hits","Free","Fat Joe","What's Luv? (feat. Ja-Rule & Ashanti)","","YES","no - explicit","3905124","",""
"2000's Mega Hits","Free","Fatboy Slim","Sunset (Bird of Prey)","","","yes","131218582","",""
"2000's Mega Hits","Free","Fedde Le Grand","Put Your Hands Up for Detroit : Put Your Hands Up for Detroit (Radio Edit)","","","yes","18639001","",""
"2000's Mega Hits","Free","Feist","1234","","","yes","1176221","",""
"2000's Mega Hits","Free","Feist","My Moon My Man (Boys Noize Classic Mix)","","","yes","911117","",""
"2000's Mega Hits","Free","Fergie","Big Girls Don't Cry (Personal)","","","yes","882296","",""
"2000's Mega Hits","Free","Fergie","Glamorous","","YES","no - explicit","1577408","",""
"2000's Mega Hits","Free","Fettes Brot","Schwule Mädchen","","","yes","72101077","",""
"2000's Mega Hits","Free","Five","Everybody Get Up (Radio Edit)","","","yes","994826","",""
"2000's Mega Hits","Free","Flipsyde","Happy Birthday","","","yes","2307217","",""
"2000's Mega Hits","Free","Flo Rida","Low (feat. T-Pain)","","","yes","786826","",""
"2000's Mega Hits","Free","Flo Rida","Right Round","","","yes","4162078","",""
"2000's Mega Hits","Free","Florence + The Machine","Cosmic Love","","","yes","10584598","",""
"2000's Mega Hits","Free","Florence + The Machine","Dog Days Are Over","","","yes","7561772","",""
"2000's Mega Hits","Free","Florence + The Machine","You've Got The Love","","","yes","10584602","",""
"2000's Mega Hits","Free","Foo Fighters","Best of You","","","yes","15422120","",""
"2000's Mega Hits","Free","Foster The People","Pumped Up Kicks","","","yes","12343171","",""
"2000's Mega Hits","Free","Frank Popp Ensemble","Hip Teens Don't Wear Blue Jeans","","","yes","4691378","",""
"2000's Mega Hits","Free","Franz Ferdinand","Take Me Out","","","yes","4315684","",""
"2000's Mega Hits","Free","Freeloaders","So Much Love To Give","","","yes","4585560","",""
"2000's Mega Hits","Free","French Affair","My Heart Goes Boom (LaDiDaDa)","","","yes","-570150221","",""
"2000's Mega Hits","Free","Gabriella Cilmi","Sweet About Me","","","yes","913272","",""
"2000's Mega Hits","Free","Gabriella Cilmi","What If You Knew","","","yes","5657817","",""
"2000's Mega Hits","Free","Gabrielle","Out Of Reach","","","yes","2461263","",""
"2000's Mega Hits","Free","Gareth Gates","Anyone of Us (Stupid Mistake)","","","yes","631716","",""
"2000's Mega Hits","Free","Gavin DeGraw","I Don't Want to Be","","","yes","604745","",""
"2000's Mega Hits","Free","Gigi D'Agostino","Bla Bla Bla (Radio Cut)","","","yes","88328509","",""
"2000's Mega Hits","Free","Gigi D'Agostino","L' Amour Toujours (Radio Version)","","","yes","64672373","",""
"2000's Mega Hits","Free","Gigi D'Agostino","L'Amour Toujours","","","yes","35782811","",""
"2000's Mega Hits","Free","Gigi D'Agostino","Silence (Vision 4)","","","yes","61166881","",""
"2000's Mega Hits","Free","Gigi D'Agostino","The Riddle","","","yes","60578291","",""
"2000's Mega Hits","Free","Girls Aloud","Something Kinda Ooooh","","","yes","62418649","",""
"2000's Mega Hits","Free","Gnarls Barkley","Crazy","","","yes","2794160","",""
"2000's Mega Hits","Free","Gnarls Barkley","Smiley Faces","","","yes","2794163","",""
"2000's Mega Hits","Free","Goldfrapp","Number 1","","","yes","68924758","",""
"2000's Mega Hits","Free","Goldfrapp","Ooh La La","","","yes","68925577","",""
"2000's Mega Hits","Free","Goldfrapp","Strict Machine","","","yes","68926987","",""
"2000's Mega Hits","Free","Good Charlotte","Lifestyles of the Rich & Famous","","","yes","7675610","",""
"2000's Mega Hits","Free","Gorillaz","19-2000 (Soulchild Remix)","","","yes","3100456","",""
"2000's Mega Hits","Free","Gorillaz","Clint Eastwood","","YES","no - explicit","3100444","",""
"2000's Mega Hits","Free","Gorillaz","DARE (feat. Shaun Ryder & Roses Gabor)","","","yes","3129413","",""
"2000's Mega Hits","Free","Gorillaz","Feel Good Inc.","","","yes","3129407","",""
"2000's Mega Hits","Free","Gossip","Heavy Cross","","","yes","3056960","",""
"2000's Mega Hits","Free","Gossip","Love Long Distance (Album Version)","","","yes","3732051","",""
"2000's Mega Hits","Free","Gossip","Standing in the Way of Control","","","yes","30516961","",""
"2000's Mega Hits","Free","Green Day","American Idiot","","YES","no - explicit","773367","",""
"2000's Mega Hits","Free","Green Day","Boulevard of Broken Dreams","","YES","no - explicit","6611231","",""
"2000's Mega Hits","Free","Green Day","Wake Me up When September Ends","","","yes","773430","",""
"2000's Mega Hits","Free","Groove Coverage","7 Years and 50 Days (Radio Edit)","","","yes","4800067","",""
"2000's Mega Hits","Free","Guano Apes","Big in Japan","","","yes","2166221","",""
"2000's Mega Hits","Free","Guru Josh Project","Infinity (Magic Mitch Club Mix)","","","yes","858737222","",""
"2000's Mega Hits","Free","Guru Josh Project","Infinity 2008 (Klaas Vocal Edit)","","","yes","61686264","",""
"2000's Mega Hits","Free","Gwen Stefani","Hollaback Girl","","YES","no - explicit","983450","",""
"2000's Mega Hits","Free","Gwen Stefani","Rich Girl","","","yes","2460560","",""
"2000's Mega Hits","Free","Gwen Stefani","What You Waiting For?","","","yes","983448","",""
"2000's Mega Hits","Free","Gwen Stefani","Wind It Up","","","yes","1575415","",""
"2000's Mega Hits","Free","Gym Class Heroes","Cupid's Chokehold / Breakfast in America","","","yes","663626","",""
"2000's Mega Hits","Free","Gym Class Heroes","Cupid's Chokehold / Breakfast in America (Radio Mix)","","","yes","708037","",""
"2000's Mega Hits","Free","H-Blockx","Ring Of Fire (Radio Version)","","","yes","1163041","",""
"2000's Mega Hits","Free","Hard-Fi","Hard to Beat","","","yes","821901","",""
"2000's Mega Hits","Free","Hellogoodbye","Here (In Your Arms) (Radio Edit)","","","yes","550951","",""
"2000's Mega Hits","Free","Herbert Grönemeyer","Mensch (Remastered 2016)","","","yes","566331552","",""
"2000's Mega Hits","Free","Hi_Tack","Say Say Say (Waiting 4 U) (Radio Mix)","","","yes","515695272","",""
"2000's Mega Hits","Free","HIM","Join Me (Razorblade Mix)","","","yes","1011708","",""
"2000's Mega Hits","Free","Holly Valance","Kiss Kiss","","","yes","810424","",""
"2000's Mega Hits","Free","Hurts","Wonderful Life","","","yes","7011666","",""
"2000's Mega Hits","Free","Ian Carey","Keep on Rising (feat. Michelle Shellers)","","","yes","15596324","",""
"2000's Mega Hits","Free","Ian O´Brien- Docker","The Beginning","","","yes","13467199","",""
"2000's Mega Hits","Free","Ich + Ich","Pflaster","","","yes","4585012","",""
"2000's Mega Hits","Free","Ich + Ich","So soll es bleiben (Single Edit)","","","yes","2676792","",""
"2000's Mega Hits","Free","Ich + Ich","Stark (Long Version)","","","yes","1125753","",""
"2000's Mega Hits","Free","Ich + Ich","Vom selben Stern (Radio Edit)","","","yes","1087885","",""
"2000's Mega Hits","Free","Ida Corr","Let Me Think About It (Radio Edit)","","","yes","372843011","",""
"2000's Mega Hits","Free","iiO","Rapture (feat.Nadia Ali)","","","yes","11495726","",""
"2000's Mega Hits","Free","Imogen Heap","Headlock","","","yes","548641","",""
"2000's Mega Hits","Free","In-Grid","Tu Es Foutu (Radio Edit)","","","yes","39028771","",""
"2000's Mega Hits","Free","Infernal","From Paris To Berlin","","","yes","138728387","",""
"2000's Mega Hits","Free","Inna","Hot (Play & Win Radio Version)","","","yes","81661454","",""
"2000's Mega Hits","Free","Iyaz","Replay","","","yes","6276158","",""
"2000's Mega Hits","Free","Ja Rule","Always On Time","","YES","no - explicit","623714342","",""
"2000's Mega Hits","Free","Ja Rule","Mesmerize","","YES","no - explicit","2278408","",""
"2000's Mega Hits","Free","Jack Johnson","Better Together","","","yes","2184624","",""
"2000's Mega Hits","Free","Jack Johnson","Upside Down","","","yes","4677990","",""
"2000's Mega Hits","Free","Jack White","Another Way to Die","","","yes","2281106","",""
"2000's Mega Hits","Free","Jam & Spoon","Butterfly Sign","","","yes","96257688","",""
"2000's Mega Hits","Free","Jam & Spoon","Set Me Free (Empty Rooms) (Video Version)","","","yes","530722631","",""
"2000's Mega Hits","Free","Jamelia","Beware of the Dog","","","yes","463423842","",""
"2000's Mega Hits","Free","Jamelia","Something About You (Single Edit)","","","yes","463424122","",""
"2000's Mega Hits","Free","Jamelia","Superstar","","","yes","463394462","",""
"2000's Mega Hits","Free","James Blunt","1973","","","yes","663476","",""
"2000's Mega Hits","Free","James Blunt","Goodbye My Lover","","","yes","784331","",""
"2000's Mega Hits","Free","James Blunt","You're Beautiful","","YES","no - explicit","2659940","",""
"2000's Mega Hits","Free","James Morrison","Broken Strings","","","yes","2298089","",""
"2000's Mega Hits","Free","James Morrison","You Give Me Something","","","yes","1576692","",""
"2000's Mega Hits","Free","Jamie Foxx","Extravaganza (feat. Kanye West) (Main Version)","","YES","no - explicit","561995","",""
"2000's Mega Hits","Free","Jamiroquai","Little L","","","yes","867060","",""
"2000's Mega Hits","Free","Jan Delay","Klar","","","yes","1171856","",""
"2000's Mega Hits","Free","Janet Jackson","All For You","","","yes","3502411","",""
"2000's Mega Hits","Free","Janet Jackson","All Nite (Don't Stop)","","","yes","3168872","",""
"2000's Mega Hits","Free","Janet Jackson","Feedback","","","yes","17687091","",""
"2000's Mega Hits","Free","Janet Jackson","Son Of A Gun (I Betcha Think This Song Is About You) (The Original Flyte Tyme Remix)","","YES","no - explicit","3097556","",""
"2000's Mega Hits","Free","Jason Derülo","Whatcha Say","","","yes","5420471","",""
"2000's Mega Hits","Free","Jason Mraz","I'm Yours","","","yes","2686140","",""
"2000's Mega Hits","Free","Jason Mraz","Lucky","","","yes","845910","",""
"2000's Mega Hits","Free","JAŸ-Z","03' Bonnie & Clyde","","YES","no - explicit","7646471","",""
"2000's Mega Hits","Free","JAŸ-Z","Empire State Of Mind [Jay-Z + Alicia Keys] (Explicit Album Version) (Explicit)","","","yes","4197797","",""
"2000's Mega Hits","Free","JAŸ-Z","Numb / Encore","","YES","no - explicit","676954","",""
"2000's Mega Hits","Free","JAŸ-Z","Run This Town","","YES","no - explicit","90533115","",""
"2000's Mega Hits","Free","Jennifer Lopez","Ain't It Funny (feat. Ja Rule & Caddillac Tah) (Murder Remix)","","","yes","611716472","",""
"2000's Mega Hits","Free","Jennifer Lopez","I'm Real (feat. Ja Rule) (Murder Remix)","","YES","no - explicit","625530","",""
"2000's Mega Hits","Free","Jennifer Lopez","Jenny from the Block (feat. Jadakiss & Styles P.) (Track Masters Remix)","","","yes","628099","",""
"2000's Mega Hits","Free","Jennifer Lopez","Love Don't Cost a Thing","","","yes","618317","",""
"2000's Mega Hits","Free","Jennifer Lopez","Walking On Sunshine","","","yes","626302","",""
"2000's Mega Hits","Free","Jennifer Paige & Nick Carter","Beautiful Lie (Radio Edit)","","","yes","60972752","",""
"2000's Mega Hits","Free","Jesse McCartney","Beautiful Soul","","","yes","3119252","",""
"2000's Mega Hits","Free","Jimmy Eat World","The Middle","","","yes","885840","",""
"2000's Mega Hits","Free","Joey Negro","Make A Move On Me (Radio Edit)","","","yes","90197027","",""
"2000's Mega Hits","Free","John Legend","Save Room","","","yes","71127959","",""
"2000's Mega Hits","Free","John Mayer","Free Fallin' (Live at the Nokia Theatre, Los Angeles, CA - December 2007)","","","yes","7675067","",""
"2000's Mega Hits","Free","John Mayer","Waiting On the World to Change","","","yes","988558","",""
"2000's Mega Hits","Free","John Mayer","Your Body Is a Wonderland","","","yes","13141070","",""
"2000's Mega Hits","Free","JoJo","Leave (Get Out) (Album Version)","","","yes","6789700","",""
"2000's Mega Hits","Free","Jonas Brothers","Year 3000 (Album Version)","","","yes","68356642","",""
"2000's Mega Hits","Free","Jordin Sparks","No Air (feat. Chris Brown)","","","yes","3960474","",""
"2000's Mega Hits","Free","José González","Heartbeats","","","yes","17393623","",""
"2000's Mega Hits","Free","Juli","Geile Zeit (Radio Version)","","","yes","1569306","",""
"2000's Mega Hits","Free","Juli","Perfekte Welle","","","yes","121926890","",""
"2000's Mega Hits","Free","Junior Senior","Move Your Feet","","","yes","72999317","",""
"2000's Mega Hits","Free","Just Jack","Starz In Their Eyes","","","yes","2594363","",""
"2000's Mega Hits","Free","Justice","D.A.N.C.E.","","","yes","682541","",""
"2000's Mega Hits","Free","Justin Bieber","Baby","","","yes","5271168","",""
"2000's Mega Hits","Free","Justin Timberlake","Cry Me A River","","","yes","603072","",""
"2000's Mega Hits","Free","Justin Timberlake","Like I Love You","","","yes","15591586","",""
"2000's Mega Hits","Free","Justin Timberlake","LoveStoned / I Think She Knows (Radio Edit)","","","yes","553364","",""
"2000's Mega Hits","Free","Justin Timberlake","My Love (feat. T.I.)","","","yes","15489385","",""
"2000's Mega Hits","Free","Justin Timberlake","My Love (feat. T.I.) (Single Version)","","","yes","13144408","",""
"2000's Mega Hits","Free","Justin Timberlake","Rock Your Body","","","yes","603953","",""
"2000's Mega Hits","Free","Justin Timberlake","Señorita","","","yes","834986","",""
"2000's Mega Hits","Free","Justin Timberlake","SexyBack","","YES","no - explicit","534726","",""
"2000's Mega Hits","Free","Justin Timberlake","What Goes Around.../...Comes Around (Interlude)","","","yes","15489392","",""
"2000's Mega Hits","Free","Justin Timberlake","What Goes Around...Comes Around (Radio Edit)","","","yes","82299064","",""
"2000's Mega Hits","Free","K-Maro","Femme Like U (Radio Edit)","","","yes","814034","",""
"2000's Mega Hits","Free","Kaiser Chiefs","Ruby","","","yes","26608051","",""
"2000's Mega Hits","Free","Kanye West","Gold Digger","","YES","no - explicit","1184309","",""
"2000's Mega Hits","Free","Kanye West","Stronger","","YES","no - explicit","925829","",""
"2000's Mega Hits","Free","Kate Ryan","Désenchantée","","","yes","3092650","",""
"2000's Mega Hits","Free","Kate Ryan","Voyage voyage","","","yes","884006","",""
"2000's Mega Hits","Free","Kate Winslet","What If","","","yes","3156336","",""
"2000's Mega Hits","Free","Katie Melua","Nine Million Bicycles","","","yes","-2544038822","",""
"2000's Mega Hits","Free","Katie Melua","Spider's Web","","","yes","-2543897502","",""
"2000's Mega Hits","Free","Katie Melua","The Closest Thing to Crazy","","","yes","131207980","",""
"2000's Mega Hits","Free","Katy Perry","California Gurls","","","yes","17135110","",""
"2000's Mega Hits","Free","Katy Perry","Hot N Cold","","","yes","3169166","",""
"2000's Mega Hits","Free","Katy Perry","I Kissed A Girl","","","yes","3169161","",""
"2000's Mega Hits","Free","Katy Perry","Last Friday Night (T.G.I.F.)","","","yes","6812359","",""
"2000's Mega Hits","Free","Katy Perry","Teenage Dream","","","yes","17135108","",""
"2000's Mega Hits","Free","Ke$ha","TiK ToK","","","yes","7625145","",""
"2000's Mega Hits","Free","Keane","Everybody's Changing","","","yes","71967076","",""
"2000's Mega Hits","Free","Keane","Somewhere Only We Know","","","yes","4624027","",""
"2000's Mega Hits","Free","Kelis","Milkshake","","","yes","3156448","",""
"2000's Mega Hits","Free","Kelis","Millionaire","","","yes","3156453","",""
"2000's Mega Hits","Free","Kelis","Trick Me","","","yes","3155771","",""
"2000's Mega Hits","Free","Kelly Clarkson","Because of You","","","yes","546130","",""
"2000's Mega Hits","Free","Kelly Clarkson","My Life Would Suck Without You","","","yes","62118994","",""
"2000's Mega Hits","Free","Kelly Clarkson","Since U Been Gone","","","yes","62118993","",""
"2000's Mega Hits","Free","Kelly Clarkson","Walk Away","","","yes","534086","",""
"2000's Mega Hits","Free","Kelly Rowland","Work (Freemasons Radio Edit)","","","yes","541403","",""
"2000's Mega Hits","Free","Keri Hilson","I Like (Jost & Grubert Radio Mix)","","","yes","13018698","",""
"2000's Mega Hits","Free","Keri Hilson","Return The Favor (Radio Edit)","","","yes","3576633","",""
"2000's Mega Hits","Free","Kevin Lyttle","Turn Me On","","","yes","705531","",""
"2000's Mega Hits","Free","Kevin Rudolf","Let It Rock","","YES","no - explicit","2630775","",""
"2000's Mega Hits","Free","Khia","My Neck, My Back (Lick It)","","YES","no - explicit","99344658","",""
"2000's Mega Hits","Free","Kid Rock","All Summer Long","","","yes","4087608","",""
"2000's Mega Hits","Free","Kilians","Fight The Start (Radio Version)","","","yes","1139662","",""
"2000's Mega Hits","Free","Kings Of Leon","Sex on Fire","","","yes","15531170","",""
"2000's Mega Hits","Free","Kings Of Leon","Use Somebody","","","yes","15531171","",""
"2000's Mega Hits","Free","Klaxons","Golden Skans","","","yes","10284894","",""
"2000's Mega Hits","Free","Klee","Erinner Dich","","","yes","2135562","",""
"2000's Mega Hits","Free","Klee","Gold","","","yes","2134411","",""
"2000's Mega Hits","Free","KT Tunstall","Suddenly I See","","","yes","3120617","",""
"2000's Mega Hits","Free","Kylie Minogue","2 Hearts","","","yes","15697654","",""
"2000's Mega Hits","Free","Kylie Minogue","Can't Get You out of My Head","","","yes","3138703","",""
"2000's Mega Hits","Free","Kylie Minogue","Can't Get You Out of My Head (The Abby Road Sessions)","","","yes","144189828","",""
"2000's Mega Hits","Free","Kylie Minogue","In My Arms","","","yes","31058151","",""
"2000's Mega Hits","Free","Kylie Minogue","In Your Eyes","","","yes","811928712","",""
"2000's Mega Hits","Free","Kylie Minogue","Love at First Sight (Ruff & Jam US Radio Mix)","","","yes","3155742","",""
"2000's Mega Hits","Free","Kylie Minogue","More More More","","","yes","3155373","",""
"2000's Mega Hits","Free","Kylie Minogue","The One","","","yes","3141532","",""
"2000's Mega Hits","Free","La Roux","Bulletproof","","","yes","17608005","",""
"2000's Mega Hits","Free","La Roux","In For The Kill","","","yes","3976599","",""
"2000's Mega Hits","Free","Lady Gaga","Bad Romance","","YES","no - explicit","4834217","",""
"2000's Mega Hits","Free","Lady Gaga","Bad Romance","","","yes","4709937","",""
"2000's Mega Hits","Free","Lady Gaga","Just Dance","","","yes","2603555","",""
"2000's Mega Hits","Free","Lady Gaga","Paparazzi","","YES","no - explicit","2603557","",""
"2000's Mega Hits","Free","Lady Gaga","Poker Face","","","yes","2204387","",""
"2000's Mega Hits","Free","Lady Gaga","Poker Face (Glam As You Radio Mix)","","","yes","2733702","",""
"2000's Mega Hits","Free","Ladyhawke","My Delirium","","","yes","2204431","",""
"2000's Mega Hits","Free","Laith Al-Deen","Bilder von Dir","","","yes","13245282","",""
"2000's Mega Hits","Free","Lasgo","Something","","","yes","61172237","",""
"2000's Mega Hits","Free","Laurent Wolf","No Stress (Radio Edit)","","","yes","388731251","",""
"2000's Mega Hits","Free","Le Tigre","I'm So Excited","","","yes","4681472","",""
"2000's Mega Hits","Free","LeAnn Rimes","Can't Fight The Moonlight (Graham Stack Radio Edit)","","","yes","75778883","",""
"2000's Mega Hits","Free","Lene Marlin","Sitting Down Here","","","yes","3134928","",""
"2000's Mega Hits","Free","Leona Lewis","Better in Time","","","yes","10157599","",""
"2000's Mega Hits","Free","Leona Lewis","Bleeding Love","","","yes","2484995","",""
"2000's Mega Hits","Free","Leona Lewis","Run","","","yes","2485011","",""
"2000's Mega Hits","Free","Lifehouse","Hanging By A Moment","","","yes","2628562","",""
"2000's Mega Hits","Free","Lifehouse","You And Me","","","yes","1575053","",""
"2000's Mega Hits","Free","Lil Wayne","Lollipop (Album Version Explicit)","","YES","no - explicit","2124764","",""
"2000's Mega Hits","Free","Limp Bizkit","Behind Blue Eyes","","","yes","634434452","",""
"2000's Mega Hits","Free","Linkin Park","In the End","","","yes","676183","",""
"2000's Mega Hits","Free","Linkin Park","Numb","","","yes","677232","",""
"2000's Mega Hits","Free","Linkin Park","Shadow of the Day","","","yes","676844","",""
"2000's Mega Hits","Free","Lionel Richie","Angel","","","yes","918013","",""
"2000's Mega Hits","Free","Little Boots","New in Town","","","yes","3605067","",""
"2000's Mega Hits","Free","Little Boots","Remedy","","","yes","3605071","",""
"2000's Mega Hits","Free","LMC","Take Me To The Clouds Above (LMC Vs. U2 / Radio Edit)","","","yes","3979726","",""
"2000's Mega Hits","Free","Lucy Pearl","Don't Mess With My Man","","","yes","62961057","",""
"2000's Mega Hits","Free","Lupe Fiasco","Superstar (feat. Matthew Santos)","","","yes","663451","",""
"2000's Mega Hits","Free","Lykke Li","Little Bit","","","yes","845622","",""
"2000's Mega Hits","Free","M.I.A.","Paper Planes","","","yes","943376","",""
"2000's Mega Hits","Free","Macy Gray","I Try","","","yes","82303026","",""
"2000's Mega Hits","Free","Madcon","Beggin'","","","yes","900832","",""
"2000's Mega Hits","Free","Madison Avenue","Don't Call Me Baby","","","yes","66881687","",""
"2000's Mega Hits","Free","Madonna","4 Minutes (feat. Justin Timberlake & Timbaland)","","","yes","4209621","",""
"2000's Mega Hits","Free","Madonna","4 Minutes (feat. Justin Timberlake and Timbaland)","","","yes","794020","",""
"2000's Mega Hits","Free","Madonna","American Pie","","","yes","3667561","",""
"2000's Mega Hits","Free","Madonna","Don't Tell Me","","","yes","3667557","",""
"2000's Mega Hits","Free","Madonna","Hollywood","","","yes","783901","",""
"2000's Mega Hits","Free","Madonna","Hung Up","","","yes","679217","",""
"2000's Mega Hits","Free","Madonna","Hung Up (Radio Version)","","","yes","675935","",""
"2000's Mega Hits","Free","Madonna","Jump","","","yes","679240","",""
"2000's Mega Hits","Free","Madonna","Music","","","yes","780376","",""
"2000's Mega Hits","Free","Madonna","Sorry","","","yes","676093","",""
"2000's Mega Hits","Free","Mando Diao","Dance With Somebody (Radio Version)","","","yes","2718608","",""
"2000's Mega Hits","Free","Marc Anthony","I've Got You (New Album Version/New Radio Edit Ric Wake Version)","","","yes","15179477","",""
"2000's Mega Hits","Free","Maria Mena","All This Time (Pick-Me-Up Song)","","","yes","2204635","",""
"2000's Mega Hits","Free","Mariah Carey","Boy (I Need You)","","","yes","2230948","",""
"2000's Mega Hits","Free","Mariah Carey","It's Like That","","","yes","3015765","",""
"2000's Mega Hits","Free","Mariah Carey","Obsessed","","","yes","4247257","",""
"2000's Mega Hits","Free","Mariah Carey","Touch My Body","","","yes","979860","",""
"2000's Mega Hits","Free","Mariah Carey","We Belong Together","","","yes","2511970","",""
"2000's Mega Hits","Free","Marie Serneholt","That's The Way My Heart Goes (Radio Version)","","","yes","583770","",""
"2000's Mega Hits","Free","Mario","Just a Friend 2002 (Radio Edit)","","","yes","534003","",""
"2000's Mega Hits","Free","Mario","Let Me Love You","","","yes","607684","",""
"2000's Mega Hits","Free","Mario Winans","I Don't Wanna Know (Main)","","","yes","7404927","",""
"2000's Mega Hits","Free","Marit Larsen","If a Song Could Get Me You","","","yes","14881062","",""
"2000's Mega Hits","Free","Mark Ronson","Ooh Wee (feat. Ghostface Killah, Nate Dogg, Trife & Saigon)","","YES","no - explicit","8147216","",""
"2000's Mega Hits","Free","Mark Ronson","She's Got Me (feat. Daniel Merriweather)","","","yes","6634867","",""
"2000's Mega Hits","Free","Mark Ronson","Stop Me (feat. Daniel Merriweather)","","","yes","7923754","",""
"2000's Mega Hits","Free","Mark Ronson","Uptown Funk (feat. Bruno Mars)","","","yes","92734438","",""
"2000's Mega Hits","Free","Mark Ronson","Valerie (feat. Amy Winehouse) (Version Revisited)","","","yes","7923756","",""
"2000's Mega Hits","Free","Maroon 5","If I Never See Your Face Again","","","yes","925120","",""
"2000's Mega Hits","Free","Maroon 5","Makes Me Wonder","","YES","no - explicit","914780","",""
"2000's Mega Hits","Free","Maroon 5","She Will Be Loved","","","yes","1165303","",""
"2000's Mega Hits","Free","Maroon 5","This Love","","","yes","33382301","",""
"2000's Mega Hits","Free","Mary J. Blige","Family Affair (Radio Edit)","","","yes","7600412","",""
"2000's Mega Hits","Free","Mary Mary","Shackles (Praise You)","","","yes","626167","",""
"2000's Mega Hits","Free","Master Blaster","Hypnotic Tango (Radio Mix)","","","yes","61718374","",""
"2000's Mega Hits","Free","Mattafix","Big City Life","","","yes","631450082","",""
"2000's Mega Hits","Free","Mattafix","Living Darfur","","","yes","3164176","",""
"2000's Mega Hits","Free","Mattafix","To & Fro","","","yes","631450102","",""
"2000's Mega Hits","Free","Mauro Picotto","Komodo","","","yes","64672386","",""
"2000's Mega Hits","Free","Max Herre","1ste Liebe (feat. Joy Denalane)","","","yes","15382414","",""
"2000's Mega Hits","Free","Max Mutzke","Can't Wait Until Tonight (Radio Version)","","","yes","52774231","",""
"2000's Mega Hits","Free","McFly","Obviously","","","yes","5120527","",""
"2000's Mega Hits","Free","Melanie C","First Day Of My Life","","","yes","920299272","",""
"2000's Mega Hits","Free","Melanie C","I Turn To You (Hex Hector Radio Mix)","","","yes","3339971","",""
"2000's Mega Hits","Free","Melanie C","Never Be The Same Again (Single Mix)","","","yes","3363805","",""
"2000's Mega Hits","Free","Melanie C","Northern Star","","","yes","3363794","",""
"2000's Mega Hits","Free","Metallica","Nothing Else Matters (Live with the SFSO)","","","yes","14632369","",""
"2000's Mega Hits","Free","Metro Station","Shake It","","","yes","1277448","",""
"2000's Mega Hits","Free","MGMT","Electric Feel","","","yes","536484","",""
"2000's Mega Hits","Free","MGMT","Kids","","","yes","536485","",""
"2000's Mega Hits","Free","MGMT","Kids (Radio Mix Edit)","","","yes","106883588","",""
"2000's Mega Hits","Free","MGMT","Time to Pretend","","YES","no - explicit","536481","",""
"2000's Mega Hits","Free","MIA.","Hungriges Herz","","","yes","1048482","",""
"2000's Mega Hits","Free","MIA.","Tanz der Moleküle","","","yes","562963","",""
"2000's Mega Hits","Free","Michael Andrews","Mad World","","","yes","83151634","",""
"2000's Mega Hits","Free","Michael Gray","Borderline (Radio Edit)","","","yes","78304442","",""
"2000's Mega Hits","Free","Michael Gray","The Weekend (Radio Edit)","","","yes","67316165","",""
"2000's Mega Hits","Free","Michael Jackson","One More Chance","","","yes","13129213","",""
"2000's Mega Hits","Free","Michael Jackson","You Rock My World (Radio Edit)","","","yes","13129211","",""
"2000's Mega Hits","Free","Michelle Branch","Everywhere","","","yes","6639082","",""
"2000's Mega Hits","Free","Miike Snow","Animal","","","yes","4252998","",""
"2000's Mega Hits","Free","MIKA","Grace Kelly","","","yes","1142725","",""
"2000's Mega Hits","Free","MIKA","Relax, Take It Easy","","","yes","953606","",""
"2000's Mega Hits","Free","Mike Posner","Cooler Than Me (Single Mix)","","","yes","6720668","",""
"2000's Mega Hits","Free","Miley Cyrus","Party In The U.S.A.","","","yes","4233792","",""
"2000's Mega Hits","Free","Miley Cyrus","We Can't Stop","","","yes","71137161","",""
"2000's Mega Hits","Free","Milow","Ayo Technology","","","yes","62694982","",""
"2000's Mega Hits","Free","Mis-Teeq","Scandalous (U.S. Radio Edit)","","","yes","3892657","",""
"2000's Mega Hits","Free","Miss Platnum","She Moved In","","","yes","4208466","",""
"2000's Mega Hits","Free","Missy Elliott","Bounce (Album Version Explicit)","","","yes","1167555","",""
"2000's Mega Hits","Free","Missy Elliott","Get Ur Freak On","","","yes","5094067","",""
"2000's Mega Hits","Free","Missy Elliott","Lose Control (feat. Ciara & Fat Man Scoop)","","","yes","5094068","",""
"2000's Mega Hits","Free","Missy Elliott","One Minute Man (feat. Ludacris)","","YES","no - explicit","671138","",""
"2000's Mega Hits","Free","Missy Elliott","We Run This (without Manicure Interlude)","","YES","no - explicit","662596","",""
"2000's Mega Hits","Free","Missy Elliott","Work It","","YES","no - explicit","663571","",""
"2000's Mega Hits","Free","Mittermeier vs. Guano Babes","Kumba Yo !","","","yes","2166236","",""
"2000's Mega Hits","Free","MKTO","Classic","","","yes","68385048","",""
"2000's Mega Hits","Free","Moby","Disco Lies","","","yes","68926368","",""
"2000's Mega Hits","Free","Moby","Lift Me Up (Radio Mix)","","","yes","143039800","",""
"2000's Mega Hits","Free","Moby","Natural Blues","","","yes","66266874","",""
"2000's Mega Hits","Free","Moby","Porcelain","","","yes","66266869","",""
"2000's Mega Hits","Free","Moby","Raining Again","","","yes","143039592","",""
"2000's Mega Hits","Free","Moby","Why Does My Heart Feel So Bad?","","","yes","66266870","",""
"2000's Mega Hits","Free","Modjo","Lady (Hear Me Tonight)","","","yes","70179720","",""
"2000's Mega Hits","Free","Monrose","Hot Summer (Radio Edit)","","","yes","770968","",""
"2000's Mega Hits","Free","Moony","Dove (I'll Be Loving You)","","","yes","91341148","",""
"2000's Mega Hits","Free","Morcheeba","Rome Wasn't Built in a Day","","","yes","3927941","",""
"2000's Mega Hits","Free","Mousse T.","Fire","","","yes","64730735","",""
"2000's Mega Hits","Free","Mousse T.","Is It 'Cos' I'm Cool?","","","yes","64730705","",""
"2000's Mega Hits","Free","Mousse T.","Pop Muzak","","","yes","64730714","",""
"2000's Mega Hits","Free","Muse","Starlight","","","yes","3590185","",""
"2000's Mega Hits","Free","Muse","Uprising","","","yes","4195713","",""
"2000's Mega Hits","Free","Mya","Case Of The Ex","","","yes","131392518","",""
"2000's Mega Hits","Free","Nada Surf","Blonde on Blonde","","","yes","6425997","",""
"2000's Mega Hits","Free","Naeleck","All My Heroes (Radio Edit)","","","yes","1015565862","",""
"2000's Mega Hits","Free","Naeleck","Threnody (Bombs Away Remix)","","","yes","137773599","",""
"2000's Mega Hits","Free","Natasha Bedingfield","Pocketful of Sunshine","","","yes","12270014","",""
"2000's Mega Hits","Free","Natasha Bedingfield","Soulmate","","","yes","2847479","",""
"2000's Mega Hits","Free","Natasha Bedingfield","These Words","","","yes","10307864","",""
"2000's Mega Hits","Free","Natasha Bedingfield","Unwritten","","","yes","560504","",""
"2000's Mega Hits","Free","Ne-Yo","Closer","","","yes","2718242","",""
"2000's Mega Hits","Free","Ne-Yo","So Sick","","","yes","924800","",""
"2000's Mega Hits","Free","Nelly","#1","","YES","no - explicit","2447449","",""
"2000's Mega Hits","Free","Nelly","Dilemma (Radio Edit)","","","yes","929103","",""
"2000's Mega Hits","Free","Nelly","Hot In Herre","","YES","no - explicit","2447524","",""
"2000's Mega Hits","Free","Nelly","Ride Wit Me","","YES","no - explicit","2238145","",""
"2000's Mega Hits","Free","Nelly","Work It","","YES","no - explicit","2447445","",""
"2000's Mega Hits","Free","Nelly Furtado","All Good Things (Come To An End) (Radio Edit)","","","yes","1099273","",""
"2000's Mega Hits","Free","Nelly Furtado","I'm Like A Bird","","","yes","877407","",""
"2000's Mega Hits","Free","Nelly Furtado","Maneater","","","yes","1151141","",""
"2000's Mega Hits","Free","Nelly Furtado","Maneater (Radio Version)","","","yes","1184003","",""
"2000's Mega Hits","Free","Nelly Furtado","Promiscuous","","","yes","2430338","",""
"2000's Mega Hits","Free","Nelly Furtado","Say It Right","","","yes","7562986","",""
"2000's Mega Hits","Free","Nelly Furtado","Te Busque","","","yes","7574998","",""
"2000's Mega Hits","Free","Nelly Furtado","Try","","","yes","7562982","",""
"2000's Mega Hits","Free","Nelly Furtado","Turn Off The Light (Album Version)","","","yes","877408","",""
"2000's Mega Hits","Free","Next","Wifey (Club Mix/Dirty Version)","","YES","no - explicit","15749363","",""
"2000's Mega Hits","Free","Nickelback","How You Remind Me","","","yes","71828723","",""
"2000's Mega Hits","Free","Nina Sky","Move Ya Body","","","yes","2598368","",""
"2000's Mega Hits","Free","Nneka","Heartbeat","","","yes","3571225","",""
"2000's Mega Hits","Free","No Angels","Daylight In Your Eyes (Radio Version)","","","yes","2511849","",""
"2000's Mega Hits","Free","No Angels","Something About Us","","","yes","2960649","",""
"2000's Mega Hits","Free","No Doubt","Hella Good","","","yes","2460775","",""
"2000's Mega Hits","Free","No Doubt","Hey Baby","","","yes","1176777","",""
"2000's Mega Hits","Free","No Doubt","It's My Life","","","yes","1176776","",""
"2000's Mega Hits","Free","No Doubt","Running (Album Version)","","","yes","1176784","",""
"2000's Mega Hits","Free","No Doubt","Underneath It All","","","yes","1176782","",""
"2000's Mega Hits","Free","Noisettes","Don't Upset The Rhythm (Go Baby Go)","","","yes","2864029","",""
"2000's Mega Hits","Free","Noisettes","Never Forget You","","","yes","3060176","",""
"2000's Mega Hits","Free","Norah Jones","Come Away With Me","","","yes","3155391","",""
"2000's Mega Hits","Free","O-Zone","Dragostea Din Tei (DJ Ross Radio Remix)","","","yes","383543781","",""
"2000's Mega Hits","Free","One Direction","What Makes You Beautiful","","","yes","15565659","",""
"2000's Mega Hits","Free","One-T","The Magic Key","","","yes","3026450","",""
"2000's Mega Hits","Free","OneRepublic","All The Right Moves","","","yes","4638779","",""
"2000's Mega Hits","Free","OneRepublic","Secrets","","","yes","5425214","",""
"2000's Mega Hits","Free","OneRepublic","Stop And Stare","","","yes","916827","",""
"2000's Mega Hits","Free","OOMPH!","Augen auf!","","","yes","567164","",""
"2000's Mega Hits","Free","Orson","No Tomorrow","","","yes","1574192","",""
"2000's Mega Hits","Free","OutKast","Hey Ya! (Radio Mix / Club Mix)","","","yes","13141229","",""
"2000's Mega Hits","Free","OutKast","Ms. Jackson","","YES","no - explicit","963042","",""
"2000's Mega Hits","Free","OutKast","The Way You Move (feat. Sleepy Brown)","","YES","no - explicit","628247","",""
"2000's Mega Hits","Free","Outlandish","Aicha","","","yes","13174047","",""
"2000's Mega Hits","Free","Owl City","Fireflies","","","yes","4188437","",""
"2000's Mega Hits","Free","Ozzy Osbourne","Dreamer","","","yes","15586363","",""
"2000's Mega Hits","Free","P!nk","Family Portrait","","YES","no - explicit","7512054","",""
"2000's Mega Hits","Free","P!nk","Get the Party Started","","","yes","969356","",""
"2000's Mega Hits","Free","P!nk","Just Give Me a Reason (feat. Nate Ruess)","","","yes","60200391","",""
"2000's Mega Hits","Free","P!nk","Just Like a Pill","","YES","no - explicit","8035546","",""
"2000's Mega Hits","Free","P!nk","So What","","YES","no - explicit","459977302","",""
"2000's Mega Hits","Free","P!nk","Sober","","","yes","7512061","",""
"2000's Mega Hits","Free","P!nk","U + Ur Hand","","YES","no - explicit","547538","",""
"2000's Mega Hits","Free","P!nk","Who Knew (Edit)","","","yes","7512057","",""
"2000's Mega Hits","Free","Paffendorf","Be Cool (Radio Edit)","","","yes","62146450","",""
"2000's Mega Hits","Free","Panic! At The Disco","But It's Better If You Do","","","yes","793856","",""
"2000's Mega Hits","Free","Panic! At The Disco","I Write Sins Not Tragedies","","YES","no - explicit","5094040","",""
"2000's Mega Hits","Free","Panjabi MC","Mundian to Bach Ke (Jay Z Remix)","","","yes","731521332","",""
"2000's Mega Hits","Free","Paolo Nutini","Last Request","","","yes","3657960","",""
"2000's Mega Hits","Free","Paolo Nutini","New Shoes","","","yes","3657964","",""
"2000's Mega Hits","Free","Papa Roach","Last Resort","","YES","no - explicit","2113541","",""
"2000's Mega Hits","Free","Patrice","Soulstorm","","","yes","558928","",""
"2000's Mega Hits","Free","Patrice","Sunshine (Radio Edit)","","","yes","9793220","",""
"2000's Mega Hits","Free","Paul Kalkbrenner","Sky and Sand","","","yes","99029032","",""
"2000's Mega Hits","Free","Paul van Dyk","Let Go (Single Edit)","","","yes","118999472","",""
"2000's Mega Hits","Free","Paul van Dyk","We Are Alive","","","yes","96341326","",""
"2000's Mega Hits","Free","Peaches","Talk To Me","","YES","no - explicit","2996688","",""
"2000's Mega Hits","Free","Peter Bjorn And John","Young Folks","","","yes","4194903","",""
"2000's Mega Hits","Free","Peter Fox","Alles neu","","","yes","2200204","",""
"2000's Mega Hits","Free","Peter Fox","Haus am See","","","yes","2200206","",""
"2000's Mega Hits","Free","Peter Fox","Schwarz zu blau","","","yes","2200205","",""
"2000's Mega Hits","Free","Phantom Planet","California (Tchad Blake Mix)","","","yes","624206","",""
"2000's Mega Hits","Free","Phoenix","1901","","","yes","67239342","",""
"2000's Mega Hits","Free","Phoenix","Everything Is Everything","","","yes","3088930","",""
"2000's Mega Hits","Free","Phoenix","If I Ever Feel Better","","","yes","3307241","",""
"2000's Mega Hits","Free","Pitbull","Give Me Everything (feat. Nayer)","","","yes","10308117","",""
"2000's Mega Hits","Free","Pitbull","I Know You Want Me (Calle Ocho)","","","yes","4216277","",""
"2000's Mega Hits","Free","Pitbull","Timber","","","yes","73188243","",""
"2000's Mega Hits","Free","Plain White T's","Hey There Delilah","","","yes","3146149","",""
"2000's Mega Hits","Free","Polarkreis 18","Allein Allein","","","yes","2160808","",""
"2000's Mega Hits","Free","Prezioso","Tell Me Why","","","yes","131488560","",""
"2000's Mega Hits","Free","Queens Of The Stone Age","No One Knows","","","yes","7179758","",""
"2000's Mega Hits","Free","R. Kelly","Ignition (Remix)","","","yes","576455","",""
"2000's Mega Hits","Free","R. Kelly","Ignition (Remix)","","","yes","968931","",""
"2000's Mega Hits","Free","Rachel Stevens","Sweet Dreams My LA Ex (Original Radio Edit)","","","yes","3052203","",""
"2000's Mega Hits","Free","Razorlight","America","","","yes","1121936","",""
"2000's Mega Hits","Free","Razorlight","Wire To Wire","","","yes","2606229","",""
"2000's Mega Hits","Free","Reamonn","Alright (Single-Edit)","","","yes","3298849","",""
"2000's Mega Hits","Free","Reamonn","Supergirl","","","yes","3135405","",""
"2000's Mega Hits","Free","Red Hot Chili Peppers","By the Way","","","yes","725929","",""
"2000's Mega Hits","Free","Red Hot Chili Peppers","Can't Stop","","","yes","725971","",""
"2000's Mega Hits","Free","Rednex","The Spirit of the Hawk","","","yes","393003352","",""
"2000's Mega Hits","Free","Ricky Martin","Nobody Wants to Be Lonely (with Christina Aguilera)","","","yes","13111374","",""
"2000's Mega Hits","Free","Ricky Martin","She Bangs (English Version)","","","yes","13111372","",""
"2000's Mega Hits","Free","Rihanna","Breakin' Dishes","","","yes","1142586","",""
"2000's Mega Hits","Free","Rihanna","Disturbia","","","yes","925118","",""
"2000's Mega Hits","Free","Rihanna","Don't Stop The Music","","","yes","925108","",""
"2000's Mega Hits","Free","Rihanna","Hate That I Love You","","","yes","925111","",""
"2000's Mega Hits","Free","Rihanna","Pon de Replay (Album Version)","","","yes","876578","",""
"2000's Mega Hits","Free","Rihanna","Russian Roulette","","YES","no - explicit","4711054","",""
"2000's Mega Hits","Free","Rihanna","Shut Up And Drive","","","yes","925110","",""
"2000's Mega Hits","Free","Rihanna","SOS (Album Version)","","","yes","1574660","",""
"2000's Mega Hits","Free","Rihanna","Take A Bow","","","yes","925119","",""
"2000's Mega Hits","Free","Rihanna","Umbrella","","","yes","925106","",""
"2000's Mega Hits","Free","Rihanna","Unfaithful (Album Version)","","","yes","1574666","",""
"2000's Mega Hits","Free","Rimini Project","Wake Up","","","yes","16504336","",""
"2000's Mega Hits","Free","Robbie Williams","Bodies","","","yes","4258989","",""
"2000's Mega Hits","Free","Robbie Williams","Eternity","","","yes","3290522","",""
"2000's Mega Hits","Free","Robbie Williams","Feel","","","yes","3098217","",""
"2000's Mega Hits","Free","Robbie Williams","Kids","","","yes","12754355","",""
"2000's Mega Hits","Free","Robbie Williams","Rock DJ","","","yes","3102419","",""
"2000's Mega Hits","Free","Robbie Williams","Rudebox","","YES","no - explicit","4303768","",""
"2000's Mega Hits","Free","Robbie Williams","She's Madonna","","","yes","3109687","",""
"2000's Mega Hits","Free","Robbie Williams","Supreme","","","yes","3102420","",""
"2000's Mega Hits","Free","Robbie Williams","The Road To Mandalay","","","yes","3102428","",""
"2000's Mega Hits","Free","Robyn","Be Mine! (Original)","","","yes","137786667","",""
"2000's Mega Hits","Free","Robyn","Dancing on My Own (Radio Edit)","","","yes","14697959","",""
"2000's Mega Hits","Free","Robyn","With Every Heartbeat","","","yes","-2656313762","",""
"2000's Mega Hits","Free","Roger Sanchez","Another Chance (Radio Edit)","","","yes","79472617","",""
"2000's Mega Hits","Free","Róisín Murphy","Overpowered","","","yes","3288622","",""
"2000's Mega Hits","Free","Róisín Murphy","Ruby Blue","","","yes","68414619","",""
"2000's Mega Hits","Free","Róisín Murphy","You Know Me Better","","","yes","3146204","",""
"2000's Mega Hits","Free","Ronan Keating","If Tomorrow Never Comes","","","yes","906624","",""
"2000's Mega Hits","Free","Ronan Keating","Life Is A Rollercoaster","","","yes","1570267","",""
"2000's Mega Hits","Free","Ronan Keating","Lovin' Each Day","","","yes","1570226","",""
"2000's Mega Hits","Free","Rosenstolz","Ich bin ich (Wir sind wir)","","","yes","594180362","",""
"2000's Mega Hits","Free","Rosenstolz","Liebe ist alles","","","yes","134946088","",""
"2000's Mega Hits","Free","Roxette","Milk and Toast and Honey","","","yes","4223998","",""
"2000's Mega Hits","Free","Royal DJs","California Dreaming (Radio Edit)","","","yes","94598438","",""
"2000's Mega Hits","Free","S Club 7","Don't Stop Movin'","","","yes","2183189","",""
"2000's Mega Hits","Free","Sabrina Setlur","Alles (Director's Cut)","","","yes","124619520","",""
"2000's Mega Hits","Free","Sade","By Your Side","","","yes","15215887","",""
"2000's Mega Hits","Free","Safri Duo","Played-A-Live (The Bongo Song) (Radio Edit)","","","yes","3069407","",""
"2000's Mega Hits","Free","Sam Sparro","Black & Gold (Radio Edit)","","","yes","884994","",""
"2000's Mega Hits","Free","Samantha Mumba","Always Come Back To Your Love","","","yes","2919577","",""
"2000's Mega Hits","Free","Samantha Mumba","Gotta Tell You","","","yes","465651002","",""
"2000's Mega Hits","Free","Samy Deluxe","Weck mich auf","","YES","no - explicit","3283333","",""
"2000's Mega Hits","Free","Sara Bareilles","Love Song","","","yes","872915","",""
"2000's Mega Hits","Free","Sarah Connor","Let's Get Back To Bed - Boy! (Radio/Video Klimax)","","","yes","1143348","",""
"2000's Mega Hits","Free","Savage Garden","Crash and Burn","","","yes","117262968","",""
"2000's Mega Hits","Free","Schiller","Ein schöner Tag (Fernseh-Fassung)","","","yes","2538118","",""
"2000's Mega Hits","Free","Scissor Sisters","Comfortably Numb","","","yes","831643212","",""
"2000's Mega Hits","Free","Scissor Sisters","I Don't Feel Like Dancin'","","","yes","2504050","",""
"2000's Mega Hits","Free","Scissor Sisters","Laura","","","yes","2425149","",""
"2000's Mega Hits","Free","Scissor Sisters","Take Your Mama","","","yes","930051","",""
"2000's Mega Hits","Free","Scooter","Posse (I Need You on the Floor)","","","yes","71131672","",""
"2000's Mega Hits","Free","Scouting For Girls","She's So Lovely","","","yes","13816166","",""
"2000's Mega Hits","Free","Sean Kingston","Beautiful Girls","","","yes","12000509","",""
"2000's Mega Hits","Free","Sean Paul","(When You Gonna) Give It Up to Me (Radio Version)","","","yes","3957322","",""
"2000's Mega Hits","Free","Sean Paul","Baby Boy (feat. Beyoncé )","","","yes","662104","",""
"2000's Mega Hits","Free","Sean Paul","Get Busy","","","yes","662103","",""
"2000's Mega Hits","Free","Sean Paul","I'm Still in Love with You (feat. Sasha)","","","yes","662113","",""
"2000's Mega Hits","Free","Sean Paul","Temperature","","","yes","4162693","",""
"2000's Mega Hits","Free","Seeed","Ding","","","yes","689509","",""
"2000's Mega Hits","Free","Seether","Broken","","","yes","80276126","",""
"2000's Mega Hits","Free","September","Cry for You (UK Radio Edit)","","","yes","15543665","",""
"2000's Mega Hits","Free","September","Satellites","","","yes","15543677","",""
"2000's Mega Hits","Free","Sergio Mendes","Mas Que Nada (Radio Edit)","","","yes","1184180","",""
"2000's Mega Hits","Free","Shab","Dirty","","","yes","3215502421","",""
"2000's Mega Hits","Free","Shab","Say It With Your Chest","","","yes","3177393911","",""
"2000's Mega Hits","Free","Shab","Woman","","","yes","3215502451","",""
"2000's Mega Hits","Free","Shaggy","Angel","","","yes","2122528","",""
"2000's Mega Hits","Free","Shaggy","It Wasn't Me","","","yes","2122532","",""
"2000's Mega Hits","Free","Shakedown","At Night","","","yes","15817645","",""
"2000's Mega Hits","Free","Shakira","Don't Bother","","","yes","562489","",""
"2000's Mega Hits","Free","Shakira","Gypsy","","","yes","75834072","",""
"2000's Mega Hits","Free","Shakira","Hips Don't Lie (feat. Wyclef Jean)","","","yes","562487","",""
"2000's Mega Hits","Free","Shakira","Illegal (feat. Carlos Santana)","","","yes","562486","",""
"2000's Mega Hits","Free","Shakira","Objection (Tango)","","","yes","15209461","",""
"2000's Mega Hits","Free","Shakira","She Wolf","","","yes","75834066","",""
"2000's Mega Hits","Free","Shakira","Underneath Your Clothes","","","yes","2847550","",""
"2000's Mega Hits","Free","Shakira","Whenever, Wherever","","","yes","15211178","",""
"2000's Mega Hits","Free","Shania Twain","Ka-Ching!","","","yes","2543341","",""
"2000's Mega Hits","Free","Shania Twain","Thank You Baby! (For Makin' Someday Come So Soon) (Green Version)","","","yes","2508475","",""
"2000's Mega Hits","Free","Sia","Breathe Me","","","yes","913858","",""
"2000's Mega Hits","Free","Sia","The Girl You Lost To Cocaine (Album Version)","","","yes","4192213","",""
"2000's Mega Hits","Free","Silbermond","Das Beste","","","yes","15478334","",""
"2000's Mega Hits","Free","Silbermond","Symphonie","","","yes","15539388","",""
"2000's Mega Hits","Free","Sisqo","Thong Song","","YES","no - explicit","2548870","",""
"2000's Mega Hits","Free","Snoop Dogg","Drop It Like It's Hot","","YES","no - explicit","1098069","",""
"2000's Mega Hits","Free","Snoop Dogg","Signs","","YES","no - explicit","3009252","",""
"2000's Mega Hits","Free","Snow Patrol","Chasing Cars","","","yes","1184425","",""
"2000's Mega Hits","Free","Snow Patrol","Run","","","yes","1138321","",""
"2000's Mega Hits","Free","Snow Patrol","Shut Your Eyes","","","yes","607028652","",""
"2000's Mega Hits","Free","Söhne Mannheims","Und wenn ein Lied (Album Edit)","","","yes","15107386","",""
"2000's Mega Hits","Free","Sonique","It Feels So Good (Album Version)","","","yes","5754339","",""
"2000's Mega Hits","Free","Sonique","Sky (Radio Edit)","","","yes","582326282","",""
"2000's Mega Hits","Free","Sophie Ellis-Bextor","If I Can't Dance","","","yes","1171067","",""
"2000's Mega Hits","Free","Sophie Ellis-Bextor","Murder On The Dancefloor","","","yes","2963337","",""
"2000's Mega Hits","Free","Sophie Ellis-Bextor","Murder On The Dancefloor (Radio Edit)","","","yes","702779672","",""
"2000's Mega Hits","Free","Soulja Boy Tell'em","Crank That (Soulja Boy)","","","yes","909969","",""
"2000's Mega Hits","Free","Spice Girls","Wannabe","","","yes","3164155","",""
"2000's Mega Hits","Free","Spiller","Groovejet (If This Ain't Love) [feat. Sophie Ellis-Bextor]","","","yes","1384050252","",""
"2000's Mega Hits","Free","Sportfreunde Stiller","Ein Kompliment (MTV Unplugged In New York)","","","yes","5105379","",""
"2000's Mega Hits","Free","Starsailor","Four to the Floor","","","yes","3097497","",""
"2000's Mega Hits","Free","Sting","Desert Rose","","","yes","2525873","",""
"2000's Mega Hits","Free","Sugababes","About You Now (Radio Edit)","","","yes","910859","",""
"2000's Mega Hits","Free","Sugababes","Easy","","","yes","913770","",""
"2000's Mega Hits","Free","Sugababes","Hole In The Head","","","yes","1575756","",""
"2000's Mega Hits","Free","Sugababes","Overload","","","yes","769030","",""
"2000's Mega Hits","Free","Sugababes","Push The Button","","","yes","4307900","",""
"2000's Mega Hits","Free","Sugababes","Red Dress","","","yes","1575736","",""
"2000's Mega Hits","Free","Sugababes","Round Round","","","yes","1575734","",""
"2000's Mega Hits","Free","Sugababes","Run for Cover","","","yes","437462532","",""
"2000's Mega Hits","Free","Sugababes","Too Lost In You","","","yes","913832","",""
"2000's Mega Hits","Free","Sunrise Avenue","Choose To Be Me","","","yes","3153939","",""
"2000's Mega Hits","Free","Sunrise Avenue","Fairytale Gone Bad","","","yes","85495836","",""
"2000's Mega Hits","Free","Super3","The Real Life","","","yes","414650302","",""
"2000's Mega Hits","Free","Superfunk","Lucky Star","","","yes","8131376","",""
"2000's Mega Hits","Free","T-Pain","Buy U a Drank (Shawty Snappin') (feat. Yung Joc)","","","yes","552315","",""
"2000's Mega Hits","Free","t.A.T.u.","All About Us","","","yes","884754","",""
"2000's Mega Hits","Free","t.A.T.u.","All The Things She Said","","YES","no - explicit","62070435","",""
"2000's Mega Hits","Free","T.I.","Dead And Gone (feat. Justin Timberlake)","","","yes","2164893","",""
"2000's Mega Hits","Free","T.I.","Live Your Life","","","yes","383741911","",""
"2000's Mega Hits","Free","T.I.","Whatever You Like","","","yes","2201204","",""
"2000's Mega Hits","Free","Taio Cruz","Break Your Heart","","","yes","7063921","",""
"2000's Mega Hits","Free","Taio Cruz","Dynamite","","","yes","7063920","",""
"2000's Mega Hits","Free","Taio Cruz","I Just Wanna Know","","","yes","980277","",""
"2000's Mega Hits","Free","Take That","Patience","","","yes","929558","",""
"2000's Mega Hits","Free","Taylor Swift","Love Story","","","yes","2917264","",""
"2000's Mega Hits","Free","Tegan and Sara","Back in Your Head","","","yes","791545","",""
"2000's Mega Hits","Free","Tegan and Sara","Walking with a Ghost","","","yes","791000","",""
"2000's Mega Hits","Free","Texas","Inner Smile","","","yes","17857895","",""
"2000's Mega Hits","Free","The All-American Rejects","Dirty Little Secret","","","yes","2263378","",""
"2000's Mega Hits","Free","The Be Good Tanyas","Waiting Around To Die","","","yes","85088718","",""
"2000's Mega Hits","Free","The Black Eyed Peas","Boom Boom Pow","","YES","no - explicit","5169784","",""
"2000's Mega Hits","Free","The Black Eyed Peas","Hey Mama","","","yes","2264729","",""
"2000's Mega Hits","Free","The Black Eyed Peas","I Gotta Feeling","","","yes","4619466","",""
"2000's Mega Hits","Free","The Black Eyed Peas","I Gotta Feeling (Edit)","","","yes","4124656","",""
"2000's Mega Hits","Free","The Black Eyed Peas","Let's Get It Started","","","yes","5638184","",""
"2000's Mega Hits","Free","The Black Eyed Peas","Meet Me Halfway (Album Version)","","","yes","20308221","",""
"2000's Mega Hits","Free","The Black Eyed Peas","Meet Me Halfway (Radio Edit)","","","yes","5746303","",""
"2000's Mega Hits","Free","The Black Eyed Peas","Shut Up","","","yes","953676","",""
"2000's Mega Hits","Free","The Black Eyed Peas","Where Is The Love?","","","yes","953684","",""
"2000's Mega Hits","Free","The Calling","Wherever You Will Go","","","yes","994228","",""
"2000's Mega Hits","Free","The Chemical Brothers","Star Guitar (Edit)","","","yes","61105274","",""
"2000's Mega Hits","Free","The Chemical Brothers","The Salmon Dance","","YES","no - explicit","3147136","",""
"2000's Mega Hits","Free","The Corrs","Breathless","","","yes","661620","",""
"2000's Mega Hits","Free","The Dandy Warhols","Bohemian Like You","","","yes","3155831","",""
"2000's Mega Hits","Free","The Darkness","I Believe in a Thing Called Love","","","yes","3868470","",""
"2000's Mega Hits","Free","The Disco Boys","For You : For You (Original Radio Edit)","","","yes","18638941","",""
"2000's Mega Hits","Free","The Fray","How to Save a Life","","","yes","2847450","",""
"2000's Mega Hits","Free","The Fray","You Found Me","","","yes","2889763","",""
"2000's Mega Hits","Free","The Killers","Human","","","yes","2603521","",""
"2000's Mega Hits","Free","The Killers","Mr. Brightside","","","yes","953097","",""
"2000's Mega Hits","Free","The Killers","When You Were Young","","","yes","1109953","",""
"2000's Mega Hits","Free","The Knife","Pass This On","","","yes","86953425","",""
"2000's Mega Hits","Free","The Kooks","Always Where I Need To Be","","","yes","3152328","",""
"2000's Mega Hits","Free","The Kooks","Naive","","","yes","3158004","",""
"2000's Mega Hits","Free","The Neighbourhood","Sweater Weather","","","yes","66506871","",""
"2000's Mega Hits","Free","The Notorious B.I.G.","Nasty Girl (feat. Diddy, Nelly, Jagged Edge & Avery Storm) (2005 Remaster)","","YES","no - explicit","3658058","",""
"2000's Mega Hits","Free","The Pussycat Dolls","Buttons (Final Edit Version)","","","yes","1184473","",""
"2000's Mega Hits","Free","The Pussycat Dolls","Don't Cha","","","yes","1161005","",""
"2000's Mega Hits","Free","The Pussycat Dolls","I Hate This Part","","","yes","2161361","",""
"2000's Mega Hits","Free","The Pussycat Dolls","When I Grow Up","","","yes","2161358","",""
"2000's Mega Hits","Free","The Rasmus","In the Shadows","","","yes","61970733","",""
"2000's Mega Hits","Free","The Roots","The Seed (2.0)","","YES","no - explicit","15049127","",""
"2000's Mega Hits","Free","The Script","The Man Who Can't Be Moved","","","yes","2103588","",""
"2000's Mega Hits","Free","The Shapeshifters","Lola's Theme (Radio Edit)","","","yes","3137332","",""
"2000's Mega Hits","Free","The Source","You Got The Love (Shapeshifters Radio Edit)","","","yes","73482401","",""
"2000's Mega Hits","Free","The Streets","It's Too Late","","","yes","2140406","",""
"2000's Mega Hits","Free","The Strokes","Last Nite","","","yes","958109","",""
"2000's Mega Hits","Free","The Supermen Lovers","Starlight (Radio Edit)","","","yes","2575685","",""
"2000's Mega Hits","Free","The Temper Trap","Sweet Disposition","","","yes","3973902","",""
"2000's Mega Hits","Free","The Ting Tings","Shut Up And Let Me Go","","","yes","873558","",""
"2000's Mega Hits","Free","The Ting Tings","That's Not My Name","","","yes","901069","",""
"2000's Mega Hits","Free","The Ting Tings","That's Not My Name (Radio Edit)","","","yes","15813705","",""
"2000's Mega Hits","Free","The Underdog Project","Summer Jam (Radio Edit)","","","yes","61892985","",""
"2000's Mega Hits","Free","The Veronicas","Untouched","","","yes","904320","",""
"2000's Mega Hits","Free","The xx","Intro","","","yes","3787855","",""
"2000's Mega Hits","Free","Tiga","Shoes","","","yes","3844241","",""
"2000's Mega Hits","Free","Tim Deluxe","It Just Won't Do (Radio Edit)","","","yes","14748019","",""
"2000's Mega Hits","Free","Timbaland","Apologize","","","yes","646330622","",""
"2000's Mega Hits","Free","Timbaland","If We Ever Meet Again","","","yes","13460195","",""
"2000's Mega Hits","Free","Timbaland","Scream (Radio Edit)","","","yes","929201","",""
"2000's Mega Hits","Free","Timbaland","The Way I Are (Album Version)","","","yes","925750","",""
"2000's Mega Hits","Free","Timbaland","The Way I Are (Radio Edit)","","","yes","1170525","",""
"2000's Mega Hits","Free","Titiyo","Come Along","","","yes","19271551","",""
"2000's Mega Hits","Free","TLC","No Scrubs","","","yes","1075781","",""
"2000's Mega Hits","Free","Toktok","Missy Queen's Gonna Die","","","yes","503955062","",""
"2000's Mega Hits","Free","Tomcraft","Loneliness (Radio Cut)","","","yes","61664834","",""
"2000's Mega Hits","Free","Tomte","Ich sang die ganze Zeit von dir","","","yes","4981348","",""
"2000's Mega Hits","Free","Toni Braxton","He Wasn't Man Enough (Radio Edit)","","","yes","552432","",""
"2000's Mega Hits","Free","Toploader","Dancing in the Moonlight","","","yes","10434104","",""
"2000's Mega Hits","Free","Train","Drops of Jupiter (Tell Me)","","","yes","68908956","",""
"2000's Mega Hits","Free","Train","Hey, Soul Sister","","","yes","4303104","",""
"2000's Mega Hits","Free","Travis","Sing","","","yes","129521282","",""
"2000's Mega Hits","Free","Turntablerocker","Love Supreme (Radio Version)","","","yes","15142977","",""
"2000's Mega Hits","Free","Turntablerocker","No Melody (Album Version)","","","yes","15800611","",""
"2000's Mega Hits","Free","Tyler Bragoli","Future Ex GF","","","yes","3179881931","",""
"2000's Mega Hits","Free","U2","Beautiful Day","","","yes","1104578","",""
"2000's Mega Hits","Free","U2","Electrical Storm (William Orbit Mix)","","","yes","4667299","",""
"2000's Mega Hits","Free","U2","Stuck In A Moment You Can't Get Out Of","","","yes","2162743","",""
"2000's Mega Hits","Free","Uncle Kracker","Follow Me","","YES","no - explicit","3819653","",""
"2000's Mega Hits","Free","USHER","DJ Got Us Fallin' In Love (feat. Pitbull)","","","yes","14489931","",""
"2000's Mega Hits","Free","USHER","Love in This Club (feat. Young Jeezy)","","","yes","15527509","",""
"2000's Mega Hits","Free","USHER","My Boo","","","yes","601626","",""
"2000's Mega Hits","Free","USHER","U Got It Bad","","","yes","969349","",""
"2000's Mega Hits","Free","USHER","U Remind Me","","","yes","969347","",""
"2000's Mega Hits","Free","USHER","Yeah!","","","yes","598098","",""
"2000's Mega Hits","Free","V V Brown","Shark In The Water","","","yes","4187046","",""
"2000's Mega Hits","Free","Vampire Weekend","A-Punk","","","yes","937332","",""
"2000's Mega Hits","Free","Vance Joy","Riptide","","","yes","104576288","",""
"2000's Mega Hits","Free","Vanessa Amorosi","Everytime I Close My Eyes","","","yes","110246286","",""
"2000's Mega Hits","Free","Vanessa Carlton","A Thousand Miles","","","yes","983832","",""
"2000's Mega Hits","Free","Watershed","Indigo Girl","","","yes","3217250","",""
"2000's Mega Hits","Free","Weezer","Island In The Sun","","","yes","2544628","",""
"2000's Mega Hits","Free","Westlife","Uptown Girl (Radio Edit)","","","yes","14834534","",""
"2000's Mega Hits","Free","Wheatus","Teenage Dirtbag","","YES","no - explicit","849698","",""
"2000's Mega Hits","Free","White Stripes","Seven Nation Army","","","yes","76453537","",""
"2000's Mega Hits","Free","Whitney Houston","Could I Have This Kiss Forever (Metro Mix/Remastered: 2000)","","","yes","969212","",""
"2000's Mega Hits","Free","Whitney Houston","I Didn't Know My Own Strength","","","yes","4097198","",""
"2000's Mega Hits","Free","Whitney Houston","Whatchulookinat (Main A.K.A. Backing Vox Up)","","","yes","15396937","",""
"2000's Mega Hits","Free","Will Young","Light My Fire","","","yes","2266433","",""
"2000's Mega Hits","Free","Will Young","Who Am I?","","","yes","548141","",""
"2000's Mega Hits","Free","will.i.am","Scream & Shout","","YES","no - explicit","62439051","",""
"2000's Mega Hits","Free","Wir sind Helden","Nur ein Wort","","","yes","3137302","",""
"2000's Mega Hits","Free","Wiz Khalifa","Black and Yellow","","YES","no - explicit","11272651","",""
"2000's Mega Hits","Free","Wolfsheim","Kein Zurück - Single Version (- Single Version)","","","yes","62548806","",""
"2000's Mega Hits","Free","WONDERWALL","Just More (Single Edit)","","","yes","14955444","",""
"2000's Mega Hits","Free","Wu-Tang Clan","Gravel Pit (feat. RZA, Method Man, Ghostface Killah, Raekwon & U-God)","","YES","no - explicit","2280116","",""
"2000's Mega Hits","Free","X-Press 2","Lazy feat. David Byrne","","","yes","5081680","",""
"2000's Mega Hits","Free","Xzibit","X","","YES","no - explicit","532268","",""
"2000's Mega Hits","Free","Yeah Yeah Yeahs","Heads Will Roll","","","yes","5059236","",""
"2000's Mega Hits","Free","Yeah Yeah Yeahs","Heads Will Roll (A-Trak Remix Radio Edit)","","","yes","99199380","",""
"2000's Mega Hits","Free","Yeah Yeah Yeahs","Maps","","","yes","-2656359762","",""
"2010's Mega Hits","Free","21 Savage","Bank Account","","YES","no - explicit","380536131","",""
"2010's Mega Hits","Free","5 Seconds of Summer","Youngblood","","","yes","483399272","",""
"2010's Mega Hits","Free","A Boogie wit da Hoodie","Look Back at It","","YES","no - explicit","599047102","",""
"2010's Mega Hits","Free","A Great Big World","Say Something","","","yes","72299954","",""
"2010's Mega Hits","Free","A$AP Rocky","F**kin' Problems (feat. Drake, 2 Chainz & Kendrick Lamar)","","YES","no - explicit","61573287","",""
"2010's Mega Hits","Free","Adam Lambert","Whataya Want from Me","","","yes","5968620","",""
"2010's Mega Hits","Free","Adele","Hello","","","yes","110265034","",""
"2010's Mega Hits","Free","Adele","Rolling in the Deep","","","yes","15078235","",""
"2010's Mega Hits","Free","Adele","Send My Love (To Your New Lover)","","","yes","124817150","",""
"2010's Mega Hits","Free","Adele","Set Fire to the Rain","","","yes","15078239","",""
"2010's Mega Hits","Free","Adele","Someone Like You","","","yes","15078245","",""
"2010's Mega Hits","Free","Alan Walker","Alone","","","yes","141822951","",""
"2010's Mega Hits","Free","Alessia Cara","Here","","","yes","120739000","",""
"2010's Mega Hits","Free","Alessia Cara","Scars To Your Beautiful","","","yes","120739016","",""
"2010's Mega Hits","Free","Alesso","Heroes (We Could Be)","","","yes","124183414","",""
"2010's Mega Hits","Free","Alex Clare","Too Close","","","yes","12324769","",""
"2010's Mega Hits","Free","Alexandra Stan","Mr. Saxobeat (Radio Edit)","","","yes","17199898","",""
"2010's Mega Hits","Free","Alicia Keys","Girl On Fire (feat. Nicki Minaj) (Inferno Version)","","","yes","62082981","",""
"2010's Mega Hits","Free","Alok","Hear Me Now","","","yes","135065484","",""
"2010's Mega Hits","Free","American Authors","Best Day Of My Life","","","yes","75711295","",""
"2010's Mega Hits","Free","Aminé","Caroline","","YES","no - explicit","120429104","",""
"2010's Mega Hits","Free","Andy Grammer","Honey, I'm Good.","","","yes","418384412","",""
"2010's Mega Hits","Free","Anna Kendrick","Cups (Pitch Perfect’s “When I’m Gone”) (Pop Version)","","","yes","65759926","",""
"2010's Mega Hits","Free","Ariana Grande","7 rings","","YES","no - explicit","629899842","",""
"2010's Mega Hits","Free","Ariana Grande","Break Free","","","yes","80648074","",""
"2010's Mega Hits","Free","Ariana Grande","breathin","","YES","no - explicit","542389542","",""
"2010's Mega Hits","Free","Ariana Grande","God is a woman","","YES","no - explicit","542389502","",""
"2010's Mega Hits","Free","Ariana Grande","no tears left to cry","","","yes","489727112","",""
"2010's Mega Hits","Free","Ariana Grande","Problem","","","yes","77725101","",""
"2010's Mega Hits","Free","Ariana Grande","Side To Side","","YES","no - explicit","124996692","",""
"2010's Mega Hits","Free","Ariana Grande","thank u, next","","YES","no - explicit","629899852","",""
"2010's Mega Hits","Free","Ariana Grande","The Way","","","yes","65461732","",""
"2010's Mega Hits","Free","Armin van Buuren","Blah Blah Blah","","","yes","757592622","",""
"2010's Mega Hits","Free","Armin van Buuren","This Is What It Feels Like","","","yes","72327967","",""
"2010's Mega Hits","Free","Asaf Avidan & The Mojos","One Day / Reckoning Song (Wankelmut Remix) [Radio Edit]","","","yes","35407931","",""
"2010's Mega Hits","Free","Ava Max","Sweet but Psycho","","","yes","539562302","",""
"2010's Mega Hits","Free","Avicii","Addicted To You","","","yes","70266759","",""
"2010's Mega Hits","Free","Avicii","Hey Brother","","","yes","70266758","",""
"2010's Mega Hits","Free","Avicii","I Could Be The One (Avicii Vs. Nicky Romero) (Radio Edit)","","","yes","63017512","",""
"2010's Mega Hits","Free","Avicii","Levels (Radio Edit)","","","yes","138239397","",""
"2010's Mega Hits","Free","Avicii","Wake Me Up","","","yes","70266756","",""
"2010's Mega Hits","Free","AWOLNATION","Sail","","","yes","71788159","",""
"2010's Mega Hits","Free","Axwell /\ Ingrosso","More Than You Know","","","yes","362795841","",""
"2010's Mega Hits","Free","Axwell /\ Ingrosso","Sun Is Shining","","","yes","101833655","",""
"2010's Mega Hits","Free","B.o.B","Airplanes (feat. Hayley Williams of Paramore)","","YES","no - explicit","5979887","",""
"2010's Mega Hits","Free","B.o.B","Nothin' on You (feat. Bruno Mars)","","","yes","72933079","",""
"2010's Mega Hits","Free","Bad Bunny","MIA (feat. Drake)","","","yes","565423972","",""
"2010's Mega Hits","Free","Bad Meets Evil","Lighters","","YES","no - explicit","12255576","",""
"2010's Mega Hits","Free","Bastille","Pompeii","","","yes","63034985","",""
"2010's Mega Hits","Free","Bazzi","Mine","","YES","no - explicit","415370102","",""
"2010's Mega Hits","Free","Bebe Rexha","Meant to Be (feat. Florida Georgia Line)","","","yes","391786232","",""
"2010's Mega Hits","Free","benny blanco","Eastside","","","yes","525343612","",""
"2010's Mega Hits","Free","Beyoncé","Drunk in Love (feat. JAY-Z)","","YES","no - explicit","73724283","",""
"2010's Mega Hits","Free","Big Sean","Bounce Back","","YES","no - explicit","141433451","",""
"2010's Mega Hits","Free","Big Sean","Dance (A$$) Remix","","YES","no - explicit","14384574","",""
"2010's Mega Hits","Free","Big Sean","I Don't Fuck With You","","YES","no - explicit","95057442","",""
"2010's Mega Hits","Free","Billie Eilish","bad guy","","","yes","655095912","",""
"2010's Mega Hits","Free","Bingo Players","Get Up (Rattle) (Vocal Edit)","","","yes","73285486","",""
"2010's Mega Hits","Free","Bingo Players","Rattle","","","yes","466013612","",""
"2010's Mega Hits","Free","Blake Shelton","God Gave Me You","","","yes","12785896","",""
"2010's Mega Hits","Free","BlocBoy JB","Look Alive (feat. Drake)","","YES","no - explicit","459197002","",""
"2010's Mega Hits","Free","Bobby Shmurda","Hot N*gga","","YES","no - explicit","81924820","",""
"2010's Mega Hits","Free","Britney Spears","I Wanna Go","","","yes","10287262","",""
"2010's Mega Hits","Free","Britney Spears","Till the World Ends","","","yes","10287259","",""
"2010's Mega Hits","Free","Britney Spears","Work Bitch","","YES","no - explicit","72569034","",""
"2010's Mega Hits","Free","Bruno Mars","24K Magic","","","yes","133661814","",""
"2010's Mega Hits","Free","Bruno Mars","Finesse (Remix; feat. Cardi B)","","","yes","803463802","",""
"2010's Mega Hits","Free","Bruno Mars","Grenade","","","yes","8011849","",""
"2010's Mega Hits","Free","Bruno Mars","It Will Rain","","","yes","13978270","",""
"2010's Mega Hits","Free","Bruno Mars","Just the Way You Are","","","yes","8011850","",""
"2010's Mega Hits","Free","Bruno Mars","Locked out of Heaven","","","yes","61002678","",""
"2010's Mega Hits","Free","Bruno Mars","That's What I Like","","","yes","136336116","",""
"2010's Mega Hits","Free","Bruno Mars","The Lazy Song","","","yes","8011853","",""
"2010's Mega Hits","Free","Bruno Mars","Treasure","","YES","no - explicit","62724017","",""
"2010's Mega Hits","Free","Bruno Mars","When I Was Your Man","","","yes","62724009","",""
"2010's Mega Hits","Free","Bryson Tiller","Don't","","YES","no - explicit","100814018","",""
"2010's Mega Hits","Free","Bryson Tiller","Exchange","","YES","no - explicit","107744162","",""
"2010's Mega Hits","Free","Burak Yeter","Tuesday","","","yes","131343028","",""
"2010's Mega Hits","Free","Calvin Harris","Feel So Close (Radio Edit)","","","yes","13040252","",""
"2010's Mega Hits","Free","Calvin Harris","How Deep Is Your Love","","","yes","103996098","",""
"2010's Mega Hits","Free","Calvin Harris","I Need Your Love (feat. Ellie Goulding)","","","yes","61142290","",""
"2010's Mega Hits","Free","Calvin Harris","My Way","","","yes","132265704","",""
"2010's Mega Hits","Free","Calvin Harris","Outside (feat. Ellie Goulding)","","","yes","88936743","",""
"2010's Mega Hits","Free","Calvin Harris","Summer","","","yes","88936747","",""
"2010's Mega Hits","Free","Calvin Harris","Sweet Nothing (feat. Florence Welch)","","","yes","60977514","",""
"2010's Mega Hits","Free","Calvin Harris","This Is What You Came For","","","yes","123883254","",""
"2010's Mega Hits","Free","Camila Cabello","Havana (feat. Young Thug)","","","yes","447098092","",""
"2010's Mega Hits","Free","Camila Cabello","Never Be the Same","","","yes","447098062","",""
"2010's Mega Hits","Free","Capital Cities","Safe and Sound","","","yes","2976584651","",""
"2010's Mega Hits","Free","Capital Cities","Safe And Sound","","","yes","78106684","",""
"2010's Mega Hits","Free","Cardi B","Bodak Yellow","","YES","no - explicit","373063001","",""
"2010's Mega Hits","Free","Cardi B","I Like It","","YES","no - explicit","482986842","",""
"2010's Mega Hits","Free","Cardi B","Money","","YES","no - explicit","572115822","",""
"2010's Mega Hits","Free","Carly Rae Jepsen","Call Me Maybe","","","yes","16670786","",""
"2010's Mega Hits","Free","CeeLo Green","Forget You","","","yes","7303270","",""
"2010's Mega Hits","Free","Charli xcx","Boom Clap","","","yes","79590714","",""
"2010's Mega Hits","Free","Charlie Puth","Attention","","","yes","349385251","",""
"2010's Mega Hits","Free","Charlie Puth","One Call Away","","","yes","105878272","",""
"2010's Mega Hits","Free","Childish Gambino","Redbone","","YES","no - explicit","137231520","",""
"2010's Mega Hits","Free","Chris Brown","Beautiful People","","","yes","13128559","",""
"2010's Mega Hits","Free","Chris Brown","Deuces (feat. Tyga & Kevin McCall)","","YES","no - explicit","652442502","",""
"2010's Mega Hits","Free","Chris Brown","Don't Wake Me Up","","","yes","40493441","",""
"2010's Mega Hits","Free","Chris Brown","Look At Me Now (feat. Lil' Wayne & Busta Rhymes)","","YES","no - explicit","652442532","",""
"2010's Mega Hits","Free","Chris Brown","Loyal","","YES","no - explicit","84268163","",""
"2010's Mega Hits","Free","Chris Brown","No Guidance","","YES","no - explicit","691932482","",""
"2010's Mega Hits","Free","Chris Brown","Yeah 3x","","YES","no - explicit","10322420","",""
"2010's Mega Hits","Free","Christina Perri","jar of hearts","","","yes","12343340","",""
"2010's Mega Hits","Free","Clean Bandit","Rather Be (feat. Jess Glynne)","","","yes","73982869","",""
"2010's Mega Hits","Free","Cobra Starship","You Make Me Feel... (feat. Sabi)","","","yes","14172440","",""
"2010's Mega Hits","Free","Coldplay","A Sky Full of Stars","","","yes","78129603","",""
"2010's Mega Hits","Free","Coldplay","Paradise","","","yes","14299589","",""
"2010's Mega Hits","Free","Coldplay","Something Just Like This","","","yes","142706538","",""
"2010's Mega Hits","Free","DaBaby","Suge","","YES","no - explicit","638510312","",""
"2010's Mega Hits","Free","Daft Punk","Get Lucky (Radio Edit - feat. Pharrell Williams and Nile Rodgers)","","","yes","66609426","",""
"2010's Mega Hits","Free","Dan + Shay","Speechless","","","yes","499632732","",""
"2010's Mega Hits","Free","Dan + Shay","Tequila","","","yes","441821132","",""
"2010's Mega Hits","Free","Darius Rucker","Wagon Wheel","","","yes","67351232","",""
"2010's Mega Hits","Free","David Guetta","Bad (feat. Vassy) (Radio Edit)","","","yes","76520669","",""
"2010's Mega Hits","Free","David Guetta","Hey Mama (feat. Nicki Minaj, Bebe Rexha & Afrojack)","","","yes","90250621","",""
"2010's Mega Hits","Free","David Guetta","Memories (feat. Kid Cudi)","","","yes","5400243","",""
"2010's Mega Hits","Free","David Guetta","Play Hard (feat. Ne-Yo & Akon)","","","yes","62847147","",""
"2010's Mega Hits","Free","David Guetta","Sexy Chick (feat. Akon)","","","yes","17542811","",""
"2010's Mega Hits","Free","David Guetta","Titanium (feat. Sia)","","","yes","62847142","",""
"2010's Mega Hits","Free","David Guetta","Turn Me On (feat. Nicki Minaj)","","","yes","62847143","",""
"2010's Mega Hits","Free","David Guetta","Without You (feat. Usher)","","","yes","62847145","",""
"2010's Mega Hits","Free","Demi Lovato","Give Your Heart a Break","","","yes","13623157","",""
"2010's Mega Hits","Free","Demi Lovato","Sorry Not Sorry","","","yes","410092352","",""
"2010's Mega Hits","Free","Deorro","Five More Hours","","","yes","97339348","",""
"2010's Mega Hits","Free","Desiigner","Panda","","YES","no - explicit","120026876","",""
"2010's Mega Hits","Free","Diddy - Dirty Money","Coming Home","","","yes","7988088","",""
"2010's Mega Hits","Free","Disclosure","Latch","","","yes","75526535","",""
"2010's Mega Hits","Free","DJ Khaled","I'm On One (Explicit Version)","","YES","no - explicit","12687711","",""
"2010's Mega Hits","Free","DJ Khaled","I'm the One","","YES","no - explicit","355246571","",""
"2010's Mega Hits","Free","DJ Khaled","Wild Thoughts (feat. Rihanna & Bryson Tiller)","","YES","no - explicit","375689861","",""
"2010's Mega Hits","Free","DJ Snake","Let Me Love You","","","yes","129632340","",""
"2010's Mega Hits","Free","DJ Snake","Middle","","","yes","109702890","",""
"2010's Mega Hits","Free","DJ Snake","Taki Taki","","YES","no - explicit","558528302","",""
"2010's Mega Hits","Free","DJ Snake","Turn Down for What","","","yes","73707710","",""
"2010's Mega Hits","Free","DJ Snake","You Know You Like It","","","yes","91519050","",""
"2010's Mega Hits","Free","DNCE","Cake By The Ocean","","YES","no - explicit","107688326","",""
"2010's Mega Hits","Free","Don Omar","Danza Kuduro","","","yes","14948701","",""
"2010's Mega Hits","Free","Drake","Controlla","","YES","no - explicit","124603268","",""
"2010's Mega Hits","Free","Drake","Fake Love","","YES","no - explicit","144572244","",""
"2010's Mega Hits","Free","Drake","Find Your Love","","","yes","18094497","",""
"2010's Mega Hits","Free","Drake","God's Plan","","","yes","452224802","",""
"2010's Mega Hits","Free","Drake","Headlines (Explicit Version)","","YES","no - explicit","17347964","",""
"2010's Mega Hits","Free","Drake","Hold On, We're Going Home","","","yes","70562476","",""
"2010's Mega Hits","Free","Drake","Hotline Bling","","","yes","105069592","",""
"2010's Mega Hits","Free","Drake","In My Feelings","","YES","no - explicit","533609392","",""
"2010's Mega Hits","Free","Drake","Jumpman","","YES","no - explicit","107878888","",""
"2010's Mega Hits","Free","Drake","Money In The Grave","","YES","no - explicit","696957242","",""
"2010's Mega Hits","Free","Drake","Nice For What","","YES","no - explicit","533609342","",""
"2010's Mega Hits","Free","Drake","Nonstop","","YES","no - explicit","533609202","",""
"2010's Mega Hits","Free","Drake","One Dance","","","yes","124603270","",""
"2010's Mega Hits","Free","Drake","Passionfruit","","YES","no - explicit","144572210","",""
"2010's Mega Hits","Free","Drake","Started From the Bottom","","YES","no - explicit","64650062","",""
"2010's Mega Hits","Free","Drake","Take Care","","YES","no - explicit","85372102","",""
"2010's Mega Hits","Free","Drake","The Motto","","YES","no - explicit","17347988","",""
"2010's Mega Hits","Free","Drake","Too Good","","YES","no - explicit","124603278","",""
"2010's Mega Hits","Free","Dua Lipa","Don't Start Now","","","yes","793163542","",""
"2010's Mega Hits","Free","Dua Lipa","New Rules","","","yes","366297921","",""
"2010's Mega Hits","Free","Dynoro","In My Mind","","","yes","505204262","",""
"2010's Mega Hits","Free","Dzeko & Torres","L'Amour Toujours (Tiësto Edit)","","","yes","106771850","",""
"2010's Mega Hits","Free","Ed Sheeran","Beautiful People (feat. Khalid)","","","yes","703496412","",""
"2010's Mega Hits","Free","Ed Sheeran","Castle on the Hill","","","yes","139470657","",""
"2010's Mega Hits","Free","Ed Sheeran","Don't","","","yes","79875050","",""
"2010's Mega Hits","Free","Ed Sheeran","I Don't Care (with Justin Bieber)","","YES","no - explicit","1525826682","",""
"2010's Mega Hits","Free","Ed Sheeran","Perfect","","","yes","142986206","",""
"2010's Mega Hits","Free","Ed Sheeran","Photograph","","","yes","79875054","",""
"2010's Mega Hits","Free","Ed Sheeran","Shape of You","","","yes","139470659","",""
"2010's Mega Hits","Free","Ed Sheeran","The A Team","","","yes","13651702","",""
"2010's Mega Hits","Free","Ed Sheeran","Thinking out Loud","","","yes","79875064","",""
"2010's Mega Hits","Free","Edward Maya","Stereo Love (Original)","","","yes","72575955","",""
"2010's Mega Hits","Free","Edward Maya","Stereo Love (Radio Edit)","","","yes","129287494","",""
"2010's Mega Hits","Free","Ella Mai","Boo'd Up","","","yes","142915972","",""
"2010's Mega Hits","Free","Ella Mai","Trip","","","yes","564946592","",""
"2010's Mega Hits","Free","Elle King","Ex's & Oh's","","","yes","94753848","",""
"2010's Mega Hits","Free","Ellie Goulding","Burn","","","yes","68884718","",""
"2010's Mega Hits","Free","Ellie Goulding","Lights (Single Version)","","","yes","7667349","",""
"2010's Mega Hits","Free","Ellie Goulding","Love Me Like You Do (From ""Fifty Shades Of Grey"")","","","yes","112475322","",""
"2010's Mega Hits","Free","Eminem","Love The Way You Lie","","YES","no - explicit","6461440","",""
"2010's Mega Hits","Free","Eminem","Not Afraid","","YES","no - explicit","6461432","",""
"2010's Mega Hits","Free","Eminem","The Monster","","YES","no - explicit","72059773","",""
"2010's Mega Hits","Free","Enrique Iglesias","Bailando (Spanish Version)","","","yes","83876607","",""
"2010's Mega Hits","Free","Enrique Iglesias","I Like It","","","yes","10202477","",""
"2010's Mega Hits","Free","Enrique Iglesias","Tonight (I'm Fuckin' You)","","YES","no - explicit","10202476","",""
"2010's Mega Hits","Free","Fall Out Boy","Centuries","","","yes","92872156","",""
"2010's Mega Hits","Free","Fall Out Boy","My Songs Know What You Did In The Dark (Light Em Up)","","","yes","66404564","",""
"2010's Mega Hits","Free","Far East Movement","Like A G6","","","yes","7180013","",""
"2010's Mega Hits","Free","Faul & Wad Ad","Changes (Radio Mix)","","","yes","809619762","",""
"2010's Mega Hits","Free","felix jaehn","Ain't Nobody (Loves Me Better)","","","yes","95978792","",""
"2010's Mega Hits","Free","Fetty Wap","679 (feat. Remy Boyz)","","YES","no - explicit","103014252","",""
"2010's Mega Hits","Free","Fetty Wap","Trap Queen","","YES","no - explicit","91934728","",""
"2010's Mega Hits","Free","Fifth Harmony","Work from Home","","","yes","119962200","",""
"2010's Mega Hits","Free","Fifth Harmony","Worth It (feat. Kid Ink)","","","yes","94195484","",""
"2010's Mega Hits","Free","FISHER","Losing It","","","yes","581354222","",""
"2010's Mega Hits","Free","Flo Rida","Club Can't Handle Me (feat. David Guetta)","","","yes","7663136","",""
"2010's Mega Hits","Free","Flo Rida","GDFR (feat. Sage the Gemini & Lookas)","","","yes","86922279","",""
"2010's Mega Hits","Free","Flo Rida","Good Feeling","","","yes","13671892","",""
"2010's Mega Hits","Free","Flo Rida","I Cry","","","yes","38290631","",""
"2010's Mega Hits","Free","Flo Rida","My House","","","yes","97786984","",""
"2010's Mega Hits","Free","Flo Rida","Whistle","","","yes","18232117","",""
"2010's Mega Hits","Free","Flo Rida","Wild Ones (feat. Sia)","","","yes","15269141","",""
"2010's Mega Hits","Free","Florida Georgia Line","Cruise (Remix)","","","yes","67755614","",""
"2010's Mega Hits","Free","Florida Georgia Line","This Is How We Roll","","","yes","72517596","",""
"2010's Mega Hits","Free","Foster The People","Pumped Up Kicks","","","yes","12343171","",""
"2010's Mega Hits","Free","French Montana","Unforgettable (feat. Swae Lee)","","YES","no - explicit","382428781","",""
"2010's Mega Hits","Free","fun.","Some Nights","","YES","no - explicit","16501727","",""
"2010's Mega Hits","Free","fun.","We Are Young (feat. Janelle Monáe)","","","yes","16501728","",""
"2010's Mega Hits","Free","Future","Low Life (feat. The Weeknd)","","YES","no - explicit","122703266","",""
"2010's Mega Hits","Free","Future","Mask Off","","YES","no - explicit","142337683","",""
"2010's Mega Hits","Free","G-Eazy","Me, Myself & I","","YES","no - explicit","114395812","",""
"2010's Mega Hits","Free","G-Eazy","No Limit (feat. A$AP Rocky & Cardi B)","","YES","no - explicit","439864552","",""
"2010's Mega Hits","Free","Galantis","No Money","","","yes","121107876","",""
"2010's Mega Hits","Free","Galantis","Runaway (U & I)","","","yes","86453925","",""
"2010's Mega Hits","Free","Gavin DeGraw","Not Over You","","","yes","12000806","",""
"2010's Mega Hits","Free","gnash","i hate u, i love u (feat. olivia o'brien)","","YES","no - explicit","121258078","",""
"2010's Mega Hits","Free","Gotye","Somebody That I Used To Know","","","yes","14993990","",""
"2010's Mega Hits","Free","Gucci Mane","I Get the Bag (feat. Migos)","","YES","no - explicit","1525905402","",""
"2010's Mega Hits","Free","Gucci Mane","Wake Up in the Sky","","YES","no - explicit","553901882","",""
"2010's Mega Hits","Free","Gym Class Heroes","Stereo Hearts (feat. Adam Levine)","","","yes","13975779","",""
"2010's Mega Hits","Free","Hailee Steinfeld","Starving","","","yes","435821842","",""
"2010's Mega Hits","Free","Halsey","Bad At Love","","","yes","366441491","",""
"2010's Mega Hits","Free","Halsey","Without Me","","YES","no - explicit","561756292","",""
"2010's Mega Hits","Free","Hot Chelle Rae","Tonight Tonight","","","yes","12785828","",""
"2010's Mega Hits","Free","Hozier","Take Me to Church","","","yes","72690686","",""
"2010's Mega Hits","Free","Hunter Hayes","Wanted","","","yes","67780033","",""
"2010's Mega Hits","Free","Icona Pop","I Love It (feat. Charli XCX)","","YES","no - explicit","61287079","",""
"2010's Mega Hits","Free","Icona Pop","I Love It (feat. Charli XCX) (Original Version)","","YES","no - explicit","54420921","",""
"2010's Mega Hits","Free","Idina Menzel","Let It Go (English Version)","","","yes","76849955","",""
"2010's Mega Hits","Free","Iggy Azalea","Black Widow","","YES","no - explicit","77349251","",""
"2010's Mega Hits","Free","Iggy Azalea","Fancy","","YES","no - explicit","77349246","",""
"2010's Mega Hits","Free","Imagine Dragons","Believer","","","yes","435821682","",""
"2010's Mega Hits","Free","Imagine Dragons","Demons","","","yes","63510361","",""
"2010's Mega Hits","Free","Imagine Dragons","It's Time","","","yes","63510360","",""
"2010's Mega Hits","Free","Imagine Dragons","Natural","","","yes","527022462","",""
"2010's Mega Hits","Free","Imagine Dragons","Radioactive","","","yes","63510358","",""
"2010's Mega Hits","Free","Imagine Dragons","Thunder","","","yes","435821802","",""
"2010's Mega Hits","Free","Imagine Dragons","Whatever It Takes","","","yes","528330431","",""
"2010's Mega Hits","Free","Imany","Don't Be so Shy (Filatov & Karas Remix)","","","yes","117678828","",""
"2010's Mega Hits","Free","Inna","Hot (Play & Win Radio Version)","","","yes","81661454","",""
"2010's Mega Hits","Free","J. Balvin","Mi Gente","","","yes","412519402","",""
"2010's Mega Hits","Free","J. Cole","MIDDLE CHILD","","YES","no - explicit","622457832","",""
"2010's Mega Hits","Free","J. Cole","Power Trip (feat. Miguel)","","YES","no - explicit","68046778","",""
"2010's Mega Hits","Free","J. Cole","Work Out","","YES","no - explicit","567564852","",""
"2010's Mega Hits","Free","Jack Ü","Where Are Ü Now (with Justin Bieber)","","","yes","95963378","",""
"2010's Mega Hits","Free","James Arthur","Say You Won't Let Go","","","yes","131742260","",""
"2010's Mega Hits","Free","James Bay","Let It Go","","","yes","96449044","",""
"2010's Mega Hits","Free","Jason Aldean","Dirt Road Anthem","","","yes","369037361","",""
"2010's Mega Hits","Free","Jason Aldean","Don't You Wanna Stay (feat. Kelly Clarkson)","","","yes","14846514","",""
"2010's Mega Hits","Free","Jason Derulo","Talk Dirty (feat. 2 Chainz)","","YES","no - explicit","70506861","",""
"2010's Mega Hits","Free","Jason Derulo","Trumpets","","","yes","129314016","",""
"2010's Mega Hits","Free","Jason Derulo","Want to Want Me","","","yes","100598482","",""
"2010's Mega Hits","Free","Jason Derülo","In My Head","","","yes","5420473","",""
"2010's Mega Hits","Free","Jason Derülo","Ridin' Solo","","","yes","5420472","",""
"2010's Mega Hits","Free","Jason Mraz","I Won't Give Up","","","yes","17827563","",""
"2010's Mega Hits","Free","Jax Jones","You Don't Know Me","","YES","no - explicit","137728875","",""
"2010's Mega Hits","Free","JAŸ-Z","Holy Grail","","","yes","68861111","",""
"2010's Mega Hits","Free","JAŸ-Z","Ni**as In Paris","","YES","no - explicit","13430743","",""
"2010's Mega Hits","Free","Jennifer Lopez","Dance Again","","","yes","42187471","",""
"2010's Mega Hits","Free","Jennifer Lopez","On The Floor","","","yes","10496671","",""
"2010's Mega Hits","Free","Jennifer Lopez","On The Floor (Radio Edit)","","","yes","8930372","",""
"2010's Mega Hits","Free","Jeremih","Don't Tell 'Em","","","yes","79319969","",""
"2010's Mega Hits","Free","Jeremih","Down On Me","","","yes","7145708","",""
"2010's Mega Hits","Free","Jeremih","oui","","","yes","114477736","",""
"2010's Mega Hits","Free","Jess Glynne","Hold My Hand","","","yes","95973024","",""
"2010's Mega Hits","Free","Jessie J","Bang Bang","","","yes","86835391","",""
"2010's Mega Hits","Free","Jessie J","Domino","","","yes","134548745","",""
"2010's Mega Hits","Free","John Legend","All of Me","","","yes","70079770","",""
"2010's Mega Hits","Free","John Newman","Love Me Again","","","yes","67446406","",""
"2010's Mega Hits","Free","Jonas Blue","Fast Car","","","yes","114396428","",""
"2010's Mega Hits","Free","Jonas Blue","Perfect Strangers","","","yes","125972317","",""
"2010's Mega Hits","Free","Jonas Brothers","Sucker","","","yes","641342052","",""
"2010's Mega Hits","Free","Jubël","Dancing in the Moonlight","","","yes","502426662","",""
"2010's Mega Hits","Free","Juice WRLD","Lucid Dreams","","","yes","503122802","",""
"2010's Mega Hits","Free","Julia Michaels","Issues","","","yes","139874527","",""
"2010's Mega Hits","Free","Justin Bieber","As Long As You Love Me","","","yes","37027921","",""
"2010's Mega Hits","Free","Justin Bieber","Baby","","","yes","5271168","",""
"2010's Mega Hits","Free","Justin Bieber","Beauty And A Beat","","","yes","37027991","",""
"2010's Mega Hits","Free","Justin Bieber","Love Yourself","","","yes","112662368","",""
"2010's Mega Hits","Free","Justin Bieber","Sorry","","","yes","112662270","",""
"2010's Mega Hits","Free","Justin Bieber","What Do You Mean?","","","yes","112662364","",""
"2010's Mega Hits","Free","Justin Timberlake","CAN'T STOP THE FEELING! (from DreamWorks Animation's ""TROLLS"")","","","yes","124237488","",""
"2010's Mega Hits","Free","Justin Timberlake","Mirrors (Radio Edit)","","","yes","65372358","",""
"2010's Mega Hits","Free","Justin Timberlake","Not a Bad Thing","","YES","no - explicit","71035330","",""
"2010's Mega Hits","Free","Justin Timberlake","Suit & Tie (feat. Jay-Z)","","YES","no - explicit","63456965","",""
"2010's Mega Hits","Free","Kanye West","All Of The Lights","","YES","no - explicit","7667061","",""
"2010's Mega Hits","Free","Kanye West","Clique","","YES","no - explicit","60742275","",""
"2010's Mega Hits","Free","Kanye West","Mercy","","YES","no - explicit","17919329","",""
"2010's Mega Hits","Free","Katy Perry","California Gurls","","","yes","17135110","",""
"2010's Mega Hits","Free","Katy Perry","Dark Horse","","","yes","71645436","",""
"2010's Mega Hits","Free","Katy Perry","E.T.","","","yes","17135124","",""
"2010's Mega Hits","Free","Katy Perry","Firework","","","yes","17135111","",""
"2010's Mega Hits","Free","Katy Perry","Last Friday Night (T.G.I.F.)","","","yes","6812359","",""
"2010's Mega Hits","Free","Katy Perry","Part Of Me","","","yes","17135121","",""
"2010's Mega Hits","Free","Katy Perry","Roar","","","yes","71645431","",""
"2010's Mega Hits","Free","Katy Perry","Teenage Dream","","","yes","17135108","",""
"2010's Mega Hits","Free","Katy Perry","The One That Got Away","","","yes","17135114","",""
"2010's Mega Hits","Free","Katy Perry","Wide Awake","","","yes","17135122","",""
"2010's Mega Hits","Free","Ke$ha","Blow","","","yes","630085502","",""
"2010's Mega Hits","Free","Ke$ha","Die Young","","","yes","60847163","",""
"2010's Mega Hits","Free","Ke$ha","TiK ToK","","","yes","7625145","",""
"2010's Mega Hits","Free","Ke$ha","We R Who We R","","","yes","630085482","",""
"2010's Mega Hits","Free","Ke$ha","Your Love Is My Drug","","","yes","15595928","",""
"2010's Mega Hits","Free","Kelly Clarkson","Mr. Know It All","","","yes","62119001","",""
"2010's Mega Hits","Free","Kelly Clarkson","Stronger (What Doesn't Kill You)","","","yes","14241633","",""
"2010's Mega Hits","Free","Kelly Rowland","Motivation","","","yes","12818629","",""
"2010's Mega Hits","Free","Kendrick Lamar","HUMBLE.","","YES","no - explicit","350171311","",""
"2010's Mega Hits","Free","Kendrick Lamar","LOVE.","","","yes","350171331","",""
"2010's Mega Hits","Free","Khalid","Better","","","yes","613579612","",""
"2010's Mega Hits","Free","Khalid","Location","","","yes","143172408","",""
"2010's Mega Hits","Free","Khalid","Love Lies","","YES","no - explicit","460570702","",""
"2010's Mega Hits","Free","Khalid","Talk (feat. Disclosure)","","","yes","626612382","",""
"2010's Mega Hits","Free","Khalid","Young Dumb & Broke","","","yes","143172406","",""
"2010's Mega Hits","Free","Kid Ink","Show Me","","YES","no - explicit","70493847","",""
"2010's Mega Hits","Free","Kiesza","Hideaway","","","yes","76535457","",""
"2010's Mega Hits","Free","Kiiara","Gold","","","yes","110230842","",""
"2010's Mega Hits","Free","Kodak Black","ZEZE (feat. Travis Scott & Offset)","","","yes","566492952","",""
"2010's Mega Hits","Free","Kris Allen","Live Like We're Dying","","","yes","4274229","",""
"2010's Mega Hits","Free","Kungs","This Girl (Kungs Vs. Cookin' On 3 Burners) (Kungs Vs. Cookin' On 3 Burners)","","","yes","135373112","",""
"2010's Mega Hits","Free","Kygo","Higher Love","","","yes","701281342","",""
"2010's Mega Hits","Free","Kygo","It Ain't Me","","","yes","142328215","",""
"2010's Mega Hits","Free","Kyle","iSpy (feat. Lil Yachty)","","YES","no - explicit","141921707","",""
"2010's Mega Hits","Free","La Roux","Bulletproof","","","yes","17608005","",""
"2010's Mega Hits","Free","Lady A","Just A Kiss","","","yes","842130852","",""
"2010's Mega Hits","Free","Lady A","Need You Now","","","yes","5152324","",""
"2010's Mega Hits","Free","Lady Gaga","Alejandro","","","yes","4709938","",""
"2010's Mega Hits","Free","Lady Gaga","Applause","","","yes","629561092","",""
"2010's Mega Hits","Free","Lady Gaga","Bad Romance","","YES","no - explicit","4834217","",""
"2010's Mega Hits","Free","Lady Gaga","Born This Way","","","yes","11747931","",""
"2010's Mega Hits","Free","Lady Gaga","Shallow","","","yes","561855992","",""
"2010's Mega Hits","Free","Lady Gaga","Telephone","","","yes","4709944","",""
"2010's Mega Hits","Free","Lady Gaga","The Edge Of Glory","","","yes","11282846","",""
"2010's Mega Hits","Free","Lana Del Rey","Summertime Sadness (Lana Del Rey Vs. Cedric Gervais) (Cedric Gervais Remix)","","","yes","69419038","",""
"2010's Mega Hits","Free","Lauren Daigle","You Say","","","yes","613420952","",""
"2010's Mega Hits","Free","Lauv","I Like Me Better","","","yes","358972401","",""
"2010's Mega Hits","Free","Lewis Capaldi","Someone You Loved","","","yes","582143242","",""
"2010's Mega Hits","Free","Liam Payne","Strip That Down","","","yes","363834871","",""
"2010's Mega Hits","Free","Lil Baby","Drip Too Hard","","YES","no - explicit","553153382","",""
"2010's Mega Hits","Free","Lil Baby","Yes Indeed","","YES","no - explicit","500099532","",""
"2010's Mega Hits","Free","Lil Nas X","Old Town Road (feat. Billy Ray Cyrus) (Remix)","","","yes","660051472","",""
"2010's Mega Hits","Free","Lil Nas X","Panini","","","yes","699056202","",""
"2010's Mega Hits","Free","Lil Pump","Gucci Gang","","YES","no - explicit","399023232","",""
"2010's Mega Hits","Free","Lil Tecca","Ransom","","YES","no - explicit","690610892","",""
"2010's Mega Hits","Free","Lil Uzi Vert","XO Tour Llif3","","YES","no - explicit","658710612","",""
"2010's Mega Hits","Free","Lil Wayne","6 Foot 7 Foot","","YES","no - explicit","13623340","",""
"2010's Mega Hits","Free","Lil Wayne","How To Love","","","yes","13623348","",""
"2010's Mega Hits","Free","Lil Wayne","Love Me","","YES","no - explicit","436318572","",""
"2010's Mega Hits","Free","Lil Wayne","Right Above It","","YES","no - explicit","7442932","",""
"2010's Mega Hits","Free","Lil Wayne","She Will","","YES","no - explicit","13492461","",""
"2010's Mega Hits","Free","Lilly Wood and the Prick","Prayer in C (Robin Schulz Remix) [Radio Edit]","","","yes","79223833","",""
"2010's Mega Hits","Free","Lizzo","Truth Hurts","","YES","no - explicit","674416352","",""
"2010's Mega Hits","Free","LMFAO","Party Rock Anthem","","","yes","12565420","",""
"2010's Mega Hits","Free","LMFAO","Sexy And I Know It","","","yes","12565421","",""
"2010's Mega Hits","Free","Logic","1-800-273-8255","","YES","no - explicit","357859971","",""
"2010's Mega Hits","Free","Lorde","Royals","","","yes","69390867","",""
"2010's Mega Hits","Free","Lorde","Team","","","yes","70403440","",""
"2010's Mega Hits","Free","Loreen","Euphoria","","","yes","67466760","",""
"2010's Mega Hits","Free","Lost Frequencies","Are You With Me (Radio Edit)","","","yes","89458301","",""
"2010's Mega Hits","Free","Lost Frequencies","Reality","","","yes","101660347","",""
"2010's Mega Hits","Free","Loud Luxury","Body","","","yes","419532362","",""
"2010's Mega Hits","Free","Ludacris","How Low","","YES","no - explicit","5471348","",""
"2010's Mega Hits","Free","Luis Fonsi","Despacito (Remix)","","","yes","623698182","",""
"2010's Mega Hits","Free","Lukas Graham","7 Years","","","yes","121239412","",""
"2010's Mega Hits","Free","Lupe Fiasco","The Show Goes On","","YES","no - explicit","8175115","",""
"2010's Mega Hits","Free","Lykke Li","I Follow Rivers (The Magician Remix)","","","yes","14235829","",""
"2010's Mega Hits","Free","Mabel","Don't Call Me Up","","","yes","616963582","",""
"2010's Mega Hits","Free","Macklemore & Ryan Lewis","Can't Hold Us (feat. Ray Dalton)","","","yes","72089317","",""
"2010's Mega Hits","Free","Macklemore & Ryan Lewis","Same Love (feat. Mary Lambert)","","","yes","74024718","",""
"2010's Mega Hits","Free","Macklemore & Ryan Lewis","Thrift Shop (feat. Wanz)","","YES","no - explicit","61424045","",""
"2010's Mega Hits","Free","Maggie Lindemann","Pretty Girl (Cheat Codes X CADE Remix)","","YES","no - explicit","143172578","",""
"2010's Mega Hits","Free","MAGIC!","Rude","","","yes","71512092","",""
"2010's Mega Hits","Free","Major Lazer","Cold Water (feat. Justin Bieber & MØ)","","","yes","129011934","",""
"2010's Mega Hits","Free","Major Lazer","Lean On (feat. MØ & DJ Snake)","","","yes","113366532","",""
"2010's Mega Hits","Free","Major Lazer","Light It Up (feat. Nyla & Fuse ODG) (Remix)","","","yes","110994030","",""
"2010's Mega Hits","Free","Mariah Carey","All I Want for Christmas Is You","","","yes","62710442","",""
"2010's Mega Hits","Free","Mark Ronson","Uptown Funk (feat. Bruno Mars)","","","yes","92734438","",""
"2010's Mega Hits","Free","Maroon 5","Animals","","","yes","83124206","",""
"2010's Mega Hits","Free","Maroon 5","Daylight","","","yes","44231001","",""
"2010's Mega Hits","Free","Maroon 5","Don't Wanna Know","","","yes","422214842","",""
"2010's Mega Hits","Free","Maroon 5","Girls Like You (Cardi B Version)","","YES","no - explicit","498130042","",""
"2010's Mega Hits","Free","Maroon 5","Love Somebody","","","yes","44231031","",""
"2010's Mega Hits","Free","Maroon 5","Maps","","","yes","100004582","",""
"2010's Mega Hits","Free","Maroon 5","Moves Like Jagger (Studio Recording From The Voice Performance)","","","yes","12601820","",""
"2010's Mega Hits","Free","Maroon 5","One More Night","","","yes","44230981","",""
"2010's Mega Hits","Free","Maroon 5","Payphone","","YES","no - explicit","38934641","",""
"2010's Mega Hits","Free","Maroon 5","Sugar","","YES","no - explicit","100004590","",""
"2010's Mega Hits","Free","Marshmello","FRIENDS","","YES","no - explicit","456379902","",""
"2010's Mega Hits","Free","Marshmello","Happier","","","yes","540512132","",""
"2010's Mega Hits","Free","Martin Garrix","Animals (Radio Edit)","","","yes","138228039","",""
"2010's Mega Hits","Free","Martin Garrix","High On Life (feat. Bonn)","","","yes","532182272","",""
"2010's Mega Hits","Free","Martin Garrix","In the Name of Love","","","yes","129313094","",""
"2010's Mega Hits","Free","MEDUZA","Lose Control","","","yes","769757652","",""
"2010's Mega Hits","Free","MEDUZA","Piece Of Your Heart","","","yes","623723282","",""
"2010's Mega Hits","Free","Meek Mill","Going Bad (feat. Drake)","","YES","no - explicit","596680492","",""
"2010's Mega Hits","Free","Meghan Trainor","All About That Bass","","YES","no - explicit","79975768","",""
"2010's Mega Hits","Free","Meghan Trainor","Like I'm Gonna Lose You (feat. John Legend)","","","yes","92739396","",""
"2010's Mega Hits","Free","Meghan Trainor","Lips Are Movin","","","yes","88252935","",""
"2010's Mega Hits","Free","Michael Bublé","Haven't Met You Yet","","","yes","4311272","",""
"2010's Mega Hits","Free","Migos","Bad and Boujee (feat. Lil Uzi Vert)","","YES","no - explicit","136297488","",""
"2010's Mega Hits","Free","Migos","MotorSport","","YES","no - explicit","438870902","",""
"2010's Mega Hits","Free","Miguel","Adorn","","","yes","51867991","",""
"2010's Mega Hits","Free","Mike Posner","Cooler Than Me (Single Mix)","","","yes","6720668","",""
"2010's Mega Hits","Free","Mike Posner","I Took A Pill In Ibiza (Seeb Remix)","","YES","no - explicit","124550860","",""
"2010's Mega Hits","Free","Mike WiLL Made-It","23","","YES","no - explicit","70509386","",""
"2010's Mega Hits","Free","Miley Cyrus","We Can't Stop","","","yes","71137161","",""
"2010's Mega Hits","Free","Miley Cyrus","Wrecking Ball","","","yes","70100098","",""
"2010's Mega Hits","Free","Milky Chance","Stolen Dance","","","yes","66937868","",""
"2010's Mega Hits","Free","Mr. Probz","Waves","","","yes","73949552","",""
"2010's Mega Hits","Free","Mumford & Sons","I Will Wait","","","yes","60742349","",""
"2010's Mega Hits","Free","Natalie La Rose","Somebody","","","yes","92829314","",""
"2010's Mega Hits","Free","Naughty Boy","La La La","","","yes","67041323","",""
"2010's Mega Hits","Free","Ne-Yo","Let Me Love You (Until You Learn To Love Yourself)","","","yes","61793545","",""
"2010's Mega Hits","Free","Ne-Yo","Time of Our Lives","","YES","no - explicit","89597767","",""
"2010's Mega Hits","Free","NEIKED","Sexual","","","yes","130853370","",""
"2010's Mega Hits","Free","Nelly","Just A Dream","","","yes","7562926","",""
"2010's Mega Hits","Free","Neon Trees","Animal","","","yes","8929688","",""
"2010's Mega Hits","Free","Neon Trees","Everybody Talks","","YES","no - explicit","17806810","",""
"2010's Mega Hits","Free","NF","Let You Down","","","yes","412536982","",""
"2010's Mega Hits","Free","Niall Horan","Slow Hands","","","yes","417673222","",""
"2010's Mega Hits","Free","Nick Jonas","Jealous","","","yes","89128471","",""
"2010's Mega Hits","Free","Nicki Minaj","Moment 4 Life","","YES","no - explicit","7653922","",""
"2010's Mega Hits","Free","Nicki Minaj","Only","","YES","no - explicit","91543334","",""
"2010's Mega Hits","Free","Nicki Minaj","Starships","","YES","no - explicit","16607977","",""
"2010's Mega Hits","Free","Nicki Minaj","Super Bass","","YES","no - explicit","10214849","",""
"2010's Mega Hits","Free","Nico & Vinz","Am I Wrong","","","yes","74126483","",""
"2010's Mega Hits","Free","Of Monsters and Men","Little Talks","","","yes","17615568","",""
"2010's Mega Hits","Free","Ofenbach","Be Mine","","","yes","136802580","",""
"2010's Mega Hits","Free","Offset","Ric Flair Drip (with Metro Boomin)","","YES","no - explicit","423097622","",""
"2010's Mega Hits","Free","Olly Alexander","King","","","yes","103051092","",""
"2010's Mega Hits","Free","Omarion","Post to Be (feat. Chris Brown & Jhene Aiko)","","YES","no - explicit","90465927","",""
"2010's Mega Hits","Free","OMI","Cheerleader (Felix Jaehn Remix Radio Edit)","","","yes","96529786","",""
"2010's Mega Hits","Free","One Direction","Story of My Life","","","yes","71836457","",""
"2010's Mega Hits","Free","One Direction","What Makes You Beautiful","","","yes","15565659","",""
"2010's Mega Hits","Free","OneRepublic","All The Right Moves","","","yes","4638779","",""
"2010's Mega Hits","Free","OneRepublic","Counting Stars","","","yes","65759979","",""
"2010's Mega Hits","Free","OneRepublic","Good Life","","YES","no - explicit","4638783","",""
"2010's Mega Hits","Free","OneRepublic","If I Lose Myself (Alesso vs OneRepublic)","","","yes","65724975","",""
"2010's Mega Hits","Free","OneRepublic","Secrets","","","yes","5425214","",""
"2010's Mega Hits","Free","Otto Knows","Million Voices (Radio Edit)","","","yes","651772792","",""
"2010's Mega Hits","Free","Owl City","Good Time","","","yes","38987411","",""
"2010's Mega Hits","Free","P!nk","Blow Me","","YES","no - explicit","60200371","",""
"2010's Mega Hits","Free","P!nk","F**kin' Perfect","","YES","no - explicit","15597832","",""
"2010's Mega Hits","Free","P!nk","Just Give Me a Reason (feat. Nate Ruess)","","","yes","60200391","",""
"2010's Mega Hits","Free","P!nk","Just Like Fire (From the Original Motion Picture ""Alice Through The Looking Glass"")","","","yes","122946174","",""
"2010's Mega Hits","Free","P!nk","Raise Your Glass","","YES","no - explicit","15597831","",""
"2010's Mega Hits","Free","P!nk","Try","","","yes","60200381","",""
"2010's Mega Hits","Free","Panic! At The Disco","High Hopes","","","yes","516351532","",""
"2010's Mega Hits","Free","Paramore","Ain't It Fun","","","yes","65732144","",""
"2010's Mega Hits","Free","Parra For Cuva","Wicked Games (feat. Anna Naklab) (Radio Edit)","","","yes","452733402","",""
"2010's Mega Hits","Free","Passenger","Let Her Go","","","yes","66960113","",""
"2010's Mega Hits","Free","Pharrell Williams","Happy (From ""Despicable Me 2"")","","","yes","73616508","",""
"2010's Mega Hits","Free","Phillip Phillips","Gone, Gone, Gone","","","yes","62294641","",""
"2010's Mega Hits","Free","Phillip Phillips","Home","","","yes","40483211","",""
"2010's Mega Hits","Free","Pitbull","Feel This Moment (feat. Christina Aguilera)","","","yes","62083052","",""
"2010's Mega Hits","Free","Pitbull","Give Me Everything (feat. Nayer)","","","yes","10308117","",""
"2010's Mega Hits","Free","Pitbull","Hey Baby (Drop It to the Floor) (feat. T-Pain)","","","yes","12270342","",""
"2010's Mega Hits","Free","Pitbull","International Love (feat. Chris Brown)","","","yes","12270398","",""
"2010's Mega Hits","Free","Pitbull","Timber","","","yes","73188243","",""
"2010's Mega Hits","Free","Portugal. The Man","Feel It Still","","","yes","143171642","",""
"2010's Mega Hits","Free","Post Malone","Better Now","","YES","no - explicit","491446972","",""
"2010's Mega Hits","Free","Post Malone","Congratulations","","YES","no - explicit","137726987","",""
"2010's Mega Hits","Free","Post Malone","Goodbyes","","YES","no - explicit","706719772","",""
"2010's Mega Hits","Free","Post Malone","I Fall Apart","","YES","no - explicit","137724055","",""
"2010's Mega Hits","Free","Post Malone","Psycho","","","yes","492398662","",""
"2010's Mega Hits","Free","Post Malone","rockstar","","YES","no - explicit","491446942","",""
"2010's Mega Hits","Free","Post Malone","Sunflower (Spider-Man: Into the Spider-Verse)","","","yes","602456552","",""
"2010's Mega Hits","Free","Post Malone","White Iverson","","YES","no - explicit","137726975","",""
"2010's Mega Hits","Free","Post Malone","Wow.","","YES","no - explicit","607452332","",""
"2010's Mega Hits","Free","Psy","Gangnam Style (강남스타일)","","","yes","60726278","",""
"2010's Mega Hits","Free","R. City","Locked Away (feat. Adam Levine)","","","yes","102671422","",""
"2010's Mega Hits","Free","R3HAB","All Around The World (La La La)","","","yes","657782312","",""
"2010's Mega Hits","Free","Rachel Platten","Fight Song","","","yes","99689968","",""
"2010's Mega Hits","Free","Rae Sremmurd","Black Beatles","","YES","no - explicit","130105294","",""
"2010's Mega Hits","Free","Rae Sremmurd","No Type","","YES","no - explicit","92871300","",""
"2010's Mega Hits","Free","Regard","Ride It","","","yes","708907602","",""
"2010's Mega Hits","Free","Rihanna","Diamonds","","","yes","60978718","",""
"2010's Mega Hits","Free","Rihanna","Love On The Brain","","YES","no - explicit","118190312","",""
"2010's Mega Hits","Free","Rihanna","Needed Me","","YES","no - explicit","118190304","",""
"2010's Mega Hits","Free","Rihanna","Only Girl (In The World)","","","yes","7145717","",""
"2010's Mega Hits","Free","Rihanna","Rude Boy","","YES","no - explicit","4711056","",""
"2010's Mega Hits","Free","Rihanna","S&M","","YES","no - explicit","13529559","",""
"2010's Mega Hits","Free","Rihanna","Stay","","","yes","62376291","",""
"2010's Mega Hits","Free","Rihanna","We Found Love (Album Version)","","","yes","14525574","",""
"2010's Mega Hits","Free","Rihanna","What's My Name? (Album Version)","","YES","no - explicit","13529560","",""
"2010's Mega Hits","Free","Rihanna","Where Have You Been (Album Version)","","","yes","14525573","",""
"2010's Mega Hits","Free","Rihanna","Work","","YES","no - explicit","118190298","",""
"2010's Mega Hits","Free","Robin Schulz","Sugar (feat. Francesco Yates)","","","yes","103549360","",""
"2010's Mega Hits","Free","Robin Schulz","Sun Goes Down (feat. Jasmine Thompson) (Radio Mix)","","","yes","84908531","",""
"2010's Mega Hits","Free","Robin Thicke","Blurred Lines","","YES","no - explicit","77824832","",""
"2010's Mega Hits","Free","Robyn","Dancing on My Own (Radio Edit)","","","yes","14697959","",""
"2010's Mega Hits","Free","Route 94","My Love","","","yes","82133616","",""
"2010's Mega Hits","Free","Rudimental","Waiting All Night (feat. Ella Eyre)","","","yes","65735114","",""
"2010's Mega Hits","Free","SAINt JHN","Roses (Imanbek Remix)","","YES","no - explicit","770293952","",""
"2010's Mega Hits","Free","Sam Feldt","Post Malone (feat. RANI)","","","yes","682799032","",""
"2010's Mega Hits","Free","Sam Hunt","Body Like A Back Road","","","yes","141160791","",""
"2010's Mega Hits","Free","Sam Hunt","Take Your Time","","","yes","87936873","",""
"2010's Mega Hits","Free","Sam Smith","Dancing With A Stranger","","","yes","613138092","",""
"2010's Mega Hits","Free","Sam Smith","I'm Not The Only One","","","yes","111780380","",""
"2010's Mega Hits","Free","Sam Smith","Stay With Me","","","yes","78282086","",""
"2010's Mega Hits","Free","Sam Smith","Too Good At Goodbyes","","","yes","422202502","",""
"2010's Mega Hits","Free","Sara Bareilles","Brave","","","yes","68772205","",""
"2010's Mega Hits","Free","Selena Gomez","Back To You","","","yes","499988792","",""
"2010's Mega Hits","Free","Selena Gomez","Come & Get It","","","yes","66404487","",""
"2010's Mega Hits","Free","Selena Gomez","Good For You","","","yes","109169062","",""
"2010's Mega Hits","Free","Selena Gomez","Same Old Love","","","yes","109169058","",""
"2010's Mega Hits","Free","Selena Gomez & The Scene","Love You Like A Love Song","","","yes","12325136","",""
"2010's Mega Hits","Free","Shawn Mendes","If I Can't Have You","","","yes","672264442","",""
"2010's Mega Hits","Free","Shawn Mendes","Mercy","","","yes","351594971","",""
"2010's Mega Hits","Free","Shawn Mendes","Señorita","","","yes","698905582","",""
"2010's Mega Hits","Free","Shawn Mendes","Stitches","","","yes","98028102","",""
"2010's Mega Hits","Free","Shawn Mendes","There's Nothing Holdin' Me Back","","","yes","351595631","",""
"2010's Mega Hits","Free","Shawn Mendes","Treat You Better","","","yes","132625720","",""
"2010's Mega Hits","Free","Sheck Wes","Mo Bamba","","YES","no - explicit","453657712","",""
"2010's Mega Hits","Free","Shelley FKA DRAM","Broccoli (feat. Lil Yachty)","","YES","no - explicit","131611536","",""
"2010's Mega Hits","Free","Sia","Chandelier","","","yes","79587580","",""
"2010's Mega Hits","Free","Sia","Cheap Thrills (feat. Sean Paul)","","","yes","118986142","",""
"2010's Mega Hits","Free","Sia","Elastic Heart","","","yes","79587594","",""
"2010's Mega Hits","Free","Sigala","Came Here for Love","","","yes","366740131","",""
"2010's Mega Hits","Free","Silentó","Watch Me (Whip / Nae Nae)","","","yes","100614636","",""
"2010's Mega Hits","Free","Skrillex","Bangarang (feat. Sirah)","","YES","no - explicit","15781392","",""
"2010's Mega Hits","Free","Snoop Dogg","Sweat (Snoop Dogg vs David Guetta Remix)","","","yes","10162588","",""
"2010's Mega Hits","Free","Snoop Dogg","Young, Wild & Free (feat. Bruno Mars)","","YES","no - explicit","14954267","",""
"2010's Mega Hits","Free","Starley","Call On Me (Ryan Riback Remix)","","","yes","1073060392","",""
"2010's Mega Hits","Free","Stromae","Alors on danse (Radio Edit)","","","yes","6297555","",""
"2010's Mega Hits","Free","Sugarland","Stuck Like Glue","","","yes","6823631","",""
"2010's Mega Hits","Free","Surf Mesa","ily (i love you baby)","","","yes","886766742","",""
"2010's Mega Hits","Free","Swedish House Mafia","Don't You Worry Child (Radio Edit)","","","yes","60842359","",""
"2010's Mega Hits","Free","Taio Cruz","Break Your Heart","","","yes","85273498","",""
"2010's Mega Hits","Free","Taio Cruz","Dynamite","","","yes","7063920","",""
"2010's Mega Hits","Free","Taylor Swift","Bad Blood","","","yes","372049961","",""
"2010's Mega Hits","Free","Taylor Swift","Blank Space","","","yes","89077547","",""
"2010's Mega Hits","Free","Taylor Swift","Delicate","","","yes","435491482","",""
"2010's Mega Hits","Free","Taylor Swift","I Knew You Were Trouble.","","","yes","61466576","",""
"2010's Mega Hits","Free","Taylor Swift","Mine","","","yes","7474223","",""
"2010's Mega Hits","Free","Taylor Swift","Shake It Off","","","yes","89077555","",""
"2010's Mega Hits","Free","Taylor Swift","Style","","","yes","89077549","",""
"2010's Mega Hits","Free","Taylor Swift","We Are Never Ever Getting Back Together","","","yes","529117841","",""
"2010's Mega Hits","Free","Taylor Swift","Wildest Dreams","","","yes","89077561","",""
"2010's Mega Hits","Free","The Band Perry","If I Die Young","","","yes","6716460","",""
"2010's Mega Hits","Free","The Black Eyed Peas","I Gotta Feeling","","","yes","4619466","",""
"2010's Mega Hits","Free","The Black Eyed Peas","Imma Be","","YES","no - explicit","4619465","",""
"2010's Mega Hits","Free","The Black Eyed Peas","Just Can’t Get Enough","","","yes","7706014","",""
"2010's Mega Hits","Free","The Black Eyed Peas","The Time (Dirty Bit)","","","yes","7705885","",""
"2010's Mega Hits","Free","The Chainsmokers","Closer","","","yes","129310248","",""
"2010's Mega Hits","Free","The Chainsmokers","Don't Let Me Down","","","yes","119302924","",""
"2010's Mega Hits","Free","The Chainsmokers","Roses (feat. ROZES)","","","yes","99756342","",""
"2010's Mega Hits","Free","The Chainsmokers","This Feeling (feat. Kelsea Ballerini)","","","yes","603095682","",""
"2010's Mega Hits","Free","The Lumineers","Ho Hey","","","yes","70834770","",""
"2010's Mega Hits","Free","The Neighbourhood","Sweater Weather","","","yes","66506871","",""
"2010's Mega Hits","Free","The Script","Breakeven","","","yes","13129397","",""
"2010's Mega Hits","Free","The Script","For the First Time","","YES","no - explicit","7245912","",""
"2010's Mega Hits","Free","The Wanted","Glad You Came","","","yes","20535671","",""
"2010's Mega Hits","Free","The Wanted","Glad You Came","","","yes","12580545","",""
"2010's Mega Hits","Free","The Weeknd","Can't Feel My Face","","","yes","106506516","",""
"2010's Mega Hits","Free","The Weeknd","Earned It (Fifty Shades Of Grey) (From The ""Fifty Shades Of Grey"" Soundtrack)","","","yes","92826786","",""
"2010's Mega Hits","Free","The Weeknd","I Feel It Coming","","","yes","136889434","",""
"2010's Mega Hits","Free","The Weeknd","Starboy","","YES","no - explicit","136889400","",""
"2010's Mega Hits","Free","The Weeknd","The Hills","","YES","no - explicit","106506512","",""
"2010's Mega Hits","Free","Thomas Rhett","Die A Happy Man","","","yes","107344838","",""
"2010's Mega Hits","Free","Tiësto","Jackie Chan","","YES","no - explicit","499994962","",""
"2010's Mega Hits","Free","Tiësto","Wasted","","","yes","77633484","",""
"2010's Mega Hits","Free","Timbaland","Carry Out (Featuring Justin Timberlake)","","","yes","4833722","",""
"2010's Mega Hits","Free","Timmy Trumpet","Freaks (Radio Edit)","","","yes","95940170","",""
"2010's Mega Hits","Free","Topic","Breaking Me","","","yes","831917182","",""
"2010's Mega Hits","Free","Tove Lo","Habits (Stay High)","","","yes","89104337","",""
"2010's Mega Hits","Free","Tove Lo","Habits (Stay High) (Hippie Sabotage Remix)","","","yes","84669149","",""
"2010's Mega Hits","Free","Tove Lo","Talking Body","","YES","no - explicit","84669123","",""
"2010's Mega Hits","Free","Train","Drive By","","","yes","17880924","",""
"2010's Mega Hits","Free","Train","Hey, Soul Sister","","","yes","4303104","",""
"2010's Mega Hits","Free","Travie McCoy","Billionaire (feat. Bruno Mars)","","YES","no - explicit","6590103","",""
"2010's Mega Hits","Free","Travis Scott","Antidote","","YES","no - explicit","106713886","",""
"2010's Mega Hits","Free","Travis Scott","SICKO MODE","","YES","no - explicit","536421002","",""
"2010's Mega Hits","Free","Trey Songz","Bottoms Up (feat. Nicki Minaj)","","YES","no - explicit","7035513","",""
"2010's Mega Hits","Free","Trey Songz","Na Na","","","yes","74395576","",""
"2010's Mega Hits","Free","Trey Songz","Say Aah (feat. Fabolous)","","","yes","4134359","",""
"2010's Mega Hits","Free","Tujamo","Drop That Low (When I Dip)","","","yes","452689552","",""
"2010's Mega Hits","Free","Twenty One Pilots","Heathens","","","yes","126884459","",""
"2010's Mega Hits","Free","Twenty One Pilots","Ride","","","yes","99976954","",""
"2010's Mega Hits","Free","Twenty One Pilots","Stressed Out","","","yes","99976952","",""
"2010's Mega Hits","Free","Tyga","Rack City","","YES","no - explicit","16645089","",""
"2010's Mega Hits","Free","Tyga","Taste","","YES","no - explicit","500084792","",""
"2010's Mega Hits","Free","Usher","More (RedOne Jimmy Joker Remix)","","","yes","62471096","",""
"2010's Mega Hits","Free","USHER","DJ Got Us Fallin' In Love (feat. Pitbull)","","","yes","14489931","",""
"2010's Mega Hits","Free","USHER","OMG (feat. will.i.am)","","","yes","15597227","",""
"2010's Mega Hits","Free","USHER","Scream","","","yes","35088291","",""
"2010's Mega Hits","Free","Vance Joy","Riptide","","","yes","104576288","",""
"2010's Mega Hits","Free","Waka Flocka Flame","No Hands (feat. Roscoe Dash & Wale)","","YES","no - explicit","7303329","",""
"2010's Mega Hits","Free","Wale","Bad (feat. Tiara Thomas)","","YES","no - explicit","64281382","",""
"2010's Mega Hits","Free","WALK THE MOON","Shut Up and Dance","","","yes","84668483","",""
"2010's Mega Hits","Free","will.i.am","Scream & Shout","","YES","no - explicit","62439051","",""
"2010's Mega Hits","Free","will.i.am","This Is Love (Album Version)","","","yes","34818191","",""
"2010's Mega Hits","Free","Wiz Khalifa","Black and Yellow","","YES","no - explicit","11272651","",""
"2010's Mega Hits","Free","Wiz Khalifa","See You Again (feat. Charlie Puth)","","","yes","658671812","",""
"2010's Mega Hits","Free","X Ambassadors","Unsteady","","","yes","102364678","",""
"2010's Mega Hits","Free","XXXTENTACION","SAD!","","YES","no - explicit","472992602","",""
"2010's Mega Hits","Free","YG","My Nigga","","YES","no - explicit","75610675","",""
"2010's Mega Hits","Free","Young Money","BedRock","","YES","no - explicit","4834207","",""
"2010's Mega Hits","Free","Zara Larsson","Lush Life","","","yes","144389048","",""
"2010's Mega Hits","Free","Zara Larsson","Never Forget You","","","yes","106997288","",""
"2010's Mega Hits","Free","ZAYN","I Don’t Wanna Live Forever (Fifty Shades Darker)","","","yes","137828447","",""
"2010's Mega Hits","Free","ZAYN","PILLOWTALK","","YES","no - explicit","118204446","",""
"2010's Mega Hits","Free","Zedd","Clarity","","","yes","60904700","",""
"2010's Mega Hits","Free","Zedd","Stay","","","yes","142808100","",""
"2010's Mega Hits","Free","Zedd","Stay The Night (featuring Hayley Williams of Paramore)","","","yes","71071783","",""
"2010's Mega Hits","Free","Zedd","The Middle","","","yes","451254022","",""
"2020's Mega Hits","Free","21 Savage","Runnin","","YES","no - explicit","1097090192","",""
"2020's Mega Hits","Free","Adele","Easy On Me","","","yes","1522223672","",""
"2020's Mega Hits","Free","Adele","I Drink Wine","","","yes","1557137152","",""
"2020's Mega Hits","Free","Adele","To Be Loved","","","yes","1557137192","",""
"2020's Mega Hits","Free","aespa","Supernova","","","yes","2981668701","",""
"2020's Mega Hits","Free","AJR","Bang!","","","yes","3783336722","",""
"2020's Mega Hits","Free","AJR","World's Smallest Violin","","YES","no - explicit","3783336772","",""
"2020's Mega Hits","Free","Alex Warren","Carry You Home","","","yes","2793154812","",""
"2020's Mega Hits","Free","Alex Warren","Ordinary","","","yes","3210709941","",""
"2020's Mega Hits","Free","All Time Low","Monsters (feat. blackbear)","","YES","no - explicit","918205292","",""
"2020's Mega Hits","Free","Ariana Grande","34+35","","YES","no - explicit","1126047052","",""
"2020's Mega Hits","Free","Ariana Grande","motive","","YES","no - explicit","1126047062","",""
"2020's Mega Hits","Free","Ariana Grande","positions","","YES","no - explicit","1118160622","",""
"2020's Mega Hits","Free","Ariana Grande","Stuck with U","","","yes","953769542","",""
"2020's Mega Hits","Free","Ariana Grande","we can't be friends (wait for your love)","","","yes","2690050002","",""
"2020's Mega Hits","Free","Ariana Grande","yes, and?","","YES","no - explicit","2614318122","",""
"2020's Mega Hits","Free","Arizona Zervas","ROXANNE","","YES","no - explicit","806698322","",""
"2020's Mega Hits","Free","Artemas","i like the way you kiss me","","","yes","2706736172","",""
"2020's Mega Hits","Free","ATB","Your Love (9PM)","","","yes","1200359872","",""
"2020's Mega Hits","Free","Ava Max","Kings & Queens","","","yes","899198132","",""
"2020's Mega Hits","Free","Ava Max","Maybe You’re The Problem","","","yes","1721747777","",""
"2020's Mega Hits","Free","Ava Max","My Head & My Heart","","","yes","1145593552","",""
"2020's Mega Hits","Free","Aya Nakamura","Djadja (feat. Maluma) (Remix)","","","yes","986646892","",""
"2020's Mega Hits","Free","Bad Bunny","DÁKITI","","YES","no - explicit","1122450992","",""
"2020's Mega Hits","Free","Bad Bunny","La Difícil","","YES","no - explicit","889550862","",""
"2020's Mega Hits","Free","Bad Bunny","MONACO","","YES","no - explicit","2496106371","",""
"2020's Mega Hits","Free","Bad Bunny","Safaera","","YES","no - explicit","889550982","",""
"2020's Mega Hits","Free","Bad Bunny","Tití Me Preguntó","","YES","no - explicit","1741494317","",""
"2020's Mega Hits","Free","Bad Bunny","Un Verano Sin Ti","","","yes","1741494487","",""
"2020's Mega Hits","Free","Bailey Zimmerman","Fall In Love","","","yes","1635715662","",""
"2020's Mega Hits","Free","Bailey Zimmerman","Rock and A Hard Place","","","yes","1767917347","",""
"2020's Mega Hits","Free","Bailey Zimmerman","Where It Ends","","","yes","1843366517","",""
"2020's Mega Hits","Free","Bakar","Hell N Back (feat. Summer Walker)","","YES","no - explicit","2461123655","",""
"2020's Mega Hits","Free","Becky Hill","Remember","","","yes","1402072202","",""
"2020's Mega Hits","Free","BENEE","Supalonely","","YES","no - explicit","802283032","",""
"2020's Mega Hits","Free","Benson Boone","Beautiful Things","","","yes","2704682202","",""
"2020's Mega Hits","Free","Benson Boone","Slow It Down","","","yes","2696385562","",""
"2020's Mega Hits","Free","Beyoncé","16 CARRIAGES","","","yes","2726208341","",""
"2020's Mega Hits","Free","Beyoncé","BREAK MY SOUL","","","yes","1842063507","",""
"2020's Mega Hits","Free","Beyoncé","CUFF IT","","YES","no - explicit","1842063487","",""
"2020's Mega Hits","Free","Beyoncé","TEXAS HOLD 'EM","","YES","no - explicit","2658723742","",""
"2020's Mega Hits","Free","Billie Eilish","BIRDS OF A FEATHER","","","yes","2801558052","",""
"2020's Mega Hits","Free","Billie Eilish","everything i wanted","","","yes","803010392","",""
"2020's Mega Hits","Free","Billie Eilish","Happier Than Ever","","YES","no - explicit","1449740592","",""
"2020's Mega Hits","Free","Billie Eilish","my future","","","yes","1035203282","",""
"2020's Mega Hits","Free","Billie Eilish","No Time To Die","","","yes","877873612","",""
"2020's Mega Hits","Free","Billie Eilish","Therefore I Am","","","yes","1140484252","",""
"2020's Mega Hits","Free","Billie Eilish","What Was I Made For? [From The Motion Picture ""Barbie""]","","","yes","2366043655","",""
"2020's Mega Hits","Free","BLACKPINK","How You Like That","","","yes","1097366392","",""
"2020's Mega Hits","Free","BLACKPINK","Pink Venom","","","yes","1873466547","",""
"2020's Mega Hits","Free","blink-182","ONE MORE TIME","","","yes","2459579095","",""
"2020's Mega Hits","Free","BTS","Butter","","","yes","1576169062","",""
"2020's Mega Hits","Free","BTS","Dynamite","","","yes","1564465082","",""
"2020's Mega Hits","Free","BTS","Life Goes On","","","yes","1560787542","",""
"2020's Mega Hits","Free","BTS","Permission to Dance","","","yes","1576170592","",""
"2020's Mega Hits","Free","Calvin Harris","Desire","","","yes","2357139175","",""
"2020's Mega Hits","Free","Calvin Harris","Miracle","","","yes","2182322087","",""
"2020's Mega Hits","Free","Camila Cabello","My Oh My (feat. DaBaby)","","","yes","823567772","",""
"2020's Mega Hits","Free","Camilo","Índigo","","","yes","1515168812","",""
"2020's Mega Hits","Free","Camilo","Vida de Rico","","","yes","1080487192","",""
"2020's Mega Hits","Free","Cardi B","WAP (feat. Megan Thee Stallion)","","YES","no - explicit","1044791832","",""
"2020's Mega Hits","Free","Chappell Roan","Casual","","YES","no - explicit","2454854775","",""
"2020's Mega Hits","Free","Chappell Roan","Femininomenon","","YES","no - explicit","2454854735","",""
"2020's Mega Hits","Free","Chappell Roan","Good Luck, Babe!","","","yes","2728070371","",""
"2020's Mega Hits","Free","Chappell Roan","HOT TO GO!","","","yes","2454854795","",""
"2020's Mega Hits","Free","Chappell Roan","My Kink Is Karma","","","yes","2454854805","",""
"2020's Mega Hits","Free","Chappell Roan","Pink Pony Club","","","yes","2454854845","",""
"2020's Mega Hits","Free","Charli xcx","360","","YES","no - explicit","2833834772","",""
"2020's Mega Hits","Free","Charli xcx","Apple","","","yes","2833834872","",""
"2020's Mega Hits","Free","Charli xcx","Guess featuring billie eilish","","","yes","2929354381","",""
"2020's Mega Hits","Free","Charli xcx","Speed Drive (From Barbie The Album)","","","yes","2346329675","",""
"2020's Mega Hits","Free","Charli xcx","Von dutch","","YES","no - explicit","2833834822","",""
"2020's Mega Hits","Free","Chris Stapleton","Think I'm In Love With You","","","yes","2435093915","",""
"2020's Mega Hits","Free","Chris Stapleton","White Horse","","","yes","2367729665","",""
"2020's Mega Hits","Free","Clairo","Juna","","","yes","2759124521","",""
"2020's Mega Hits","Free","Clean Bandit","Tick Tock (feat. 24kGoldn)","","","yes","1053930962","",""
"2020's Mega Hits","Free","Cody Johnson","'Til You Can't","","","yes","1469911252","",""
"2020's Mega Hits","Free","Cody Johnson","I'm Gonna Love You","","","yes","2997926461","",""
"2020's Mega Hits","Free","Cody Johnson","The Painter","","","yes","2392022245","",""
"2020's Mega Hits","Free","Coi Leray","Players","","YES","no - explicit","2032141427","",""
"2020's Mega Hits","Free","Coldplay","My Universe","","","yes","1498546032","",""
"2020's Mega Hits","Free","Conan Gray","Heather","","","yes","903771442","",""
"2020's Mega Hits","Free","Corey Kent","Wild as Her","","","yes","1791544607","",""
"2020's Mega Hits","Free","Cynthia Erivo","Defying Gravity","","","yes","3100316061","",""
"2020's Mega Hits","Free","d4vd","Here With Me","","","yes","2139211337","",""
"2020's Mega Hits","Free","DaBaby","ROCKSTAR","","YES","no - explicit","932661672","",""
"2020's Mega Hits","Free","Daði Freyr","Think About Things","","","yes","1951174127","",""
"2020's Mega Hits","Free","Dan + Shay","Bigger Houses","","","yes","2350211315","",""
"2020's Mega Hits","Free","Dasha","Austin (Boots Stop Workin')","","","yes","2716396982","",""
"2020's Mega Hits","Free","Dasha","Bye Bye Bye","","","yes","2989049491","",""
"2020's Mega Hits","Free","David Guetta","Crazy What Love Can Do","","","yes","1685068157","",""
"2020's Mega Hits","Free","David Guetta","I Don't Wanna Wait","","","yes","2715243342","",""
"2020's Mega Hits","Free","David Guetta","I'm Good (Blue)","","YES","no - explicit","2107937657","",""
"2020's Mega Hits","Free","David Kushner","Daylight","","","yes","3231101771","",""
"2020's Mega Hits","Free","Dean Lewis","How Do I Say Goodbye","","","yes","1882392547","",""
"2020's Mega Hits","Free","Dermot Kennedy","Kiss Me","","","yes","1883582747","",""
"2020's Mega Hits","Free","DJ Khaled","POPSTAR (feat. Drake)","","YES","no - explicit","1024107672","",""
"2020's Mega Hits","Free","Djo","End of Beginning","","","yes","1899060227","",""
"2020's Mega Hits","Free","Doja Cat","Agora Hills","","YES","no - explicit","2459517745","",""
"2020's Mega Hits","Free","Doja Cat","Boss Bitch","","YES","no - explicit","856402392","",""
"2020's Mega Hits","Free","Doja Cat","Kiss Me More (feat. SZA)","","YES","no - explicit","1410738172","",""
"2020's Mega Hits","Free","Doja Cat","Paint The Town Red","","YES","no - explicit","2387373015","",""
"2020's Mega Hits","Free","Doja Cat","Say So","","YES","no - explicit","797228462","",""
"2020's Mega Hits","Free","Doja Cat","Woman","","YES","no - explicit","1410738042","",""
"2020's Mega Hits","Free","Don Toliver","No Idea","","","yes","685888382","",""
"2020's Mega Hits","Free","Dove Cameron","Boyfriend","","YES","no - explicit","1649426332","",""
"2020's Mega Hits","Free","Drake","First Person Shooter","","YES","no - explicit","2486117571","",""
"2020's Mega Hits","Free","Drake","Laugh Now Cry Later","","YES","no - explicit","1050306812","",""
"2020's Mega Hits","Free","Drake","Rich Baby Daddy","","YES","no - explicit","2486117711","",""
"2020's Mega Hits","Free","Drake","Toosie Slide","","YES","no - explicit","919708552","",""
"2020's Mega Hits","Free","Drake","Way 2 Sexy","","YES","no - explicit","1484144862","",""
"2020's Mega Hits","Free","Dua Lipa","Dance The Night (From Barbie The Album)","","","yes","2299840635","",""
"2020's Mega Hits","Free","Dua Lipa","Don't Start Now","","","yes","793163542","",""
"2020's Mega Hits","Free","Dua Lipa","Houdini","","","yes","2525537871","",""
"2020's Mega Hits","Free","Dua Lipa","Illusion","","","yes","2744502371","",""
"2020's Mega Hits","Free","Dua Lipa","Levitating","","","yes","1124841682","",""
"2020's Mega Hits","Free","Dua Lipa","Physical","","","yes","862051992","",""
"2020's Mega Hits","Free","Duke & Jones","Jiggle Jiggle (Kideko Remix)","","","yes","1809647917","",""
"2020's Mega Hits","Free","Dustin Lynch","Thinking 'Bout You (MC4D Remix)","","","yes","3772052002","",""
"2020's Mega Hits","Free","Dylan Marlowe","Boys Back Home","","","yes","2506468811","",""
"2020's Mega Hits","Free","Dylan Scott","Can't Have Mine (Find You A Girl)","","","yes","2423625805","",""
"2020's Mega Hits","Free","Ed Sheeran","Bad Habits","","","yes","1409072752","",""
"2020's Mega Hits","Free","Ed Sheeran","Celestial","","","yes","1881236417","",""
"2020's Mega Hits","Free","Ed Sheeran","Eyes Closed","","","yes","2196044807","",""
"2020's Mega Hits","Free","Ed Sheeran","Shivers","","","yes","1529509452","",""
"2020's Mega Hits","Free","Ella Langley","you look like you love me","","","yes","2851015362","",""
"2020's Mega Hits","Free","Elton John","Cold Heart (PNAU Remix)","","","yes","1457025872","",""
"2020's Mega Hits","Free","Elton John","Hold Me Closer","","","yes","1879746947","",""
"2020's Mega Hits","Free","Em Beihold","Numb Little Bug","","","yes","1628900382","",""
"2020's Mega Hits","Free","Eminem","Godzilla","","YES","no - explicit","854914322","",""
"2020's Mega Hits","Free","Eslabon Armado","Ella Baila Sola","","","yes","2193681047","",""
"2020's Mega Hits","Free","Fall Out Boy","Love From The Other Side","","","yes","2108162157","",""
"2020's Mega Hits","Free","FIFTY FIFTY","Cupid (Twin Version)","","","yes","2943585771","",""
"2020's Mega Hits","Free","Foo Fighters","Rescued","","","yes","2304496415","",""
"2020's Mega Hits","Free","Future","Life Is Good (feat. Drake)","","YES","no - explicit","847699482","",""
"2020's Mega Hits","Free","Future","WAIT FOR U (feat. Drake & Tems)","","YES","no - explicit","1741794687","",""
"2020's Mega Hits","Free","Gabby Barrett","The Good Ones","","","yes","709336732","",""
"2020's Mega Hits","Free","GAYLE","abcdefu (angrier)","","YES","no - explicit","1490027892","",""
"2020's Mega Hits","Free","George Birge","Cowboy Songs","","","yes","2666456292","",""
"2020's Mega Hits","Free","Glass Animals","Heat Waves","","","yes","1040154662","",""
"2020's Mega Hits","Free","Good Neighbours","Home","","","yes","2622232942","",""
"2020's Mega Hits","Free","Gracie Abrams","That’s So True","","YES","no - explicit","3047560351","",""
"2020's Mega Hits","Free","Green Day","The American Dream Is Killing Me","","YES","no - explicit","2608976522","",""
"2020's Mega Hits","Free","Harry Styles","Adore You","","","yes","830336932","",""
"2020's Mega Hits","Free","Harry Styles","As It Was","","","yes","1703487577","",""
"2020's Mega Hits","Free","Harry Styles","Golden","","","yes","830336912","",""
"2020's Mega Hits","Free","Harry Styles","Late Night Talking","","","yes","1756569577","",""
"2020's Mega Hits","Free","Harry Styles","Music For a Sushi Restaurant","","","yes","1756569567","",""
"2020's Mega Hits","Free","Harry Styles","Watermelon Sugar","","","yes","830336922","",""
"2020's Mega Hits","Free","Hozier","Too Sweet","","","yes","2710032012","",""
"2020's Mega Hits","Free","Ice Spice","Princess Diana","","YES","no - explicit","2236341857","",""
"2020's Mega Hits","Free","ILLIT","Magnetic","","","yes","2714845022","",""
"2020's Mega Hits","Free","Imagine Dragons","Believer","","","yes","528330441","",""
"2020's Mega Hits","Free","Imagine Dragons","Bones","","","yes","1682954137","",""
"2020's Mega Hits","Free","Imagine Dragons","Enemy (from the series Arcane League of Legends)","","","yes","1535046792","",""
"2020's Mega Hits","Free","Imagine Dragons","Sharks","","","yes","1801822317","",""
"2020's Mega Hits","Free","IVE","After LIKE","","","yes","1863618717","",""
"2020's Mega Hits","Free","J. Balvin","UN DIA (ONE DAY)","","","yes","1026676342","",""
"2020's Mega Hits","Free","Jack Harlow","First Class","","YES","no - explicit","1711360637","",""
"2020's Mega Hits","Free","Jack Harlow","Lovin On Me","","YES","no - explicit","2535000521","",""
"2020's Mega Hits","Free","Jack Harlow","WHATS POPPIN (feat. DaBaby, Tory Lanez & Lil Wayne) (Remix)","","YES","no - explicit","1001786382","",""
"2020's Mega Hits","Free","Jain","Makeba","","","yes","109176426","",""
"2020's Mega Hits","Free","Jason Derulo","Take You Dancing","","","yes","1030654822","",""
"2020's Mega Hits","Free","Jawsh 685","Savage Love (Laxed - Siren Beat)","","YES","no - explicit","986939372","",""
"2020's Mega Hits","Free","Jax","Victoria's Secret","","YES","no - explicit","1801761047","",""
"2020's Mega Hits","Free","Jaxomy","Pedro","","","yes","2712128861","",""
"2020's Mega Hits","Free","Jelly Roll","Liar","","","yes","3036566611","",""
"2020's Mega Hits","Free","Jelly Roll","Need A Favor","","","yes","3794394712","",""
"2020's Mega Hits","Free","Jessica Darrow","Surface Pressure","","","yes","1550821752","",""
"2020's Mega Hits","Free","Jessie Murph","Wild Ones","","YES","no - explicit","2480796901","",""
"2020's Mega Hits","Free","Jimin","Who","","","yes","2893833601","",""
"2020's Mega Hits","Free","JISOO","FLOWER","","","yes","2217204137","",""
"2020's Mega Hits","Free","Joel Corry","Head & Heart (feat. MNEK)","","","yes","1006845912","",""
"2020's Mega Hits","Free","Joji","Glimpse of Us","","","yes","3065110361","",""
"2020's Mega Hits","Free","Jonah Marais","Slow Motion","","","yes","3059085471","",""
"2020's Mega Hits","Free","Jonas Brothers","What A Man Gotta Do","","","yes","854470322","",""
"2020's Mega Hits","Free","Jordan Davis","Buy Dirt","","","yes","1372182682","",""
"2020's Mega Hits","Free","Jordan Davis","I Ain't Sayin'","","","yes","2896913481","",""
"2020's Mega Hits","Free","JP Saxe","If the World Was Ending (feat. Julia Michaels)","","","yes","769511082","",""
"2020's Mega Hits","Free","Juice WRLD","Wishing Well","","YES","no - explicit","1016968532","",""
"2020's Mega Hits","Free","JUNG KOOK","Seven (feat. Latto)","","YES","no - explicit","2364618815","",""
"2020's Mega Hits","Free","JUNG KOOK","Standing Next to You","","","yes","2523324931","",""
"2020's Mega Hits","Free","Justin Bieber","Holy","","","yes","1084400712","",""
"2020's Mega Hits","Free","Justin Bieber","Intentions","","","yes","870979432","",""
"2020's Mega Hits","Free","Justin Bieber","Lonely","","YES","no - explicit","1110767312","",""
"2020's Mega Hits","Free","Justin Bieber","Peaches","","YES","no - explicit","1280165222","",""
"2020's Mega Hits","Free","Justin Bieber","STAY","","","yes","4115973961","",""
"2020's Mega Hits","Free","Justin Bieber","Yummy","","","yes","845095592","",""
"2020's Mega Hits","Free","JVKE","golden hour","","","yes","1898901177","",""
"2020's Mega Hits","Free","Käärijä","Cha Cha Cha","","","yes","2080403567","",""
"2020's Mega Hits","Free","Kane Brown","I Can Feel It","","","yes","2453964665","",""
"2020's Mega Hits","Free","Kane Brown","Like I Love Country Music","","","yes","1735533037","",""
"2020's Mega Hits","Free","Kane Brown","Thank God","","","yes","1896167007","",""
"2020's Mega Hits","Free","KAROL G","PROVENZA","","","yes","1721634237","",""
"2020's Mega Hits","Free","KAROL G","Si Antes Te Hubiera Conocido","","","yes","2846442802","",""
"2020's Mega Hits","Free","KAROL G","Tusa","","YES","no - explicit","796342592","",""
"2020's Mega Hits","Free","Kate Bush","Running Up That Hill (A Deal With God)","","","yes","2173954687","",""
"2020's Mega Hits","Free","KATSEYE","Touch","","","yes","2897230071","",""
"2020's Mega Hits","Free","Kelsea Ballerini","Cowboys Cry Too (with Noah Kahan)","","YES","no - explicit","2853023522","",""
"2020's Mega Hits","Free","Kelsea Ballerini","HEARTFIRST","","","yes","1700947047","",""
"2020's Mega Hits","Free","Kendrick Lamar","luther","","","yes","3106586641","",""
"2020's Mega Hits","Free","Kendrick Lamar","Not Like Us","","YES","no - explicit","2783963122","",""
"2020's Mega Hits","Free","Kendrick Lamar","squabble up","","YES","no - explicit","3106586631","",""
"2020's Mega Hits","Free","Koe Wetzel","High Road","","YES","no - explicit","2832264262","",""
"2020's Mega Hits","Free","Kygo","Whatever","","","yes","2615621912","",""
"2020's Mega Hits","Free","Kylie Minogue","Padam Padam","","","yes","3788156152","",""
"2020's Mega Hits","Free","Lady Gaga","Abracadabra","","","yes","3214169391","",""
"2020's Mega Hits","Free","Lady Gaga","Die With A Smile","","","yes","2947516331","",""
"2020's Mega Hits","Free","Lady Gaga","Rain On Me","","","yes","968255852","",""
"2020's Mega Hits","Free","Lady Gaga","Shallow","","","yes","561856742","",""
"2020's Mega Hits","Free","Lainey Wilson","4x4xU","","","yes","3773654432","",""
"2020's Mega Hits","Free","Lainey Wilson","Heart Like A Truck (Standard Version)","","","yes","3775875502","",""
"2020's Mega Hits","Free","Lainey Wilson","Watermelon Moonshine","","","yes","3794316592","",""
"2020's Mega Hits","Free","Latto","Big Energy","","YES","no - explicit","1491160132","",""
"2020's Mega Hits","Free","Laufey","From The Start","","","yes","2238153377","",""
"2020's Mega Hits","Free","Lauren Spencer Smith","Fingers Crossed","","","yes","1649611732","",""
"2020's Mega Hits","Free","LE SSERAFIM","Perfect Night","","","yes","2513475541","",""
"2020's Mega Hits","Free","LE SSERAFIM","Smart","","","yes","2663894712","",""
"2020's Mega Hits","Free","Lewis Capaldi","Before You Go","","","yes","807205422","",""
"2020's Mega Hits","Free","Lewis Capaldi","Forget Me","","","yes","1896602817","",""
"2020's Mega Hits","Free","Lewis Capaldi","Wish You The Best","","","yes","2226982417","",""
"2020's Mega Hits","Free","Lil Mosey","Blueberry Faygo","","YES","no - explicit","867095322","",""
"2020's Mega Hits","Free","Lil Nas X","INDUSTRY BABY","","YES","no - explicit","1439691952","",""
"2020's Mega Hits","Free","Lil Nas X","MONTERO (Call Me By Your Name)","","YES","no - explicit","1283264142","",""
"2020's Mega Hits","Free","Lil Nas X","THATS WHAT I WANT","","YES","no - explicit","1493915892","",""
"2020's Mega Hits","Free","Linkin Park","The Emptiness Machine","","YES","no - explicit","2978105041","",""
"2020's Mega Hits","Free","LISA","LALISA","","","yes","1490386722","",""
"2020's Mega Hits","Free","Little Simz","Point and Kill","","","yes","1875554967","",""
"2020's Mega Hits","Free","Lizzo","About Damn Time","","YES","no - explicit","1818665207","",""
"2020's Mega Hits","Free","Lizzo","Juice","","YES","no - explicit","666286232","",""
"2020's Mega Hits","Free","Lizzo","Truth Hurts","","YES","no - explicit","407250732","",""
"2020's Mega Hits","Free","Lizzy McAlpine","ceilings","","","yes","1875447247","",""
"2020's Mega Hits","Free","Lola Young","Messy","","YES","no - explicit","2815968782","",""
"2020's Mega Hits","Free","Loreen","Tattoo","","","yes","2166864777","",""
"2020's Mega Hits","Free","Lost Frequencies","Where Are You Now","","","yes","1432930542","",""
"2020's Mega Hits","Free","Luke Bryan","One Margarita","","","yes","898823482","",""
"2020's Mega Hits","Free","Luke Combs","Ain't No Love In Oklahoma (From Twisters: The Album)","","","yes","2786135332","",""
"2020's Mega Hits","Free","Luke Combs","Fast Car","","","yes","2194033397","",""
"2020's Mega Hits","Free","Luke Combs","The Kind of Love We Make","","","yes","1786183077","",""
"2020's Mega Hits","Free","Mac Miller","Good News","","","yes","904224242","",""
"2020's Mega Hits","Free","Machine Gun Kelly","Lonely Road","","","yes","2899309131","",""
"2020's Mega Hits","Free","Madison Beer","make you mine","","","yes","2652032112","",""
"2020's Mega Hits","Free","Mae Stephens","If We Ever Broke Up","","YES","no - explicit","2135303217","",""
"2020's Mega Hits","Free","Maluma","Hawái","","","yes","1032957942","",""
"2020's Mega Hits","Free","Måneskin","Beggin'","","","yes","437046332","",""
"2020's Mega Hits","Free","Måneskin","THE LONELIEST","","","yes","1951821737","",""
"2020's Mega Hits","Free","Manuel Turizo","La Bachata","","","yes","1753549417","",""
"2020's Mega Hits","Free","Mark Ambor","Belong Together","","","yes","2676462772","",""
"2020's Mega Hits","Free","Maroon 5","Memories","","","yes","755405702","",""
"2020's Mega Hits","Free","Marshmello","Be Kind","","","yes","944915112","",""
"2020's Mega Hits","Free","Marshmello","El Merengue","","","yes","2169294337","",""
"2020's Mega Hits","Free","Marshmello","Miles On It","","","yes","2769846461","",""
"2020's Mega Hits","Free","MEDUZA","Paradise","","","yes","1118064072","",""
"2020's Mega Hits","Free","Megan Moroney","Am I Okay?","","","yes","2881248402","",""
"2020's Mega Hits","Free","Megan Moroney","Tennessee Orange","","","yes","2019257877","",""
"2020's Mega Hits","Free","Megan Thee Stallion","Mamushi (feat. Yuki Chiba)","","YES","no - explicit","2867606132","",""
"2020's Mega Hits","Free","Megan Thee Stallion","Savage Remix (feat. Beyoncé)","","YES","no - explicit","946333752","",""
"2020's Mega Hits","Free","Megan Thee Stallion","Sweetest Pie","","YES","no - explicit","1679489667","",""
"2020's Mega Hits","Free","Meghan Trainor","Criminals","","","yes","2945961551","",""
"2020's Mega Hits","Free","Meghan Trainor","Made You Look","","","yes","1965249667","",""
"2020's Mega Hits","Free","Melanie Martinez","Play Date","","YES","no - explicit","105286434","",""
"2020's Mega Hits","Free","Metallica","Lux Æterna","","","yes","2235238327","",""
"2020's Mega Hits","Free","Michael Marcagi","Scared To Start","","","yes","2609033982","",""
"2020's Mega Hits","Free","Miley Cyrus","Angels Like You","","","yes","1151489402","",""
"2020's Mega Hits","Free","Miley Cyrus","Flowers","","","yes","2105158337","",""
"2020's Mega Hits","Free","Miley Cyrus","Midnight Sky","","","yes","1151534142","",""
"2020's Mega Hits","Free","Miley Cyrus","Used To Be Young","","","yes","2422608825","",""
"2020's Mega Hits","Free","Miranda Lambert","Ain’t In Kansas Anymore (From Twisters: The Album)","","","yes","2846318392","",""
"2020's Mega Hits","Free","Mitski","My Love Mine All Mine","","","yes","2365569495","",""
"2020's Mega Hits","Free","Morgan Wallen","Cowgirls","","","yes","3398329481","",""
"2020's Mega Hits","Free","Morgan Wallen","Last Night","","","yes","3398329531","",""
"2020's Mega Hits","Free","Morgan Wallen","Love Somebody","","","yes","3040572191","",""
"2020's Mega Hits","Free","Morgan Wallen","Man Made A Bar","","","yes","3398329191","",""
"2020's Mega Hits","Free","Morgan Wallen","Wasted On You","","","yes","3399879451","",""
"2020's Mega Hits","Free","Morgan Wallen","You Proof","","","yes","3398329151","",""
"2020's Mega Hits","Free","Muni Long","Made For Me","","","yes","2454014645","",""
"2020's Mega Hits","Free","Myke Towers","LALA","","YES","no - explicit","2159990627","",""
"2020's Mega Hits","Free","Myles Smith","Stargazing","","","yes","2758844701","",""
"2020's Mega Hits","Free","Nate Smith","World on Fire","","","yes","2248171147","",""
"2020's Mega Hits","Free","Nathan Evans","Wellerman (Sea Shanty)","","","yes","1217037082","",""
"2020's Mega Hits","Free","NewJeans","OMG","","","yes","2088671947","",""
"2020's Mega Hits","Free","NewJeans","Super Shy","","","yes","2354707745","",""
"2020's Mega Hits","Free","Nicki Minaj","Super Freaky Girl","","YES","no - explicit","1863905587","",""
"2020's Mega Hits","Free","Nicky Youre","Sunroof","","","yes","1858151477","",""
"2020's Mega Hits","Free","Noah Kahan","Stick Season","","","yes","2310201655","",""
"2020's Mega Hits","Free","Old Dominion","I Was On a Boat That Day","","","yes","1371695142","",""
"2020's Mega Hits","Free","Oliver Anthony Music","Rich Men North of Richmond","","","yes","2406573965","",""
"2020's Mega Hits","Free","Oliver Tree","Miss You","","YES","no - explicit","1853534317","",""
"2020's Mega Hits","Free","Olivia Dean","Man I Need","","","yes","3503857201","",""
"2020's Mega Hits","Free","Olivia Rodrigo","bad idea right?","","YES","no - explicit","2440763145","",""
"2020's Mega Hits","Free","Olivia Rodrigo","brutal","","YES","no - explicit","1378342572","",""
"2020's Mega Hits","Free","Olivia Rodrigo","Can’t Catch Me Now (from The Hunger Games: The Ballad of Songbirds & Snakes)","","","yes","2523359991","",""
"2020's Mega Hits","Free","Olivia Rodrigo","deja vu","","YES","no - explicit","1378342612","",""
"2020's Mega Hits","Free","Olivia Rodrigo","drivers license","","YES","no - explicit","1378342592","",""
"2020's Mega Hits","Free","Olivia Rodrigo","good 4 u","","YES","no - explicit","1378342622","",""
"2020's Mega Hits","Free","Olivia Rodrigo","vampire","","YES","no - explicit","2440763155","",""
"2020's Mega Hits","Free","OneRepublic","I Ain't Worried","","","yes","1764283667","",""
"2020's Mega Hits","Free","P!nk","Never Gonna Not Dance Again","","YES","no - explicit","1992816487","",""
"2020's Mega Hits","Free","Paramore","This Is Why","","","yes","2134998237","",""
"2020's Mega Hits","Free","Parker McCollum","Burn It Down (Radio Edit)","","","yes","2395984045","",""
"2020's Mega Hits","Free","Parker McCollum","Pretty Heart","","","yes","739432522","",""
"2020's Mega Hits","Free","Parmalee","Take My Name","","","yes","3761265342","",""
"2020's Mega Hits","Free","Paul Russell","Lil Boo Thang","","","yes","2410782275","",""
"2020's Mega Hits","Free","Pearl Jam","Dark Matter","","","yes","2656822772","",""
"2020's Mega Hits","Free","Peggy Gou","(It Goes Like) Nanana (Edit)","","","yes","2297911845","",""
"2020's Mega Hits","Free","PinkPantheress","Boy's a liar Pt. 2","","YES","no - explicit","2106386037","",""
"2020's Mega Hits","Free","Playboi Carti","Sky","","YES","no - explicit","1189531242","",""
"2020's Mega Hits","Free","Post Malone","Chemical","","YES","no - explicit","2235565007","",""
"2020's Mega Hits","Free","Post Malone","Circles","","","yes","747399352","",""
"2020's Mega Hits","Free","Post Malone","I Had Some Help","","YES","no - explicit","2780753191","",""
"2020's Mega Hits","Free","Post Malone","I Like You (A Happier Song)","","YES","no - explicit","1775918667","",""
"2020's Mega Hits","Free","Post Malone","Sunflower (Spider-Man: Into the Spider-Verse)","","","yes","602456552","",""
"2020's Mega Hits","Free","Powfu","death bed (coffee for your head)","","","yes","871124582","",""
"2020's Mega Hits","Free","Purple Disco Machine","Hypnotized","","","yes","1475651602","",""
"2020's Mega Hits","Free","Rauw Alejandro","Todo De Ti","","YES","no - explicit","1370066842","",""
"2020's Mega Hits","Free","Ravyn Lenae","Love Me Not","","","yes","2755315691","",""
"2020's Mega Hits","Free","RAYE","Escapism.","","YES","no - explicit","1925023707","",""
"2020's Mega Hits","Free","Rema","Calm Down","","","yes","1873297197","",""
"2020's Mega Hits","Free","Reneé Rapp","Not My Fault","","YES","no - explicit","2585772662","",""
"2020's Mega Hits","Free","Reneé Rapp","Pretty Girls","","YES","no - explicit","2407557495","",""
"2020's Mega Hits","Free","Rihanna","Lift Me Up (From Black Panther: Wakanda Forever - Music From and Inspired By)","","","yes","1988270837","",""
"2020's Mega Hits","Free","Riley Green","Damn Good Day To Leave","","","yes","2485960081","",""
"2020's Mega Hits","Free","Ritt Momney","Put Your Records On","","","yes","1082463492","",""
"2020's Mega Hits","Free","Roddy Ricch","High Fashion (feat. Mustard)","","YES","no - explicit","825987082","",""
"2020's Mega Hits","Free","Roddy Ricch","The Box","","YES","no - explicit","825986992","",""
"2020's Mega Hits","Free","Rosa Linn","SNAP","","","yes","2847559612","",""
"2020's Mega Hits","Free","ROSALÍA","DESPECHÁ","","YES","no - explicit","1841999507","",""
"2020's Mega Hits","Free","ROSALÍA","TKN","","","yes","972669712","",""
"2020's Mega Hits","Free","ROSÉ","APT.","","","yes","3050380851","",""
"2020's Mega Hits","Free","Ryan Gosling","I'm Just Ken","","","yes","2373296535","",""
"2020's Mega Hits","Free","Sabrina Carpenter","Bed Chem","","","yes","2954912561","",""
"2020's Mega Hits","Free","Sabrina Carpenter","Espresso","","YES","no - explicit","2743578151","",""
"2020's Mega Hits","Free","Sabrina Carpenter","Feather","","YES","no - explicit","2185094157","",""
"2020's Mega Hits","Free","Sabrina Carpenter","Nonsense","","","yes","1817599637","",""
"2020's Mega Hits","Free","Sabrina Carpenter","Please Please Please","","YES","no - explicit","2831602002","",""
"2020's Mega Hits","Free","Sabrina Carpenter","Taste","","","yes","2954912511","",""
"2020's Mega Hits","Free","SAINt JHN","Roses (Imanbek Remix)","","YES","no - explicit","770293952","",""
"2020's Mega Hits","Free","Saja Boys","Soda Pop","","","yes","3412534561","",""
"2020's Mega Hits","Free","Saja Boys","Your Idol","","","yes","3412534611","",""
"2020's Mega Hits","Free","Sam Barber","Indigo (feat. Avery Anna)","","","yes","3042275231","",""
"2020's Mega Hits","Free","Sam Hunt","23","","","yes","1482995162","",""
"2020's Mega Hits","Free","Sam Ryder","SPACE MAN","","","yes","1644179122","",""
"2020's Mega Hits","Free","Sam Smith","Unholy","","","yes","1905751117","",""
"2020's Mega Hits","Free","Sebastián Yatra","Pareja Del Año","","","yes","1331984152","",""
"2020's Mega Hits","Free","Sebastián Yatra","Tacones Rojos","","","yes","1522667852","",""
"2020's Mega Hits","Free","Selena Gomez","Rare","","","yes","847668252","",""
"2020's Mega Hits","Free","Shaboozey","A Bar Song (Tipsy)","","YES","no - explicit","2729273551","",""
"2020's Mega Hits","Free","Shakira","Monotonía","","","yes","1960232517","",""
"2020's Mega Hits","Free","Shawn Mendes","Monster","","","yes","1148426902","",""
"2020's Mega Hits","Free","Shawn Mendes","Wonder","","","yes","1097366382","",""
"2020's Mega Hits","Free","StaySolidRocky","Party Girl","","YES","no - explicit","936617182","",""
"2020's Mega Hits","Free","Stephen Sanchez","Until I Found You","","","yes","1474534502","",""
"2020's Mega Hits","Free","Steve Lacy","Bad Habit","","YES","no - explicit","1805106587","",""
"2020's Mega Hits","Free","Stromae","Ma Meilleure Ennemie (from the series Arcane League of Legends)","","","yes","3289333861","",""
"2020's Mega Hits","Free","Surf Mesa","ily (i love you baby)","","","yes","886766742","",""
"2020's Mega Hits","Free","Swedish House Mafia","Moth To A Flame","","","yes","1713175757","",""
"2020's Mega Hits","Free","SZA","Good Days","","YES","no - explicit","1189202982","",""
"2020's Mega Hits","Free","SZA","Hit Different (feat. Ty Dolla $ign, The Neptunes & Pharrell Williams)","","YES","no - explicit","1068098412","",""
"2020's Mega Hits","Free","SZA","Kill Bill","","","yes","2055292027","",""
"2020's Mega Hits","Free","SZA","Nobody Gets Me","","YES","no - explicit","2055292147","",""
"2020's Mega Hits","Free","SZA","Saturn","","","yes","2672689962","",""
"2020's Mega Hits","Free","SZA","Snooze","","YES","no - explicit","2055292087","",""
"2020's Mega Hits","Free","Tate McRae","exes","","YES","no - explicit","2537957421","",""
"2020's Mega Hits","Free","Tate McRae","greedy","","YES","no - explicit","2444176345","",""
"2020's Mega Hits","Free","Tate McRae","you broke me first","","YES","no - explicit","929158322","",""
"2020's Mega Hits","Free","Taylor Swift","Anti-Hero","","","yes","1976903157","",""
"2020's Mega Hits","Free","Taylor Swift","august","","","yes","1031382772","",""
"2020's Mega Hits","Free","Taylor Swift","cardigan","","","yes","1031382712","",""
"2020's Mega Hits","Free","Taylor Swift","Cruel Summer","","","yes","737967292","",""
"2020's Mega Hits","Free","Taylor Swift","Karma","","YES","no - explicit","1977132317","",""
"2020's Mega Hits","Free","Taylor Swift","willow","","","yes","1199760462","",""
"2020's Mega Hits","Free","Teddy Swims","Lose Control","","","yes","2319265555","",""
"2020's Mega Hits","Free","Teddy Swims","The Door","","","yes","2319265575","",""
"2020's Mega Hits","Free","The Band Camino","I Think I Like You","","YES","no - explicit","1477894832","",""
"2020's Mega Hits","Free","The Black Eyed Peas","MAMACITA","","YES","no - explicit","921104532","",""
"2020's Mega Hits","Free","The Black Eyed Peas","RITMO (Bad Boys For Life)","","YES","no - explicit","772603752","",""
"2020's Mega Hits","Free","The Kid LAROI","LOVE AGAIN","","","yes","2120637397","",""
"2020's Mega Hits","Free","The Kid LAROI","WITHOUT YOU","","YES","no - explicit","1445417732","",""
"2020's Mega Hits","Free","The Killers","Caution","","","yes","1217629782","",""
"2020's Mega Hits","Free","The Lumineers","BRIGHTSIDE","","","yes","1589454922","",""
"2020's Mega Hits","Free","The Neighbourhood","Sweater Weather","","","yes","66506871","",""
"2020's Mega Hits","Free","THE SCOTTS ","THE SCOTTS","","YES","no - explicit","939689012","",""
"2020's Mega Hits","Free","The Walters","I Love You So","","","yes","1526991462","",""
"2020's Mega Hits","Free","The Weeknd","Blinding Lights","","","yes","819736552","",""
"2020's Mega Hits","Free","The Weeknd","Die For You","","","yes","136889432","",""
"2020's Mega Hits","Free","The Weeknd","In Your Eyes","","YES","no - explicit","908859862","",""
"2020's Mega Hits","Free","The Weeknd","Less Than Zero","","","yes","1614228292","",""
"2020's Mega Hits","Free","The Weeknd","One Of The Girls","","","yes","2338371075","",""
"2020's Mega Hits","Free","The Weeknd","Popular (From The Idol Vol. 1 Music from the HBO Original Series)","","YES","no - explicit","2321977215","",""
"2020's Mega Hits","Free","The Weeknd","Sacrifice","","YES","no - explicit","1614228192","",""
"2020's Mega Hits","Free","The Weeknd","Save Your Tears","","","yes","908604632","",""
"2020's Mega Hits","Free","The Weeknd","Take My Breath (Single Version)","","","yes","1457107762","",""
"2020's Mega Hits","Free","Thomas Headon","Victoria","","","yes","1621026322","",""
"2020's Mega Hits","Free","Thomas Rhett","What’s Your Country Song","","","yes","1352360652","",""
"2020's Mega Hits","Free","Tiësto","10:35","","","yes","1986024307","",""
"2020's Mega Hits","Free","Tiësto","Don't Be Shy","","YES","no - explicit","1444099622","",""
"2020's Mega Hits","Free","Tiësto","The Motto","","","yes","1522607422","",""
"2020's Mega Hits","Free","Tom Grennan","How Does It Feel","","","yes","2255213567","",""
"2020's Mega Hits","Free","Tom Grennan","Little Bit of Love","","","yes","1178675552","",""
"2020's Mega Hits","Free","Tommy Richman","MILLION DOLLAR BABY","","","yes","2827724612","",""
"2020's Mega Hits","Free","Tones And I","Fly Away","","","yes","1137855562","",""
"2020's Mega Hits","Free","Topic","Breaking Me","","","yes","831917182","",""
"2020's Mega Hits","Free","Travis Scott","HIGHEST IN THE ROOM","","YES","no - explicit","767583072","",""
"2020's Mega Hits","Free","Twenty One Pilots","Level of Concern","","","yes","926340752","",""
"2020's Mega Hits","Free","Twenty One Pilots","Overcompensate","","","yes","2814515022","",""
"2020's Mega Hits","Free","Twenty One Pilots","Shy Away","","","yes","1376720092","",""
"2020's Mega Hits","Free","TWICE","The Feels","","","yes","1533348982","",""
"2020's Mega Hits","Free","Tyla","Water","","","yes","2381294455","",""
"2020's Mega Hits","Free","Tyler Hubbard","5 Foot 9","","","yes","1750198037","",""
"2020's Mega Hits","Free","Tyler Hubbard","Dancin’ In The Country","","","yes","2116105957","",""
"2020's Mega Hits","Free","Victoria Monét","On My Mama","","YES","no - explicit","2309351085","",""
"2020's Mega Hits","Free","Walker Hayes","Fancy Like","","","yes","1483550112","",""
"2020's Mega Hits","Free","Warren Zeiders","Pretty Little Poison","","","yes","2305066675","",""
"2020's Mega Hits","Free","Wet Leg","Chaise Longue","","","yes","1549197762","",""
"2020's Mega Hits","Free","WizKid","Essence (feat. Tems)","","","yes","1102672222","",""
"2020's Mega Hits","Free","Zach Bryan","I Remember Everything (feat. Kacey Musgraves)","","","yes","2417266335","",""
"2020's Mega Hits","Free","Zach Bryan","Pink Skies","","","yes","2814830342","",""
"2020's Mega Hits","Free","Zach Bryan","Something in the Orange (Z&E's Version)","","","yes","1736518357","",""
"2020's Mega Hits","Free","Zach Top","I Never Lie","","","yes","2637699522","",""
"2020's Mega Hits","Free","Zach Top","Sounds Like the Radio","","","yes","2637699422","",""
"2020's Mega Hits","Free","zzoilo","Mon Amour (Remix)","","","yes","1466081782","",""
"70's Mega Hits","Free","10cc","Dreadlock Holiday","","","yes","62295238","",""
"70's Mega Hits","Free","10cc","Good Morning Judge","","","yes","1113990","",""
"70's Mega Hits","Free","10cc","I'm Not In Love","","","yes","1581601","",""
"70's Mega Hits","Free","10cc","The Things We Do For Love","","","yes","1113991","",""
"70's Mega Hits","Free","A Taste Of Honey","Boogie Oogie Oogie (Single Version / Remastered 2002)","","","yes","3366649","",""
"70's Mega Hits","Free","ABBA","Chiquitita","","","yes","884038","",""
"70's Mega Hits","Free","ABBA","Dancing Queen","","","yes","884025","",""
"70's Mega Hits","Free","ABBA","Fernando","","","yes","884039","",""
"70's Mega Hits","Free","ABBA","Gimme! Gimme! Gimme! (A Man After Midnight)","","","yes","884041","",""
"70's Mega Hits","Free","ABBA","Mamma Mia","","","yes","884030","",""
"70's Mega Hits","Free","ABBA","Money, Money, Money","","","yes","884036","",""
"70's Mega Hits","Free","AC/DC","Highway to Hell","","","yes","92719900","",""
"70's Mega Hits","Free","AC/DC","It's a Long Way to the Top (If You Wanna Rock 'N' Roll)","","","yes","92719998","",""
"70's Mega Hits","Free","AC/DC","T.N.T.","","","yes","92720006","",""
"70's Mega Hits","Free","Ace","How Long","","","yes","3782948872","",""
"70's Mega Hits","Free","Aerosmith","Dream On","","","yes","2431707315","",""
"70's Mega Hits","Free","Aerosmith","Sweet Emotion","","","yes","2061076857","",""
"70's Mega Hits","Free","Aerosmith","Walk This Way","","","yes","2061077777","",""
"70's Mega Hits","Free","Al Green","Let's Stay Together","","","yes","97095572","",""
"70's Mega Hits","Free","Al Green","Love and Happiness","","","yes","141688205","",""
"70's Mega Hits","Free","Al Green","Tired of Being Alone","","","yes","136370882","",""
"70's Mega Hits","Free","Al Stewart","Time Passages","","","yes","14636189","",""
"70's Mega Hits","Free","Al Stewart","Year of the Cat","","","yes","14636211","",""
"70's Mega Hits","Free","Albert Hammond","It Never Rains in Southern California","","","yes","4210878","",""
"70's Mega Hits","Free","Alberto Ciccarini","Have You Ever Seen The Rain?","","","yes","2614223992","",""
"70's Mega Hits","Free","Ambrosia","Biggest Part of Me","","","yes","764505","",""
"70's Mega Hits","Free","America","A Horse with No Name","","","yes","727720","",""
"70's Mega Hits","Free","America","I Need You","","","yes","727723","",""
"70's Mega Hits","Free","America","Lonely People","","","yes","727758","",""
"70's Mega Hits","Free","America","Sister Golden Hair","","","yes","719631","",""
"70's Mega Hits","Free","America","Ventura Highway","","","yes","727733","",""
"70's Mega Hits","Free","Andrea True Connection","More, More, More (Single Version)","","","yes","5404507","",""
"70's Mega Hits","Free","Andy Kim","Rock Me Gently","","","yes","3140436","",""
"70's Mega Hits","Free","Anita Ward","Ring My Bell","","","yes","404691712","",""
"70's Mega Hits","Free","Argent","Hold Your Head Up","","","yes","1079069","",""
"70's Mega Hits","Free","Art Garfunkel","Bright Eyes","","","yes","55175991","",""
"70's Mega Hits","Free","Average White Band","Pick Up the Pieces","","","yes","4292965","",""
"70's Mega Hits","Free","Bachman-Turner Overdrive","Let It Ride","","","yes","593645332","",""
"70's Mega Hits","Free","Bachman-Turner Overdrive","Takin' Care Of Business","","","yes","593645312","",""
"70's Mega Hits","Free","Bachman-Turner Overdrive","You Ain't Seen Nothing Yet","","","yes","2447245","",""
"70's Mega Hits","Free","Bad Company","Can't Get Enough (2009 Remaster)","","","yes","3818859","",""
"70's Mega Hits","Free","Bad Company","Feel like Makin' Love (2015 Remaster)","","","yes","97640852","",""
"70's Mega Hits","Free","Badfinger","Baby Blue (Remastered 2010)","","","yes","7346242","",""
"70's Mega Hits","Free","Badfinger","Come And Get It (Remastered 2010)","","","yes","7346389","",""
"70's Mega Hits","Free","Badfinger","No Matter What (Remastered 2010)","","","yes","7346278","",""
"70's Mega Hits","Free","Barbra Streisand","The Way We Were","","","yes","626294","",""
"70's Mega Hits","Free","Barry Manilow","Copacabana (At the Copa)","","","yes","82518546","",""
"70's Mega Hits","Free","Barry Manilow","I Write the Songs","","","yes","548241","",""
"70's Mega Hits","Free","Barry Manilow","Mandy","","","yes","548250","",""
"70's Mega Hits","Free","Barry White","You're The First, The Last, My Everything (Edit)","","","yes","537988582","",""
"70's Mega Hits","Free","Bay City Rollers","Saturday Night","","","yes","559346","",""
"70's Mega Hits","Free","Bee Gees","How Deep Is Your Love","","","yes","139138627","",""
"70's Mega Hits","Free","Bee Gees","Night Fever (From ""Saturday Night Fever"" Soundtrack)","","","yes","139138751","",""
"70's Mega Hits","Free","Bee Gees","Stayin Alive","","","yes","139138743","",""
"70's Mega Hits","Free","Bee Gees","Tragedy","","","yes","350027801","",""
"70's Mega Hits","Free","Bee Gees","You Should Be Dancing","","","yes","139138741","",""
"70's Mega Hits","Free","Bill Withers","Ain't No Sunshine","","","yes","2312047","",""
"70's Mega Hits","Free","Bill Withers","Lean On Me","","","yes","863911","",""
"70's Mega Hits","Free","Bill Withers","Lovely Day","","","yes","70016835","",""
"70's Mega Hits","Free","Bill Withers","Use Me","","","yes","70016820","",""
"70's Mega Hits","Free","Billy Joel","Just the Way You Are","","","yes","988630","",""
"70's Mega Hits","Free","Billy Joel","New York State of Mind","","","yes","15438710","",""
"70's Mega Hits","Free","Billy Joel","Only the Good Die Young","","","yes","974819","",""
"70's Mega Hits","Free","Billy Joel","Piano Man","","","yes","14333215","",""
"70's Mega Hits","Free","Billy Joel","She's Always a Woman","","","yes","988632","",""
"70's Mega Hits","Free","Billy Joel","Vienna","","","yes","2322617","",""
"70's Mega Hits","Free","Billy Ocean","Love Really Hurts Without You","","","yes","6071038","",""
"70's Mega Hits","Free","Billy Paul","Me and Mrs. Jones","","","yes","82321678","",""
"70's Mega Hits","Free","Blondie","Call Me","","","yes","3104486","",""
"70's Mega Hits","Free","Blondie","Denis (Remastered 2001)","","","yes","4305092","",""
"70's Mega Hits","Free","Blondie","Heart Of Glass (Special Mix)","","","yes","3122252","",""
"70's Mega Hits","Free","Blondie","One Way Or Another (Remastered 2001)","","","yes","3100596","",""
"70's Mega Hits","Free","Blue Öyster Cult","(Don't Fear) The Reaper","","","yes","82692320","",""
"70's Mega Hits","Free","Blue Swede","Hooked On A Feeling","","","yes","3402413","",""
"70's Mega Hits","Free","Bob Dylan","Hurricane","","YES","no - explicit","15347259","",""
"70's Mega Hits","Free","Bob Dylan","Knockin' On Heaven's Door","","","yes","71154320","",""
"70's Mega Hits","Free","Bob Dylan","Sign on the Window","","","yes","56890741","",""
"70's Mega Hits","Free","Bob Dylan","Tangled up in Blue","","","yes","15188933","",""
"70's Mega Hits","Free","Bob Seger & The Silver Bullet Band","Hollywood Nights","","","yes","1445506722","",""
"70's Mega Hits","Free","Bob Seger & The Silver Bullet Band","Night Moves","","","yes","1445506692","",""
"70's Mega Hits","Free","Bob Seger & The Silver Bullet Band","Old Time Rock & Roll","","","yes","2548061582","",""
"70's Mega Hits","Free","Bob Seger & The Silver Bullet Band","Still The Same","","","yes","1445506732","",""
"70's Mega Hits","Free","Boney M.","Rasputin","","","yes","364962","",""
"70's Mega Hits","Free","Boney M.","Sunny","","","yes","968801","",""
"70's Mega Hits","Free","Boston","Don't Look Back","","","yes","5748787","",""
"70's Mega Hits","Free","Boston","More Than a Feeling","","","yes","4007095","",""
"70's Mega Hits","Free","Boston","Peace of Mind","","","yes","84340027","",""
"70's Mega Hits","Free","Boston","Smokin'","","","yes","84340033","",""
"70's Mega Hits","Free","Boz Scaggs","Lowdown","","","yes","1025093","",""
"70's Mega Hits","Free","Bread","Everything I Own","","","yes","675098","",""
"70's Mega Hits","Free","Bread","If","","","yes","675110","",""
"70's Mega Hits","Free","Bruce Springsteen","Badlands","","","yes","132635410","",""
"70's Mega Hits","Free","Bruce Springsteen","Thunder Road","","","yes","552942242","",""
"70's Mega Hits","Free","C.W. McCall","Convoy","","","yes","638483642","",""
"70's Mega Hits","Free","Candi Staton","Young Hearts Run Free","","","yes","720737","",""
"70's Mega Hits","Free","Captain & Tennille","Love Will Keep Us Together","","","yes","75163472","",""
"70's Mega Hits","Free","Captain & Tennille","Muskrat Love (Album Version)","","","yes","2522893","",""
"70's Mega Hits","Free","Carl Douglas","Kung Fu Fighting","","","yes","3782909292","",""
"70's Mega Hits","Free","Carly Simon","You're So Vain","","","yes","79569274","",""
"70's Mega Hits","Free","Carole King","I Feel the Earth Move","","","yes","119819698","",""
"70's Mega Hits","Free","Carole King","You've Got a Friend","","","yes","119819710","",""
"70's Mega Hits","Free","Carpenters","(They Long To Be) Close To You","","","yes","539193232","",""
"70's Mega Hits","Free","Carpenters","Rainy Days And Mondays","","","yes","538507592","",""
"70's Mega Hits","Free","Carpenters","Top Of The World","","","yes","529915831","",""
"70's Mega Hits","Free","Carpenters","We've Only Just Begun","","","yes","529915791","",""
"70's Mega Hits","Free","Carpenters","Yesterday Once More","","","yes","529915671","",""
"70's Mega Hits","Free","Cass Elliot","Baby I'm Yours (Digitally Remastered)","","","yes","82666484","",""
"70's Mega Hits","Free","Celtic Pink Floyd","Another Brick in the Wall (Part 2)","","","yes","77252645","",""
"70's Mega Hits","Free","Charile Daniels Band","The Devil Went Down To Georgia","","","yes","75779619","",""
"70's Mega Hits","Free","Charlie Rich","The Most Beautiful Girl","","","yes","849363","",""
"70's Mega Hits","Free","Cheap Trick","Dream Police","","","yes","82325634","",""
"70's Mega Hits","Free","Cheap Trick","I Want You to Want Me","","","yes","104760756","",""
"70's Mega Hits","Free","Cheap Trick","Voices","","","yes","611349","",""
"70's Mega Hits","Free","Cher","Gypsys, Tramps & Thieves","","","yes","1126803","",""
"70's Mega Hits","Free","Cheryl Lynn","Got to Be Real","","","yes","8014760","",""
"70's Mega Hits","Free","Chic","Good Times (Original 12"" Mix; 2006 Remaster)","","","yes","689479","",""
"70's Mega Hits","Free","Chic","Le Freak (2018 Remaster)","","","yes","589631252","",""
"70's Mega Hits","Free","Chicago","25 or 6 to 4 (2002 Remaster)","","","yes","3616289","",""
"70's Mega Hits","Free","Chicago","Saturday in the Park (2002 Remaster)","","","yes","3616297","",""
"70's Mega Hits","Free","Cliff Richard","Devil Woman (2001 Remaster)","","","yes","3100727","",""
"70's Mega Hits","Free","Cliff Richard","We Don't Talk Anymore (2001 Remaster)","","","yes","3142492","",""
"70's Mega Hits","Free","Climax Blues Band","Couldn't Get It Right","","","yes","3783190562","",""
"70's Mega Hits","Free","Commodores","Brick House","","","yes","1141809","",""
"70's Mega Hits","Free","Commodores","Three Times A Lady","","","yes","918065","",""
"70's Mega Hits","Free","Creedence Clearwater Revival","Have You Ever Seen The Rain","","","yes","86391911","",""
"70's Mega Hits","Free","Creedence Clearwater Revival","Who'll Stop The Rain","","","yes","112839944","",""
"70's Mega Hits","Free","Crosby, Stills, Nash & Young","Carry On","","","yes","3821902","",""
"70's Mega Hits","Free","Crosby, Stills, Nash & Young","Our House","","","yes","3821908","",""
"70's Mega Hits","Free","Crosby, Stills, Nash & Young","Teach Your Children","","","yes","3821903","",""
"70's Mega Hits","Free","Crystal Gayle","Don't It Make My Brown Eyes Blue","","","yes","606125522","",""
"70's Mega Hits","Free","Curtis Mayfield","Move on Up (Single Edit)","","","yes","115195420","",""
"70's Mega Hits","Free","Daryl Hall & John Oates","Fall in Philadelphia","","","yes","4962178","",""
"70's Mega Hits","Free","Daryl Hall & John Oates","Rich Girl","","","yes","548228","",""
"70's Mega Hits","Free","Daryl Hall & John Oates","Sara Smile","","","yes","576183","",""
"70's Mega Hits","Free","Daryl Hall & John Oates","She's Gone","","","yes","4288127","",""
"70's Mega Hits","Free","David Bowie","""Heroes"" (2017 Remaster)","","","yes","408728172","",""
"70's Mega Hits","Free","David Bowie","Life on Mars? (2015 Remaster)","","","yes","107474522","",""
"70's Mega Hits","Free","David Bowie","Rebel Rebel (2016 Remaster)","","","yes","141819823","",""
"70's Mega Hits","Free","David Bowie","Sound and Vision (2017 Remaster)","","","yes","461043562","",""
"70's Mega Hits","Free","David Bowie","Speed of Life (2017 Remaster)","","","yes","461043532","",""
"70's Mega Hits","Free","David Bowie","Young Americans (2016 Remaster)","","","yes","141820041","",""
"70's Mega Hits","Free","Deep Purple","Smoke on the Water (2012 Remaster)","","","yes","121716038","",""
"70's Mega Hits","Free","Derek & The Dominos","Layla (40th Anniversary Version / 2010 Remastered)","","","yes","10101864","",""
"70's Mega Hits","Free","Dire Straits","Money for Nothing","","","yes","84885581","",""
"70's Mega Hits","Free","Dire Straits","Sultans Of Swing","","","yes","2263033","",""
"70's Mega Hits","Free","Dolly Parton","9 to 5","","","yes","992937","",""
"70's Mega Hits","Free","Dolly Parton","I Will Always Love You","","","yes","567771","",""
"70's Mega Hits","Free","Dolly Parton","Jolene","","","yes","5404470","",""
"70's Mega Hits","Free","Don McLean","American Pie","","","yes","3156285","",""
"70's Mega Hits","Free","Don McLean","Vincent","","","yes","3166507","",""
"70's Mega Hits","Free","Donna Summer","Bad Girls","","","yes","538706962","",""
"70's Mega Hits","Free","Donna Summer","Hot Stuff","","","yes","538706952","",""
"70's Mega Hits","Free","Donna Summer","I Feel Love","","","yes","1175274","",""
"70's Mega Hits","Free","Donna Summer","Last Dance","","","yes","538708842","",""
"70's Mega Hits","Free","Donna Summer","MacArthur Park (Single Version)","","","yes","487042412","",""
"70's Mega Hits","Free","Donna Summer","On The Radio","","","yes","487042452","",""
"70's Mega Hits","Free","Eagles","Desperado (2013 Remaster)","","","yes","68116150","",""
"70's Mega Hits","Free","Eagles","Hotel California (2013 Remaster)","","","yes","426703682","",""
"70's Mega Hits","Free","Eagles","I Can't Tell You Why (2013 Remaster)","","","yes","68116172","",""
"70's Mega Hits","Free","Eagles","One of These Nights (2013 Remaster)","","","yes","68116160","",""
"70's Mega Hits","Free","Eagles","Take It Easy (2013 Remaster)","","","yes","68116147","",""
"70's Mega Hits","Free","Eagles","Wasted Time (2013 Remaster)","","","yes","68097790","",""
"70's Mega Hits","Free","Earth, Wind & Fire","After the Love Has Gone","","","yes","27533041","",""
"70's Mega Hits","Free","Earth, Wind & Fire","Boogie Wonderland (with The Emotions Album Version)","","","yes","611346","",""
"70's Mega Hits","Free","Earth, Wind & Fire","Fantasy","","","yes","487484162","",""
"70's Mega Hits","Free","Earth, Wind & Fire","Reasons","","","yes","15636813","",""
"70's Mega Hits","Free","Earth, Wind & Fire","September","","","yes","487484142","",""
"70's Mega Hits","Free","Earth, Wind & Fire","Shining Star","","","yes","75626419","",""
"70's Mega Hits","Free","Eddie Money","Baby Hold On","","","yes","608824","",""
"70's Mega Hits","Free","Eddie Money","Two Tickets to Paradise (2022 Remaster)","","","yes","1080500","",""
"70's Mega Hits","Free","Edison Lighthouse","Love Grows (Where My Rosemary Goes)","","","yes","821449172","",""
"70's Mega Hits","Free","EFA","Sweet Dreams (Are Made Of This) (feat. Moody Violet)","","","yes","3188163751","",""
"70's Mega Hits","Free","Electric Light Orchestra","Don't Bring Me Down","","","yes","80354238","",""
"70's Mega Hits","Free","Electric Light Orchestra","Last Train to London","","","yes","13816436","",""
"70's Mega Hits","Free","Electric Light Orchestra","Mr. Blue Sky","","","yes","112662184","",""
"70's Mega Hits","Free","Electric Light Orchestra","Telephone Line","","","yes","112660452","",""
"70's Mega Hits","Free","Elton John","Bennie And The Jets (Remastered 2014)","","","yes","75859735","",""
"70's Mega Hits","Free","Elton John","Crocodile Rock","","","yes","1124103","",""
"70's Mega Hits","Free","Elton John","Goodbye Yellow Brick Road (Remastered 2014)","","","yes","75859736","",""
"70's Mega Hits","Free","Elton John","Rocket Man (I Think It's Going To Be A Long, Long Time)","","","yes","1144863","",""
"70's Mega Hits","Free","Elton John","Tiny Dancer","","","yes","1151503","",""
"70's Mega Hits","Free","Elton John","Your Song","","","yes","880181","",""
"70's Mega Hits","Free","Elvin Bishop","Fooled Around And Fell In Love","","","yes","4733215","",""
"70's Mega Hits","Free","Elvis Presley","Burning Love","","","yes","129231818","",""
"70's Mega Hits","Free","Eric Carmen","All By Myself","","","yes","391680222","",""
"70's Mega Hits","Free","Eric Clapton","Lay Down Sally","","","yes","2112474","",""
"70's Mega Hits","Free","Fleetwood Mac","Don't Stop (2004 Remaster)","","","yes","63480989","",""
"70's Mega Hits","Free","Fleetwood Mac","Dreams (2004 Remaster)","","","yes","67549262","",""
"70's Mega Hits","Free","Fleetwood Mac","Go Your Own Way (2004 Remaster)","","","yes","63480990","",""
"70's Mega Hits","Free","Fleetwood Mac","Landslide","","","yes","3599559","",""
"70's Mega Hits","Free","Fleetwood Mac","Songbird (2004 Remaster)","","","yes","63480991","",""
"70's Mega Hits","Free","Fleetwood Mac","The Chain (2004 Remaster)","","","yes","67549267","",""
"70's Mega Hits","Free","Foghat","Slow Ride","","","yes","2258092517","",""
"70's Mega Hits","Free","Foreigner","Cold as Ice","","","yes","3659065","",""
"70's Mega Hits","Free","Foreigner","Double Vision","","","yes","3659576","",""
"70's Mega Hits","Free","Foreigner","Feels like the First Time (2008 Remaster)","","","yes","977932","",""
"70's Mega Hits","Free","Foreigner","Hot Blooded","","","yes","3659571","",""
"70's Mega Hits","Free","Free","All Right Now","","","yes","929222","",""
"70's Mega Hits","Free","Gary Glitter","Rock and Roll, Pt. 2","","","yes","69928673","",""
"70's Mega Hits","Free","Gary Wright","Dream Weaver","","","yes","3821960","",""
"70's Mega Hits","Free","Gary Wright","Love Is Alive","","","yes","3821955","",""
"70's Mega Hits","Free","George Harrison","My Sweet Lord (Remastered 2014)","","","yes","84791527","",""
"70's Mega Hits","Free","George Harrison","What Is Life (Remastered 2014)","","","yes","84791533","",""
"70's Mega Hits","Free","George McCrae","Rock Your Baby","","","yes","124563036","",""
"70's Mega Hits","Free","Gerry Rafferty","Baker Street","","","yes","3169189","",""
"70's Mega Hits","Free","Gerry Rafferty","Right Down the Line","","","yes","3169190","",""
"70's Mega Hits","Free","Gladys Knight & The Pips","Midnight Train to Georgia","","","yes","5404508","",""
"70's Mega Hits","Free","Gladys Knight & The Pips","Neither One Of Us (Wants To Be The First To Say Goodbye)","","","yes","1168355","",""
"70's Mega Hits","Free","Glen Campbell","Rhinestone Cowboy","","","yes","3476217","",""
"70's Mega Hits","Free","Glen Campbell","Wichita Lineman (Remastered 2001)","","","yes","3167218","",""
"70's Mega Hits","Free","Gloria Gaynor","I Will Survive (Single Version)","","","yes","907651","",""
"70's Mega Hits","Free","Golden Earring","Radar Love","","","yes","60702996","",""
"70's Mega Hits","Free","Harold Melvin & The Blue Notes","If You Don't Know Me by Now (feat. Teddy Pendergrass)","","","yes","5404472","",""
"70's Mega Hits","Free","Harry Chapin","Cat's in the Cradle","","","yes","4118799","",""
"70's Mega Hits","Free","Harry Nilsson","Without You","","","yes","5404450","",""
"70's Mega Hits","Free","Heart","Barracuda","","","yes","1080638","",""
"70's Mega Hits","Free","Heart","Crazy On You","","","yes","3127720","",""
"70's Mega Hits","Free","Heart","Magic Man","","","yes","3127718","",""
"70's Mega Hits","Free","Helen Reddy","Delta Dawn","","","yes","3127731","",""
"70's Mega Hits","Free","Helen Reddy","I Am Woman","","","yes","3483419","",""
"70's Mega Hits","Free","Hot Chocolate","Every 1's a Winner (Single Version)","","","yes","3851832","",""
"70's Mega Hits","Free","Ian Hunter","Once Bitten, Twice Shy","","","yes","5404464","",""
"70's Mega Hits","Free","J.D. Souther","You're Only Lonely","","","yes","1065405","",""
"70's Mega Hits","Free","Jackson 5","Stand!","","","yes","79980360","",""
"70's Mega Hits","Free","Jackson 5","Who's Loving You","","","yes","1114981","",""
"70's Mega Hits","Free","Jackson Browne","Doctor My Eyes","","","yes","76108713","",""
"70's Mega Hits","Free","James Taylor","Country Road (2019 Remaster)","","","yes","713029482","",""
"70's Mega Hits","Free","James Taylor","Fire and Rain","","","yes","6523608","",""
"70's Mega Hits","Free","James Taylor","How Sweet It Is (To Be Loved By You) (2019 Remaster)","","","yes","713029982","",""
"70's Mega Hits","Free","James Taylor","You've Got a Friend","","","yes","6523613","",""
"70's Mega Hits","Free","Janis Joplin","Me and Bobby McGee","","","yes","1040945","",""
"70's Mega Hits","Free","Jay Ferguson","Thunder Island","","","yes","711661","",""
"70's Mega Hits","Free","Jethro Tull","Aqualung","","","yes","3105318","",""
"70's Mega Hits","Free","Jimmy Cliff","I Can See Clearly Now","","","yes","1023566","",""
"70's Mega Hits","Free","Joe Cocker","You Are So Beautiful","","","yes","3156389","",""
"70's Mega Hits","Free","Joe Walsh","Life's Been Good","","","yes","4288345","",""
"70's Mega Hits","Free","Joe Walsh","Rocky Mountain Way","","","yes","788636362","",""
"70's Mega Hits","Free","John Denver","Annie's Song","","","yes","659836372","",""
"70's Mega Hits","Free","John Denver","Rocky Mountain High","","","yes","651170632","",""
"70's Mega Hits","Free","John Denver","Sunshine on My Shoulders (""Greatest Hits"" Version)","","","yes","87934985","",""
"70's Mega Hits","Free","John Denver","Take Me Home, Country Roads (Original Version)","","","yes","82697686","",""
"70's Mega Hits","Free","John Denver","Thank God I'm a Country Boy","","","yes","659836352","",""
"70's Mega Hits","Free","John Lennon","Crippled Inside (Remastered 2010)","","","yes","7193835","",""
"70's Mega Hits","Free","John Lennon","Imagine (Remastered 2010)","","","yes","7193834","",""
"70's Mega Hits","Free","John Lennon","Jealous Guy (Remastered 2010)","","","yes","7193836","",""
"70's Mega Hits","Free","John Lennon","Stand By Me (Remastered 2010)","","","yes","7163177","",""
"70's Mega Hits","Free","John Lennon","What You Got (Remastered 2010)","","","yes","7163192","",""
"70's Mega Hits","Free","Johnny Nash","I Can See Clearly Now","","","yes","13784672","",""
"70's Mega Hits","Free","Joni Mitchell","Big Yellow Taxi","","","yes","2812992","",""
"70's Mega Hits","Free","Journey","Lights (2024 Remaster)","","","yes","534470","",""
"70's Mega Hits","Free","Journey","Lovin', Touchin', Squeezin' (2024 Remaster)","","","yes","534471","",""
"70's Mega Hits","Free","Journey","Wheel in the Sky (2024 Remaster)","","","yes","534463","",""
"70's Mega Hits","Free","Joy Division","Love Will Tear Us Apart (2010 Remaster)","","","yes","103915904","",""
"70's Mega Hits","Free","Julio Iglesias","Spanish Girl","","","yes","108120754","",""
"70's Mega Hits","Free","Kansas","Carry on Wayward Son","","","yes","4006895","",""
"70's Mega Hits","Free","Kansas","Dust in the Wind","","","yes","830342","",""
"70's Mega Hits","Free","KC & The Sunshine Band","Boogie Shoes (2004 Remaster)","","","yes","74798635","",""
"70's Mega Hits","Free","KC & The Sunshine Band","Get Down Tonight","","","yes","3616207","",""
"70's Mega Hits","Free","KC & The Sunshine Band","That's the Way (I Like It) (2004 Remaster)","","","yes","74798633","",""
"70's Mega Hits","Free","Kenny Loggins","This Is It","","","yes","91018569","",""
"70's Mega Hits","Free","Kenny Rogers","Coward Of The County","","","yes","85423922","",""
"70's Mega Hits","Free","Kenny Rogers","Lucille","","","yes","555636472","",""
"70's Mega Hits","Free","Kenny Rogers","The Gambler","","","yes","3108438","",""
"70's Mega Hits","Free","King Harvest","Dancing in the Moonlight","","","yes","13830452","",""
"70's Mega Hits","Free","Kiss","Beth (2021 Remaster)","","","yes","1550816162","",""
"70's Mega Hits","Free","Kiss","I Was Made For Lovin' You","","","yes","2267042","",""
"70's Mega Hits","Free","Kiss","Rock And Roll All Nite","","","yes","2675537","",""
"70's Mega Hits","Free","Kool & The Gang","Hollywood Swinging","","","yes","2114460","",""
"70's Mega Hits","Free","Kool & The Gang","Jungle Boogie","","","yes","646290872","",""
"70's Mega Hits","Free","Kraftwerk","The Model (2009 Remaster)","","","yes","4262789","",""
"70's Mega Hits","Free","LaBelle","Lady Marmalade (Single Version)","","","yes","5404435","",""
"70's Mega Hits","Free","Led Zeppelin","Black Dog (Remaster)","","","yes","88003853","",""
"70's Mega Hits","Free","Led Zeppelin","Immigrant Song (Remaster)","","","yes","78652582","",""
"70's Mega Hits","Free","Led Zeppelin","Kashmir (Remaster)","","","yes","95085780","",""
"70's Mega Hits","Free","Led Zeppelin","Rock and Roll (Remaster)","","","yes","88003855","",""
"70's Mega Hits","Free","Led Zeppelin","Stairway to Heaven (Remaster)","","","yes","88003859","",""
"70's Mega Hits","Free","Led Zeppelin","Whole Lotta Love (Remaster)","","","yes","78671026","",""
"70's Mega Hits","Free","Linda Ronstadt","Blue Bayou","","","yes","3919443","",""
"70's Mega Hits","Free","Linda Ronstadt","Long Long Time","","","yes","3147367","",""
"70's Mega Hits","Free","Linda Ronstadt","When Will I Be Loved","","","yes","3533644","",""
"70's Mega Hits","Free","Linda Ronstadt","You're No Good","","","yes","3533639","",""
"70's Mega Hits","Free","Little River Band","Cool Change (Remastered 2022)","","","yes","1952702487","",""
"70's Mega Hits","Free","Little River Band","Lonesome Loser (Remastered 2022)","","","yes","1952702477","",""
"70's Mega Hits","Free","Little River Band","Reminiscing (Remastered 2010)","","","yes","1952713137","",""
"70's Mega Hits","Free","Loggins & Messina","Danny's Song","","","yes","559837","",""
"70's Mega Hits","Free","Lone Tusker","Don't Stop Believin'","","","yes","3141174561","",""
"70's Mega Hits","Free","Lone Tusker","Stumblin' In","","","yes","2852554952","",""
"70's Mega Hits","Free","Looking Glass","Brandy (You're a Fine Girl)","","","yes","6917710","",""
"70's Mega Hits","Free","Lou Rawls","You'll Never Find Another Love Like Mine","","","yes","77740964","",""
"70's Mega Hits","Free","Lou Reed","Perfect Day","","","yes","3016968","",""
"70's Mega Hits","Free","Lou Reed","Walk On the Wild Side","","","yes","97081744","",""
"70's Mega Hits","Free","Lynn Anderson","Rose Garden","","","yes","531859","",""
"70's Mega Hits","Free","Lynyrd Skynyrd","Free Bird","","","yes","1559717","",""
"70's Mega Hits","Free","Lynyrd Skynyrd","Simple Man","","","yes","1559695","",""
"70's Mega Hits","Free","Lynyrd Skynyrd","Sweet Home Alabama","","","yes","24949681","",""
"70's Mega Hits","Free","M / Robin Scott","Pop Muzik (12 Inch Version)","","","yes","3793892652","",""
"70's Mega Hits","Free","Maria Muldaur","Midnight at the Oasis","","","yes","78871315","",""
"70's Mega Hits","Free","Marvin Gaye","Got To Give It Up (Pt. 1)","","","yes","4760900","",""
"70's Mega Hits","Free","Marvin Gaye","Let's Get It On","","","yes","906616","",""
"70's Mega Hits","Free","Marvin Gaye","What's Going On","","","yes","1101747","",""
"70's Mega Hits","Free","Meat Loaf","Bat Out of Hell","","","yes","125468082","",""
"70's Mega Hits","Free","Meat Loaf","Paradise By the Dashboard Light","","","yes","125468092","",""
"70's Mega Hits","Free","Meat Loaf","Two Out of Three Ain't Bad","","","yes","125468090","",""
"70's Mega Hits","Free","Melanie","Brand New Key","","","yes","966623","",""
"70's Mega Hits","Free","Michael Jackson","Ain't No Sunshine","","","yes","4188296","",""
"70's Mega Hits","Free","Michael Jackson","Ben (Single Version)","","","yes","2177874","",""
"70's Mega Hits","Free","Michael Jackson","Don't Stop 'Til You Get Enough","","","yes","15586296","",""
"70's Mega Hits","Free","Michael Jackson","Off the Wall","","","yes","15586317","",""
"70's Mega Hits","Free","Michael Jackson","Rock with You (Single Version)","","","yes","15586286","",""
"70's Mega Hits","Free","Michael Jackson","Rockin' Robin","","","yes","920114","",""
"70's Mega Hits","Free","Michael McDonald","I Keep Forgettin' (Every Time You're Near)","","","yes","5617796","",""
"70's Mega Hits","Free","Michael Zager Band","Let's All Chant","","","yes","129771348","",""
"70's Mega Hits","Free","Molly Hatchet","Dreams I'll Never See (Album Version)","","","yes","1080863","",""
"70's Mega Hits","Free","Molly Hatchet","Flirtin' with Disaster","","","yes","851462","",""
"70's Mega Hits","Free","Mott The Hoople","All the Way from Memphis","","","yes","1029992","",""
"70's Mega Hits","Free","Mott The Hoople","All the Young Dudes","","","yes","13149413","",""
"70's Mega Hits","Free","Mountain","Mississippi Queen","","","yes","608589","",""
"70's Mega Hits","Free","Neil Diamond","Cracklin' Rosie","","","yes","529949701","",""
"70's Mega Hits","Free","Neil Diamond","Forever In Blue Jeans","","","yes","79835508","",""
"70's Mega Hits","Free","Neil Young","After the Gold Rush","","","yes","3826702","",""
"70's Mega Hits","Free","Neil Young","Harvest Moon","","","yes","677484","",""
"70's Mega Hits","Free","Neil Young","Heart of Gold (2017 Remaster)","","","yes","371980501","",""
"70's Mega Hits","Free","Neil Young","Old Man (2009 Remaster)","","","yes","3826696","",""
"70's Mega Hits","Free","Neil Young","Southern Man","","","yes","3826704","",""
"70's Mega Hits","Free","Norman Greenbaum","Spirit in the Sky","","","yes","4118906","",""
"70's Mega Hits","Free","Odyssey","Native New Yorker","","","yes","428984982","",""
"70's Mega Hits","Free","Ohio Players","Fire","","","yes","549335232","",""
"70's Mega Hits","Free","Ohio Players","Love Rollercoaster","","","yes","549262732","",""
"70's Mega Hits","Free","Orleans","Still the One","","","yes","732513","",""
"70's Mega Hits","Free","Patrick Hernandez","Born to Be Alive (The Original)","","","yes","4077573","",""
"70's Mega Hits","Free","Patti Smith","Because the Night","","","yes","13438425","",""
"70's Mega Hits","Free","Paul McCartney","Band On The Run (2010 Remaster)","","","yes","7340163","",""
"70's Mega Hits","Free","Paul McCartney","Live And Let Die (2018 Remaster)","","","yes","598235802","",""
"70's Mega Hits","Free","Paul McCartney","Maybe I’m Amazed","","","yes","126368789","",""
"70's Mega Hits","Free","Paul Simon","50 Ways to Leave Your Lover","","","yes","6599445","",""
"70's Mega Hits","Free","Paul Simon","Kodachrome","","","yes","6581070","",""
"70's Mega Hits","Free","Peter Frampton","Show Me The Way","","","yes","99490978","",""
"70's Mega Hits","Free","Peter Gabriel","Solsbury Hill","","","yes","540500882","",""
"70's Mega Hits","Free","Pilot","Magic","","","yes","4832638","",""
"70's Mega Hits","Free","Pink Floyd","Another Brick in the Wall, Pt. 1","","","yes","116914090","",""
"70's Mega Hits","Free","Pink Floyd","Comfortably Numb","","","yes","116914122","",""
"70's Mega Hits","Free","Pink Floyd","Money","","YES","no - explicit","116914026","",""
"70's Mega Hits","Free","Pink Floyd","The Great Gig in the Sky","","","yes","116914024","",""
"70's Mega Hits","Free","Pink Floyd","Time","","","yes","116914022","",""
"70's Mega Hits","Free","Pink Floyd","Wish You Were Here","","","yes","116914322","",""
"70's Mega Hits","Free","Player","Baby Come Back","","","yes","917233","",""
"70's Mega Hits","Free","Prince","I Wanna Be Your Lover","","","yes","732594","",""
"70's Mega Hits","Free","Pure Prairie League","Amie (Remastered January 1992)","","","yes","13246222","",""
"70's Mega Hits","Free","Queen","Bohemian Rhapsody (2011 Remaster)","","","yes","568115892","",""
"70's Mega Hits","Free","Queen","Don't Stop Me Now (Remastered 2011)","","","yes","12209331","",""
"70's Mega Hits","Free","Queen","Fat Bottomed Girls (Remastered 2011)","","","yes","67503795","",""
"70's Mega Hits","Free","Queen","Seven Seas Of Rhye (Remastered 2011)","","","yes","9990601","",""
"70's Mega Hits","Free","Queen","We Are The Champions (Remastered 2011)","","","yes","67503808","",""
"70's Mega Hits","Free","Queen","We Will Rock You (Remastered 2011)","","","yes","12206933","",""
"70's Mega Hits","Free","Ram Jam","Black Betty","","","yes","541400","",""
"70's Mega Hits","Free","Ramones","Blitzkrieg Bop (2016 Remaster)","","","yes","131744724","",""
"70's Mega Hits","Free","Redbone","Come and Get Your Love (Single Version)","","","yes","392284592","",""
"70's Mega Hits","Free","Ringo Starr","It Don't Come Easy","","","yes","3108328","",""
"70's Mega Hits","Free","Ringo Starr","Photograph","","","yes","3108327","",""
"70's Mega Hits","Free","Roberta Flack","Killing Me Softly With His Song","","","yes","14615242","",""
"70's Mega Hits","Free","Rod Stewart","I Don't Want to Talk About It (2008 Remaster)","","","yes","2550751","",""
"70's Mega Hits","Free","Rod Stewart","Maggie May (Remastered Version)","","","yes","2550595","",""
"70's Mega Hits","Free","Rod Stewart","Sailing","","","yes","2550755","",""
"70's Mega Hits","Free","Rose Royce","Car Wash","","","yes","549302352","",""
"70's Mega Hits","Free","Rufus","Tell Me Something Good","","","yes","10202440","",""
"70's Mega Hits","Free","Rupert Holmes","Escape (The Pina Colada Song)","","","yes","1760979217","",""
"70's Mega Hits","Free","Santana","Black Magic Woman (Single Version)","","","yes","13816199","",""
"70's Mega Hits","Free","Santana","Oye Como Va","","","yes","15437788","",""
"70's Mega Hits","Free","Santana","She's Not There (Single Version)","","","yes","69220648","",""
"70's Mega Hits","Free","Saxena","La Isla Bonita","","","yes","2871674582","",""
"70's Mega Hits","Free","Seals and Crofts","Summer Breeze","","","yes","5416549","",""
"70's Mega Hits","Free","Silver","Wham Bam Shang-A-Lang","","","yes","120731576","",""
"70's Mega Hits","Free","Simon & Garfunkel","Bridge Over Troubled Water","","","yes","13174764","",""
"70's Mega Hits","Free","Simon & Garfunkel","Cecilia","","","yes","13174766","",""
"70's Mega Hits","Free","Simon & Garfunkel","Mrs. Robinson (From ""The Graduate"" Soundtrack)","","","yes","97693578","",""
"70's Mega Hits","Free","Simon & Garfunkel","The Boxer","","","yes","13174769","",""
"70's Mega Hits","Free","Sister Sledge","He's the Greatest Dancer (1995 Remaster)","","","yes","846326","",""
"70's Mega Hits","Free","Sister Sledge","We Are Family (1995 Remaster)","","","yes","846327","",""
"70's Mega Hits","Free","Sly & The Family Stone","Family Affair (Single Version)","","","yes","549579","",""
"70's Mega Hits","Free","Smokie","Living Next Door to Alice","","","yes","69883086","",""
"70's Mega Hits","Free","Sniff 'N' The Tears","Driver's Seat","","","yes","1733908877","",""
"70's Mega Hits","Free","Southside Johnny And The Asbury Jukes","I Don't Want to Go Home","","","yes","388725291","",""
"70's Mega Hits","Free","SRNDE","Dust In The Wind","","","yes","2937430751","",""
"70's Mega Hits","Free","Starbuck","Moonlight Feels Right","","","yes","129978662","",""
"70's Mega Hits","Free","Starland Vocal Band","Afternoon Delight","","","yes","3451646191","",""
"70's Mega Hits","Free","Status Quo","Whatever You Want","","","yes","1181897","",""
"70's Mega Hits","Free","Stealers Wheel","Stuck In The Middle With You","","","yes","1577612","",""
"70's Mega Hits","Free","Steely Dan","Dirty Work","","","yes","75785428","",""
"70's Mega Hits","Free","Steve Miller Band","Fly Like An Eagle","","","yes","82323018","",""
"70's Mega Hits","Free","Steve Miller Band","Jet Airliner","","","yes","82323116","",""
"70's Mega Hits","Free","Steve Miller Band","Rock'n Me (Remastered 2017)","","","yes","404235772","",""
"70's Mega Hits","Free","Steve Miller Band","Take The Money And Run","","","yes","82323100","",""
"70's Mega Hits","Free","Steve Miller Band","The Joker","","","yes","82159934","",""
"70's Mega Hits","Free","Stevie Wonder","Higher Ground","","","yes","2319297","",""
"70's Mega Hits","Free","Stevie Wonder","I Wish","","","yes","676011622","",""
"70's Mega Hits","Free","Stevie Wonder","Isn't She Lovely","","","yes","538709352","",""
"70's Mega Hits","Free","Stevie Wonder","Sir Duke","","","yes","538709322","",""
"70's Mega Hits","Free","Stevie Wonder","Superstition","","","yes","596034702","",""
"70's Mega Hits","Free","Stevie Wonder","You Are The Sunshine Of My Life","","","yes","596034712","",""
"70's Mega Hits","Free","Styx","Babe","","","yes","2289259","",""
"70's Mega Hits","Free","Styx","Come Sail Away","","","yes","24466921","",""
"70's Mega Hits","Free","Styx","Renegade","","","yes","2289262","",""
"70's Mega Hits","Free","Supertramp","Give A Little Bit","","","yes","2503284","",""
"70's Mega Hits","Free","Supertramp","The Logical Song (Remastered 2010)","","","yes","7087537","",""
"70's Mega Hits","Free","Sweet","Ballroom Blitz","","","yes","15717117","",""
"70's Mega Hits","Free","Sweet","Fox On The Run","","","yes","15717134","",""
"70's Mega Hits","Free","Sweet","Little Willy","","","yes","1015488922","",""
"70's Mega Hits","Free","Sylvester","You Make Me Feel (Mighty Real)","","","yes","991328902","",""
"70's Mega Hits","Free","T. Rex","Bang a Gong (Get It On) (2003 Remaster)","","","yes","14619142","",""
"70's Mega Hits","Free","Ted Nugent","Stranglehold","","","yes","848323","",""
"70's Mega Hits","Free","The Allman Brothers Band","Jessica","","","yes","549286852","",""
"70's Mega Hits","Free","The Allman Brothers Band","Midnight Rider","","","yes","549286792","",""
"70's Mega Hits","Free","The Allman Brothers Band","Ramblin' Man","","","yes","541866052","",""
"70's Mega Hits","Free","The Beatles","Let It Be (Remastered 2009)","","","yes","116348656","",""
"70's Mega Hits","Free","The Beatles","The Long And Winding Road (Remastered 2009)","","","yes","116348664","",""
"70's Mega Hits","Free","The Bellamy Brothers","Let Your Love Flow","","","yes","75765949","",""
"70's Mega Hits","Free","The Boomtown Rats","I Don't Like Mondays","","","yes","70106439","",""
"70's Mega Hits","Free","The Brothers Johnson","Strawberry Letter 23","","","yes","2462128","",""
"70's Mega Hits","Free","The Cars","Just What I Needed","","","yes","404618712","",""
"70's Mega Hits","Free","The Commodores","Easy","","","yes","374251561","",""
"70's Mega Hits","Free","The Cure","Boys Don't Cry","","","yes","1143625","",""
"70's Mega Hits","Free","The Doobie Brothers","Black Water (Single Version)","","","yes","3822047","",""
"70's Mega Hits","Free","The Doobie Brothers","China Grove","","","yes","3616545","",""
"70's Mega Hits","Free","The Doobie Brothers","Listen to the Music","","","yes","73708819","",""
"70's Mega Hits","Free","The Doobie Brothers","Long Train Runnin'","","","yes","3616544","",""
"70's Mega Hits","Free","The Doobie Brothers","What a Fool Believes","","","yes","3821913","",""
"70's Mega Hits","Free","The Doors","L.A. Woman","","","yes","65445461","",""
"70's Mega Hits","Free","The Emotions","Best of My Love","","","yes","830134","",""
"70's Mega Hits","Free","The Five Stairsteps","O-o-h Child (Buddha Remastered 2001)","","","yes","13198823","",""
"70's Mega Hits","Free","The Four Seasons","December, 1963 (Oh What a Night!)","","","yes","725715","",""
"70's Mega Hits","Free","The Hues Corporation","Rock the Boat","","","yes","106115758","",""
"70's Mega Hits","Free","The Isley Brothers","Footsteps in the Dark, Pts. 1 & 2","","","yes","586085","",""
"70's Mega Hits","Free","The Isley Brothers","For the Love of You, Pts. 1 & 2","","","yes","586040","",""
"70's Mega Hits","Free","The Jacksons","Blame It on the Boogie","","","yes","72208034","",""
"70's Mega Hits","Free","The Jacksons","Enjoy Yourself","","","yes","14874837","",""
"70's Mega Hits","Free","The Jacksons","Shake Your Body (Down to the Ground)","","","yes","611491","",""
"70's Mega Hits","Free","The Knack","My Sharona","","","yes","3248376","",""
"70's Mega Hits","Free","The Manhattans","Kiss and Say Goodbye","","","yes","608701","",""
"70's Mega Hits","Free","The Marshall Tucker Band","Can't You See","","","yes","3217360611","",""
"70's Mega Hits","Free","The Marshall Tucker Band","Heard It in a Love Song","","","yes","3227195571","",""
"70's Mega Hits","Free","The O'Jays","Back Stabbers","","","yes","13183927","",""
"70's Mega Hits","Free","The O'Jays","For the Love of Money","","","yes","609005","",""
"70's Mega Hits","Free","The O'Jays","Love Train","","","yes","13183903","",""
"70's Mega Hits","Free","The Outlaws","Green Grass & High Tides","","","yes","82292908","",""
"70's Mega Hits","Free","The Police","Roxanne (Remastered 2003)","","","yes","1177864","",""
"70's Mega Hits","Free","The Rolling Stones","Angie (Remastered 2009)","","","yes","4124759","",""
"70's Mega Hits","Free","The Rolling Stones","Beast Of Burden (Remastered 1994)","","","yes","14458095","",""
"70's Mega Hits","Free","The Rolling Stones","Brown Sugar (Remastered 2009)","","","yes","4125582","",""
"70's Mega Hits","Free","The Rolling Stones","Miss You (Remastered)","","","yes","14458087","",""
"70's Mega Hits","Free","The Rolling Stones","Moonlight Mile (2009 Mix)","","","yes","4125591","",""
"70's Mega Hits","Free","The Rolling Stones","Wild Horses (2009 Mix)","","","yes","100914862","",""
"70's Mega Hits","Free","The Romantics","What I Like About You","","","yes","1129265","",""
"70's Mega Hits","Free","The Spinners","Could It Be I'm Falling in Love","","","yes","682798","",""
"70's Mega Hits","Free","The Spinners","I'll Be Around","","","yes","682789","",""
"70's Mega Hits","Free","The Spinners","The Rubberband Man","","","yes","686335","",""
"70's Mega Hits","Free","The Trammps","Disco Inferno","","","yes","721611","",""
"70's Mega Hits","Free","The Velvet Underground","Oh! Sweet Nuthin' (2015 Remaster)","","","yes","109844104","",""
"70's Mega Hits","Free","The Who","Baba O'Riley","","","yes","2121805","",""
"70's Mega Hits","Free","The Who","Bargain","","","yes","2121806","",""
"70's Mega Hits","Free","The Who","Squeeze Box","","","yes","1169084","",""
"70's Mega Hits","Free","The Who","Won't Get Fooled Again (Original Album Version)","","","yes","2121813","",""
"70's Mega Hits","Free","Thelma Houston","Don't Leave Me This Way","","","yes","3067260","",""
"70's Mega Hits","Free","Thin Lizzy","The Boys Are Back In Town","","","yes","1101200","",""
"70's Mega Hits","Free","Tony Orlando & Dawn","Knock Three Times","","","yes","861047","",""
"70's Mega Hits","Free","Toto","Georgy Porgy","","","yes","1081145","",""
"70's Mega Hits","Free","Toto","Hold the Line","","","yes","1078779","",""
"70's Mega Hits","Free","Van McCoy","The Hustle","","","yes","907757","",""
"70's Mega Hits","Free","Van Morrison","Moondance (2013 Remaster)","","","yes","71444764","",""
"70's Mega Hits","Free","Vicki Sue Robinson","Turn the Beat Around (7"" Single Edit)","","","yes","5404484","",""
"70's Mega Hits","Free","Village People","In The Navy (Single Version)","","","yes","1761597597","",""
"70's Mega Hits","Free","Village People","Macho Man","","","yes","646323452","",""
"70's Mega Hits","Free","Village People","Y.M.C.A.","","","yes","436646702","",""
"70's Mega Hits","Free","Vogel","Hung Up","","","yes","2882714992","",""
"70's Mega Hits","Free","Walter Egan","Magnet and Steel","","","yes","77875455","",""
"70's Mega Hits","Free","Walter Murphy","A Fifth Of Beethoven","","","yes","405255122","",""
"70's Mega Hits","Free","War","Low Rider","","","yes","143042822","",""
"70's Mega Hits","Free","Waylon Jennings","I'm a Ramblin' Man","","","yes","597506","",""
"70's Mega Hits","Free","Wild Cherry","Play That Funky Music","","","yes","831328","",""
"70's Mega Hits","Free","Wings","Live And Let Die (Rockshow)","","","yes","3856057061","",""
"70's Mega Hits","Free","Yusuf / Cat Stevens","Moonshadow (Remastered 2021)","","","yes","1550811222","",""
"70's Mega Hits","Free","Yusuf / Cat Stevens","Peace Train (Remastered 2021)","","","yes","1550811232","",""
"70's Mega Hits","Free","Yusuf / Cat Stevens","Wild World (Remastered 2020)","","","yes","1107025652","",""
"70's Mega Hits","Free","Yvonne Elliman","If I Can't Have You","","","yes","917077","",""
"80's Mega Hits","Free","'Til Tuesday","Voices Carry","","","yes","405863902","",""
"80's Mega Hits","Free","A Flock Of Seagulls","I Ran (So Far Away)","","","yes","3867264141","",""
"80's Mega Hits","Free","a-ha","Take on Me","","","yes","664107","",""
"80's Mega Hits","Free","a-ha","The Sun Always Shines on T.V.","","","yes","664115","",""
"80's Mega Hits","Free","ABBA","Dancing Queen","","","yes","884025","",""
"80's Mega Hits","Free","ABBA","Lay All Your Love On Me","","","yes","76376863","",""
"80's Mega Hits","Free","ABBA","Slipping Through My Fingers","","","yes","20535911","",""
"80's Mega Hits","Free","ABBA","Super Trouper","","","yes","884033","",""
"80's Mega Hits","Free","ABBA","Take A Chance On Me","","","yes","884028","",""
"80's Mega Hits","Free","ABBA","The Winner Takes It All","","","yes","884035","",""
"80's Mega Hits","Free","ABC","The Look Of Love, Pt.1","","","yes","1581974","",""
"80's Mega Hits","Free","ABC","When Smokey Sings","","","yes","1174011","",""
"80's Mega Hits","Free","AC/DC","Back In Black","","","yes","92720046","",""
"80's Mega Hits","Free","AC/DC","For Those About to Rock (We Salute You)","","","yes","92720016","",""
"80's Mega Hits","Free","AC/DC","Hells Bells","","","yes","92720036","",""
"80's Mega Hits","Free","AC/DC","Shoot to Thrill","","","yes","92720038","",""
"80's Mega Hits","Free","AC/DC","Thunderstruck","","","yes","92720102","",""
"80's Mega Hits","Free","AC/DC","You Shook Me All Night Long","","","yes","92720048","",""
"80's Mega Hits","Free","Adam & The Ants","Stand and Deliver","","","yes","564953","",""
"80's Mega Hits","Free","Adam Ant","Goody Two Shoes","","","yes","564952","",""
"80's Mega Hits","Free","Adamski","Killer","","","yes","712072122","",""
"80's Mega Hits","Free","Aerosmith","Dude (Looks Like A Lady)","","","yes","2125097","",""
"80's Mega Hits","Free","Aerosmith","Love In An Elevator (Single Version)","","","yes","11288905","",""
"80's Mega Hits","Free","Air Supply","All Out of Love","","","yes","13145305","",""
"80's Mega Hits","Free","Air Supply","Even the Nights Are Better","","","yes","1076274","",""
"80's Mega Hits","Free","Air Supply","Every Woman in the World","","","yes","79542990","",""
"80's Mega Hits","Free","Air Supply","Lost In Love","","","yes","79542986","",""
"80's Mega Hits","Free","Alabama","Dixieland Delight","","","yes","4761728","",""
"80's Mega Hits","Free","Alannah Myles","Black Velvet","","","yes","4118808","",""
"80's Mega Hits","Free","Alice Cooper","Poison","","","yes","1015071","",""
"80's Mega Hits","Free","Alison Moyet","Is This Love? (Remastered)","","","yes","4300736","",""
"80's Mega Hits","Free","Alison Moyet","Love Resurrection (Remastered)","","","yes","4300730","",""
"80's Mega Hits","Free","Alphaville","Big in Japan (2019 Remaster)","","","yes","647871542","",""
"80's Mega Hits","Free","Alphaville","Forever Young","","","yes","698274","",""
"80's Mega Hits","Free","Ambrosia","Biggest Part of Me","","","yes","4737296","",""
"80's Mega Hits","Free","Amii Stewart","Knock On Wood","","","yes","10370275","",""
"80's Mega Hits","Free","Animotion","Obsession (Rerecorded)","","","yes","6058808","",""
"80's Mega Hits","Free","Anita Baker","Sweet Love","","","yes","717534","",""
"80's Mega Hits","Free","Ashford & Simpson","Solid","","","yes","3386566","",""
"80's Mega Hits","Free","Asia","Heat Of The Moment","","","yes","552379902","",""
"80's Mega Hits","Free","Bad English","When I See You Smile","","","yes","1053549","",""
"80's Mega Hits","Free","Baltimora","Tarzan Boy","","","yes","3389903","",""
"80's Mega Hits","Free","Bananarama","Cruel Summer","","","yes","421388782","",""
"80's Mega Hits","Free","Bananarama","Love in the First Degree","","","yes","421388702","",""
"80's Mega Hits","Free","Bananarama","Venus","","","yes","420143322","",""
"80's Mega Hits","Free","Barbra Streisand","Woman In Love","","","yes","625398","",""
"80's Mega Hits","Free","Barry Manilow","Copacabana (At the Copa) (Long Version)","","","yes","548260","",""
"80's Mega Hits","Free","Beastie Boys","Fight For Your Right","","","yes","1085495","",""
"80's Mega Hits","Free","Bee Gees","Stayin Alive","","","yes","139138743","",""
"80's Mega Hits","Free","Bee Gees","Wish You Were Here","","","yes","139138685","",""
"80's Mega Hits","Free","Bee Gees","You Win Again","","","yes","350027821","",""
"80's Mega Hits","Free","Belinda Carlisle","Heaven Is A Place On Earth","","","yes","24968371","",""
"80's Mega Hits","Free","Belinda Carlisle","Leave A Light On","","","yes","1853813417","",""
"80's Mega Hits","Free","Benny Mardones","Into The Night (Re-Recorded In Stereo)","","","yes","75768225","",""
"80's Mega Hits","Free","Berlin","Take My Breath Away (Love Theme from ""Top Gun"")","","","yes","7675055","",""
"80's Mega Hits","Free","Bette Midler","Wind Beneath My Wings","","","yes","3616256","",""
"80's Mega Hits","Free","Bill Medley","(I've Had) The Time Of My Life (From ""Dirty Dancing"" Soundtrack)","","","yes","13128250","",""
"80's Mega Hits","Free","Billy Idol","Eyes Without A Face (Remastered 1999)","","","yes","2983695851","",""
"80's Mega Hits","Free","Billy Idol","Rebel Yell","","","yes","353398301","",""
"80's Mega Hits","Free","Billy Idol","White Wedding (Pt. 1 / Remastered 2002)","","","yes","2983696131","",""
"80's Mega Hits","Free","Billy Joel","And So It Goes","","","yes","67943090","",""
"80's Mega Hits","Free","Billy Joel","It's Still Rock and Roll to Me","","","yes","625836","",""
"80's Mega Hits","Free","Billy Joel","Tell Her About It","","","yes","67943067","",""
"80's Mega Hits","Free","Billy Joel","Uptown Girl","","","yes","1025659","",""
"80's Mega Hits","Free","Billy Joel","We Didn't Start the Fire","","","yes","626123","",""
"80's Mega Hits","Free","Billy Ocean","Caribbean Queen (No More Love On the Run)","","","yes","6071037","",""
"80's Mega Hits","Free","Billy Ocean","Get Outta My Dreams, Get Into My Car","","","yes","6071034","",""
"80's Mega Hits","Free","Billy Ocean","When the Going Gets Tough, The Tough Get Going","","","yes","6071028","",""
"80's Mega Hits","Free","Black","Wonderful Life","","","yes","1052647182","",""
"80's Mega Hits","Free","Black Box","Ride on Time","","","yes","70051871","",""
"80's Mega Hits","Free","Blondie","Atomic","","","yes","3151381","",""
"80's Mega Hits","Free","Blondie","Call Me","","","yes","3121749","",""
"80's Mega Hits","Free","Blondie","One Way Or Another","","","yes","3151391","",""
"80's Mega Hits","Free","Blondie","Rapture","","","yes","3560953701","",""
"80's Mega Hits","Free","Blondie","The Tide Is High (Remastered 2001)","","","yes","3167194","",""
"80's Mega Hits","Free","Blue Swede","Hooked On A Feeling","","","yes","3402413","",""
"80's Mega Hits","Free","Bob Marley & The Wailers","Buffalo Soldier","","","yes","530300651","",""
"80's Mega Hits","Free","Bob Marley & The Wailers","Could You Be Loved","","","yes","2542703","",""
"80's Mega Hits","Free","Bob Marley & The Wailers","Redemption Song","","","yes","530300721","",""
"80's Mega Hits","Free","Bobby Brown","Every Little Step","","","yes","921945612","",""
"80's Mega Hits","Free","Bobby Brown","My Prerogative","","","yes","921945582","",""
"80's Mega Hits","Free","Bobby Brown","On Our Own","","","yes","83939081","",""
"80's Mega Hits","Free","Bobby Brown","Rock Wit'cha","","","yes","921945602","",""
"80's Mega Hits","Free","Bobby McFerrin","Don't Worry Be Happy","","","yes","3127387","",""
"80's Mega Hits","Free","Bon Jovi","Livin' On A Prayer","","","yes","538660022","",""
"80's Mega Hits","Free","Bon Jovi","You Give Love A Bad Name","","","yes","577487242","",""
"80's Mega Hits","Free","Boney M.","Rivers of Babylon","","","yes","968798","",""
"80's Mega Hits","Free","Bonnie Tyler","Holding Out for a Hero (From ""Footloose"" Soundtrack)","","","yes","911462792","",""
"80's Mega Hits","Free","Bonnie Tyler","Total Eclipse of the Heart","","","yes","5404547","",""
"80's Mega Hits","Free","Bow Wow Wow","I Want Candy","","","yes","900670","",""
"80's Mega Hits","Free","Boy Meets Girl","Waiting for a Star to Fall","","","yes","471297912","",""
"80's Mega Hits","Free","Breathe","How Can I Fall ?","","","yes","4220970","",""
"80's Mega Hits","Free","Bronski Beat","Smalltown Boy","","","yes","428690122","",""
"80's Mega Hits","Free","Bros","I Owe You Nothing","","","yes","71732794","",""
"80's Mega Hits","Free","Bros","When Will I Be Famous?","","","yes","71732797","",""
"80's Mega Hits","Free","Bruce Hornsby","The Way It Is","","","yes","3001600651","",""
"80's Mega Hits","Free","Bruce Springsteen","Born in the U.S.A.","","","yes","15586213","",""
"80's Mega Hits","Free","Bruce Springsteen","Dancing In the Dark","","","yes","15586246","",""
"80's Mega Hits","Free","Bruce Springsteen","Glory Days","","","yes","15586215","",""
"80's Mega Hits","Free","Bruce Springsteen","Hungry Heart","","","yes","15177141","",""
"80's Mega Hits","Free","Bruce Springsteen","I'm On Fire","","","yes","15586369","",""
"80's Mega Hits","Free","Bryan Adams","Heaven","","","yes","88902737","",""
"80's Mega Hits","Free","Bryan Adams","Run To You","","","yes","88902735","",""
"80's Mega Hits","Free","Bryan Adams","Summer Of '69","","","yes","88902741","",""
"80's Mega Hits","Free","Bryan Ferry","Don't Stop The Dance","","","yes","3135078","",""
"80's Mega Hits","Free","Bryan Ferry","Slave To Love","","","yes","3152105","",""
"80's Mega Hits","Free","Cameo","Word Up","","","yes","2600934","",""
"80's Mega Hits","Free","Carl Douglas","Kung Fu Fighting","","","yes","3782909292","",""
"80's Mega Hits","Free","Carly Simon","Coming Around Again (Remastered 2004)","","","yes","598064","",""
"80's Mega Hits","Free","Chaka Khan","Ain't Nobody","","","yes","776220","",""
"80's Mega Hits","Free","Chaka Khan","I Feel for You","","","yes","685227","",""
"80's Mega Hits","Free","Cheap Trick","The Flame","","","yes","611354","",""
"80's Mega Hits","Free","Cher","Believe","","","yes","786717","",""
"80's Mega Hits","Free","Cher","If I Could Turn Back Time","","","yes","2307289","",""
"80's Mega Hits","Free","Cher","Just Like Jesse James","","","yes","2307290","",""
"80's Mega Hits","Free","Chicago","Hard to Say I'm Sorry (2007 Remaster)","","","yes","2680908","",""
"80's Mega Hits","Free","Chicago","You're the Inspiration (2003 Remaster)","","","yes","3667363","",""
"80's Mega Hits","Free","Chris de Burgh","The Lady In Red","","","yes","522720742","",""
"80's Mega Hits","Free","Chris Isaak","Wicked Game","","","yes","1391362322","",""
"80's Mega Hits","Free","Clarence Clemons","You're a Friend of Mine","","","yes","126848205","",""
"80's Mega Hits","Free","Climie Fisher","Love Changes (Everything)","","","yes","3147082","",""
"80's Mega Hits","Free","Colonel Abrams","Trapped","","","yes","903770492","",""
"80's Mega Hits","Free","Commodores","Nightshift","","","yes","24203771","",""
"80's Mega Hits","Free","Cowboy Junkies","Sweet Jane","","","yes","14886841","",""
"80's Mega Hits","Free","Crowded House","Don't Dream It's Over","","","yes","133577580","",""
"80's Mega Hits","Free","Crowded House","Weather With You","","","yes","3123902","",""
"80's Mega Hits","Free","Culture Club","Do You Really Want To Hurt Me (Remastered 2002)","","","yes","3138155","",""
"80's Mega Hits","Free","Culture Club","Karma Chameleon (Remastered 2002)","","","yes","3090499","",""
"80's Mega Hits","Free","Cutting Crew","(I Just) Died In Your Arms","","","yes","3152709","",""
"80's Mega Hits","Free","Cyndi Lauper","Girls Just Want to Have Fun","","","yes","72194071","",""
"80's Mega Hits","Free","Cyndi Lauper","True Colors","","","yes","608820","",""
"80's Mega Hits","Free","Dan Hartman","I Can Dream About You (Single Version)","","","yes","2461977105","",""
"80's Mega Hits","Free","Danny Wilson","Mary's Prayer","","","yes","3430330","",""
"80's Mega Hits","Free","Daryl Braithwaite","One Summer","","","yes","15852646","",""
"80's Mega Hits","Free","Daryl Hall & John Oates","Maneater","","","yes","569561","",""
"80's Mega Hits","Free","Daryl Hall & John Oates","Out of Touch","","","yes","11219664","",""
"80's Mega Hits","Free","Daryl Hall & John Oates","Private Eyes","","","yes","13165885","",""
"80's Mega Hits","Free","Daryl Hall & John Oates","You Make My Dreams (Come True)","","","yes","546004","",""
"80's Mega Hits","Free","David Bowie","China Girl (2018 Remaster)","","","yes","565655092","",""
"80's Mega Hits","Free","David Bowie","Let's Dance (2018 Remaster)","","","yes","565656032","",""
"80's Mega Hits","Free","David Bowie","Modern Love (2018 Remaster)","","","yes","730342582","",""
"80's Mega Hits","Free","Deacon Blue","Dignity","","","yes","61330057","",""
"80's Mega Hits","Free","Deacon Blue","Real Gone Kid","","","yes","1037287","",""
"80's Mega Hits","Free","Dead Or Alive","You Spin Me Round (Like A Record) (Original 7"" Mix)","","","yes","958021","",""
"80's Mega Hits","Free","DeBarge","Rhythm Of The Night","","","yes","75392184","",""
"80's Mega Hits","Free","Def Leppard","Animal","","","yes","447552802","",""
"80's Mega Hits","Free","Def Leppard","Hysteria","","","yes","447552872","",""
"80's Mega Hits","Free","Def Leppard","Photograph","","","yes","447557232","",""
"80's Mega Hits","Free","Def Leppard","Pour Some Sugar On Me","","","yes","447552822","",""
"80's Mega Hits","Free","Deniece Williams","Let's Hear It for the Boy (From ""Footloose"" Soundtrack)","","","yes","134012980","",""
"80's Mega Hits","Free","Depeche Mode","Enjoy the Silence","","","yes","68515055","",""
"80's Mega Hits","Free","Depeche Mode","Just Can't Get Enough","","","yes","68513610","",""
"80's Mega Hits","Free","Depeche Mode","Never Let Me Down Again","","","yes","68515052","",""
"80's Mega Hits","Free","Depeche Mode","People Are People","","","yes","68515278","",""
"80's Mega Hits","Free","Depeche Mode","Strangelove","","","yes","68513960","",""
"80's Mega Hits","Free","Devo","Whip It","","","yes","4382923","",""
"80's Mega Hits","Free","Dexys Midnight Runners","Come On Eileen (Single Edit)","","","yes","4255658","",""
"80's Mega Hits","Free","Diana Ross","I'm Coming Out","","","yes","4677575","",""
"80's Mega Hits","Free","Diana Ross","Upside Down","","","yes","4677572","",""
"80's Mega Hits","Free","Dire Straits","Money for Nothing","","","yes","84885581","",""
"80's Mega Hits","Free","Dire Straits","Walk of Life","","","yes","80304804","",""
"80's Mega Hits","Free","Dolly Parton","9 to 5","","","yes","992937","",""
"80's Mega Hits","Free","Dolly Parton","Islands In the Stream","","","yes","814723752","",""
"80's Mega Hits","Free","Don Henley","The Boys Of Summer","","","yes","3977905","",""
"80's Mega Hits","Free","Duran Duran","A View to a Kill","","","yes","3130429","",""
"80's Mega Hits","Free","Duran Duran","Girls on Film","","","yes","3130434","",""
"80's Mega Hits","Free","Duran Duran","Hungry Like the Wolf (2009 Remaster)","","","yes","4127465","",""
"80's Mega Hits","Free","Duran Duran","Rio (2009 Remaster)","","","yes","4127462","",""
"80's Mega Hits","Free","Duran Duran","Save a Prayer (2009 Remaster)","","","yes","4127469","",""
"80's Mega Hits","Free","Duran Duran","The Reflex (2010 Remaster)","","","yes","5593850","",""
"80's Mega Hits","Free","Earth, Wind & Fire","Let's Groove","","","yes","27533911","",""
"80's Mega Hits","Free","Echo and the Bunnymen","Lips Like Sugar","","","yes","720296","",""
"80's Mega Hits","Free","Echo and the Bunnymen","The Killing Moon","","","yes","751126","",""
"80's Mega Hits","Free","Eddie Money","Take Me Home Tonight","","","yes","608833","",""
"80's Mega Hits","Free","Elton John","Crocodile Rock","","","yes","1124103","",""
"80's Mega Hits","Free","Elton John","I Guess That's Why They Call It The Blues","","","yes","1171166","",""
"80's Mega Hits","Free","Elton John","I'm Still Standing","","","yes","1171163","",""
"80's Mega Hits","Free","Elton John","Sacrifice (Remastered)","","","yes","1999271047","",""
"80's Mega Hits","Free","Enya","Orinoco Flow (2009 Remaster)","","","yes","903448452","",""
"80's Mega Hits","Free","Erasure","A Little Respect","","","yes","85561690","",""
"80's Mega Hits","Free","Erasure","Sometimes (12'' Mix)","","","yes","3786444732","",""
"80's Mega Hits","Free","Eric Carmen","Hungry Eyes (From ""Dirty Dancing"" Soundtrack)","","","yes","13128242","",""
"80's Mega Hits","Free","Europe","The Final Countdown","","","yes","858371","",""
"80's Mega Hits","Free","Eurythmics","Sisters Are Doin' It for Themselves (Remastered)","","","yes","576109","",""
"80's Mega Hits","Free","Eurythmics","Sweet Dreams (Are Made of This) (2005 Remaster)","","","yes","561836","",""
"80's Mega Hits","Free","Eurythmics","There Must Be an Angel (Playing With My Heart)","","","yes","1022290","",""
"80's Mega Hits","Free","Evelyn ""Champagne"" King","Love Come Down","","","yes","38250081","",""
"80's Mega Hits","Free","Fairground Attraction","Perfect","","","yes","604670","",""
"80's Mega Hits","Free","Feargal Sharkey","A Good Heart","","","yes","3156940","",""
"80's Mega Hits","Free","Fine Young Cannibals","Good Thing","","","yes","428850822","",""
"80's Mega Hits","Free","Fine Young Cannibals","Johnny Come Home","","","yes","428805102","",""
"80's Mega Hits","Free","Fine Young Cannibals","She Drives Me Crazy (Remastered)","","","yes","1178372072","",""
"80's Mega Hits","Free","Fleetwood Mac","Big Love (2017 Remaster)","","","yes","341024771","",""
"80's Mega Hits","Free","Fleetwood Mac","Everywhere","","","yes","664444","",""
"80's Mega Hits","Free","Fleetwood Mac","Gypsy","","","yes","664445","",""
"80's Mega Hits","Free","Fleetwood Mac","Little Lies (2017 Remaster)","","","yes","341017571","",""
"80's Mega Hits","Free","Foreigner","I Want to Know What Love Is (1999 Remaster)","","","yes","675818","",""
"80's Mega Hits","Free","Foreigner","Waiting for a Girl like You","","","yes","2814886","",""
"80's Mega Hits","Free","Frankie Goes To Hollywood","Relax","","","yes","479307582","",""
"80's Mega Hits","Free","Gary Numan","Cars","","","yes","938553","",""
"80's Mega Hits","Free","George Harrison","Got My Mind Set on You","","","yes","3164587","",""
"80's Mega Hits","Free","George Michael","Careless Whisper","","","yes","14525086","",""
"80's Mega Hits","Free","George Michael","Faith (Remastered)","","","yes","8146779","",""
"80's Mega Hits","Free","George Michael","Father Figure (Remastered)","","","yes","8146780","",""
"80's Mega Hits","Free","George Michael","I Knew You Were Waiting (For Me)","","","yes","142787302","",""
"80's Mega Hits","Free","Glenn Frey","The Heat Is On (From ""Beverly Hills Cop"" Soundtrack)","","","yes","471585092","",""
"80's Mega Hits","Free","Gloria Estefan","Can't Stay Away from You","","","yes","565057","",""
"80's Mega Hits","Free","Gloria Estefan","Rhythm Is Gonna Get You","","","yes","565039","",""
"80's Mega Hits","Free","Gloria Estefan and Miami Sound Machine","Anything For You","","","yes","15194663","",""
"80's Mega Hits","Free","Go West","The King of Wishful Thinking","","","yes","1787666357","",""
"80's Mega Hits","Free","Go West","We Close Our Eyes","","","yes","1787570877","",""
"80's Mega Hits","Free","Go-Go's","Head Over Heels","","","yes","3361322","",""
"80's Mega Hits","Free","Grover Washington, Jr.","Just the Two of Us (feat. Bill Withers)","","","yes","3085246","",""
"80's Mega Hits","Free","Guns N' Roses","Paradise City","","","yes","518458142","",""
"80's Mega Hits","Free","Guns N' Roses","Sweet Child O' Mine","","","yes","518458172","",""
"80's Mega Hits","Free","Guns N' Roses","Welcome To The Jungle","","YES","no - explicit","518458092","",""
"80's Mega Hits","Free","Harold Faltermeyer","Axel F (From ""Beverly Hills Cop"" Soundtrack)","","","yes","80538212","",""
"80's Mega Hits","Free","Heart","All I Wanna Do Is Make Love To You","","","yes","3482138","",""
"80's Mega Hits","Free","Heart","Alone","","","yes","3127630","",""
"80's Mega Hits","Free","Heart","These Dreams","","","yes","365822521","",""
"80's Mega Hits","Free","Hue & Cry","Labour Of Love","","","yes","71700927","",""
"80's Mega Hits","Free","Huey Lewis & The News","Hip To Be Square","","","yes","3121967","",""
"80's Mega Hits","Free","Huey Lewis & The News","Stuck With You","","","yes","3121964","",""
"80's Mega Hits","Free","Huey Lewis & The News","The Power Of Love","","","yes","3116046","",""
"80's Mega Hits","Free","Indigo Girls","Closer to Fine","","","yes","626284","",""
"80's Mega Hits","Free","Inner City","Big Fun","","","yes","3133682","",""
"80's Mega Hits","Free","Inner City","Good Life","","","yes","3133684","",""
"80's Mega Hits","Free","INXS","Need You Tonight (2017 Remaster)","","","yes","428612492","",""
"80's Mega Hits","Free","INXS","Never Tear Us Apart","","","yes","14636764","",""
"80's Mega Hits","Free","INXS","New Sensation","","","yes","14636758","",""
"80's Mega Hits","Free","INXS","Suicide Blonde","","","yes","14635753","",""
"80's Mega Hits","Free","Irene Cara","Flashdance... What A Feeling","","","yes","3413905571","",""
"80's Mega Hits","Free","Irene Cara","What A Feeling","","","yes","1434081","",""
"80's Mega Hits","Free","Jan Hammer","Crockett's Theme","","","yes","508094712","",""
"80's Mega Hits","Free","Jane Wiedlin","Rush Hour","","","yes","3146828","",""
"80's Mega Hits","Free","Jeffrey Osborne","On The Wings Of Love","","","yes","548874652","",""
"80's Mega Hits","Free","Jennifer Rush","The Power of Love","","","yes","581807","",""
"80's Mega Hits","Free","Jennifer Warnes","Up Where We Belong","","","yes","5270969","",""
"80's Mega Hits","Free","Jermaine Stewart","We Don't Have To Take Our Clothes Off","","","yes","9968997","",""
"80's Mega Hits","Free","Joan Jett and the Blackhearts","I Hate Myself for Loving You","","","yes","3790552832","",""
"80's Mega Hits","Free","Joan Jett and the Blackhearts","I Love Rock 'N Roll","","","yes","3081706951","",""
"80's Mega Hits","Free","Joe Jackson","Steppin' Out (Single Version)","","","yes","2458106895","",""
"80's Mega Hits","Free","John Farnham","You're the Voice","","","yes","2221501","",""
"80's Mega Hits","Free","John Mellencamp","Hurts So Good","","","yes","2512462","",""
"80's Mega Hits","Free","John Parr","St. Elmos Fire (Man in Motion)","","","yes","6410074","",""
"80's Mega Hits","Free","John Travolta","You're The One That I Want (From “Grease”)","","","yes","781563062","",""
"80's Mega Hits","Free","John Waite","Missing You","","","yes","4216602","",""
"80's Mega Hits","Free","Johnny Hates Jazz","Shattered Dreams (Acoustic Version)","","","yes","543118862","",""
"80's Mega Hits","Free","Journey","Any Way You Want It (2024 Remaster)","","","yes","534466","",""
"80's Mega Hits","Free","Journey","Don't Stop Believin'","","","yes","625643","",""
"80's Mega Hits","Free","Journey","Open Arms (2024 Remaster)","","","yes","534472","",""
"80's Mega Hits","Free","Journey","Separate Ways (Worlds Apart) [2024 Remaster]","","","yes","534469","",""
"80's Mega Hits","Free","Joy Division","Love Will Tear Us Apart (2020 Remaster)","","","yes","1021196842","",""
"80's Mega Hits","Free","Judas Priest","You've Got Another Thing Comin'","","","yes","870942","",""
"80's Mega Hits","Free","Kajagoogoo","Too Shy","","","yes","3357587","",""
"80's Mega Hits","Free","Kate Bush","Running Up That Hill (A Deal With God)","","","yes","2173954687","",""
"80's Mega Hits","Free","Kate Bush","This Woman's Work (2018 Remaster)","","","yes","2175439197","",""
"80's Mega Hits","Free","Katrina & The Waves","Walking On Sunshine","","","yes","3166724","",""
"80's Mega Hits","Free","KC & The Sunshine Band","Give It Up","","","yes","541998","",""
"80's Mega Hits","Free","Kenny Loggins","Danger Zone (From ""Top Gun"" Original Soundtrack)","","","yes","7675051","",""
"80's Mega Hits","Free","Kenny Loggins","Footloose (From ""Footloose"" Soundtrack)","","","yes","134012978","",""
"80's Mega Hits","Free","Kim Carnes","Bette Davis Eyes","","","yes","3153065","",""
"80's Mega Hits","Free","Kim Wilde","Kids In America","","","yes","2891799832","",""
"80's Mega Hits","Free","Kim Wilde","You Keep Me Hangin On","","","yes","70646929","",""
"80's Mega Hits","Free","Kool & The Gang","Celebration","","","yes","906568","",""
"80's Mega Hits","Free","Kool & The Gang","Get Down On It","","","yes","94556154","",""
"80's Mega Hits","Free","Kylie Minogue","Got to Be Certain","","","yes","3785971322","",""
"80's Mega Hits","Free","Kylie Minogue","I Should Be so Lucky","","","yes","3785971252","",""
"80's Mega Hits","Free","Kylie Minogue","The Loco-Motion","","","yes","3785971272","",""
"80's Mega Hits","Free","Laura Branigan","Gloria","","","yes","675801","",""
"80's Mega Hits","Free","Laura Branigan","Self Control","","","yes","4288159","",""
"80's Mega Hits","Free","Level 42","Lessons In Love","","","yes","92871830","",""
"80's Mega Hits","Free","Level 42","Something About You","","","yes","92871828","",""
"80's Mega Hits","Free","Limahl","Never Ending Story","","","yes","3518231","",""
"80's Mega Hits","Free","Lionel Richie","All Night Long (All Night)","","","yes","917931","",""
"80's Mega Hits","Free","Lionel Richie","Dancing On The Ceiling","","","yes","905690","",""
"80's Mega Hits","Free","Lionel Richie","Endless Love (From ""The Endless Love"" Soundtrack)","","","yes","906584","",""
"80's Mega Hits","Free","Lionel Richie","Say You, Say Me","","","yes","905697","",""
"80's Mega Hits","Free","Lionel Richie","Stuck On You","","","yes","918083","",""
"80's Mega Hits","Free","Lisa Stansfield","All Around the World (Remastered)","","","yes","598222","",""
"80's Mega Hits","Free","Living Colour","Cult of Personality (Re-Recorded)","","","yes","16159549","",""
"80's Mega Hits","Free","Los Lobos","La Bamba","","","yes","3819736","",""
"80's Mega Hits","Free","Loverboy","Turn Me Loose","","","yes","13166337","",""
"80's Mega Hits","Free","Loverboy","Working for the Weekend","","","yes","2557034","",""
"80's Mega Hits","Free","Luther Vandross","Never Too Much","","","yes","608507","",""
"80's Mega Hits","Free","Madness","House Of Fun","","","yes","3450179701","",""
"80's Mega Hits","Free","Madness","It Must Be Love","","","yes","3541747561","",""
"80's Mega Hits","Free","Madness","Our House","","","yes","130399608","",""
"80's Mega Hits","Free","Madonna","Cherish","","","yes","723897","",""
"80's Mega Hits","Free","Madonna","Crazy for You (Edit)","","","yes","723867","",""
"80's Mega Hits","Free","Madonna","Express Yourself","","","yes","3824997421","",""
"80's Mega Hits","Free","Madonna","Holiday","","","yes","781018","",""
"80's Mega Hits","Free","Madonna","Into the Groove","","","yes","3824997371","",""
"80's Mega Hits","Free","Madonna","La Isla Bonita","","","yes","678372","",""
"80's Mega Hits","Free","Madonna","Like a Prayer","","","yes","664507","",""
"80's Mega Hits","Free","Madonna","Like a Virgin","","","yes","678336","",""
"80's Mega Hits","Free","Madonna","Material Girl (7"" Version) (2022 Remaster)","","","yes","1855500837","",""
"80's Mega Hits","Free","Madonna","Papa Don't Preach","","","yes","678363","",""
"80's Mega Hits","Free","Madonna","Who's That Girl","","","yes","4094775","",""
"80's Mega Hits","Free","Marvin Gaye","Got To Give It Up (Pt. 1)","","","yes","4760900","",""
"80's Mega Hits","Free","Marvin Gaye","Sexual Healing","","","yes","851867","",""
"80's Mega Hits","Free","Matthew Wilder","Break My Stride","","","yes","5503498","",""
"80's Mega Hits","Free","Men At Work","Down Under","","","yes","1030221","",""
"80's Mega Hits","Free","Men At Work","Who Can It Be Now?","","","yes","72191377","",""
"80's Mega Hits","Free","Men Without Hats","Safety Dance (Live)","","","yes","3195517911","",""
"80's Mega Hits","Free","Metallica","Master Of Puppets (Remastered)","","","yes","425695572","",""
"80's Mega Hits","Free","Miami Sound Machine","Conga!","","","yes","565055","",""
"80's Mega Hits","Free","Michael Jackson","Bad (2012 Remaster)","","","yes","59509531","",""
"80's Mega Hits","Free","Michael Jackson","Beat It","","","yes","4763165","",""
"80's Mega Hits","Free","Michael Jackson","Billie Jean","","","yes","4603408","",""
"80's Mega Hits","Free","Michael Jackson","Black or White (Single Version)","","","yes","13129208","",""
"80's Mega Hits","Free","Michael Jackson","Man in the Mirror (Remastered Version)","","","yes","4603411","",""
"80's Mega Hits","Free","Michael Jackson","Rock with You (Single Version)","","","yes","15586286","",""
"80's Mega Hits","Free","Michael Jackson","Smooth Criminal (2012 Remaster)","","","yes","59509511","",""
"80's Mega Hits","Free","Michael Jackson","The Way You Make Me Feel (Remastered Version)","","","yes","4603401","",""
"80's Mega Hits","Free","Michael Jackson","Thriller","","","yes","555639","",""
"80's Mega Hits","Free","Michael Sembello","Maniac","","","yes","540168502","",""
"80's Mega Hits","Free","Midnight Oil","Beds Are Burning (Remastered)","","","yes","13158212","",""
"80's Mega Hits","Free","Mike + The Mechanics","The Living Years (Acoustic)","","","yes","2598565452","",""
"80's Mega Hits","Free","Milli Vanilli","Blame It on the Rain","","","yes","13160823","",""
"80's Mega Hits","Free","Milli Vanilli","Girl You Know It's True","","","yes","69070731","",""
"80's Mega Hits","Free","Milli Vanilli","I'm Gonna Miss You","","","yes","69070734","",""
"80's Mega Hits","Free","Mr. Mister","Broken Wings","","","yes","15391705","",""
"80's Mega Hits","Free","Mr. Mister","Kyrie (Single Version)","","","yes","2847598","",""
"80's Mega Hits","Free","Neneh Cherry","Buffalo Stance","","","yes","3324536","",""
"80's Mega Hits","Free","New Order","Bizarre Love Triangle","","","yes","2481156","",""
"80's Mega Hits","Free","New Order","Blue Monday '88","","","yes","706051","",""
"80's Mega Hits","Free","New Order","Blue Monday (2016 Remaster)","","","yes","131744046","",""
"80's Mega Hits","Free","New Order","True Faith","","","yes","1069047782","",""
"80's Mega Hits","Free","Night Ranger","Sister Christian","","","yes","1559555","",""
"80's Mega Hits","Free","Nik Kershaw","Wouldn't It Be Good","","","yes","1174769","",""
"80's Mega Hits","Free","Odyssey","Going Back to My Roots (Single Version)","","","yes","5495627","",""
"80's Mega Hits","Free","Orchestral Manoeuvres In The Dark","Electricity","","","yes","3156220","",""
"80's Mega Hits","Free","Orchestral Manoeuvres In The Dark","Enola Gay (Remastered 2003)","","","yes","3091948","",""
"80's Mega Hits","Free","Ozzy Osbourne","Crazy Train","","","yes","83919189","",""
"80's Mega Hits","Free","Pat Benatar","Love Is A Battlefield","","","yes","646326522","",""
"80's Mega Hits","Free","Pat Benatar","We Belong","","","yes","3140693","",""
"80's Mega Hits","Free","Patrice Rushen","Forget Me Nots (Remastered)","","","yes","434614222","",""
"80's Mega Hits","Free","Patrick Swayze","She's Like the Wind (feat. Wendy Fraser) (From ""Dirty Dancing"" Soundtrack)","","","yes","13128241","",""
"80's Mega Hits","Free","Patty Smyth","The Warrior","","","yes","70641893","",""
"80's Mega Hits","Free","Paul Simon","You Can Call Me Al","","","yes","6599483","",""
"80's Mega Hits","Free","Paul Young","Every Time You Go Away (Radio Edit)","","","yes","10157132","",""
"80's Mega Hits","Free","Paula Abdul","Straight Up","","","yes","3109328","",""
"80's Mega Hits","Free","Pet Shop Boys","Always on My Mind (2003 Remaster)","","","yes","15707218","",""
"80's Mega Hits","Free","Pet Shop Boys","It's a Sin (2018 Remaster)","","","yes","1912802487","",""
"80's Mega Hits","Free","Pet Shop Boys","Suburbia (2023 Remaster)","","","yes","2210634397","",""
"80's Mega Hits","Free","Pet Shop Boys","West End girls (2023 Remaster)","","","yes","2210634367","",""
"80's Mega Hits","Free","Pet Shop Boys","What Have I Done to Deserve This? (with Dusty Springfield) (2018 Remaster)","","","yes","1912802437","",""
"80's Mega Hits","Free","Peter Cetera","Glory of Love","","","yes","2627636","",""
"80's Mega Hits","Free","Peter Gabriel","In Your Eyes (2012 Remaster)","","","yes","538707912","",""
"80's Mega Hits","Free","Peter Gabriel","Sledgehammer (2012 Remaster)","","","yes","538707842","",""
"80's Mega Hits","Free","Phil Collins","A Groovy Kind of Love (2016 Remaster)","","","yes","134036244","",""
"80's Mega Hits","Free","Phil Collins","Against All Odds (Take a Look at Me Now) (2016 Remaster)","","","yes","134036426","",""
"80's Mega Hits","Free","Phil Collins","Another Day in Paradise (2016 Remaster)","","","yes","134036248","",""
"80's Mega Hits","Free","Phil Collins","Don't Lose My Number (2016 Remaster)","","","yes","122015002","",""
"80's Mega Hits","Free","Phil Collins","In the Air Tonight (2015 Remaster)","","","yes","134036212","",""
"80's Mega Hits","Free","Phil Collins","One More Night (2016 Remaster)","","","yes","122015000","",""
"80's Mega Hits","Free","Phil Collins","Sussudio (2016 Remaster)","","","yes","122014992","",""
"80's Mega Hits","Free","Phil Collins","Two Hearts (2016 Remaster)","","","yes","134036390","",""
"80's Mega Hits","Free","Phil Collins","You Can't Hurry Love (2016 Remaster)","","","yes","134036220","",""
"80's Mega Hits","Free","Philip Bailey","Easy Lover","","","yes","102241218","",""
"80's Mega Hits","Free","Philip Oakey","Together In Electric Dreams","","","yes","3152093","",""
"80's Mega Hits","Free","Pink Floyd","Learning to Fly","","","yes","116914166","",""
"80's Mega Hits","Free","Poison","Nothin' But A Good Time (Remastered 2006)","","","yes","3119140","",""
"80's Mega Hits","Free","Prefab Sprout","The King of Rock 'N' Roll","","","yes","1072831","",""
"80's Mega Hits","Free","Pretenders","Brass in Pocket (2006 Remaster)","","","yes","14636389","",""
"80's Mega Hits","Free","Pretenders","Don't Get Me Wrong","","","yes","661228","",""
"80's Mega Hits","Free","Prince","1999 (2019 Remaster)","","","yes","1172188062","",""
"80's Mega Hits","Free","Prince","I Would Die 4 U (2015 Paisley Park Remaster)","","","yes","374283041","",""
"80's Mega Hits","Free","Prince","Kiss","","","yes","664178","",""
"80's Mega Hits","Free","Prince","Let's Go Crazy (2015 Paisley Park Remaster)","","","yes","374282981","",""
"80's Mega Hits","Free","Prince","Little Red Corvette (2019 Remaster)","","","yes","1172188072","",""
"80's Mega Hits","Free","Prince","Purple Rain (2015 Paisley Park Remaster)","","","yes","374283061","",""
"80's Mega Hits","Free","Prince","Raspberry Beret","","","yes","1173005512","",""
"80's Mega Hits","Free","Prince","When Doves Cry","","","yes","2806039672","",""
"80's Mega Hits","Free","Quarterflash","Harden My Heart","","","yes","25036181","",""
"80's Mega Hits","Free","Queen","Another One Bites The Dust (2011 Remaster)","","","yes","568116022","",""
"80's Mega Hits","Free","Queen","Crazy Little Thing Called Love (2011 Remaster)","","","yes","568115912","",""
"80's Mega Hits","Free","Queen","Gimme The Prize (Remastered 2011)","","","yes","1761591587","",""
"80's Mega Hits","Free","Queen","I Want To Break Free (Remastered 2011)","","","yes","1762553057","",""
"80's Mega Hits","Free","Queen","Radio Ga Ga (Remastered 2011)","","","yes","716513472","",""
"80's Mega Hits","Free","Queen","Under Pressure","","","yes","568116092","",""
"80's Mega Hits","Free","Quiet Riot","Cum on Feel the Noize","","","yes","626119","",""
"80's Mega Hits","Free","R.E.M.","It's The End Of The World As We Know It (And I Feel Fine) (Remastered 2006)","","","yes","3154051","",""
"80's Mega Hits","Free","Ray Parker Jr.","Ghostbusters (from the ""Ghostbusters"" Original Motion Picture Soundtrack)","","","yes","969252","",""
"80's Mega Hits","Free","REO Speedwagon","Can't Fight This Feeling","","","yes","581533","",""
"80's Mega Hits","Free","REO Speedwagon","Keep on Loving You","","","yes","581979","",""
"80's Mega Hits","Free","Retrofile","Disconnected","","","yes","2984010081","",""
"80's Mega Hits","Free","Retrofile","Expectations","","","yes","3153918421","",""
"80's Mega Hits","Free","Retrofile","Poster Child","","","yes","3153918501","",""
"80's Mega Hits","Free","Richard Marx","Right Here Waiting","","","yes","3168937","",""
"80's Mega Hits","Free","Rick Astley","Never Gonna Give You Up","","","yes","3786363472","",""
"80's Mega Hits","Free","Rick Springfield","Jessie's Girl","","","yes","454843722","",""
"80's Mega Hits","Free","Roachford","Cuddly Toy","","","yes","2280831","",""
"80's Mega Hits","Free","Robert Palmer","Addicted To Love","","","yes","2461767","",""
"80's Mega Hits","Free","Robin Beck","First Time","","","yes","11959267","",""
"80's Mega Hits","Free","Rod Stewart","Baby Jane","","","yes","110479784","",""
"80's Mega Hits","Free","Rod Stewart","Some Guys Have All the Luck (2008 Remaster)","","","yes","2550652","",""
"80's Mega Hits","Free","Rod Stewart","Young Turks","","","yes","2550685","",""
"80's Mega Hits","Free","Roxette","It Must Have Been Love (From the Film ""Pretty Woman"")","","","yes","3098301","",""
"80's Mega Hits","Free","Roxette","Listen To Your Heart","","","yes","1663983562","",""
"80's Mega Hits","Free","Roxette","The Look","","","yes","3092167","",""
"80's Mega Hits","Free","Roxy Music","More Than This","","","yes","3088609","",""
"80's Mega Hits","Free","Roy Orbison","You Got It","","","yes","3570745","",""
"80's Mega Hits","Free","Run DMC","It's Tricky","","","yes","994699","",""
"80's Mega Hits","Free","Run DMC","Walk This Way (feat. Aerosmith)","","","yes","994702","",""
"80's Mega Hits","Free","Sade","Kiss of Life","","","yes","1030652052","",""
"80's Mega Hits","Free","Sade","Paradise","","","yes","1030652012","",""
"80's Mega Hits","Free","Sade","Smooth Operator (Single Version)","","","yes","1030651922","",""
"80's Mega Hits","Free","Sade","Your Love Is King","","","yes","1030651902","",""
"80's Mega Hits","Free","Salt-N-Pepa","Push It (Re-Recorded) [Remastered]","","","yes","72969500","",""
"80's Mega Hits","Free","Sananda Maitreya","If You Let Me Stay","","","yes","1082502","",""
"80's Mega Hits","Free","Sandra","(I'll Never Be) Maria Magdalena (Single Verison)","","","yes","125541392","",""
"80's Mega Hits","Free","Scandal","The Warrior (feat. Patty Smyth)","","","yes","1079844","",""
"80's Mega Hits","Free","Simple Minds","Alive And Kicking","","","yes","4226402","",""
"80's Mega Hits","Free","Simple Minds","Don't You (Forget About Me)","","","yes","5079647","",""
"80's Mega Hits","Free","Simply Red","Holding Back the Years (2008 Remaster)","","","yes","2477001","",""
"80's Mega Hits","Free","Simply Red","If You Don't Know Me by Now (2008 Remaster)","","","yes","2477046","",""
"80's Mega Hits","Free","Simply Red","Money's Too Tight (To Mention) (2008 Remaster)","","","yes","2476999","",""
"80's Mega Hits","Free","Skid Row","I Remember You","","","yes","692615052","",""
"80's Mega Hits","Free","Soft Cell","Tainted Love","","","yes","7303288","",""
"80's Mega Hits","Free","Soul II Soul","Back To Life","","","yes","3125988","",""
"80's Mega Hits","Free","Spandau Ballet","Gold","","","yes","3130318","",""
"80's Mega Hits","Free","Spandau Ballet","True (2003 Remaster)","","","yes","7617273","",""
"80's Mega Hits","Free","Squeeze","Tempted","","","yes","524135532","",""
"80's Mega Hits","Free","Starship","Nothing's Gonna Stop Us Now","","","yes","602137932","",""
"80's Mega Hits","Free","Starship","Sara","","","yes","602137982","",""
"80's Mega Hits","Free","Starship","We Built This City","","","yes","602137972","",""
"80's Mega Hits","Free","Stephanie Mills","Never Knew Love Like This Before","","","yes","2288314","",""
"80's Mega Hits","Free","Steve Miller Band","Abracadabra (Round n' Round) (Radio Edit)","","","yes","17743170","",""
"80's Mega Hits","Free","Steve Perry","Oh Sherrie","","","yes","5495387","",""
"80's Mega Hits","Free","Steve Winwood","Higher Love (Single Version)","","","yes","906593","",""
"80's Mega Hits","Free","Steve Winwood","Valerie (Remix)","","","yes","750644212","",""
"80's Mega Hits","Free","Stevie Nicks","Edge of Seventeen (2016 Remaster)","","","yes","135376666","",""
"80's Mega Hits","Free","Sting","Englishman In New York","","","yes","2525863","",""
"80's Mega Hits","Free","Styx","Mr. Roboto","","","yes","952547","",""
"80's Mega Hits","Free","Survivor","Burning Heart (From ""Rocky IV"" Soundtrack)","","","yes","576423","",""
"80's Mega Hits","Free","Survivor","Eye of the Tiger","","","yes","576431","",""
"80's Mega Hits","Free","T'Pau","China In Your Hand (Single Version)","","","yes","3166614","",""
"80's Mega Hits","Free","Talk Talk","It's My Life (1997 Remaster)","","","yes","3257507","",""
"80's Mega Hits","Free","Talking Heads","Once in a Lifetime (2003 Remaster)","","","yes","747579","",""
"80's Mega Hits","Free","Talking Heads","Road to Nowhere (2003 Remaster)","","","yes","747616","",""
"80's Mega Hits","Free","Talking Heads","This Must Be the Place (Naive Melody) (2005 Remaster)","","","yes","3614317","",""
"80's Mega Hits","Free","Taylor Dayne","Tell It to My Heart","","","yes","8164657","",""
"80's Mega Hits","Free","Tears For Fears","Everybody Wants To Rule The World","","","yes","88845911","",""
"80's Mega Hits","Free","Tears For Fears","Head Over Heels","","","yes","424565892","",""
"80's Mega Hits","Free","Tears For Fears","Mad World","","","yes","1090633","",""
"80's Mega Hits","Free","Tears For Fears","Shout (7"" Edit)","","","yes","424565842","",""
"80's Mega Hits","Free","Tears For Fears","Sowing The Seeds Of Love","","","yes","424565872","",""
"80's Mega Hits","Free","Tears For Fears","Woman In Chains","","","yes","424565902","",""
"80's Mega Hits","Free","Technotronic","Pump Up The Jam","","","yes","2961498","",""
"80's Mega Hits","Free","The Alan Parsons Project","Eye In The Sky","","","yes","328213571","",""
"80's Mega Hits","Free","The Alan Parsons Project","Sirius","","","yes","328213561","",""
"80's Mega Hits","Free","The B-52's","Love Shack","","","yes","3929350","",""
"80's Mega Hits","Free","The B-52's","Roam","","","yes","3929352","",""
"80's Mega Hits","Free","The Bangles","Manic Monday","","","yes","608749","",""
"80's Mega Hits","Free","The Buggles","Video Killed The Radio Star","","","yes","2449584","",""
"80's Mega Hits","Free","The Cars","Drive","","","yes","674711","",""
"80's Mega Hits","Free","The Cars","Good Times Roll","","","yes","6490170","",""
"80's Mega Hits","Free","The Cars","Hello Again (2017 Remaster)","","","yes","474178152","",""
"80's Mega Hits","Free","The Cars","Just What I Needed","","","yes","404618712","",""
"80's Mega Hits","Free","The Cars","You Might Think","","","yes","674705","",""
"80's Mega Hits","Free","The Clash","Rock the Casbah (Remastered)","","","yes","69962765","",""
"80's Mega Hits","Free","The Clash","Should I Stay or Should I Go (Remastered)","","","yes","69962764","",""
"80's Mega Hits","Free","The Commitments","Mustang Sally","","","yes","890307","",""
"80's Mega Hits","Free","The Cure","Close to Me","","","yes","409670312","",""
"80's Mega Hits","Free","The Cure","In Between Days (2006 Remaster)","","","yes","14618836","",""
"80's Mega Hits","Free","The Cure","Just like Heaven (2006 Remaster)","","","yes","14618872","",""
"80's Mega Hits","Free","The Cure","Lovesong (2010 Remaster)","","","yes","14637327","",""
"80's Mega Hits","Free","The Dream Academy","Life in a Northern Town","","","yes","3820055","",""
"80's Mega Hits","Free","The Go-Go's","Our Lips Are Sealed (Single Version)","","","yes","2113409","",""
"80's Mega Hits","Free","The Go-Go's","Vacation","","","yes","3361316","",""
"80's Mega Hits","Free","The Go-Go's","We Got The Beat (2011 Remaster)","","","yes","11233716","",""
"80's Mega Hits","Free","The Housemartins","Happy Hour","","","yes","584214662","",""
"80's Mega Hits","Free","The Human League","Don't You Want Me","","","yes","3092940","",""
"80's Mega Hits","Free","The Human League","Human","","","yes","15719825","",""
"80's Mega Hits","Free","The Jam","Town Called Malice","","","yes","101741387","",""
"80's Mega Hits","Free","The Knack","My Sharona","","","yes","3248376","",""
"80's Mega Hits","Free","The Outfield","Your Love","","","yes","856124","",""
"80's Mega Hits","Free","The Pointer Sisters","I'm So Excited","","","yes","346967941","",""
"80's Mega Hits","Free","The Pointer Sisters","Jump (Original Mix)","","","yes","348307831","",""
"80's Mega Hits","Free","The Police","Don't Stand So Close To Me","","","yes","665711142","",""
"80's Mega Hits","Free","The Police","Every Breath You Take","","","yes","665714262","",""
"80's Mega Hits","Free","The Police","Every Little Thing She Does Is Magic","","","yes","665713832","",""
"80's Mega Hits","Free","The Proclaimers","I'm Gonna Be (500 Miles)","","","yes","3111030","",""
"80's Mega Hits","Free","The Psychedelic Furs","Pretty In Pink","","","yes","548743","",""
"80's Mega Hits","Free","The Rolling Stones","Start Me Up (Remastered 2009)","","","yes","4125592","",""
"80's Mega Hits","Free","The Romantics","Talking In Your Sleep","","","yes","1030263","",""
"80's Mega Hits","Free","The Romantics","What I Like About You","","","yes","1129265","",""
"80's Mega Hits","Free","The Smiths","How Soon Is Now? (2011 Remaster)","","","yes","13776567","",""
"80's Mega Hits","Free","The Smiths","There Is a Light That Never Goes Out (2011 Remaster)","","","yes","13785973","",""
"80's Mega Hits","Free","The Smiths","This Charming Man (Single Version; 2008 Remaster)","","","yes","5093604","",""
"80's Mega Hits","Free","The Stranglers","Golden Brown","","","yes","3152622","",""
"80's Mega Hits","Free","The The","This Is the Day","","","yes","872090","",""
"80's Mega Hits","Free","Thompson Twins","Hold Me Now","","","yes","3803453672","",""
"80's Mega Hits","Free","Tiffany","I Think We're Alone Now","","","yes","65121042","",""
"80's Mega Hits","Free","Tina Turner","The Best","","","yes","3142379","",""
"80's Mega Hits","Free","Tina Turner","We Don't Need Another Hero (Thunderdome)","","","yes","102271990","",""
"80's Mega Hits","Free","Tina Turner","What's Love Got to Do with It","","","yes","3120266","",""
"80's Mega Hits","Free","Tom Petty","Free Fallin'","","","yes","2303727","",""
"80's Mega Hits","Free","Tom Petty","I Won't Back Down","","","yes","2303728","",""
"80's Mega Hits","Free","Tom Petty And The Heartbreakers","Don't Come Around Here No More","","","yes","588236352","",""
"80's Mega Hits","Free","Tone-Loc","Wild Thing","","","yes","84364029","",""
"80's Mega Hits","Free","Toto","Africa","","","yes","1079668","",""
"80's Mega Hits","Free","Toto","Rosanna","","","yes","1079628","",""
"80's Mega Hits","Free","Tracy Chapman","Fast Car","","","yes","2271563","",""
"80's Mega Hits","Free","Transvision Vamp","Baby I Don't Care","","","yes","2179183","",""
"80's Mega Hits","Free","U2","I Still Haven't Found What I'm Looking For","","","yes","366440301","",""
"80's Mega Hits","Free","U2","Pride (In The Name Of Love) (Remastered 2009)","","","yes","4587261","",""
"80's Mega Hits","Free","U2","Sunday Bloody Sunday (Remastered 2008)","","","yes","1579265","",""
"80's Mega Hits","Free","U2","The Unforgettable Fire (Remastered 2009)","","","yes","4587263","",""
"80's Mega Hits","Free","U2","Where The Streets Have No Name (Remastered)","","","yes","366440291","",""
"80's Mega Hits","Free","U2","With Or Without You","","","yes","347363311","",""
"80's Mega Hits","Free","UB40","(I Can't Help) Falling In Love With You","","","yes","3152882","",""
"80's Mega Hits","Free","UB40","Red Red Wine","","","yes","3167611","",""
"80's Mega Hits","Free","Ultravox","Dancing with Tears in My Eyes","","","yes","1787621717","",""
"80's Mega Hits","Free","Van Halen","Jump (2015 Remaster)","","","yes","97098410","",""
"80's Mega Hits","Free","Van Halen","Panama (2015 Remaster)","","","yes","97098412","",""
"80's Mega Hits","Free","Vita Chino","This","","","yes","917555552","",""
"80's Mega Hits","Free","Wang Chung","Dance Hall Days","","","yes","1091006062","",""
"80's Mega Hits","Free","Wet Wet Wet","Sweet Little Mystery","","","yes","72370373","",""
"80's Mega Hits","Free","Wham!","Club Tropicana","","","yes","1073437","",""
"80's Mega Hits","Free","Wham!","Everything She Wants","","","yes","15189062","",""
"80's Mega Hits","Free","Wham!","Freedom","","","yes","14525087","",""
"80's Mega Hits","Free","Wham!","Last Christmas","","","yes","1036586","",""
"80's Mega Hits","Free","Wham!","Wake Me Up Before You Go-Go","","","yes","15194531","",""
"80's Mega Hits","Free","Whitesnake","Here I Go Again (1987 Version / 2017 Remaster)","","","yes","3746038512","",""
"80's Mega Hits","Free","Whitesnake","Is This Love (2018 Remaster)","","","yes","3746036982","",""
"80's Mega Hits","Free","Whitney Houston","How Will I Know","","","yes","5181151","",""
"80's Mega Hits","Free","Whitney Houston","I Wanna Dance with Somebody (Who Loves Me)","","","yes","75981528","",""
"80's Mega Hits","Free","Whitney Houston","One Moment in Time","","","yes","61752310","",""
"80's Mega Hits","Free","Whitney Houston","Saving All My Love for You","","","yes","1131191","",""
"80's Mega Hits","Free","Yaz","Don't Go","","","yes","14619290","",""
"80's Mega Hits","Free","Yaz","Only You","","","yes","14619296","",""
"80's Mega Hits","Free","Yazoo","Don't Go (Live)","","","yes","3803600192","",""
"80's Mega Hits","Free","Yazz","The Only Way Is Up","","","yes","143782586","",""
"80's Mega Hits","Free","Yes","Owner of a Lonely Heart","","","yes","3613215","",""
"80's Mega Hits","Free","ZZ Top","Gimme All Your Lovin'","","","yes","3788398252","",""
"90's Mega Hits","Free","*NSYNC","Bye Bye Bye","","","yes","2930817891","",""
"90's Mega Hits","Free","*NSYNC","I Want You Back (Radio Edit)","","","yes","1022536","",""
"90's Mega Hits","Free","*NSYNC","Tearin' up My Heart (Radio Edit)","","","yes","15477160","",""
"90's Mega Hits","Free","10,000 Maniacs","Because the Night (Live Unplugged)","","","yes","3821985","",""
"90's Mega Hits","Free","2 Unlimited","No Limit","","","yes","134706074","",""
"90's Mega Hits","Free","2Pac","California Love (Original Version)","","","yes","87960517","",""
"90's Mega Hits","Free","311","Amber","","","yes","13176040","",""
"90's Mega Hits","Free","311","Beautiful Disaster","","YES","no - explicit","13176042","",""
"90's Mega Hits","Free","4 Non Blondes","What's Up?","","","yes","2184743","",""
"90's Mega Hits","Free","A Tribe Called Quest","Can I Kick It?","","","yes","3311319751","",""
"90's Mega Hits","Free","A Tribe Called Quest","Rap Promoter","","","yes","2465905","",""
"90's Mega Hits","Free","Aaliyah","Back & Forth","","","yes","13165748","",""
"90's Mega Hits","Free","AC/DC","Are You Ready","","","yes","92720114","",""
"90's Mega Hits","Free","Ace of Base","All That She Wants","","","yes","94676692","",""
"90's Mega Hits","Free","Ace of Base","The Sign","","","yes","93851026","",""
"90's Mega Hits","Free","Aerosmith","Cryin'","","","yes","2246520677","",""
"90's Mega Hits","Free","Aerosmith","I Don't Want To Miss A Thing","","","yes","624823","",""
"90's Mega Hits","Free","Aerosmith","I Don't Want to Miss a Thing (From ""Armageddon"" Soundtrack)","","","yes","70631608","",""
"90's Mega Hits","Free","Alan Jackson","Chattahoochee","","","yes","1076379","",""
"90's Mega Hits","Free","Alanis Morissette","Head over Feet (2015 Remaster)","","","yes","109843300","",""
"90's Mega Hits","Free","Alanis Morissette","Ironic","","","yes","789250","",""
"90's Mega Hits","Free","Alanis Morissette","You Oughta Know (2015 Remaster)","","YES","no - explicit","109843288","",""
"90's Mega Hits","Free","Alice In Chains","Bleed The Freak","","YES","no - explicit","15523338","",""
"90's Mega Hits","Free","Alice In Chains","Man in the Box","","YES","no - explicit","15523335","",""
"90's Mega Hits","Free","Alice In Chains","Would? (2022 Remaster)","","","yes","15178233","",""
"90's Mega Hits","Free","All-4-One","I Swear (Radio Edit)","","","yes","2637206902","",""
"90's Mega Hits","Free","Amber","This Is Your Night","","","yes","1587026032","",""
"90's Mega Hits","Free","Amy Grant","Baby, Baby","","","yes","3145500","",""
"90's Mega Hits","Free","Annie Lennox","No More ""I Love You's""","","","yes","1047744","",""
"90's Mega Hits","Free","Annie Lennox","Walking on Broken Glass","","","yes","1048702","",""
"90's Mega Hits","Free","Aqua","Barbie Girl","","","yes","1115044","",""
"90's Mega Hits","Free","Aqua","Lollipop (Candyman)","","","yes","1115049","",""
"90's Mega Hits","Free","Arrested Development","People Everyday (Metamorphosis Mix)","","","yes","3100807","",""
"90's Mega Hits","Free","ATB","9Pm (Till I Come)","","","yes","61639624","",""
"90's Mega Hits","Free","Backstreet Boys","Everybody (Backstreet's Back) (Extended Version)","","","yes","15397479","",""
"90's Mega Hits","Free","Backstreet Boys","I Want It That Way","","","yes","13141170","",""
"90's Mega Hits","Free","Backstreet Boys","Larger Than Life","","","yes","13141169","",""
"90's Mega Hits","Free","Barenaked Ladies","It's All Been Done","","","yes","517326592","",""
"90's Mega Hits","Free","Barenaked Ladies","One Week","","","yes","13805977","",""
"90's Mega Hits","Free","Beastie Boys","Intergalactic (Remastered 2009)","","","yes","4013664","",""
"90's Mega Hits","Free","Beastie Boys","Sabotage","","","yes","3119536","",""
"90's Mega Hits","Free","Beck","Loser","","","yes","422033092","",""
"90's Mega Hits","Free","Bell Biv DeVoe","Poison","","","yes","765887552","",""
"90's Mega Hits","Free","Ben Folds Five","Brick","","","yes","582003","",""
"90's Mega Hits","Free","Better Than Ezra","Desperately Wanting","","","yes","3928390","",""
"90's Mega Hits","Free","Better Than Ezra","Good","","","yes","5271867","",""
"90's Mega Hits","Free","Big Mountain","Baby, I Love Your Way","","","yes","846215","",""
"90's Mega Hits","Free","Big Pun","Still Not a Player (feat. Joe) (Radio Version)","","","yes","13189024","",""
"90's Mega Hits","Free","Billy Ray Cyrus","Achy Breaky Heart","","","yes","921154","",""
"90's Mega Hits","Free","Black Box","Ride on Time","","","yes","70051871","",""
"90's Mega Hits","Free","Black Box","Strike It Up","","","yes","70051874","",""
"90's Mega Hits","Free","Black Star","Definition","","YES","no - explicit","2439301","",""
"90's Mega Hits","Free","Blackstreet","No Diggity","","","yes","916496","",""
"90's Mega Hits","Free","Blessid Union Of Souls","Hey Leonardo (She Likes Me for Me)","","","yes","74460864","",""
"90's Mega Hits","Free","Blind Melon","No Rain","","","yes","3359652","",""
"90's Mega Hits","Free","blink-182","All The Small Things","","","yes","127354207","",""
"90's Mega Hits","Free","blink-182","Dammit","","YES","no - explicit","2267825","",""
"90's Mega Hits","Free","blink-182","What's My Age Again?","","YES","no - explicit","552496552","",""
"90's Mega Hits","Free","Bloodhound Gang","The Bad Touch","","YES","no - explicit","89748393","",""
"90's Mega Hits","Free","Blues Traveler","Hook","","","yes","2285409","",""
"90's Mega Hits","Free","Blues Traveler","Run-Around","","","yes","1168330","",""
"90's Mega Hits","Free","Boyz II Men","End Of The Road","","","yes","2426056","",""
"90's Mega Hits","Free","Boyz II Men","I'll Make Love To You","","","yes","7314701","",""
"90's Mega Hits","Free","Bran Van 3000","Drinking in L.A.","","","yes","128237751","",""
"90's Mega Hits","Free","Brian McKnight","Back At One","","","yes","2173612","",""
"90's Mega Hits","Free","Britney Spears","...Baby One More Time","","","yes","540175","",""
"90's Mega Hits","Free","Britney Spears","(You Drive Me) Crazy","","","yes","540176","",""
"90's Mega Hits","Free","Britney Spears","Oops!...I Did It Again","","","yes","13142617","",""
"90's Mega Hits","Free","Britney Spears","Sometimes","","","yes","540177","",""
"90's Mega Hits","Free","Brooks & Dunn","Neon Moon","","","yes","969408","",""
"90's Mega Hits","Free","Brooks Jefferson","Friends in Low Places","","","yes","97664982","",""
"90's Mega Hits","Free","Bruce Springsteen","Streets of Philadelphia (Single Edit)","","","yes","552942362","",""
"90's Mega Hits","Free","Buckcherry","Lit Up","","YES","no - explicit","2192282","",""
"90's Mega Hits","Free","Bush","Glycerine (Remastered 2014)","","","yes","2526331081","",""
"90's Mega Hits","Free","C & C Music Factory","Gonna Make You Sweat (Everybody Dance Now)","","","yes","2311029","",""
"90's Mega Hits","Free","Cake","Never There","","","yes","969434","",""
"90's Mega Hits","Free","Cake","Short Skirt / Long Jacket","","","yes","624991","",""
"90's Mega Hits","Free","Candlebox","Far Behind","","","yes","4292887","",""
"90's Mega Hits","Free","CeCe Peniston","Finally","","","yes","1758853257","",""
"90's Mega Hits","Free","Céline Dion","All By Myself","","","yes","714269242","",""
"90's Mega Hits","Free","Céline Dion","Because You Loved Me (Theme from ""Up Close and Personal"")","","","yes","14552288","",""
"90's Mega Hits","Free","Céline Dion","It's All Coming Back to Me Now (Radio Edit 1)","","","yes","14552282","",""
"90's Mega Hits","Free","Céline Dion","My Heart Will Go On (Love Theme from ""Titanic"")","","","yes","14552280","",""
"90's Mega Hits","Free","Céline Dion","That's the Way It Is","","","yes","14552286","",""
"90's Mega Hits","Free","Cher","Believe","","","yes","786717","",""
"90's Mega Hits","Free","Cher","Strong Enough","","","yes","786748","",""
"90's Mega Hits","Free","Cherry Poppin' Daddies","Zoot Suit Riot","","","yes","69256670","",""
"90's Mega Hits","Free","Chesney Hawkes","The One And Only","","","yes","10426809","",""
"90's Mega Hits","Free","Chris Isaak","Wicked Game","","","yes","1391362322","",""
"90's Mega Hits","Free","Christina Aguilera","Come on over Baby (All I Want Is You) (Radio Version)","","","yes","15629723","",""
"90's Mega Hits","Free","Christina Aguilera","Genie In a Bottle","","","yes","15627386","",""
"90's Mega Hits","Free","Christina Aguilera","What a Girl Wants","","","yes","15627387","",""
"90's Mega Hits","Free","Chumbawamba","Tubthumping (Radio Edit)","","","yes","1240062852","",""
"90's Mega Hits","Free","Citizen King","Better Days (And the Bottom Drops Out)","","","yes","6640921","",""
"90's Mega Hits","Free","Collective Soul","December","","","yes","1444368392","",""
"90's Mega Hits","Free","Collective Soul","Shine","","","yes","1444387612","",""
"90's Mega Hits","Free","Collective Soul","The World I Know (LP Version)","","","yes","1444380862","",""
"90's Mega Hits","Free","Coolio","Gangsta's Paradise","","","yes","1584416372","",""
"90's Mega Hits","Free","Cornershop","Brimful of Asha","","","yes","14628605","",""
"90's Mega Hits","Free","Corona","The Rhythm of the Night","","","yes","74225636","",""
"90's Mega Hits","Free","Counting Crows","A Long December","","","yes","2963069","",""
"90's Mega Hits","Free","Counting Crows","Hanginaround","","","yes","78934714","",""
"90's Mega Hits","Free","Counting Crows","Mr. Jones","","","yes","925653","",""
"90's Mega Hits","Free","Counting Crows","Round Here","","","yes","925651","",""
"90's Mega Hits","Free","Crash Test Dummies","Mmm Mmm Mmm Mmm","","","yes","90630611","",""
"90's Mega Hits","Free","Crazy Town","Butterfly","","","yes","13144759","",""
"90's Mega Hits","Free","Creed","Higher","","","yes","80274464","",""
"90's Mega Hits","Free","Creed","With Arms Wide Open (New Version With Strings)","","","yes","113418274","",""
"90's Mega Hits","Free","Crowded House","Weather With You","","","yes","3123902","",""
"90's Mega Hits","Free","Crystal Waters","Gypsy Woman (She's Homeless) (La Da Dee La Da Da) (Basement Boy Strip To The Bone Mix)","","","yes","548725862","",""
"90's Mega Hits","Free","Culture Beat","Mr. Vain (Original Radio Edit)","","","yes","17347911","",""
"90's Mega Hits","Free","Cypress Hill","Hits from the Bong","","YES","no - explicit","1015879","",""
"90's Mega Hits","Free","Cypress Hill","Insane in the Brain","","YES","no - explicit","1015862","",""
"90's Mega Hits","Free","Daft Punk","Around the World","","","yes","3129775","",""
"90's Mega Hits","Free","Darude","Sandstorm","","","yes","11390027","",""
"90's Mega Hits","Free","Daryl Braithwaite","The Horses","","","yes","12791711","",""
"90's Mega Hits","Free","Dave Matthews Band","Ants Marching","","","yes","90119629","",""
"90's Mega Hits","Free","Dave Matthews Band","Crash into Me","","","yes","7675118","",""
"90's Mega Hits","Free","Deee-Lite","Groove Is in the Heart","","","yes","75070408","",""
"90's Mega Hits","Free","Deep Blue Something","Breakfast At Tiffany's","","","yes","2315711","",""
"90's Mega Hits","Free","Del Amitri","Roll To Me","","","yes","2528644","",""
"90's Mega Hits","Free","Depeche Mode","Enjoy the Silence","","","yes","68515055","",""
"90's Mega Hits","Free","Depeche Mode","Personal Jesus","","","yes","68513563","",""
"90's Mega Hits","Free","Depeche Mode","Policy of Truth","","","yes","136331384","",""
"90's Mega Hits","Free","Destiny's Child","Bills, Bills, Bills","","","yes","580889","",""
"90's Mega Hits","Free","Destiny's Child","Independent Women, Pt. 1","","","yes","5817088","",""
"90's Mega Hits","Free","Destiny's Child","Jumpin', Jumpin'","","","yes","580931","",""
"90's Mega Hits","Free","Destiny's Child","Say My Name","","","yes","580936","",""
"90's Mega Hits","Free","Destiny's Child","Survivor","","","yes","5817089","",""
"90's Mega Hits","Free","Diddy","I'll Be Missing You (feat. Faith Evans & 112) (2014 Remaster)","","","yes","82487070","",""
"90's Mega Hits","Free","Dido","Here With Me","","","yes","962165","",""
"90's Mega Hits","Free","Dido","Thank You","","","yes","962173","",""
"90's Mega Hits","Free","Dishwalla","Counting Blue Cars (Tell Me Your Thoughts On God)","","","yes","7372621","",""
"90's Mega Hits","Free","Dispatch","Bang Bang","","","yes","92590810","",""
"90's Mega Hits","Free","Dispatch","The General","","","yes","92590808","",""
"90's Mega Hits","Free","Divinyls","I Touch Myself","","","yes","3152715","",""
"90's Mega Hits","Free","DJ Jazzy Jeff & The Fresh Prince","Summertime","","","yes","831351","",""
"90's Mega Hits","Free","DMX","Party Up","","YES","no - explicit","553801682","",""
"90's Mega Hits","Free","DMX","X Gon' Give It To Ya","","YES","no - explicit","2251072","",""
"90's Mega Hits","Free","DNA","Tom's Diner (7"" Version)","","","yes","549263622","",""
"90's Mega Hits","Free","Dog's Eye View","Everything Falls Apart","","","yes","13253011","",""
"90's Mega Hits","Free","Donna Lewis","I Love You Always Forever","","","yes","846048","",""
"90's Mega Hits","Free","Dr. Dre","Forgot About Dre","","YES","no - explicit","128743593","",""
"90's Mega Hits","Free","Dr. Dre","Nuthin' But A ""G"" Thang","","YES","no - explicit","2132919007","",""
"90's Mega Hits","Free","Dr. Dre","Still D.R.E.","","YES","no - explicit","128743581","",""
"90's Mega Hits","Free","Duncan Sheik","Barely Breathing","","","yes","3663560","",""
"90's Mega Hits","Free","Duran Duran","Ordinary World","","","yes","3130430","",""
"90's Mega Hits","Free","Eagle-Eye Cherry","Save Tonight","","","yes","15598892","",""
"90's Mega Hits","Free","East 17","Stay Another Day","","","yes","428735552","",""
"90's Mega Hits","Free","Edwin McCain","I'll Be","","","yes","6462599","",""
"90's Mega Hits","Free","Edwyn Collins","A Girl Like You","","","yes","14282849","",""
"90's Mega Hits","Free","Elton John","Circle of Life","","","yes","81105456","",""
"90's Mega Hits","Free","EMF","Unbelievable","","YES","no - explicit","367782641","",""
"90's Mega Hits","Free","Eminem","My Name Is","","YES","no - explicit","1109729","",""
"90's Mega Hits","Free","En Vogue","Free Your Mind","","","yes","772237","",""
"90's Mega Hits","Free","Enya","Only Time","","","yes","775117","",""
"90's Mega Hits","Free","Eric Carmen","Make Me Lose Control","","","yes","75487832","",""
"90's Mega Hits","Free","Evan and Jaron","Crazy for This Girl","","","yes","830064","",""
"90's Mega Hits","Free","Eve 6","Inside Out","","","yes","2311279","",""
"90's Mega Hits","Free","Everclear","Amphetamine","","YES","no - explicit","142750412","",""
"90's Mega Hits","Free","Everclear","Father Of Mine","","","yes","142750406","",""
"90's Mega Hits","Free","Everclear","I Will Buy You A New Life (Remastered 2004)","","","yes","3137821","",""
"90's Mega Hits","Free","Everclear","Santa Monica","","","yes","3131304","",""
"90's Mega Hits","Free","Everlast","What It's Like","","YES","no - explicit","1586973152","",""
"90's Mega Hits","Free","Everything But The Girl","Missing (Todd Terry Club Mix / US Radio Edit)","","","yes","1787742227","",""
"90's Mega Hits","Free","Faith Evans","Love Like This","","","yes","6917807","",""
"90's Mega Hits","Free","Faithless","Insomnia (Radio Edit)","","","yes","13139460","",""
"90's Mega Hits","Free","Fastball","The Way","","","yes","24223581","",""
"90's Mega Hits","Free","Fatboy Slim","Praise You","","","yes","15686777","",""
"90's Mega Hits","Free","Fatboy Slim","The Rockafeller Skank (Short Edit)","","","yes","15686919","",""
"90's Mega Hits","Free","Filter","Take A Picture","","","yes","1444388582","",""
"90's Mega Hits","Free","Fiona Apple","Criminal","","","yes","82293008","",""
"90's Mega Hits","Free","Foo Fighters","Everlong","","","yes","4762041","",""
"90's Mega Hits","Free","Foo Fighters","Learn to Fly","","","yes","4311599","",""
"90's Mega Hits","Free","Foo Fighters","Monkey Wrench","","","yes","4311601","",""
"90's Mega Hits","Free","Foo Fighters","My Hero","","","yes","4311598","",""
"90's Mega Hits","Free","Freak Nasty","Da' Dip (ORIGINAL)","","","yes","63612387","",""
"90's Mega Hits","Free","Fuel","Hemorrhage (In My Hands)","","","yes","7675296","",""
"90's Mega Hits","Free","Fuel","Shimmer","","","yes","1030121","",""
"90's Mega Hits","Free","Fugees","Fu-Gee-La","","YES","no - explicit","15528006","",""
"90's Mega Hits","Free","Fugees","Ready or Not","","YES","no - explicit","15528003","",""
"90's Mega Hits","Free","Gabrielle","Dreams","","","yes","124220438","",""
"90's Mega Hits","Free","Gala","Freed From Desire","","","yes","6907156","",""
"90's Mega Hits","Free","Garbage","I Think I'm Paranoid","","","yes","514401922","",""
"90's Mega Hits","Free","Garbage","Only Happy When It Rains","","","yes","1761052427","",""
"90's Mega Hits","Free","Garbage","Stupid Girl (Todd Terry Remix)","","","yes","1761472267","",""
"90's Mega Hits","Free","George Michael","Fastlove, Pt. 1","","","yes","8112357","",""
"90's Mega Hits","Free","George Michael","Father Figure (Remastered)","","","yes","8146780","",""
"90's Mega Hits","Free","George Michael","Freedom! '90 (Remastered)","","","yes","10392088","",""
"90's Mega Hits","Free","Geto Boys","Mind Playing Tricks on Me","","YES","no - explicit","3357435491","",""
"90's Mega Hits","Free","Ghost Town DJs","My Boo (Hitman's Club Mix)","","","yes","124271124","",""
"90's Mega Hits","Free","Gin Blossoms","Follow You Down (Edit)","","","yes","725641572","",""
"90's Mega Hits","Free","Gin Blossoms","Found Out About You","","","yes","549313892","",""
"90's Mega Hits","Free","Gin Blossoms","Hey Jealousy","","","yes","2448344","",""
"90's Mega Hits","Free","Gin Blossoms","Til I Hear It From You","","","yes","668946792","",""
"90's Mega Hits","Free","Ginuwine","Differences","","","yes","567968","",""
"90's Mega Hits","Free","Ginuwine","Pony","","","yes","82524066","",""
"90's Mega Hits","Free","Ginuwine","So Anxious","","","yes","625436","",""
"90's Mega Hits","Free","Goldfinger","Here In Your Bedroom","","","yes","7978570","",""
"90's Mega Hits","Free","Goldfinger","Superman","","","yes","7978573","",""
"90's Mega Hits","Free","Green Day","Basket Case","","","yes","678044","",""
"90's Mega Hits","Free","Green Day","Brain Stew","","YES","no - explicit","3599697","",""
"90's Mega Hits","Free","Green Day","Good Riddance (Time of Your Life)","","YES","no - explicit","778429","",""
"90's Mega Hits","Free","Green Day","Welcome to Paradise","","","yes","678040","",""
"90's Mega Hits","Free","Guns N' Roses","Knockin' On Heaven's Door","","","yes","505510232","",""
"90's Mega Hits","Free","Guns N' Roses","November Rain","","","yes","1169683","",""
"90's Mega Hits","Free","Haddaway","What Is Love (7"" Mix)","","","yes","3641283332","",""
"90's Mega Hits","Free","Hanson","I Will Come To You","","","yes","2437596","",""
"90's Mega Hits","Free","Hanson","MMMBop","","","yes","88685889","",""
"90's Mega Hits","Free","Heart","All I Wanna Do Is Make Love To You","","","yes","3482138","",""
"90's Mega Hits","Free","Hole","Violet","","","yes","6604067","",""
"90's Mega Hits","Free","Hootie & The Blowfish","Hold My Hand","","","yes","4086674","",""
"90's Mega Hits","Free","Hootie & The Blowfish","I Go Blind (2019 Remaster)","","","yes","686724212","",""
"90's Mega Hits","Free","Hootie & The Blowfish","Let Her Cry","","","yes","4086675","",""
"90's Mega Hits","Free","Hootie & The Blowfish","Only Wanna Be With You","","","yes","4086676","",""
"90's Mega Hits","Free","Incubus","Drive","","","yes","14876844","",""
"90's Mega Hits","Free","James","Laid","","","yes","1147560","",""
"90's Mega Hits","Free","Jamiroquai","Canned Heat (Remastered 2006)","","","yes","1884719687","",""
"90's Mega Hits","Free","Jamiroquai","Virtual Insanity (Remastered 2006)","","","yes","1884719637","",""
"90's Mega Hits","Free","Janet Jackson","That's The Way Love Goes","","","yes","3501645","",""
"90's Mega Hits","Free","Janet Jackson","Together Again","","","yes","1939641407","",""
"90's Mega Hits","Free","JAŸ-Z","Hard Knock Life (Ghetto Anthem)","","YES","no - explicit","377242021","",""
"90's Mega Hits","Free","Jennifer Lopez","If You Had My Love","","","yes","15475926","",""
"90's Mega Hits","Free","Jennifer Lopez","Waiting for Tonight (Pablo's Miami Mix Radio Edit) (Spanglish)","","","yes","15600210","",""
"90's Mega Hits","Free","Jennifer Paige","Crush","","","yes","67576433","",""
"90's Mega Hits","Free","Jesus Jones","Right Here Right Now","","","yes","3109370","",""
"90's Mega Hits","Free","Jewel","Foolish Games","","","yes","1444364982","",""
"90's Mega Hits","Free","Jewel","Who Will Save Your Soul","","","yes","1444370342","",""
"90's Mega Hits","Free","Jewel","You Were Meant For Me","","","yes","1444389232","",""
"90's Mega Hits","Free","Joan Osborne","One Of Us","","","yes","2463249","",""
"90's Mega Hits","Free","Juvenile","Back That Azz Up","","YES","no - explicit","5542996","",""
"90's Mega Hits","Free","K-Ci & JoJo","All My Life","","","yes","2428523","",""
"90's Mega Hits","Free","Korn","Falling Away from Me","","YES","no - explicit","15175502","",""
"90's Mega Hits","Free","Korn","Freak On a Leash","","YES","no - explicit","134523750","",""
"90's Mega Hits","Free","Korn","Got the Life","","YES","no - explicit","134523754","",""
"90's Mega Hits","Free","Kris Kross","Jump","","","yes","1056838","",""
"90's Mega Hits","Free","La Bouche","Be My Lover","","","yes","4096754","",""
"90's Mega Hits","Free","La Bouche","Sweet Dreams","","","yes","13166572","",""
"90's Mega Hits","Free","Lauryn Hill","Doo Wop (That Thing)","","","yes","15586242","",""
"90's Mega Hits","Free","Lauryn Hill","Ex-Factor","","","yes","400418882","",""
"90's Mega Hits","Free","LEN","Steal My Sunshine (Single Version)","","","yes","82682432","",""
"90's Mega Hits","Free","Lenny Kravitz","Are You Gonna Go My Way","","","yes","3107395","",""
"90's Mega Hits","Free","Lenny Kravitz","Fly Away","","","yes","3129589","",""
"90's Mega Hits","Free","Lenny Kravitz","It Ain't Over 'Til It's Over","","","yes","3151232","",""
"90's Mega Hits","Free","LFO","Summer Girls","","","yes","969161","",""
"90's Mega Hits","Free","Limp Bizkit","Break Stuff","","YES","no - explicit","94613616","",""
"90's Mega Hits","Free","Limp Bizkit","Faith","","YES","no - explicit","1143488","",""
"90's Mega Hits","Free","Limp Bizkit","Nookie","","YES","no - explicit","94613610","",""
"90's Mega Hits","Free","Lisa Loeb","Stay (I Missed You)","","","yes","393731742","",""
"90's Mega Hits","Free","Lisa Stansfield","All Around the World (Remastered)","","","yes","598222","",""
"90's Mega Hits","Free","Lit","My Own Worst Enemy","","YES","no - explicit","967040","",""
"90's Mega Hits","Free","Live","Lightning Crashes","","","yes","2523713","",""
"90's Mega Hits","Free","Local H","Bound For The Floor","","","yes","2177711","",""
"90's Mega Hits","Free","Lonestar","Amazed","","","yes","580441","",""
"90's Mega Hits","Free","Lonestar","Walking in Memphis","","","yes","15392046","",""
"90's Mega Hits","Free","Los Del Río","Macarena","","","yes","994491","",""
"90's Mega Hits","Free","M People","Moving on Up","","","yes","600153","",""
"90's Mega Hits","Free","Macy Gray","I Try","","","yes","15175385","",""
"90's Mega Hits","Free","Madonna","Frozen","","","yes","778758","",""
"90's Mega Hits","Free","Madonna","Ray of Light","","","yes","778704","",""
"90's Mega Hits","Free","Madonna","The Power of Good-Bye","","","yes","778768","",""
"90's Mega Hits","Free","Madonna","Vogue","","","yes","723903","",""
"90's Mega Hits","Free","Mandy Moore","Candy","","","yes","13175629","",""
"90's Mega Hits","Free","Manic Street Preachers","If You Tolerate This Your Children Will Be Next","","","yes","556031","",""
"90's Mega Hits","Free","Marcy Playground","Sex & Candy","","","yes","3239961","",""
"90's Mega Hits","Free","Maria McKee","Show Me Heaven (Acoustic Demo Version)","","","yes","1728098427","",""
"90's Mega Hits","Free","Mariah Carey","Always Be My Baby","","","yes","1012940","",""
"90's Mega Hits","Free","Mariah Carey","Fantasy","","","yes","1013792","",""
"90's Mega Hits","Free","Mariah Carey","Hero","","","yes","2442224775","",""
"90's Mega Hits","Free","Mariah Carey","My All","","","yes","15175178","",""
"90's Mega Hits","Free","Mark Morrison","Return of the Mack","","","yes","703748","",""
"90's Mega Hits","Free","Marky Mark And The Funky Bunch","Good Vibrations","","","yes","720608682","",""
"90's Mega Hits","Free","Martina McBride","Independence Day","","","yes","964664","",""
"90's Mega Hits","Free","Marvelous 3","Freak of the Week","","","yes","6634359","",""
"90's Mega Hits","Free","Massive Attack","Teardrop","","","yes","3129748","",""
"90's Mega Hits","Free","Massive Attack","Unfinished Sympathy (2012 Mix/Master)","","","yes","61381707","",""
"90's Mega Hits","Free","Matchbox Twenty","3AM","","","yes","3664084","",""
"90's Mega Hits","Free","Matchbox Twenty","Long Day","","","yes","3664083","",""
"90's Mega Hits","Free","Matchbox Twenty","Push","","","yes","72189644","",""
"90's Mega Hits","Free","Matchbox Twenty","Real World","","","yes","3664082","",""
"90's Mega Hits","Free","Matthew Good Band","Hello Time Bomb","","","yes","1762723517","",""
"90's Mega Hits","Free","Matthew Sweet","Girlfriend","","","yes","548586","",""
"90's Mega Hits","Free","Mazzy Star","Fade Into You","","","yes","3360821","",""
"90's Mega Hits","Free","MC Hammer","U Can't Touch This","","","yes","3136389","",""
"90's Mega Hits","Free","Meat Loaf","I Would Do Anything For Love (But I Won't Do That) (Orchestral Version)","","","yes","637852412","",""
"90's Mega Hits","Free","Melissa Etheridge","Come To My Window","","","yes","1181050","",""
"90's Mega Hits","Free","Melissa Etheridge","I'm The Only One","","","yes","1181048","",""
"90's Mega Hits","Free","Meredith Brooks","Bitch","","","yes","3156760","",""
"90's Mega Hits","Free","Michael Jackson","Black or White","","","yes","15593566","",""
"90's Mega Hits","Free","Michael Jackson","Remember the Time","","","yes","15593563","",""
"90's Mega Hits","Free","Michael Jackson","They Don't Care About Us (Remastered Version)","","","yes","4603398","",""
"90's Mega Hits","Free","Moby","Natural Blues","","","yes","1857696777","",""
"90's Mega Hits","Free","Modern English","I Melt with You","","","yes","632211062","",""
"90's Mega Hits","Free","Modern Talking","Brother Louie Mix '98 (feat. Eric Singleton) (Radio Edit)","","","yes","972817","",""
"90's Mega Hits","Free","Monica","Why I Love You So Much","","","yes","1046760","",""
"90's Mega Hits","Free","Montell Jordan","This Is How We Do It","","YES","no - explicit","2522953","",""
"90's Mega Hits","Free","Mos Def","Ms. Fat Booty","","YES","no - explicit","2112351","",""
"90's Mega Hits","Free","Mr. Big","To Be With You - 2021 Remastered - 2021 Remastered (2021 Remastered)","","","yes","1409138822","",""
"90's Mega Hits","Free","N Sync","It's Gonna Be Me","","","yes","15391073","",""
"90's Mega Hits","Free","Nas","If I Ruled the World (Imagine That) (feat. Lauryn Hill)","","YES","no - explicit","1015332","",""
"90's Mega Hits","Free","Nas","You Owe Me (feat. Ginuwine)","","YES","no - explicit","15747753","",""
"90's Mega Hits","Free","Natalie Imbruglia","Torn","","","yes","992131","",""
"90's Mega Hits","Free","Natalie Merchant","Kind & Generous","","","yes","771311","",""
"90's Mega Hits","Free","Naughty By Nature","O.P.P","","","yes","1584432772","",""
"90's Mega Hits","Free","Neutral Milk Hotel","In the Aeroplane Over the Sea","","","yes","3550982121","",""
"90's Mega Hits","Free","Neutral Milk Hotel","King of Carrot Flowers Pt. 1","","","yes","3550982101","",""
"90's Mega Hits","Free","New Kids On The Block","Step by Step","","","yes","1065849","",""
"90's Mega Hits","Free","New Radicals","You Get What You Give","","","yes","2441438","",""
"90's Mega Hits","Free","Next","Too Close","","YES","no - explicit","1043576","",""
"90's Mega Hits","Free","Nightcrawlers","Push The Feeling On (Mk Dub Revisited Edit)","","","yes","105353316","",""
"90's Mega Hits","Free","Nine Inch Nails","Closer","","YES","no - explicit","1173960","",""
"90's Mega Hits","Free","Nine Inch Nails","Hurt","","","yes","1173969","",""
"90's Mega Hits","Free","Nirvana","Heart-Shaped Box","","","yes","70466227","",""
"90's Mega Hits","Free","Nirvana","In Bloom (Remastered 2021)","","","yes","1536217662","",""
"90's Mega Hits","Free","Nirvana","Lithium","","","yes","529900491","",""
"90's Mega Hits","Free","Nirvana","Smells Like Teen Spirit","","","yes","13693497","",""
"90's Mega Hits","Free","No Doubt","Don't Speak","","","yes","24246391","",""
"90's Mega Hits","Free","No Doubt","Just A Girl","","","yes","24246271","",""
"90's Mega Hits","Free","No Doubt","Spiderwebs","","","yes","24246371","",""
"90's Mega Hits","Free","No Mercy","Where Do You Go","","","yes","1044489","",""
"90's Mega Hits","Free","O.A.R.","That Was A Crazy Game Of Poker","","","yes","129632796","",""
"90's Mega Hits","Free","Oasis","Champagne Supernova (Remastered)","","","yes","987053332","",""
"90's Mega Hits","Free","Oasis","Wonderwall","","","yes","985745702","",""
"90's Mega Hits","Free","OMC","How Bizarre","","","yes","83924705","",""
"90's Mega Hits","Free","OutKast","ATLiens","","YES","no - explicit","1047823","",""
"90's Mega Hits","Free","OutKast","Rosa Parks","","YES","no - explicit","962886","",""
"90's Mega Hits","Free","OutKast","SpottieOttieDopaliscious","","YES","no - explicit","962896","",""
"90's Mega Hits","Free","Paula Cole","I Don't Want to Wait","","","yes","3667834","",""
"90's Mega Hits","Free","Paula Cole","Where Have All the Cowboys Gone ? (Remastered Version)","","","yes","767861","",""
"90's Mega Hits","Free","Pearl Jam","Black","","","yes","7675132","",""
"90's Mega Hits","Free","Pearl Jam","Daughter (Remastered)","","","yes","10273980","",""
"90's Mega Hits","Free","Pearl Jam","Even Flow","","YES","no - explicit","7675129","",""
"90's Mega Hits","Free","Pearl Jam","Jeremy","","YES","no - explicit","7675133","",""
"90's Mega Hits","Free","Pearl Jam","Last Kiss","","","yes","7675332","",""
"90's Mega Hits","Free","Phil Collins","You'll Be In My Heart","","","yes","561875132","",""
"90's Mega Hits","Free","Pras","Ghetto Supastar (That is What You Are) (feat. Ol' Dirty Bastard & Mýa)","","","yes","626546","",""
"90's Mega Hits","Free","Prince","The Most Beautiful Girl In the World","","","yes","536618412","",""
"90's Mega Hits","Free","Pulp","Common People (Full Length Version)","","","yes","910074","",""
"90's Mega Hits","Free","R.E.M.","It's The End Of The World As We Know It (And I Feel Fine) (Remastered 2006)","","","yes","3154051","",""
"90's Mega Hits","Free","R.E.M.","Losing My Religion","","","yes","136334560","",""
"90's Mega Hits","Free","R.E.M.","Shiny Happy People","","","yes","136339500","",""
"90's Mega Hits","Free","Radiohead","Creep","","YES","no - explicit","138547415","",""
"90's Mega Hits","Free","Radiohead","High and Dry","","","yes","138544261","",""
"90's Mega Hits","Free","Radiohead","Karma Police","","","yes","138539981","",""
"90's Mega Hits","Free","Rage Against the Machine","Bulls On Parade","","YES","no - explicit","7675196","",""
"90's Mega Hits","Free","Rage Against the Machine","Guerrilla Radio","","YES","no - explicit","15178643","",""
"90's Mega Hits","Free","Rage Against the Machine","Killing In The Name","","YES","no - explicit","62082829","",""
"90's Mega Hits","Free","Rammstein","Du hast","","","yes","630595142","",""
"90's Mega Hits","Free","Real McCoy","Another Night","","","yes","1042543","",""
"90's Mega Hits","Free","Real McCoy","Run Away","","","yes","1042280","",""
"90's Mega Hits","Free","Red Hot Chili Peppers","Californication","","","yes","725274","",""
"90's Mega Hits","Free","Red Hot Chili Peppers","Give It Away","","","yes","725837","",""
"90's Mega Hits","Free","Red Hot Chili Peppers","Scar Tissue","","","yes","725254","",""
"90's Mega Hits","Free","Red Hot Chili Peppers","Under the Bridge","","","yes","785176","",""
"90's Mega Hits","Free","Reel Big Fish","Beer","","","yes","13160751","",""
"90's Mega Hits","Free","Reel Big Fish","Sell Out","","","yes","13159683","",""
"90's Mega Hits","Free","Republica","Ready to Go","","","yes","994557","",""
"90's Mega Hits","Free","Ricky Martin","Livin' la Vida Loca","","","yes","13704591","",""
"90's Mega Hits","Free","Robert Miles","Children (Original Version)","","","yes","877468542","",""
"90's Mega Hits","Free","Robyn","Show Me Love (Radio Version)","","","yes","2900091","",""
"90's Mega Hits","Free","Roxette","It Must Have Been Love (From the Film ""Pretty Woman"")","","","yes","3098301","",""
"90's Mega Hits","Free","Run DMC","It's Like That","","","yes","90630499","",""
"90's Mega Hits","Free","Rusted Root","Send Me On My Way","","","yes","7375715","",""
"90's Mega Hits","Free","S Club","Bring It All Back","","","yes","3040577","",""
"90's Mega Hits","Free","S Club","S Club Party","","","yes","3040582","",""
"90's Mega Hits","Free","Sade","Smooth Operator (Single Version)","","","yes","1030651922","",""
"90's Mega Hits","Free","Salt 'N' Pepa","Whatta Man (feat. En Vogue) (EP Version)","","","yes","772271","",""
"90's Mega Hits","Free","Salt-N-Pepa","Shoop (Re-Recorded)","","","yes","2485394591","",""
"90's Mega Hits","Free","Santana","Maria Maria (feat. The Product G&B)","","","yes","82241406","",""
"90's Mega Hits","Free","Santana","Smooth (feat. Rob Thomas)","","","yes","82241402","",""
"90's Mega Hits","Free","Sarah McLachlan","Angel","","","yes","7675355","",""
"90's Mega Hits","Free","Savage Garden","I Want You","","","yes","117262948","",""
"90's Mega Hits","Free","Savage Garden","Truly Madly Deeply","","","yes","15177682","",""
"90's Mega Hits","Free","Scatman John","Scatman (ski-ba-bop-ba-dop-bop)","","","yes","99360002","",""
"90's Mega Hits","Free","Seal","Crazy","","","yes","724415","",""
"90's Mega Hits","Free","Seal","Kiss from a Rose","","","yes","730428","",""
"90's Mega Hits","Free","Semisonic","Closing Time","","","yes","546248912","",""
"90's Mega Hits","Free","Shaggy","It Wasn't Me","","","yes","620264642","",""
"90's Mega Hits","Free","Shania Twain","From This Moment On","","","yes","731732312","",""
"90's Mega Hits","Free","Shania Twain","Man! I Feel Like A Woman!","","","yes","731732392","",""
"90's Mega Hits","Free","Shania Twain","You're Still The One","","","yes","731732292","",""
"90's Mega Hits","Free","Shawn Colvin","Sunny Came Home","","","yes","13176748","",""
"90's Mega Hits","Free","Sheryl Crow","All I Wanna Do","","","yes","922014","",""
"90's Mega Hits","Free","Sheryl Crow","If It Makes You Happy","","","yes","104621822","",""
"90's Mega Hits","Free","Sheryl Crow","My Favorite Mistake","","","yes","483557692","",""
"90's Mega Hits","Free","Silverchair","Israel's Son","","","yes","97311936","",""
"90's Mega Hits","Free","Silverchair","Pure Massacre","","","yes","97311942","",""
"90's Mega Hits","Free","Silverchair","Suicidal Dream","","","yes","97311948","",""
"90's Mega Hits","Free","Silverchair","Tomorrow","","","yes","97311892","",""
"90's Mega Hits","Free","Simply Red","Stars","","","yes","6636947","",""
"90's Mega Hits","Free","Sinéad O'Connor","Nothing Compares 2 U","","","yes","1787569267","",""
"90's Mega Hits","Free","Sir Mix-A-Lot","Baby Got Back","","YES","no - explicit","65690395","",""
"90's Mega Hits","Free","Sisqo","Incomplete","","YES","no - explicit","2548872","",""
"90's Mega Hits","Free","Sisqo","Thong Song","","YES","no - explicit","2548870","",""
"90's Mega Hits","Free","Sixpence None The Richer","Kiss Me","","","yes","134116940","",""
"90's Mega Hits","Free","Sixpence None The Richer","There She Goes","","","yes","134116996","",""
"90's Mega Hits","Free","Smash Mouth","All Star","","","yes","917717","",""
"90's Mega Hits","Free","Smash Mouth","Walkin' On The Sun","","","yes","917719","",""
"90's Mega Hits","Free","Snap!","Rhythm Is a Dancer (7"" Edit)","","","yes","3785942592","",""
"90's Mega Hits","Free","Sonique","It Feels So Good","","","yes","3439503611","",""
"90's Mega Hits","Free","Sophie B. Hawkins","As I Lay Me Down","","","yes","1014706","",""
"90's Mega Hits","Free","Sophie B. Hawkins","Damn I Wish I Was Your Lover","","","yes","608490","",""
"90's Mega Hits","Free","Soul Asylum","Runaway Train (2022 Remaster)","","","yes","1057312","",""
"90's Mega Hits","Free","Soundgarden","Black Hole Sun","","","yes","78631539","",""
"90's Mega Hits","Free","Spice Girls","Say You'll Be There","","","yes","3133739","",""
"90's Mega Hits","Free","Spice Girls","Spice Up Your Life","","","yes","3134155","",""
"90's Mega Hits","Free","Spice Girls","Stop","","","yes","3134156","",""
"90's Mega Hits","Free","Spice Girls","Wannabe","","","yes","3133738","",""
"90's Mega Hits","Free","Spin Doctors","Little Miss Can't Be Wrong","","","yes","1067730","",""
"90's Mega Hits","Free","Spin Doctors","Two Princes","","","yes","831294","",""
"90's Mega Hits","Free","Stone Temple Pilots","Interstate Love Song","","","yes","3907803","",""
"90's Mega Hits","Free","Stone Temple Pilots","Plush (2017 Remaster)","","","yes","407645032","",""
"90's Mega Hits","Free","Sublime","Santeria","","","yes","127245051","",""
"90's Mega Hits","Free","Sublime","What I Got","","YES","no - explicit","127245037","",""
"90's Mega Hits","Free","Sugar Ray","Every Morning (Remastered)","","","yes","3664831","",""
"90's Mega Hits","Free","Sugar Ray","Fly","","","yes","6586787","",""
"90's Mega Hits","Free","Sugar Ray","Someday (Remastered)","","","yes","3664829","",""
"90's Mega Hits","Free","Suzanne Vega","Tom's Diner","","","yes","1652296642","",""
"90's Mega Hits","Free","SWV","Right Here (Human Nature Radio Mix)","","","yes","568721482","",""
"90's Mega Hits","Free","SWV","Weak","","","yes","13157903","",""
"90's Mega Hits","Free","Take That","Back for Good (Radio Mix)","","","yes","848836952","",""
"90's Mega Hits","Free","Tal Bachman","She's so High","","","yes","623469","",""
"90's Mega Hits","Free","Tasmin Archer","Sleeping Satellite","","","yes","3115574","",""
"90's Mega Hits","Free","Texas","Say What You Want","","","yes","2099312577","",""
"90's Mega Hits","Free","The Black Crowes","Hard to Handle","","","yes","143538848","",""
"90's Mega Hits","Free","The Breeders","Cannonball","","","yes","378817711","",""
"90's Mega Hits","Free","The Bucketheads","The Bomb! (These Sound Fall into My Mind) (Radio Edit)","","","yes","103268044","",""
"90's Mega Hits","Free","The Cardigans","Erase / Rewind","","","yes","916487","",""
"90's Mega Hits","Free","The Cardigans","Lovefool","","","yes","910474","",""
"90's Mega Hits","Free","The Cardigans","My Favourite Game","","","yes","916525","",""
"90's Mega Hits","Free","The Chicks","Cowboy Take Me Away","","","yes","3019241","",""
"90's Mega Hits","Free","The Chicks","Goodbye Earl","","","yes","7511335","",""
"90's Mega Hits","Free","The Chicks","There's Your Trouble","","","yes","545057","",""
"90's Mega Hits","Free","The Chicks","Wide Open Spaces","","","yes","544954","",""
"90's Mega Hits","Free","The Connells","'74-'75","","","yes","84382469","",""
"90's Mega Hits","Free","The Cranberries","Dreams","","","yes","1176439","",""
"90's Mega Hits","Free","The Cranberries","Linger","","","yes","1176440","",""
"90's Mega Hits","Free","The Cranberries","Zombie","","","yes","980117","",""
"90's Mega Hits","Free","The Cure","Friday I'm in Love","","","yes","409670382","",""
"90's Mega Hits","Free","The Goo Goo Dolls","Black Balloon","","","yes","2680865","",""
"90's Mega Hits","Free","The Goo Goo Dolls","Iris","","","yes","4290138","",""
"90's Mega Hits","Free","The Goo Goo Dolls","Name","","","yes","775475","",""
"90's Mega Hits","Free","The Goo Goo Dolls","Slide","","","yes","2680857","",""
"90's Mega Hits","Free","The La's","There She Goes","","","yes","2518361","",""
"90's Mega Hits","Free","The Mighty Mighty Bosstones","The Impression That I Get","","","yes","2485997701","",""
"90's Mega Hits","Free","The Notorious B.I.G.","Hypnotize (2014 Remaster)","","YES","no - explicit","2580597842","",""
"90's Mega Hits","Free","The Notorious B.I.G.","Juicy (2005 Remaster)","","YES","no - explicit","2793753","",""
"90's Mega Hits","Free","The Offspring","Pretty Fly (For A White Guy)","","","yes","137233982","",""
"90's Mega Hits","Free","The Offspring","The Kids Aren't Alright","","","yes","137233986","",""
"90's Mega Hits","Free","The Offspring","Why Don't You Get A Job","","YES","no - explicit","137234014","",""
"90's Mega Hits","Free","The Presidents of the United States of America","Lump","","","yes","3719301132","",""
"90's Mega Hits","Free","The Proclaimers","I'm Gonna Be (500 Miles)","","","yes","3111030","",""
"90's Mega Hits","Free","The Prodigy","Breathe","","","yes","62126185","",""
"90's Mega Hits","Free","The Smashing Pumpkins","1979","","","yes","68976286","",""
"90's Mega Hits","Free","The Smashing Pumpkins","Bullet With Butterfly Wings (Remastered 2012)","","","yes","62791738","",""
"90's Mega Hits","Free","The Smashing Pumpkins","Cherub Rock (2011 Remaster)","","","yes","15715632","",""
"90's Mega Hits","Free","The Smashing Pumpkins","Disarm (2011 Remaster)","","","yes","15715637","",""
"90's Mega Hits","Free","The Smashing Pumpkins","Tonight, Tonight (Remastered 2012)","","","yes","62791734","",""
"90's Mega Hits","Free","The Verve","Bitter Sweet Symphony (Remastered 2016)","","","yes","398570642","",""
"90's Mega Hits","Free","The Verve","Lucky Man (Remastered)","","","yes","3137509","",""
"90's Mega Hits","Free","The Verve Pipe","The Freshmen","","","yes","15397348","",""
"90's Mega Hits","Free","The Wallflowers","One Headlight","","","yes","2193499","",""
"90's Mega Hits","Free","The Wallflowers","The Difference","","","yes","2193503","",""
"90's Mega Hits","Free","Third Eye Blind","How's It Going to Be","","","yes","72059903","",""
"90's Mega Hits","Free","Third Eye Blind","Jumper (1998 Edit)","","","yes","4111781","",""
"90's Mega Hits","Free","Third Eye Blind","Never Let You Go (2008 Remaster)","","","yes","6586756","",""
"90's Mega Hits","Free","Third Eye Blind","Semi-Charmed Life","","","yes","366916761","",""
"90's Mega Hits","Free","TLC","Creep","","","yes","1043879","",""
"90's Mega Hits","Free","TLC","No Scrubs","","","yes","1075781","",""
"90's Mega Hits","Free","TLC","Unpretty","","","yes","1076856","",""
"90's Mega Hits","Free","TLC","Waterfalls","","","yes","1043894","",""
"90's Mega Hits","Free","Toad The Wet Sprocket","All I Want","","","yes","1068078","",""
"90's Mega Hits","Free","Tom Petty And The Heartbreakers","Learning To Fly","","","yes","2293281","",""
"90's Mega Hits","Free","Toni Braxton","He Wasn't Man Enough","","","yes","963010","",""
"90's Mega Hits","Free","Toni Braxton","Un-Break My Heart (Radio Edit)","","","yes","5223188","",""
"90's Mega Hits","Free","Tonic","If You Could Only See","","","yes","2422830","",""
"90's Mega Hits","Free","Tori Amos","Cornflake Girl","","","yes","675582","",""
"90's Mega Hits","Free","Tracy Chapman","Give Me One Reason","","","yes","2477838","",""
"90's Mega Hits","Free","Train","Meet Virginia","","","yes","1015368","",""
"90's Mega Hits","Free","U2","One","","","yes","14343282","",""
"90's Mega Hits","Free","U2","Sweetest Thing","","","yes","347363461","",""
"90's Mega Hits","Free","USHER","You Make Me Wanna...","","","yes","1909711527","",""
"90's Mega Hits","Free","Vertical Horizon","Best I Ever Had (Grey Sky Morning)","","","yes","7410423","",""
"90's Mega Hits","Free","Vertical Horizon","Everything You Want","","","yes","7410392","",""
"90's Mega Hits","Free","Vertical Horizon","You're a God","","","yes","7410422","",""
"90's Mega Hits","Free","Warrant","Cherry Pie","","","yes","594917","",""
"90's Mega Hits","Free","Warren G","Regulate","","YES","no - explicit","953902","",""
"90's Mega Hits","Free","Weezer","Buddy Holly","","","yes","2542117","",""
"90's Mega Hits","Free","Weezer","My Name Is Jonas","","","yes","2542114","",""
"90's Mega Hits","Free","Weezer","Say It Ain't So (Original Mix)","","","yes","2542120","",""
"90's Mega Hits","Free","Westlife","If I Let You Go (Radio Edit)","","","yes","1170251852","",""
"90's Mega Hits","Free","Whigfield","Saturday Night","","","yes","1461774052","",""
"90's Mega Hits","Free","White Town","Your Woman","","","yes","10426810","",""
"90's Mega Hits","Free","Whitney Houston","I Have Nothing","","","yes","7675404","",""
"90's Mega Hits","Free","Whitney Houston","I Will Always Love You","","","yes","7675403","",""
"90's Mega Hits","Free","Whitney Houston","It's Not Right But It's Okay","","","yes","962142","",""
"90's Mega Hits","Free","Whitney Houston","My Love Is Your Love","","","yes","962260","",""
"90's Mega Hits","Free","Will Smith","Gettin' Jiggy Wit It","","","yes","626418","",""
"90's Mega Hits","Free","Will Smith","Men In Black (From ""Men In Black"" Soundtrack)","","","yes","626417","",""
"90's Mega Hits","Free","Will Smith","Miami","","","yes","626419","",""
"90's Mega Hits","Free","Wilson Phillips","Hold On","","","yes","3090950","",""
"90's Mega Hits","Free","Wyclef Jean","Gone Till November (feat. The New York Philharmonic Orchestra)","","","yes","1015212","",""
"90's Mega Hits","Free","Youssou N'Dour","7 Seconds (feat. Neneh Cherry)","","","yes","1015065","",""
"All-Time Hits","Unlockable","'Til Tuesday","Voices Carry","","","yes","13816300","",""
"All-Time Hits","Unlockable","*NSYNC","I Want You Back (Radio Edit)","","","yes","1022536","",""
"All-Time Hits","Unlockable","*NSYNC","Tearin' up My Heart (Radio Edit)","","","yes","15477160","",""
"All-Time Hits","Unlockable","10,000 Maniacs","Because the Night (Live Unplugged)","","","yes","3821985","",""
"All-Time Hits","Unlockable","10cc","Dreadlock Holiday","","","yes","62295238","",""
"All-Time Hits","Unlockable","10cc","Good Morning Judge","","","yes","1113990","",""
"All-Time Hits","Unlockable","10cc","I'm Not In Love","","","yes","1581601","",""
"All-Time Hits","Unlockable","10cc","The Things We Do For Love","","","yes","1113991","",""
"All-Time Hits","Unlockable","2 Unlimited","No Limit","","","yes","134706074","",""
"All-Time Hits","Unlockable","21 Savage","Runnin","","YES","no - explicit","1097090192","",""
"All-Time Hits","Unlockable","24kGoldn","Mood (feat. iann dior)","","YES","no - explicit","1028256512","",""
"All-Time Hits","Unlockable","2Pac","California Love (Original Version)","","YES","no - explicit","910683","",""
"All-Time Hits","Unlockable","2raumwohnung","36 Grad","","","yes","13478212","",""
"All-Time Hits","Unlockable","2raumwohnung","Sexy Girl","","","yes","131135270","",""
"All-Time Hits","Unlockable","3 Doors Down","Here Without You","","","yes","2172900","",""
"All-Time Hits","Unlockable","3 Doors Down","When I'm Gone","","","yes","2172895","",""
"All-Time Hits","Unlockable","311","Amber","","","yes","13176040","",""
"All-Time Hits","Unlockable","311","Beautiful Disaster","","YES","no - explicit","13176042","",""
"All-Time Hits","Unlockable","4 Non Blondes","What's Up?","","","yes","2184743","",""
"All-Time Hits","Unlockable","A Touch Of Class","My Heart Beats Like A Drum (Dam Dam Dam) (Radio Edit)","","","yes","13185278","",""
"All-Time Hits","Unlockable","A Tribe Called Quest","Can I Kick It?","","","yes","112658750","",""
"All-Time Hits","Unlockable","A Tribe Called Quest","Rap Promoter","","","yes","2465905","",""
"All-Time Hits","Unlockable","a-ha","Forever Not Yours","","","yes","807083","",""
"All-Time Hits","Unlockable","a-ha","Take on Me","","","yes","664107","",""
"All-Time Hits","Unlockable","a-ha","The Sun Always Shines on T.V.","","","yes","664115","",""
"All-Time Hits","Unlockable","A*Teens","Sugar Rush","","","yes","2290041","",""
"All-Time Hits","Unlockable","Aaliyah","Are You That Somebody","","","yes","1471048742","",""
"All-Time Hits","Unlockable","Aaliyah","Back & Forth","","","yes","612837","",""
"All-Time Hits","Unlockable","Aaliyah","We Need A Resolution","","","yes","1115260","",""
"All-Time Hits","Unlockable","ABBA","Angeleyes","","","yes","76376891","",""
"All-Time Hits","Unlockable","ABBA","Chiquitita","","","yes","884038","",""
"All-Time Hits","Unlockable","ABBA","Dancing Queen","","","yes","884025","",""
"All-Time Hits","Unlockable","ABBA","Fernando","","","yes","884039","",""
"All-Time Hits","Unlockable","ABBA","Gimme! Gimme! Gimme! (A Man After Midnight)","","","yes","884041","",""
"All-Time Hits","Unlockable","ABBA","Knowing Me, Knowing You","","","yes","884026","",""
"All-Time Hits","Unlockable","ABBA","Mamma Mia","","","yes","884030","",""
"All-Time Hits","Unlockable","ABBA","Money, Money, Money","","","yes","884036","",""
"All-Time Hits","Unlockable","ABBA","SOS","","","yes","884037","",""
"All-Time Hits","Unlockable","ABBA","Take A Chance On Me","","","yes","884028","",""
"All-Time Hits","Unlockable","ABC","The Look Of Love, Pt.1","","","yes","907796","",""
"All-Time Hits","Unlockable","ABC","When Smokey Sings","","","yes","17976544","",""
"All-Time Hits","Unlockable","AC/DC","Are You Ready","","","yes","92720114","",""
"All-Time Hits","Unlockable","AC/DC","Back In Black","","","yes","92720046","",""
"All-Time Hits","Unlockable","AC/DC","Hells Bells","","","yes","92720036","",""
"All-Time Hits","Unlockable","AC/DC","Highway to Hell","","","yes","92719900","",""
"All-Time Hits","Unlockable","AC/DC","It's a Long Way to the Top (If You Wanna Rock 'N' Roll)","","","yes","92719998","",""
"All-Time Hits","Unlockable","AC/DC","Shoot to Thrill","","","yes","92722890","",""
"All-Time Hits","Unlockable","AC/DC","T.N.T.","","","yes","92720006","",""
"All-Time Hits","Unlockable","AC/DC","Thunderstruck","","","yes","92720102","",""
"All-Time Hits","Unlockable","AC/DC","You Shook Me All Night Long","","","yes","92720048","",""
"All-Time Hits","Unlockable","Ace of Base","All That She Wants","","","yes","19271671","",""
"All-Time Hits","Unlockable","Ace of Base","The Sign","","","yes","19271661","",""
"All-Time Hits","Unlockable","Adam & The Ants","Stand and Deliver","","","yes","564953","",""
"All-Time Hits","Unlockable","Adam Ant","Goody Two Shoes","","","yes","564952","",""
"All-Time Hits","Unlockable","Adamski","Killer","","","yes","6030237","",""
"All-Time Hits","Unlockable","Adele","Make You Feel My Love","","","yes","2577966","",""
"All-Time Hits","Unlockable","Adele","Rolling in the Deep","","","yes","15078235","",""
"All-Time Hits","Unlockable","Aerosmith","Big Ten Inch Record","","","yes","13503840","",""
"All-Time Hits","Unlockable","Aerosmith","Cryin'","","","yes","916334","",""
"All-Time Hits","Unlockable","Aerosmith","Dream On","","","yes","13503834","",""
"All-Time Hits","Unlockable","Aerosmith","Dude (Looks Like A Lady)","","","yes","1105721","",""
"All-Time Hits","Unlockable","Aerosmith","I Don't Want To Miss A Thing","","","yes","624823","",""
"All-Time Hits","Unlockable","Aerosmith","Love In An Elevator (Single Version)","","","yes","11288905","",""
"All-Time Hits","Unlockable","Aerosmith","Mama Kin","","","yes","13539773","",""
"All-Time Hits","Unlockable","Aerosmith","Sweet Emotion","","","yes","13539734","",""
"All-Time Hits","Unlockable","Aerosmith","Walk This Way","","","yes","13539761","",""
"All-Time Hits","Unlockable","Aerosmith","Walkin' The Dog","","","yes","14897444","",""
"All-Time Hits","Unlockable","Air","Cherry Blossom Girl","","","yes","3369072","",""
"All-Time Hits","Unlockable","Air Supply","All Out of Love","","","yes","546790","",""
"All-Time Hits","Unlockable","Air Supply","Lost In Love","","","yes","546793","",""
"All-Time Hits","Unlockable","Akon","Bananza (Belly Dancer)","","","yes","1168894","",""
"All-Time Hits","Unlockable","Akon","Don't Matter (Radio Edit)","","","yes","1100118","",""
"All-Time Hits","Unlockable","Akon","Locked Up","","YES","no - explicit","1137869","",""
"All-Time Hits","Unlockable","Akon","Lonely","","YES","no - explicit","2530867","",""
"All-Time Hits","Unlockable","Al Green","Let's Stay Together","","","yes","15075139","",""
"All-Time Hits","Unlockable","Al Green","Tired of Being Alone","","","yes","136370882","",""
"All-Time Hits","Unlockable","Al Stewart","Year of the Cat","","","yes","14636211","",""
"All-Time Hits","Unlockable","Alabama","Dixieland Delight","","","yes","4761728","",""
"All-Time Hits","Unlockable","Alan Jackson","Chattahoochee","","","yes","1076379","",""
"All-Time Hits","Unlockable","Alanis Morissette","Hand in My Pocket","","","yes","776489","",""
"All-Time Hits","Unlockable","Alanis Morissette","Head over Feet (2015 Remaster)","","","yes","109843300","",""
"All-Time Hits","Unlockable","Alanis Morissette","Ironic (2015 Remaster)","","","yes","109843304","",""
"All-Time Hits","Unlockable","Alanis Morissette","Ironic (Album Version)","","","yes","776541","",""
"All-Time Hits","Unlockable","Alanis Morissette","You Oughta Know","","YES","no - explicit","776476","",""
"All-Time Hits","Unlockable","Alannah Myles","Black Velvet","","","yes","674958","",""
"All-Time Hits","Unlockable","Albert Hammond","It Never Rains in Southern California","","","yes","4210878","",""
"All-Time Hits","Unlockable","Alberto Ciccarini","Have You Ever Seen The Rain?","","","yes","2614223992","",""
"All-Time Hits","Unlockable","Alcazar","Crying at the Discoteque","","","yes","603418","",""
"All-Time Hits","Unlockable","Alexander O'Neal","Criticize (Remix)","","","yes","69954016","",""
"All-Time Hits","Unlockable","Alice Cooper","Poison","","","yes","626178","",""
"All-Time Hits","Unlockable","Alice Deejay","Better Off Alone","","","yes","397348692","",""
"All-Time Hits","Unlockable","Alice In Chains","Bleed The Freak","","YES","no - explicit","1073345","",""
"All-Time Hits","Unlockable","Alice In Chains","Man in the Box","","YES","no - explicit","8035668","",""
"All-Time Hits","Unlockable","Alice In Chains","Would?","","","yes","833721","",""
"All-Time Hits","Unlockable","Alicia Keys","Fallin'","","","yes","959183","",""
"All-Time Hits","Unlockable","Alicia Keys","If I Ain't Got You","","","yes","629466","",""
"All-Time Hits","Unlockable","Alicia Keys","Put It In a Love Song (feat. Beyoncé Knowles)","","","yes","4761589","",""
"All-Time Hits","Unlockable","Alison Moyet","Is This Love?","","","yes","10307814","",""
"All-Time Hits","Unlockable","All Saints","Rock Steady","","","yes","5848599","",""
"All-Time Hits","Unlockable","All-4-One","I Swear","","","yes","764382","",""
"All-Time Hits","Unlockable","Alp Atesoglu","Feel","","","yes","3167055461","",""
"All-Time Hits","Unlockable","Alp Atesoglu","The Otherside","","","yes","3270642771","",""
"All-Time Hits","Unlockable","Alphaville","Big in Japan (2019 Remaster)","","","yes","647871542","",""
"All-Time Hits","Unlockable","Amber","This Is Your Night","","","yes","409976592","",""
"All-Time Hits","Unlockable","Ambrosia","Biggest Part of Me","","","yes","764505","",""
"All-Time Hits","Unlockable","America","A Horse with No Name","","","yes","727720","",""
"All-Time Hits","Unlockable","America","A Horse with No Name (2006 Remaster)","","","yes","774835","",""
"All-Time Hits","Unlockable","America","I Need You","","","yes","727723","",""
"All-Time Hits","Unlockable","America","Lonely People","","","yes","727758","",""
"All-Time Hits","Unlockable","America","Sister Golden Hair","","","yes","719631","",""
"All-Time Hits","Unlockable","America","Ventura Highway","","","yes","727733","",""
"All-Time Hits","Unlockable","Amerie","1 Thing","","","yes","13145771","",""
"All-Time Hits","Unlockable","Amii Stewart","Knock on Wood","","","yes","118031258","",""
"All-Time Hits","Unlockable","Amii Stewart","Knock on Wood (7"" Edit)","","","yes","136332400","",""
"All-Time Hits","Unlockable","Amy Grant","Baby, Baby","","","yes","3145500","",""
"All-Time Hits","Unlockable","Amy Winehouse","Fuck Me Pumps","","YES","no - explicit","-2656401262","",""
"All-Time Hits","Unlockable","Amy Winehouse","Love Is A Losing Game","","","yes","2176857","",""
"All-Time Hits","Unlockable","Amy Winehouse","You Know I'm No Good","","","yes","913895","",""
"All-Time Hits","Unlockable","Annie","Heartbeat","","","yes","740399","",""
"All-Time Hits","Unlockable","Annie Lennox","No More ""I Love You's""","","","yes","1047744","",""
"All-Time Hits","Unlockable","Annie Lennox","Walking on Broken Glass","","","yes","1048702","",""
"All-Time Hits","Unlockable","Aqua","Barbie Girl","","","yes","1115044","",""
"All-Time Hits","Unlockable","Aqua","Lollipop (Candyman)","","","yes","1115049","",""
"All-Time Hits","Unlockable","Ariana Grande","motive","","YES","no - explicit","1126047062","",""
"All-Time Hits","Unlockable","Ariana Grande","positions","","YES","no - explicit","1118160622","",""
"All-Time Hits","Unlockable","Ariana Grande","Stuck with U","","","yes","953769542","",""
"All-Time Hits","Unlockable","Arizona Zervas","ROXANNE","","YES","no - explicit","806698322","",""
"All-Time Hits","Unlockable","Arrested Development","People Everyday (Metamorphosis Mix)","","","yes","3100807","",""
"All-Time Hits","Unlockable","Art Garfunkel","Bright Eyes","","","yes","55175991","",""
"All-Time Hits","Unlockable","Ashe","Moral of the Story","","YES","no - explicit","622282582","",""
"All-Time Hits","Unlockable","Asia","Heat Of The Moment","","","yes","2301351","",""
"All-Time Hits","Unlockable","Aswad","Don't Turn Around","","","yes","7288695","",""
"All-Time Hits","Unlockable","ATB","9Pm (Till I Come)","","","yes","61639624","",""
"All-Time Hits","Unlockable","ATB","Believe in Me","","","yes","61676321","",""
"All-Time Hits","Unlockable","ATB","The Summer","","","yes","61639799","",""
"All-Time Hits","Unlockable","Ava Max","Kings & Queens","","","yes","899198132","",""
"All-Time Hits","Unlockable","Ava Max","My Head & My Heart","","","yes","1145593552","",""
"All-Time Hits","Unlockable","Aventura","Obsesion","","","yes","64848628","",""
"All-Time Hits","Unlockable","Avicii","Wake Me Up","","","yes","70266756","",""
"All-Time Hits","Unlockable","Avril Lavigne","My Happy Ending","","YES","no - explicit","65191248","",""
"All-Time Hits","Unlockable","AWOLNATION","Sail","","","yes","71788159","",""
"All-Time Hits","Unlockable","Aya Nakamura","Djadja (feat. Maluma) (Remix)","","","yes","986646892","",""
"All-Time Hits","Unlockable","Aztec Camera","Somewhere in My Heart","","","yes","83873795","",""
"All-Time Hits","Unlockable","B*Witched","C'Est La Vie (Album Version)","","","yes","14408122","",""
"All-Time Hits","Unlockable","B2K","Bump, Bump, Bump (feat. P. Diddy)","","","yes","869086","",""
"All-Time Hits","Unlockable","Bachman-Turner Overdrive","You Ain't Seen Nothing Yet","","","yes","2447245","",""
"All-Time Hits","Unlockable","Backstreet Boys","Everybody (Backstreet's Back) (Extended Version)","","","yes","605957","",""
"All-Time Hits","Unlockable","Backstreet Boys","I Want It That Way","","","yes","13141170","",""
"All-Time Hits","Unlockable","Backstreet Boys","Larger Than Life","","","yes","13141169","",""
"All-Time Hits","Unlockable","Bad Bunny","DÁKITI","","YES","no - explicit","1122450992","",""
"All-Time Hits","Unlockable","Bad Bunny","La Difícil","","YES","no - explicit","889550862","",""
"All-Time Hits","Unlockable","Bad Bunny","Safaera","","YES","no - explicit","889550982","",""
"All-Time Hits","Unlockable","Bad Company","Can't Get Enough (2009 Remaster)","","","yes","3818859","",""
"All-Time Hits","Unlockable","Bad Company","Feel like Makin' Love (2015 Remaster)","","","yes","97640852","",""
"All-Time Hits","Unlockable","Baltimora","Tarzan Boy","","","yes","3389903","",""
"All-Time Hits","Unlockable","Bananarama","Cruel Summer","","","yes","421388782","",""
"All-Time Hits","Unlockable","Bananarama","Love in the First Degree","","","yes","421388702","",""
"All-Time Hits","Unlockable","Bananarama","Venus","","","yes","40084601","",""
"All-Time Hits","Unlockable","Barbra Streisand","The Way We Were","","","yes","626294","",""
"All-Time Hits","Unlockable","Barcode Brothers","Dooh Dooh","","","yes","2500802","",""
"All-Time Hits","Unlockable","Barenaked Ladies","It's All Been Done","","","yes","517326592","",""
"All-Time Hits","Unlockable","Barenaked Ladies","One Week","","","yes","517326582","",""
"All-Time Hits","Unlockable","Barry Manilow","Copacabana (At the Copa)","","","yes","134706542","",""
"All-Time Hits","Unlockable","Barry Manilow","Mandy","","","yes","548250","",""
"All-Time Hits","Unlockable","Barry Manilow","Mandy","","","yes","5404430","",""
"All-Time Hits","Unlockable","Barry White","Can't Get Enough Of Your Love, Babe","","","yes","923054","",""
"All-Time Hits","Unlockable","Barthezz","On the Move (Radio Edit)","","","yes","13476008","",""
"All-Time Hits","Unlockable","Bat For Lashes","Daniel","","","yes","3148226","",""
"All-Time Hits","Unlockable","Beastie Boys","Fight For Your Right","","","yes","1085495","",""
"All-Time Hits","Unlockable","Beastie Boys","Intergalactic (Remastered 2009)","","","yes","4013664","",""
"All-Time Hits","Unlockable","Beastie Boys","Sabotage","","YES","no - explicit","3129874","",""
"All-Time Hits","Unlockable","Bebe Rexha","Meant to Be (feat. Florida Georgia Line)","","","yes","391786232","",""
"All-Time Hits","Unlockable","Beck","Loser","","","yes","1155108","",""
"All-Time Hits","Unlockable","Bee Gees","How Deep Is Your Love","","","yes","139138627","",""
"All-Time Hits","Unlockable","Bee Gees","Night Fever","","","yes","96931362","",""
"All-Time Hits","Unlockable","Bee Gees","Night Fever (2009 Remastered Version)","","","yes","4597970","",""
"All-Time Hits","Unlockable","Bee Gees","Stayin Alive","","","yes","139138743","",""
"All-Time Hits","Unlockable","Bee Gees","Stayin' Alive","","","yes","406815322","",""
"All-Time Hits","Unlockable","Bee Gees","Stayin' Alive (From ""Saturday Night Fever"" Soundtrack)","","","yes","96931360","",""
"All-Time Hits","Unlockable","Bee Gees","Tragedy","","","yes","350027801","",""
"All-Time Hits","Unlockable","Bee Gees","You Should Be Dancing","","","yes","139138741","",""
"All-Time Hits","Unlockable","Bee Gees","You Win Again","","","yes","348129241","",""
"All-Time Hits","Unlockable","Belinda Carlisle","Heaven Is A Place On Earth","","","yes","67539452","",""
"All-Time Hits","Unlockable","Belinda Carlisle","Heaven Is A Place On Earth (Promo 7"" Edit)","","","yes","101663221","",""
"All-Time Hits","Unlockable","Belinda Carlisle","Leave a Light On","","","yes","70029352","",""
"All-Time Hits","Unlockable","Bell Biv DeVoe","Poison","","","yes","8082245","",""
"All-Time Hits","Unlockable","Ben Folds Five","Brick","","","yes","582003","",""
"All-Time Hits","Unlockable","BENEE","Supalonely","","YES","no - explicit","802283032","",""
"All-Time Hits","Unlockable","Benjamin Diamond","Little Scare","","","yes","67655991","",""
"All-Time Hits","Unlockable","Benny Benassi","Satisfaction (Isak Original Extended)","","","yes","13839055","",""
"All-Time Hits","Unlockable","benny blanco","Eastside","","","yes","525343612","",""
"All-Time Hits","Unlockable","Berlin","Take My Breath Away (Love Theme from ""Top Gun"")","","","yes","7675055","",""
"All-Time Hits","Unlockable","Better Than Ezra","Desperately Wanting","","","yes","3928390","",""
"All-Time Hits","Unlockable","Better Than Ezra","Good","","","yes","748936","",""
"All-Time Hits","Unlockable","Beyoncé","Naughty Girl","","","yes","597856","",""
"All-Time Hits","Unlockable","Big Mountain","Baby, I Love Your Way","","","yes","846215","",""
"All-Time Hits","Unlockable","Big Pun","Still Not a Player (feat. Joe)","","","yes","2221576","",""
"All-Time Hits","Unlockable","Bill Medley","(I've Had) The Time Of My Life (From ""Dirty Dancing"" Soundtrack)","","","yes","13128250","",""
"All-Time Hits","Unlockable","Bill Withers","Ain't No Sunshine","","","yes","2312047","",""
"All-Time Hits","Unlockable","Bill Withers","Lean On Me","","","yes","863911","",""
"All-Time Hits","Unlockable","Bill Withers","Lovely Day","","","yes","70016835","",""
"All-Time Hits","Unlockable","Bill Withers","Use Me","","","yes","70016820","",""
"All-Time Hits","Unlockable","Billie Eilish","everything i wanted","","","yes","803010392","",""
"All-Time Hits","Unlockable","Billie Eilish","my future","","","yes","1035203282","",""
"All-Time Hits","Unlockable","Billie Eilish","No Time To Die","","","yes","877873612","",""
"All-Time Hits","Unlockable","Billie Eilish","Therefore I Am","","","yes","1140484252","",""
"All-Time Hits","Unlockable","Billy Idol","Eyes Without A Face (Remastered 1999)","","","yes","3140136","",""
"All-Time Hits","Unlockable","Billy Idol","Rebel Yell","","","yes","13569185","",""
"All-Time Hits","Unlockable","Billy Idol","White Wedding (Pt. 1 / Remastered 2002)","","","yes","3102238","",""
"All-Time Hits","Unlockable","Billy Joel","It's Still Rock and Roll to Me","","","yes","625836","",""
"All-Time Hits","Unlockable","Billy Joel","Just the Way You Are","","","yes","988630","",""
"All-Time Hits","Unlockable","Billy Joel","My Life","","","yes","1025636","",""
"All-Time Hits","Unlockable","Billy Joel","New York State of Mind","","","yes","15438710","",""
"All-Time Hits","Unlockable","Billy Joel","Only the Good Die Young","","","yes","974819","",""
"All-Time Hits","Unlockable","Billy Joel","Piano Man","","","yes","14333215","",""
"All-Time Hits","Unlockable","Billy Joel","She's Always a Woman","","","yes","988632","",""
"All-Time Hits","Unlockable","Billy Joel","Uptown Girl","","","yes","1025659","",""
"All-Time Hits","Unlockable","Billy Joel","Vienna","","","yes","2322617","",""
"All-Time Hits","Unlockable","Billy Joel","We Didn't Start the Fire","","","yes","626123","",""
"All-Time Hits","Unlockable","Billy Ocean","Caribbean Queen (No More Love on the Run)","","","yes","2168095","",""
"All-Time Hits","Unlockable","Billy Ocean","Get Outta My Dreams, Get Into My Car","","","yes","4253536","",""
"All-Time Hits","Unlockable","Billy Ocean","Love Really Hurts Without You","","","yes","6071038","",""
"All-Time Hits","Unlockable","Billy Ocean","When the Going Gets Tough, The Tough Get Going","","","yes","6071028","",""
"All-Time Hits","Unlockable","Billy Paul","Me and Mrs. Jones","","","yes","13161798","",""
"All-Time Hits","Unlockable","Billy Ray Cyrus","Achy Breaky Heart","","","yes","921154","",""
"All-Time Hits","Unlockable","Black Box","Everybody Everybody (Le Freak Album Mix)","","","yes","15670645","",""
"All-Time Hits","Unlockable","Black Box","Ride on Time","","","yes","70051871","",""
"All-Time Hits","Unlockable","Black Box","Strike It Up","","","yes","70051874","",""
"All-Time Hits","Unlockable","Black Star","Definition","","YES","no - explicit","2439301","",""
"All-Time Hits","Unlockable","blackbear","hot girl bummer","","YES","no - explicit","734497752","",""
"All-Time Hits","Unlockable","BLACKPINK","How You Like That","","","yes","1004294492","",""
"All-Time Hits","Unlockable","BLACKPINK","Ice Cream","","","yes","1062678102","",""
"All-Time Hits","Unlockable","Blackstreet","No Diggity","","","yes","916496","",""
"All-Time Hits","Unlockable","Blancmange","Living On The Ceiling","","","yes","13526387","",""
"All-Time Hits","Unlockable","Blank & Jones","Djs, Fans & Freaks (Radio Cut)","","","yes","471065372","",""
"All-Time Hits","Unlockable","Blessid Union Of Souls","Hey Leonardo (She Likes Me for Me)","","","yes","74460864","",""
"All-Time Hits","Unlockable","Blind Melon","No Rain","","","yes","3359652","",""
"All-Time Hits","Unlockable","blink-182","All The Small Things","","","yes","127354207","",""
"All-Time Hits","Unlockable","blink-182","Dammit","","YES","no - explicit","2267825","",""
"All-Time Hits","Unlockable","blink-182","What's My Age Again?","","YES","no - explicit","127354205","",""
"All-Time Hits","Unlockable","Blondie","Atomic (Remastered 2001)","","","yes","4305113","",""
"All-Time Hits","Unlockable","Blondie","Call Me","","","yes","3104486","",""
"All-Time Hits","Unlockable","Blondie","Denis (Remastered 2001)","","","yes","4305092","",""
"All-Time Hits","Unlockable","Blondie","Heart Of Glass","","","yes","3151379","",""
"All-Time Hits","Unlockable","Blondie","Heart Of Glass (Special Mix)","","","yes","3122252","",""
"All-Time Hits","Unlockable","Blondie","One Way Or Another (Remastered 2001)","","","yes","3100596","",""
"All-Time Hits","Unlockable","Bloodhound Gang","The Bad Touch","","YES","no - explicit","953105","",""
"All-Time Hits","Unlockable","Blu Cantrell","Breathe (feat. Sean Paul) (Rap Version)","","","yes","13146819","",""
"All-Time Hits","Unlockable","Blue","All Rise","","","yes","3152219","",""
"All-Time Hits","Unlockable","Blue","Bubblin'","","","yes","-594125541","",""
"All-Time Hits","Unlockable","Blue Öyster Cult","(Don't Fear) The Reaper","","","yes","82692320","",""
"All-Time Hits","Unlockable","Blue Swede","Hooked On A Feeling","","","yes","3402413","",""
"All-Time Hits","Unlockable","Blues Traveler","Hook","","","yes","76025739","",""
"All-Time Hits","Unlockable","Blues Traveler","Run-Around","","","yes","1168330","",""
"All-Time Hits","Unlockable","Bob Dylan","Hurricane","","YES","no - explicit","15347259","",""
"All-Time Hits","Unlockable","Bob Dylan","Knockin' On Heaven's Door","","","yes","71154320","",""
"All-Time Hits","Unlockable","Bob Dylan","Sign on the Window","","","yes","56890741","",""
"All-Time Hits","Unlockable","Bob Dylan","Tangled up in Blue","","","yes","15188933","",""
"All-Time Hits","Unlockable","Bob Marley & The Wailers","Could You Be Loved","","","yes","2423898","",""
"All-Time Hits","Unlockable","Bob Marley & The Wailers","Jamming","","","yes","2423934","",""
"All-Time Hits","Unlockable","Bob Marley & The Wailers","Three Little Birds","","","yes","2423901","",""
"All-Time Hits","Unlockable","Bob Seger & The Silver Bullet Band","Old Time Rock & Roll","","","yes","89626985","",""
"All-Time Hits","Unlockable","Bob Seger & The Silver Bullet Band","Still The Same","","","yes","89626983","",""
"All-Time Hits","Unlockable","Bobby Brown","Every Little Step","","","yes","921945612","",""
"All-Time Hits","Unlockable","Bobby Brown","My Prerogative","","","yes","1087366","",""
"All-Time Hits","Unlockable","Bobby Brown","On Our Own","","","yes","83939081","",""
"All-Time Hits","Unlockable","Bomfunk MC's","(Crack It) Something Going On (feat. Jessica Folker)","","","yes","13200005","",""
"All-Time Hits","Unlockable","Bon Jovi","Livin' On A Prayer","","","yes","538660022","",""
"All-Time Hits","Unlockable","Bon Jovi","You Give Love A Bad Name","","","yes","7332936","",""
"All-Time Hits","Unlockable","Boney M.","Rasputin","","","yes","364962","",""
"All-Time Hits","Unlockable","Boney M.","Rivers of Babylon","","","yes","968798","",""
"All-Time Hits","Unlockable","Boney M.","Sunny","","","yes","968801","",""
"All-Time Hits","Unlockable","Bonnie Tyler","Holding Out for a Hero (From ""Footloose"" Soundtrack)","","","yes","82299358","",""
"All-Time Hits","Unlockable","Bonnie Tyler","Total Eclipse of the Heart","","","yes","532349","",""
"All-Time Hits","Unlockable","Boston","Don't Look Back","","","yes","5748787","",""
"All-Time Hits","Unlockable","Boston","More Than a Feeling","","","yes","4007095","",""
"All-Time Hits","Unlockable","Boston","Peace of Mind","","","yes","84340027","",""
"All-Time Hits","Unlockable","Boston","Smokin'","","","yes","84340033","",""
"All-Time Hits","Unlockable","Boy Meets Girl","Waiting for a Star to Fall","","","yes","5404589","",""
"All-Time Hits","Unlockable","Boy Meets Girl","Waiting for a Star to Fall","","","yes","542000","",""
"All-Time Hits","Unlockable","Boyz II Men","End Of The Road","","","yes","4109156","",""
"All-Time Hits","Unlockable","Boyz II Men","I'll Make Love To You","","","yes","906609","",""
"All-Time Hits","Unlockable","Boz Scaggs","Lowdown","","","yes","1025093","",""
"All-Time Hits","Unlockable","Brainstorm","Maybe","","","yes","102448558","",""
"All-Time Hits","Unlockable","Bran Van 3000","Drinking in L.A.","","","yes","128237751","",""
"All-Time Hits","Unlockable","Brandy","What About Us?","","","yes","714910","",""
"All-Time Hits","Unlockable","Bread","Everything I Own","","","yes","675098","",""
"All-Time Hits","Unlockable","Bread","If","","","yes","675110","",""
"All-Time Hits","Unlockable","Brian McKnight","Back At One","","","yes","2173612","",""
"All-Time Hits","Unlockable","Britney Spears","(You Drive Me) Crazy","","","yes","540176","",""
"All-Time Hits","Unlockable","Britney Spears","I'm a Slave 4 U","","","yes","540191","",""
"All-Time Hits","Unlockable","Britney Spears","Me Against the Music (feat. Madonna) (LP Version / Video Mix)","","","yes","15392959","",""
"All-Time Hits","Unlockable","Britney Spears","Sometimes","","","yes","540177","",""
"All-Time Hits","Unlockable","Bronski Beat","Smalltown Boy","","","yes","428690122","",""
"All-Time Hits","Unlockable","Brooks & Dunn","Neon Moon","","","yes","969408","",""
"All-Time Hits","Unlockable","Brooks Jefferson","Friends in Low Places","","","yes","97664982","",""
"All-Time Hits","Unlockable","Bros","I Owe You Nothing","","","yes","71732794","",""
"All-Time Hits","Unlockable","Bros","When Will I Be Famous?","","","yes","619346","",""
"All-Time Hits","Unlockable","Bruce Hornsby & The Range","The Way It Is","","","yes","13130295","",""
"All-Time Hits","Unlockable","Bruce Springsteen","Badlands","","","yes","132635410","",""
"All-Time Hits","Unlockable","Bruce Springsteen","Born To Run","","","yes","610577","",""
"All-Time Hits","Unlockable","Bruce Springsteen","Dancing In the Dark","","","yes","15586246","",""
"All-Time Hits","Unlockable","Bruce Springsteen","Glory Days","","","yes","15586215","",""
"All-Time Hits","Unlockable","Bruce Springsteen","Hungry Heart","","","yes","15177141","",""
"All-Time Hits","Unlockable","Bruce Springsteen","I'm On Fire","","","yes","15586369","",""
"All-Time Hits","Unlockable","Bruce Springsteen","Streets of Philadelphia","","","yes","7675471","",""
"All-Time Hits","Unlockable","Bruce Springsteen","Thunder Road","","","yes","552942242","",""
"All-Time Hits","Unlockable","Bruno Mars","Just the Way You Are","","","yes","8011850","",""
"All-Time Hits","Unlockable","Bruno Mars","That's What I Like","","","yes","136336116","",""
"All-Time Hits","Unlockable","Bryan Adams","Run To You","","","yes","2499253","",""
"All-Time Hits","Unlockable","Bryan Adams","Summer Of '69","","","yes","2499247","",""
"All-Time Hits","Unlockable","Bryan Ferry","Don't Stop The Dance","","","yes","3135078","",""
"All-Time Hits","Unlockable","Bryan Ferry","Slave To Love","","","yes","3135077","",""
"All-Time Hits","Unlockable","BTS","Dynamite","","","yes","1053500692","",""
"All-Time Hits","Unlockable","BTS","ON (Feat. Sia)","","","yes","879263702","",""
"All-Time Hits","Unlockable","Buckcherry","Lit Up","","YES","no - explicit","2192282","",""
"All-Time Hits","Unlockable","Bush","Glycerine (2014 Remastered)","","","yes","424502802","",""
"All-Time Hits","Unlockable","Busta Rhymes","I Know What You Want (feat. Flipmode Squad)","","","yes","15220661","",""
"All-Time Hits","Unlockable","Busted","What I Go To School For","","","yes","2192087","",""
"All-Time Hits","Unlockable","C & C Music Factory","Gonna Make You Sweat (Everybody Dance Now)","","","yes","2311029","",""
"All-Time Hits","Unlockable","Cake","Never There","","","yes","969434","",""
"All-Time Hits","Unlockable","Cake","Short Skirt / Long Jacket","","","yes","624991","",""
"All-Time Hits","Unlockable","Cake","The Distance","","","yes","963148","",""
"All-Time Hits","Unlockable","Calvin Harris","I'm Not Alone (Radio Edit)","","","yes","69304060","",""
"All-Time Hits","Unlockable","Cameo","Word Up","","","yes","907924","",""
"All-Time Hits","Unlockable","Camila Cabello","My Oh My (feat. DaBaby)","","","yes","823567772","",""
"All-Time Hits","Unlockable","Candi Staton","Young Hearts Run Free","","","yes","720737","",""
"All-Time Hits","Unlockable","Candlebox","Far Behind","","","yes","4292887","",""
"All-Time Hits","Unlockable","Cardi B","I Like It","","YES","no - explicit","482986842","",""
"All-Time Hits","Unlockable","Cardi B","WAP (feat. Megan Thee Stallion)","","YES","no - explicit","1044791832","",""
"All-Time Hits","Unlockable","Carl Douglas","Kung Fu Fighting","","","yes","131285694","",""
"All-Time Hits","Unlockable","Carly Rae Jepsen","Call Me Maybe","","","yes","16670786","",""
"All-Time Hits","Unlockable","Carly Simon","Coming Around Again (Remastered 2004)","","","yes","598064","",""
"All-Time Hits","Unlockable","Carly Simon","You're So Vain","","","yes","79569274","",""
"All-Time Hits","Unlockable","Carole King","I Feel the Earth Move","","","yes","119819698","",""
"All-Time Hits","Unlockable","Carole King","It's Too Late","","","yes","2947215","",""
"All-Time Hits","Unlockable","Carole King","You've Got a Friend","","","yes","119819710","",""
"All-Time Hits","Unlockable","Carpenters","We've Only Just Begun","","","yes","1126585","",""
"All-Time Hits","Unlockable","Cascada","Everytime We Touch (Radio Edit)","","","yes","1139054","",""
"All-Time Hits","Unlockable","Cass Elliot","Baby I'm Yours (Digitally Remastered)","","","yes","82666484","",""
"All-Time Hits","Unlockable","CeCe Peniston","Finally","","","yes","685830692","",""
"All-Time Hits","Unlockable","CeeLo Green","Forget You","","","yes","7303270","",""
"All-Time Hits","Unlockable","Céline Dion","All By Myself","","","yes","2850969212","",""
"All-Time Hits","Unlockable","Céline Dion","All By Myself","","","yes","714269242","",""
"All-Time Hits","Unlockable","Céline Dion","Because You Loved Me (Theme from ""Up Close and Personal"")","","","yes","14552288","",""
"All-Time Hits","Unlockable","Céline Dion","I'm Alive","","","yes","14552292","",""
"All-Time Hits","Unlockable","Céline Dion","It's All Coming Back to Me Now","","","yes","15637440","",""
"All-Time Hits","Unlockable","Céline Dion","My Heart Will Go On (Love Theme from ""Titanic"")","","","yes","14552280","",""
"All-Time Hits","Unlockable","Céline Dion","That's the Way It Is","","","yes","14552286","",""
"All-Time Hits","Unlockable","Chad Kroeger","Hero (feat. Josey Scott)","","","yes","3866895","",""
"All-Time Hits","Unlockable","Chaka Khan","Ain't Nobody","","","yes","776220","",""
"All-Time Hits","Unlockable","Chaka Khan","I Feel for You","","","yes","685227","",""
"All-Time Hits","Unlockable","Chaka Khan","I'm Every Woman","","","yes","749266","",""
"All-Time Hits","Unlockable","Charile Daniels Band","The Devil Went Down To Georgia","","","yes","75779619","",""
"All-Time Hits","Unlockable","Cheap Trick","Dream Police","","","yes","82325634","",""
"All-Time Hits","Unlockable","Cheap Trick","I Want You to Want Me","","","yes","104760756","",""
"All-Time Hits","Unlockable","Cheap Trick","I Want You to Want Me (Live at Nippon Budokan, Tokyo, JPN - April 1978)","","","yes","611315","",""
"All-Time Hits","Unlockable","Cheap Trick","The Flame","","","yes","611354","",""
"All-Time Hits","Unlockable","Cheap Trick","Voices","","","yes","611349","",""
"All-Time Hits","Unlockable","Cher","Believe","","","yes","786717","",""
"All-Time Hits","Unlockable","Cher","Gypsys, Tramps & Thieves","","","yes","1126803","",""
"All-Time Hits","Unlockable","Cher","If I Could Turn Back Time","","","yes","2307289","",""
"All-Time Hits","Unlockable","Cher","Song for the Lonely","","","yes","5615410","",""
"All-Time Hits","Unlockable","Cher","Strong Enough","","","yes","786748","",""
"All-Time Hits","Unlockable","Cher","The Music's No Good Without You (Almighty Radio Edit)","","","yes","707097","",""
"All-Time Hits","Unlockable","Cherry Poppin' Daddies","Zoot Suit Riot","","","yes","69256670","",""
"All-Time Hits","Unlockable","Cheryl Lynn","Got to Be Real","","","yes","8014760","",""
"All-Time Hits","Unlockable","Chesney Hawkes","The One And Only","","","yes","130195442","",""
"All-Time Hits","Unlockable","Chic","Good Times (2018 Remaster)","","","yes","841929682","",""
"All-Time Hits","Unlockable","Chic","Le Freak (2018 Remaster)","","","yes","589631252","",""
"All-Time Hits","Unlockable","Chicago","25 or 6 to 4 (2002 Remaster)","","","yes","3616289","",""
"All-Time Hits","Unlockable","Chicago","Hard to Say I'm Sorry (2007 Remaster)","","","yes","2680908","",""
"All-Time Hits","Unlockable","Chicago","If You Leave Me Now (Remastered LP Version)","","","yes","765385","",""
"All-Time Hits","Unlockable","Chicago","Saturday in the Park (2002 Remaster)","","","yes","3616297","",""
"All-Time Hits","Unlockable","Chicago","You're the Inspiration (2006 Remaster)","","","yes","674282","",""
"All-Time Hits","Unlockable","Chicane","Don't Give Up","","","yes","6467783","",""
"All-Time Hits","Unlockable","Chris Brown","Go Crazy","","YES","no - explicit","950963452","",""
"All-Time Hits","Unlockable","Chris Brown","Run It! (Featuring Juelz Santana)","","","yes","13140203","",""
"All-Time Hits","Unlockable","Chris de Burgh","The Lady In Red","","","yes","522699602","",""
"All-Time Hits","Unlockable","Chris Isaak","Wicked Game","","","yes","70724542","",""
"All-Time Hits","Unlockable","Chris Isaak","Wicked Game","","","yes","70548334","",""
"All-Time Hits","Unlockable","Christina Aguilera","Come on over Baby (All I Want Is You) (Radio Version)","","","yes","15629723","",""
"All-Time Hits","Unlockable","Christina Aguilera","Genie in a Bottle","","","yes","964342","",""
"All-Time Hits","Unlockable","Christina Aguilera","Lady Marmalade (From ""Moulin Rouge"" Soundtrack)","","","yes","2438245","",""
"All-Time Hits","Unlockable","Christina Aguilera","What a Girl Wants","","","yes","15627387","",""
"All-Time Hits","Unlockable","Christopher Cross","Sailing","","","yes","765424","",""
"All-Time Hits","Unlockable","Chumbawamba","Tubthumping","","","yes","3137092","",""
"All-Time Hits","Unlockable","Chumbawamba","Tubthumping Album Version","","","yes","68024828","",""
"All-Time Hits","Unlockable","Ciara","Goodies (feat. Petey Pablo)","","","yes","13145340","",""
"All-Time Hits","Unlockable","Citizen King","Better Days (And the Bottom Drops Out)","","","yes","6640921","",""
"All-Time Hits","Unlockable","Cliff Richard","Devil Woman (2001 Remaster)","","","yes","3100727","",""
"All-Time Hits","Unlockable","Cliff Richard","We Don't Talk Anymore (2001 Remaster)","","","yes","3142492","",""
"All-Time Hits","Unlockable","Climie Fisher","Love Changes (Everything)","","","yes","3147082","",""
"All-Time Hits","Unlockable","Coldplay","Life in Technicolor ii","","","yes","13444592","",""
"All-Time Hits","Unlockable","Collective Soul","December","","","yes","6523533","",""
"All-Time Hits","Unlockable","Collective Soul","Shine","","","yes","4735504","",""
"All-Time Hits","Unlockable","Collective Soul","The World I Know","","","yes","616357332","",""
"All-Time Hits","Unlockable","Colonel Abrams","Trapped","","","yes","10092873","",""
"All-Time Hits","Unlockable","Commodores","Nightshift","","","yes","1101960","",""
"All-Time Hits","Unlockable","Conan Gray","Heather","","","yes","903771442","",""
"All-Time Hits","Unlockable","Coolio","Gangsta's Paradise","","","yes","409962492","",""
"All-Time Hits","Unlockable","Cornershop","Brimful Of Asha (Norman Cook Remix Single Version)","","","yes","15686804","",""
"All-Time Hits","Unlockable","Corona","The Rhythm of the Night","","","yes","84995457","",""
"All-Time Hits","Unlockable","Counting Crows","A Long December","","","yes","1138001","",""
"All-Time Hits","Unlockable","Counting Crows","Hanginaround","","","yes","78934714","",""
"All-Time Hits","Unlockable","Counting Crows","Mr. Jones","","","yes","1138006","",""
"All-Time Hits","Unlockable","Counting Crows","Round Here","","","yes","1137999","",""
"All-Time Hits","Unlockable","Cowboy Junkies","Sweet Jane","","","yes","13159772","",""
"All-Time Hits","Unlockable","Craig David","Fill Me In","","","yes","2559110","",""
"All-Time Hits","Unlockable","Craig David","Rendezvous","","","yes","143169100","",""
"All-Time Hits","Unlockable","Craig David","Rewind","","","yes","2559123","",""
"All-Time Hits","Unlockable","Craig David","Rise & Fall (feat. Sting)","","","yes","143170316","",""
"All-Time Hits","Unlockable","Crash Test Dummies","Mmm Mmm Mmm Mmm","","","yes","6075100","",""
"All-Time Hits","Unlockable","Creed","Higher","","","yes","80274464","",""
"All-Time Hits","Unlockable","Creed","With Arms Wide Open","","","yes","836186382","",""
"All-Time Hits","Unlockable","Creedence Clearwater Revival","Have You Ever Seen The Rain","","","yes","86391911","",""
"All-Time Hits","Unlockable","Creedence Clearwater Revival","Proud Mary","","","yes","4126459","",""
"All-Time Hits","Unlockable","Creedence Clearwater Revival","Who'll Stop The Rain","","","yes","112839944","",""
"All-Time Hits","Unlockable","Crosby, Stills, Nash & Young","Our House","","","yes","3821908","",""
"All-Time Hits","Unlockable","Crowded House","Don't Dream It's Over","","","yes","133577580","",""
"All-Time Hits","Unlockable","Crowded House","Weather With You","","","yes","135371886","",""
"All-Time Hits","Unlockable","Crystal Waters","Gypsy Woman (She's Homeless) (Basement Boy Strip To The Bone Mix)","","","yes","18050343","",""
"All-Time Hits","Unlockable","Culture Beat","Mr. Vain","","","yes","29794781","",""
"All-Time Hits","Unlockable","Culture Beat","Mr. Vain (Original Radio Edit)","","","yes","17347911","",""
"All-Time Hits","Unlockable","Culture Club","Do You Really Want To Hurt Me (Remastered 2002)","","","yes","3138155","",""
"All-Time Hits","Unlockable","Culture Club","Karma Chameleon (Remastered 2002)","","","yes","3090499","",""
"All-Time Hits","Unlockable","Curtis Mayfield","Move on Up (Single Edit)","","","yes","115195420","",""
"All-Time Hits","Unlockable","Cutting Crew","(I Just) Died In Your Arms","","","yes","84921729","",""
"All-Time Hits","Unlockable","Cyndi Lauper","Girls Just Want to Have Fun","","","yes","76057844","",""
"All-Time Hits","Unlockable","Cyndi Lauper","Time After Time","","","yes","4097332","",""
"All-Time Hits","Unlockable","Cyndi Lauper","True Colors","","","yes","608820","",""
"All-Time Hits","Unlockable","Cypress Hill","Hits from the Bong","","YES","no - explicit","1015879","",""
"All-Time Hits","Unlockable","Cypress Hill","Insane in the Brain","","YES","no - explicit","1015862","",""
"All-Time Hits","Unlockable","Cypress Hill","What's Your Number? (feat. Tim Armstrong)","","YES","no - explicit","565965","",""
"All-Time Hits","Unlockable","D12","My Band","","YES","no - explicit","1102401","",""
"All-Time Hits","Unlockable","D12","Purple Pills","","YES","no - explicit","1126602","",""
"All-Time Hits","Unlockable","DaBaby","ROCKSTAR","","YES","no - explicit","932661672","",""
"All-Time Hits","Unlockable","Daft Punk","Around the World","","","yes","3129775","",""
"All-Time Hits","Unlockable","Daft Punk","Technologic (Radio Edit)","","","yes","3157513","",""
"All-Time Hits","Unlockable","Dan Hartman","I Can Dream About You","","","yes","893027","",""
"All-Time Hits","Unlockable","Daniel Bedingfield","If You're Not The One","","","yes","2298577","",""
"All-Time Hits","Unlockable","Daniel Merriweather","Change (feat. Wale)","","YES","no - explicit","3437910","",""
"All-Time Hits","Unlockable","Daniel Powter","Bad Day","","","yes","6685848","",""
"All-Time Hits","Unlockable","Danny Wilson","Mary's Prayer","","","yes","3362498","",""
"All-Time Hits","Unlockable","Darude","Sandstorm","","","yes","11390027","",""
"All-Time Hits","Unlockable","Daryl Braithwaite","One Summer","","","yes","15852646","",""
"All-Time Hits","Unlockable","Daryl Braithwaite","The Horses","","","yes","12791711","",""
"All-Time Hits","Unlockable","Daryl Hall & John Oates","Fall in Philadelphia","","","yes","4962178","",""
"All-Time Hits","Unlockable","Daryl Hall & John Oates","I Can't Go for That (No Can Do)","","","yes","569559","",""
"All-Time Hits","Unlockable","Daryl Hall & John Oates","Maneater","","","yes","569561","",""
"All-Time Hits","Unlockable","Daryl Hall & John Oates","Out of Touch","","","yes","11219664","",""
"All-Time Hits","Unlockable","Daryl Hall & John Oates","Private Eyes","","","yes","13165885","",""
"All-Time Hits","Unlockable","Daryl Hall & John Oates","Rich Girl","","","yes","548228","",""
"All-Time Hits","Unlockable","Daryl Hall & John Oates","Rich Girl","","","yes","566101","",""
"All-Time Hits","Unlockable","Daryl Hall & John Oates","Sara Smile","","","yes","576183","",""
"All-Time Hits","Unlockable","Daryl Hall & John Oates","She's Gone","","","yes","4288127","",""
"All-Time Hits","Unlockable","Daryl Hall & John Oates","You Make My Dreams (Come True)","","","yes","546004","",""
"All-Time Hits","Unlockable","Daughtry","Waiting for Superman","","","yes","72314176","",""
"All-Time Hits","Unlockable","Dave Matthews Band","Ants Marching","","","yes","426743392","",""
"All-Time Hits","Unlockable","Dave Matthews Band","Crash into Me","","","yes","426740692","",""
"All-Time Hits","Unlockable","David Bowie","""Heroes"" (2017 Remaster)","","","yes","408728172","",""
"All-Time Hits","Unlockable","David Bowie","Heroes (Single Version; 1990 Remaster)","","","yes","3123787","",""
"All-Time Hits","Unlockable","David Bowie","Let's Dance (1999 Remaster)","","","yes","3103847","",""
"All-Time Hits","Unlockable","David Bowie","Let's Dance (2018 Remaster)","","","yes","730342602","",""
"All-Time Hits","Unlockable","David Bowie","Life on Mars? (2015 Remaster)","","","yes","107474522","",""
"All-Time Hits","Unlockable","David Bowie","Modern Love (2018 Remaster)","","","yes","565655082","",""
"All-Time Hits","Unlockable","David Bowie","Rebel Rebel (2016 Remaster)","","","yes","141819823","",""
"All-Time Hits","Unlockable","David Bowie","Sound and Vision (2017 Remaster)","","","yes","461043562","",""
"All-Time Hits","Unlockable","David Bowie","Speed of Life (2017 Remaster)","","","yes","461043532","",""
"All-Time Hits","Unlockable","David Bowie","Starman (2012 Remastered Version)","","","yes","31045661","",""
"All-Time Hits","Unlockable","David Bowie","Young Americans (2016 Remaster)","","","yes","141820041","",""
"All-Time Hits","Unlockable","David Guetta","Love Is Gone (Fred Riester & Joachim Garraud Radio Edit Remix)","","","yes","3107326","",""
"All-Time Hits","Unlockable","David Guetta","Memories (feat. Kid Cudi)","","","yes","5400243","",""
"All-Time Hits","Unlockable","David Jordan","Sun Goes Down","","","yes","884307","",""
"All-Time Hits","Unlockable","Deacon Blue","Dignity","","","yes","3016837","",""
"All-Time Hits","Unlockable","Deacon Blue","Real Gone Kid","","","yes","1037287","",""
"All-Time Hits","Unlockable","Dead Or Alive","You Spin Me Round (Like a Record)","","","yes","610914","",""
"All-Time Hits","Unlockable","Dead Or Alive","You Spin Me Round (Like A Record) (Original 7"" Mix)","","","yes","958021","",""
"All-Time Hits","Unlockable","DeBarge","Rhythm Of The Night","","","yes","75392184","",""
"All-Time Hits","Unlockable","Deee-Lite","Groove Is in the Heart","","","yes","3601752","",""
"All-Time Hits","Unlockable","Deep Blue Something","Breakfast At Tiffany's","","","yes","2315711","",""
"All-Time Hits","Unlockable","Deep Purple","Smoke On The Water","","","yes","3854064","",""
"All-Time Hits","Unlockable","Deep Purple","Soldier of Fortune","","","yes","3150328","",""
"All-Time Hits","Unlockable","Def Leppard","Animal","","","yes","447552802","",""
"All-Time Hits","Unlockable","Def Leppard","Hysteria","","","yes","447552872","",""
"All-Time Hits","Unlockable","Def Leppard","Pour Some Sugar On Me","","","yes","447552822","",""
"All-Time Hits","Unlockable","Def Leppard","Pour Some Sugar On Me (Remastered 2017)","","","yes","447558052","",""
"All-Time Hits","Unlockable","Deichkind","Bon Voyage (feat. Nina)","","","yes","685508","",""
"All-Time Hits","Unlockable","Del Amitri","Roll To Me","","","yes","2528644","",""
"All-Time Hits","Unlockable","Deniece Williams","Let's Hear It for the Boy (From ""Footloose"" Original Soundtrack)","","","yes","10357261","",""
"All-Time Hits","Unlockable","Depeche Mode","Dream On","","","yes","68515207","",""
"All-Time Hits","Unlockable","Depeche Mode","Enjoy the Silence","","","yes","68515055","",""
"All-Time Hits","Unlockable","Depeche Mode","Just Can't Get Enough","","","yes","68511564","",""
"All-Time Hits","Unlockable","Depeche Mode","Never Let Me Down Again","","","yes","136334622","",""
"All-Time Hits","Unlockable","Depeche Mode","People Are People","","","yes","68515278","",""
"All-Time Hits","Unlockable","Depeche Mode","Personal Jesus","","","yes","136331376","",""
"All-Time Hits","Unlockable","Depeche Mode","Policy of Truth","","","yes","136331384","",""
"All-Time Hits","Unlockable","Depeche Mode","Precious","","","yes","3120377","",""
"All-Time Hits","Unlockable","Depeche Mode","Strangelove","","","yes","136334626","",""
"All-Time Hits","Unlockable","Depeche Mode","Wrong","","","yes","136332236","",""
"All-Time Hits","Unlockable","Derek & The Dominos","Layla (40th Anniversary Version / 2010 Remastered)","","","yes","10101864","",""
"All-Time Hits","Unlockable","Des'ree","You Gotta Be","","","yes","12976633","",""
"All-Time Hits","Unlockable","Destiny's Child","Bills, Bills, Bills","","","yes","580889","",""
"All-Time Hits","Unlockable","Destiny's Child","Bootylicious","","","yes","4006939","",""
"All-Time Hits","Unlockable","Destiny's Child","Independent Women, Pt. 1","","","yes","5817088","",""
"All-Time Hits","Unlockable","Destiny's Child","Jumpin', Jumpin'","","","yes","580931","",""
"All-Time Hits","Unlockable","Destiny's Child","Soldier (Radio Edit)","","","yes","15413324","",""
"All-Time Hits","Unlockable","Destiny's Child","Survivor","","","yes","1008337","",""
"All-Time Hits","Unlockable","Devo","Whip It","","","yes","4382923","",""
"All-Time Hits","Unlockable","Dexys Midnight Runners","Come On Eileen","","","yes","4585682","",""
"All-Time Hits","Unlockable","Dexys Midnight Runners","Come On Eileen","","","yes","1115061","",""
"All-Time Hits","Unlockable","Dexys Midnight Runners","Come On Eileen (Single Edit)","","","yes","4255658","",""
"All-Time Hits","Unlockable","Diana Ross","I'm Coming Out","","","yes","1183793","",""
"All-Time Hits","Unlockable","Diana Ross","The Boss","","","yes","1183803","",""
"All-Time Hits","Unlockable","Diana Ross","Upside Down","","","yes","906582","",""
"All-Time Hits","Unlockable","Diddy","I Need a Girl (Pt. 2) [feat. Loon, Ginuwine, Mario Winans]","","","yes","2794597","",""
"All-Time Hits","Unlockable","Diddy","I'll Be Missing You (feat. Faith Evans, 112)","","","yes","2794603","",""
"All-Time Hits","Unlockable","Dido","Here With Me","","","yes","962165","",""
"All-Time Hits","Unlockable","Dido","Life for Rent","","","yes","2654328","",""
"All-Time Hits","Unlockable","Dido","Thank You","","","yes","962173","",""
"All-Time Hits","Unlockable","Dido","White Flag","","","yes","2654326","",""
"All-Time Hits","Unlockable","Digital Underground","The Humpty Dance (LP Version)","","","yes","672632","",""
"All-Time Hits","Unlockable","Dire Straits","Brothers In Arms","","","yes","880961","",""
"All-Time Hits","Unlockable","Dire Straits","Money For Nothing","","","yes","2514681","",""
"All-Time Hits","Unlockable","Dire Straits","Sultans Of Swing","","","yes","2263033","",""
"All-Time Hits","Unlockable","Dire Straits","Walk Of Life","","","yes","2514683","",""
"All-Time Hits","Unlockable","Dishwalla","Counting Blue Cars (Tell Me Your Thoughts On God)","","","yes","115706386","",""
"All-Time Hits","Unlockable","Dispatch","Bang Bang","","","yes","92590810","",""
"All-Time Hits","Unlockable","Dispatch","The General","","","yes","92590808","",""
"All-Time Hits","Unlockable","Divinyls","I Touch Myself","","","yes","3152715","",""
"All-Time Hits","Unlockable","Dizzee Rascal","Bonkers","","","yes","15640851","",""
"All-Time Hits","Unlockable","DJ Bobo","What a Feeling","","","yes","917796222","",""
"All-Time Hits","Unlockable","DJ Jazzy Jeff & The Fresh Prince","Summertime","","","yes","831351","",""
"All-Time Hits","Unlockable","DJ Khaled","POPSTAR (feat. Drake)","","YES","no - explicit","1024107672","",""
"All-Time Hits","Unlockable","DMX","Party Up","","YES","no - explicit","429125292","",""
"All-Time Hits","Unlockable","DMX","Party Up (Up In Here)","","","yes","108660086","",""
"All-Time Hits","Unlockable","DMX","X Gon' Give It To Ya","","YES","no - explicit","2251072","",""
"All-Time Hits","Unlockable","DNA","Tom's Diner (7"" Version)","","","yes","549263622","",""
"All-Time Hits","Unlockable","Dog's Eye View","Everything Falls Apart","","","yes","13253011","",""
"All-Time Hits","Unlockable","Doja Cat","Boss Bitch","","YES","no - explicit","856402392","",""
"All-Time Hits","Unlockable","Doja Cat","Say So","","YES","no - explicit","797228462","",""
"All-Time Hits","Unlockable","Dolly Parton","9 to 5","","","yes","499737922","",""
"All-Time Hits","Unlockable","Dolly Parton","Here You Come Again","","","yes","13133053","",""
"All-Time Hits","Unlockable","Dolly Parton","I Will Always Love You","","","yes","-2656347282","",""
"All-Time Hits","Unlockable","Dolly Parton","Jolene","","","yes","5404470","",""
"All-Time Hits","Unlockable","Don Henley","The Boys Of Summer","","","yes","3977905","",""
"All-Time Hits","Unlockable","Don McLean","American Pie","","","yes","3156285","",""
"All-Time Hits","Unlockable","Don Toliver","No Idea","","","yes","685888382","",""
"All-Time Hits","Unlockable","Donna Lewis","I Love You Always Forever","","","yes","846048","",""
"All-Time Hits","Unlockable","Donna Summer","Bad Girls","","","yes","927703","",""
"All-Time Hits","Unlockable","Donna Summer","Hot Stuff","","","yes","927702","",""
"All-Time Hits","Unlockable","Donna Summer","I Feel Love","","","yes","1175274","",""
"All-Time Hits","Unlockable","Dr. Alban","It's My Life","","","yes","1048727","",""
"All-Time Hits","Unlockable","Dr. Dre","Forgot About Dre","","YES","no - explicit","1579480","",""
"All-Time Hits","Unlockable","Dr. Dre","Nuthin' But A ""G"" Thang","","YES","no - explicit","921382112","",""
"All-Time Hits","Unlockable","Dr. Dre","Still D.R.E.","","YES","no - explicit","1579474","",""
"All-Time Hits","Unlockable","Dragonette","Take It Like A Man","","","yes","1141730","",""
"All-Time Hits","Unlockable","Drake","Laugh Now Cry Later","","YES","no - explicit","1050306812","",""
"All-Time Hits","Unlockable","Drake","Toosie Slide","","YES","no - explicit","919708552","",""
"All-Time Hits","Unlockable","Dua Lipa","Break My Heart","","","yes","912254932","",""
"All-Time Hits","Unlockable","Dua Lipa","Don't Start Now","","","yes","793163542","",""
"All-Time Hits","Unlockable","Dua Lipa","Physical","","","yes","862051992","",""
"All-Time Hits","Unlockable","Duffy","Warwick Avenue","","","yes","530295731","",""
"All-Time Hits","Unlockable","Duncan Sheik","Barely Breathing","","","yes","3663560","",""
"All-Time Hits","Unlockable","Duran Duran","A View to a Kill","","","yes","3130429","",""
"All-Time Hits","Unlockable","Duran Duran","Girls on Film","","","yes","4304778","",""
"All-Time Hits","Unlockable","Duran Duran","Hungry Like The Wolf (2001 Remastered Version)","","","yes","3153334","",""
"All-Time Hits","Unlockable","Duran Duran","Hungry Like the Wolf (2009 Remaster)","","","yes","4127465","",""
"All-Time Hits","Unlockable","Duran Duran","Ordinary World","","","yes","3130430","",""
"All-Time Hits","Unlockable","Duran Duran","Save a Prayer (2009 Remaster)","","","yes","4127469","",""
"All-Time Hits","Unlockable","Duran Duran","The Reflex (2010 Remaster)","","","yes","5593850","",""
"All-Time Hits","Unlockable","Duran Duran","The Reflex (Single Version; 2010 Remaster)","","","yes","5593864","",""
"All-Time Hits","Unlockable","Eagle-Eye Cherry","Save Tonight","","","yes","82203410","",""
"All-Time Hits","Unlockable","Eagles","Chug All Night (2013 Remaster)","","","yes","68098785","",""
"All-Time Hits","Unlockable","Eagles","Desperado (2013 Remaster)","","","yes","68116150","",""
"All-Time Hits","Unlockable","Eagles","Hotel California (2013 Remaster)","","","yes","426703682","",""
"All-Time Hits","Unlockable","Eagles","I Can't Tell You Why (2013 Remaster)","","","yes","68116172","",""
"All-Time Hits","Unlockable","Eagles","Life in the Fast Lane (2013 Remaster)","","","yes","68097789","",""
"All-Time Hits","Unlockable","Eagles","One of These Nights (2013 Remaster)","","","yes","68116160","",""
"All-Time Hits","Unlockable","Eagles","Take It Easy (2013 Remaster)","","","yes","68116147","",""
"All-Time Hits","Unlockable","Eagles","Take It to the Limit (2013 Remaster)","","","yes","68094427","",""
"All-Time Hits","Unlockable","Eagles","Wasted Time (2013 Remaster)","","","yes","68097790","",""
"All-Time Hits","Unlockable","Eagles","Witchy Woman (2013 Remaster)","","","yes","68094696","",""
"All-Time Hits","Unlockable","Earth, Wind & Fire","After the Love Has Gone","","","yes","27533041","",""
"All-Time Hits","Unlockable","Earth, Wind & Fire","Boogie Wonderland (with The Emotions Album Version)","","","yes","611346","",""
"All-Time Hits","Unlockable","Earth, Wind & Fire","Fantasy","","","yes","487484162","",""
"All-Time Hits","Unlockable","Earth, Wind & Fire","Let's Groove","","","yes","27533911","",""
"All-Time Hits","Unlockable","Earth, Wind & Fire","Reasons","","","yes","15636813","",""
"All-Time Hits","Unlockable","Earth, Wind & Fire","September","","","yes","487484142","",""
"All-Time Hits","Unlockable","Earth, Wind & Fire","Shining Star","","","yes","75626419","",""
"All-Time Hits","Unlockable","East 17","Stay Another Day","","","yes","428735552","",""
"All-Time Hits","Unlockable","Ed Sheeran","Perfect","","","yes","142986206","",""
"All-Time Hits","Unlockable","Ed Sheeran","Shape of You","","","yes","139470659","",""
"All-Time Hits","Unlockable","Ed Sheeran","Thinking out Loud","","","yes","79875064","",""
"All-Time Hits","Unlockable","Eddie Money","Take Me Home Tonight","","","yes","1081064","",""
"All-Time Hits","Unlockable","Eddie Money","Two Tickets to Paradise (2022 Remaster)","","","yes","1080500","",""
"All-Time Hits","Unlockable","Edward Maya","Never Enough","","","yes","3056646901","",""
"All-Time Hits","Unlockable","Edwin McCain","I'll Be","","","yes","749330","",""
"All-Time Hits","Unlockable","Edwyn Collins","A Girl Like You","","","yes","14282849","",""
"All-Time Hits","Unlockable","EFA","Sweet Dreams (Are Made Of This) (feat. Moody Violet)","","","yes","3188163751","",""
"All-Time Hits","Unlockable","Eiffel 65","Blue (Da Ba Dee)","","","yes","88825391","",""
"All-Time Hits","Unlockable","Electric Light Orchestra","Don't Bring Me Down","","","yes","80354238","",""
"All-Time Hits","Unlockable","Electric Light Orchestra","Last Train to London","","","yes","13816436","",""
"All-Time Hits","Unlockable","Electric Light Orchestra","Livin' Thing","","","yes","81232936","",""
"All-Time Hits","Unlockable","Electric Light Orchestra","Mr. Blue Sky","","","yes","112662184","",""
"All-Time Hits","Unlockable","Electric Light Orchestra","Telephone Line","","","yes","112660452","",""
"All-Time Hits","Unlockable","Ellie Goulding","Lights (Single Version)","","","yes","7667349","",""
"All-Time Hits","Unlockable","Elton John","Bennie And The Jets (Remastered)","","","yes","424567672","",""
"All-Time Hits","Unlockable","Elton John","Circle of Life","","","yes","81105456","",""
"All-Time Hits","Unlockable","Elton John","Crocodile Rock","","","yes","907749","",""
"All-Time Hits","Unlockable","Elton John","Daniel","","","yes","4967942","",""
"All-Time Hits","Unlockable","Elton John","Don't Go Breaking My Heart","","","yes","85249136","",""
"All-Time Hits","Unlockable","Elton John","Goodbye Yellow Brick Road (Remastered)","","","yes","424567652","",""
"All-Time Hits","Unlockable","Elton John","I Guess That's Why They Call It The Blues","","","yes","44586871","",""
"All-Time Hits","Unlockable","Elton John","I'm Still Standing","","","yes","1171163","",""
"All-Time Hits","Unlockable","Elton John","Rocket Man (I Think It's Going To Be A Long Long Time)","","","yes","4967940","",""
"All-Time Hits","Unlockable","Elton John","Tiny Dancer","","","yes","88004701","",""
"All-Time Hits","Unlockable","Elton John","Your Song","","","yes","880181","",""
"All-Time Hits","Unlockable","Elvin Bishop","Fooled Around And Fell In Love","","","yes","4733215","",""
"All-Time Hits","Unlockable","Elvis Presley","Always On My Mind","","","yes","4763469","",""
"All-Time Hits","Unlockable","Elvis Presley","Burning Love","","","yes","129231818","",""
"All-Time Hits","Unlockable","Elvis Presley","Unchained Melody (Live at Ann Arbor, MI)","","","yes","15398781","",""
"All-Time Hits","Unlockable","EMF","Unbelievable","","","yes","3153744","",""
"All-Time Hits","Unlockable","Eminem","Godzilla","","YES","no - explicit","854914322","",""
"All-Time Hits","Unlockable","Eminem","My Name Is","","YES","no - explicit","1109729","",""
"All-Time Hits","Unlockable","Eminem","We Made You","","","yes","86332785","",""
"All-Time Hits","Unlockable","Emma Bunton","What Took You So Long?","","","yes","3088626","",""
"All-Time Hits","Unlockable","En Vogue","Free Your Mind","","","yes","772237","",""
"All-Time Hits","Unlockable","En Vogue","My Lovin' (You're Never Gonna Get It) (LP Version)","","","yes","727373","",""
"All-Time Hits","Unlockable","Enrique Iglesias","Escape","","","yes","2604915","",""
"All-Time Hits","Unlockable","Enya","May It Be","","","yes","14628832","",""
"All-Time Hits","Unlockable","Enya","Only Time","","","yes","775117","",""
"All-Time Hits","Unlockable","Enya","Orinoco Flow","","","yes","65728152","",""
"All-Time Hits","Unlockable","Enya","Orinoco Flow (2009 Remaster)","","","yes","14685717","",""
"All-Time Hits","Unlockable","Erasure","A Little Respect","","","yes","85561690","",""
"All-Time Hits","Unlockable","Erasure","A Little Respect (Remastered 2009)","","","yes","68925713","",""
"All-Time Hits","Unlockable","Erasure","Sometimes","","","yes","68926233","",""
"All-Time Hits","Unlockable","Eric Carmen","All By Myself","","","yes","391680222","",""
"All-Time Hits","Unlockable","Eric Carmen","Hungry Eyes (From ""Dirty Dancing"" Soundtrack)","","","yes","13128242","",""
"All-Time Hits","Unlockable","Eric Carmen","Hungry Eyes (From ""Dirty Dancing"" Soundtrack)","","","yes","1043544","",""
"All-Time Hits","Unlockable","Eric Carmen","Make Me Lose Control","","","yes","992960","",""
"All-Time Hits","Unlockable","Eric Clapton","Cocaine","","","yes","1112310","",""
"All-Time Hits","Unlockable","Eric Clapton","I Shot The Sheriff","","","yes","1112304","",""
"All-Time Hits","Unlockable","Eric Clapton","Lay Down Sally","","","yes","2112474","",""
"All-Time Hits","Unlockable","Eric Clapton","The Core","","","yes","20708311","",""
"All-Time Hits","Unlockable","Eric Clapton","Wonderful Tonight","","","yes","1112314","",""
"All-Time Hits","Unlockable","Eric Prydz","Call On Me (Radio Edit)","","","yes","2739742","",""
"All-Time Hits","Unlockable","Eric Prydz","Pjanoo (Radio Edit)","","","yes","144535404","",""
"All-Time Hits","Unlockable","Eric Prydz","Proper Education (Radio Edit)","","","yes","388965251","",""
"All-Time Hits","Unlockable","Europe","The Final Countdown","","","yes","619310","",""
"All-Time Hits","Unlockable","Eurythmics","Sisters Are Doin' It for Themselves (Remastered)","","","yes","576109","",""
"All-Time Hits","Unlockable","Eurythmics","Sweet Dreams (Are Made of This) (2005 Remaster)","","","yes","561836","",""
"All-Time Hits","Unlockable","Eurythmics","There Must Be an Angel (Playing with My Heart)","","","yes","561785","",""
"All-Time Hits","Unlockable","Evan and Jaron","Crazy for This Girl","","","yes","830064","",""
"All-Time Hits","Unlockable","Evanescence","Bring Me To Life","","","yes","80274512","",""
"All-Time Hits","Unlockable","Eve 6","Inside Out","","","yes","2311279","",""
"All-Time Hits","Unlockable","Evelyn ""Champagne"" King","Love Come Down (Single Version)","","","yes","1082491","",""
"All-Time Hits","Unlockable","Everclear","Amphetamine","","","yes","3457932","",""
"All-Time Hits","Unlockable","Everclear","Father Of Mine","","","yes","142835162","",""
"All-Time Hits","Unlockable","Everclear","I Will Buy You A New Life","","","yes","142750404","",""
"All-Time Hits","Unlockable","Everclear","Santa Monica","","","yes","3131304","",""
"All-Time Hits","Unlockable","Everlast","What It's Like","","","yes","66174049","",""
"All-Time Hits","Unlockable","Everything But The Girl","Missing","","","yes","400190282","",""
"All-Time Hits","Unlockable","Everything But The Girl","Missing","","","yes","400190542","",""
"All-Time Hits","Unlockable","Fairground Attraction","Perfect","","","yes","5404572","",""
"All-Time Hits","Unlockable","Faith Evans","Love Like This","","","yes","6917807","",""
"All-Time Hits","Unlockable","Faithless","Insomnia (Radio Edit)","","","yes","7035328","",""
"All-Time Hits","Unlockable","Faithless","One Step Too Far (feat. Dido) (Radio Edit)","","","yes","560280","",""
"All-Time Hits","Unlockable","Fastball","Out Of My Head","","","yes","75778999","",""
"All-Time Hits","Unlockable","Fastball","The Way","","","yes","24223581","",""
"All-Time Hits","Unlockable","Fatboy Slim","Praise You","","","yes","69743350","",""
"All-Time Hits","Unlockable","Fatboy Slim","Right Here, Right Now (Single Version)","","","yes","131196096","",""
"All-Time Hits","Unlockable","Fatboy Slim","Sunset (Bird of Prey)","","","yes","131218582","",""
"All-Time Hits","Unlockable","Fatboy Slim","The Rockafeller Skank (Short Edit)","","","yes","16407732","",""
"All-Time Hits","Unlockable","Feargal Sharkey","A Good Heart","","","yes","3156940","",""
"All-Time Hits","Unlockable","Fettes Brot","Schwule Mädchen","","","yes","72101077","",""
"All-Time Hits","Unlockable","Fetty Wap","Trap Queen","","YES","no - explicit","91934728","",""
"All-Time Hits","Unlockable","Filter","Take A Picture","","","yes","692242022","",""
"All-Time Hits","Unlockable","Fine Young Cannibals","Good Thing","","","yes","5094594","",""
"All-Time Hits","Unlockable","Fine Young Cannibals","Johnny Come Home","","","yes","756285","",""
"All-Time Hits","Unlockable","Fine Young Cannibals","She Drives Me Crazy","","","yes","428850812","",""
"All-Time Hits","Unlockable","Fiona Apple","Criminal","","","yes","10391932","",""
"All-Time Hits","Unlockable","Fleetwood Mac","Big Love","","","yes","4094751","",""
"All-Time Hits","Unlockable","Fleetwood Mac","Black Magic Woman","","","yes","545753","",""
"All-Time Hits","Unlockable","Fleetwood Mac","Don't Stop (2004 Remaster)","","","yes","63480989","",""
"All-Time Hits","Unlockable","Fleetwood Mac","Dreams (2004 Remaster)","","","yes","67549262","",""
"All-Time Hits","Unlockable","Fleetwood Mac","Everywhere","","","yes","664444","",""
"All-Time Hits","Unlockable","Fleetwood Mac","Everywhere (2017 Remaster)","","","yes","341017531","",""
"All-Time Hits","Unlockable","Fleetwood Mac","Go Your Own Way (2004 Remaster)","","","yes","63480990","",""
"All-Time Hits","Unlockable","Fleetwood Mac","Gypsy","","","yes","664445","",""
"All-Time Hits","Unlockable","Fleetwood Mac","Gypsy (2016 Remaster)","","","yes","133064282","",""
"All-Time Hits","Unlockable","Fleetwood Mac","Landslide","","","yes","3599559","",""
"All-Time Hits","Unlockable","Fleetwood Mac","Little Lies (Remastered)","","","yes","145432522","",""
"All-Time Hits","Unlockable","Fleetwood Mac","Songbird (2004 Remaster)","","","yes","63480991","",""
"All-Time Hits","Unlockable","Fleetwood Mac","The Chain (2004 Remaster)","","","yes","67549267","",""
"All-Time Hits","Unlockable","Florida Georgia Line","Cruise (Remix)","","","yes","67755614","",""
"All-Time Hits","Unlockable","Foo Fighters","Everlong","","","yes","4762041","",""
"All-Time Hits","Unlockable","Foo Fighters","Learn to Fly","","","yes","4311599","",""
"All-Time Hits","Unlockable","Foo Fighters","Monkey Wrench","","","yes","4311601","",""
"All-Time Hits","Unlockable","Foo Fighters","My Hero","","","yes","4311598","",""
"All-Time Hits","Unlockable","Foreigner","Cold as Ice","","","yes","3659065","",""
"All-Time Hits","Unlockable","Foreigner","I Want to Know What Love Is (1999 Remaster)","","","yes","675818","",""
"All-Time Hits","Unlockable","Foreigner","Waiting for a Girl like You","","","yes","2814886","",""
"All-Time Hits","Unlockable","Frankie Goes To Hollywood","Relax","","","yes","11011566","",""
"All-Time Hits","Unlockable","Frankie Goes To Hollywood","The Power of Love","","","yes","11011578","",""
"All-Time Hits","Unlockable","Frankie Valli","Grease (From “Grease” Original Motion Picture Soundtrack)","","","yes","1143324","",""
"All-Time Hits","Unlockable","Freak Nasty","Da' Dip","","YES","no - explicit","60886672","",""
"All-Time Hits","Unlockable","Free","All Right Now","","","yes","929222","",""
"All-Time Hits","Unlockable","Freeloaders","So Much Love To Give","","","yes","4585560","",""
"All-Time Hits","Unlockable","Fuel","Hemorrhage (In My Hands)","","","yes","7675296","",""
"All-Time Hits","Unlockable","Fuel","Shimmer","","","yes","7675298","",""
"All-Time Hits","Unlockable","Fugees","Fu-Gee-La","","YES","no - explicit","1016290","",""
"All-Time Hits","Unlockable","Fugees","Killing Me Softly With His Song","","YES","no - explicit","1024973","",""
"All-Time Hits","Unlockable","Fugees","Ready or Not","","YES","no - explicit","869547","",""
"All-Time Hits","Unlockable","fun.","Some Nights","","YES","no - explicit","16501727","",""
"All-Time Hits","Unlockable","Future","Life Is Good (feat. Drake)","","YES","no - explicit","847699482","",""
"All-Time Hits","Unlockable","Gabriella Cilmi","What If You Knew","","","yes","5657817","",""
"All-Time Hits","Unlockable","Gabrielle","Dreams","","","yes","1126142","",""
"All-Time Hits","Unlockable","Gabrielle","Out Of Reach","","","yes","2461263","",""
"All-Time Hits","Unlockable","Gala","Freed From Desire","","","yes","6177415","",""
"All-Time Hits","Unlockable","Garbage","I Think I'm Paranoid","","","yes","17932117","",""
"All-Time Hits","Unlockable","Garbage","Only Happy When It Rains","","","yes","69000158","",""
"All-Time Hits","Unlockable","Garbage","Stupid Girl","","","yes","69000159","",""
"All-Time Hits","Unlockable","Gareth Gates","Anyone of Us (Stupid Mistake)","","","yes","631716","",""
"All-Time Hits","Unlockable","Gary Glitter","Rock and Roll, Pt. 2","","","yes","69928673","",""
"All-Time Hits","Unlockable","Gary Numan","Cars","","","yes","938553","",""
"All-Time Hits","Unlockable","Genesis","Follow You Follow Me (Remastered 2007)","","","yes","3109187","",""
"All-Time Hits","Unlockable","Genesis","Invisible Touch (Remastered 2007)","","","yes","3145739","",""
"All-Time Hits","Unlockable","George Harrison","Got My Mind Set on You","","","yes","3164587","",""
"All-Time Hits","Unlockable","George Harrison","My Sweet Lord (2020 Mix)","","","yes","1450328802","",""
"All-Time Hits","Unlockable","George Harrison","My Sweet Lord (Remastered 2014)","","","yes","84791527","",""
"All-Time Hits","Unlockable","George Harrison","What Is Life (Remastered 2014)","","","yes","84791533","",""
"All-Time Hits","Unlockable","George Michael","Careless Whisper","","","yes","10392072","",""
"All-Time Hits","Unlockable","George Michael","Faith (Remastered)","","","yes","8146779","",""
"All-Time Hits","Unlockable","George Michael","Fastlove, Pt. 1","","","yes","8112357","",""
"All-Time Hits","Unlockable","George Michael","Father Figure (Remastered)","","","yes","8146780","",""
"All-Time Hits","Unlockable","George Michael","Freedom! '90 (Edit)","","","yes","414746222","",""
"All-Time Hits","Unlockable","George Michael","Freedom! '90 (Remastered)","","","yes","414745982","",""
"All-Time Hits","Unlockable","George Michael","I Knew You Were Waiting (For Me)","","","yes","564874","",""
"All-Time Hits","Unlockable","Gerry Rafferty","Baker Street","","","yes","3169189","",""
"All-Time Hits","Unlockable","Gerry Rafferty","Right Down the Line","","","yes","3169190","",""
"All-Time Hits","Unlockable","Geto Boys","Mind Playing Tricks on Me","","YES","no - explicit","70816229","",""
"All-Time Hits","Unlockable","Ghost Town DJs","My Boo (Hitman's Club Mix)","","","yes","124271124","",""
"All-Time Hits","Unlockable","Gin Blossoms","Allison Road","","","yes","2447673","",""
"All-Time Hits","Unlockable","Gin Blossoms","Follow You Down (Edit)","","","yes","882406","",""
"All-Time Hits","Unlockable","Gin Blossoms","Found Out About You","","","yes","115706364","",""
"All-Time Hits","Unlockable","Gin Blossoms","Hey Jealousy","","","yes","882418","",""
"All-Time Hits","Unlockable","Gin Blossoms","Til I Hear It From You","","","yes","631727082","",""
"All-Time Hits","Unlockable","Ginuwine","Differences","","","yes","567968","",""
"All-Time Hits","Unlockable","Ginuwine","Pony","","YES","no - explicit","830571","",""
"All-Time Hits","Unlockable","Ginuwine","So Anxious","","","yes","625436","",""
"All-Time Hits","Unlockable","Gladys Knight & The Pips","Midnight Train to Georgia","","","yes","599225","",""
"All-Time Hits","Unlockable","Glenn Frey","The Heat Is On (From ""Beverly Hills Cop"" Soundtrack)","","","yes","471585092","",""
"All-Time Hits","Unlockable","Gloria Estefan","Can't Stay Away from You","","","yes","70009189","",""
"All-Time Hits","Unlockable","Gloria Estefan and Miami Sound Machine","Anything for You","","","yes","1082680","",""
"All-Time Hits","Unlockable","Gloria Estefan and Miami Sound Machine","Rhythm Is Gonna Get You","","","yes","10287111","",""
"All-Time Hits","Unlockable","Gloria Gaynor","I Will Survive (Single Version)","","","yes","907651","",""
"All-Time Hits","Unlockable","Gnarls Barkley","Smiley Faces","","","yes","2794163","",""
"All-Time Hits","Unlockable","Go West","The King of Wishful Thinking","","","yes","130201450","",""
"All-Time Hits","Unlockable","Go West","We Close Our Eyes","","","yes","3158241","",""
"All-Time Hits","Unlockable","Go-Go's","Head Over Heels","","","yes","3361322","",""
"All-Time Hits","Unlockable","Godsmack","Voodoo","","","yes","24461171","",""
"All-Time Hits","Unlockable","Goldfinger","Here In Your Bedroom","","","yes","7978570","",""
"All-Time Hits","Unlockable","Goldfinger","Superman","","","yes","7978573","",""
"All-Time Hits","Unlockable","Goldfrapp","Strict Machine","","","yes","68926987","",""
"All-Time Hits","Unlockable","Gorillaz","19-2000 (Soulchild Remix)","","","yes","3100456","",""
"All-Time Hits","Unlockable","Gorillaz","Clint Eastwood","","YES","no - explicit","3100444","",""
"All-Time Hits","Unlockable","Gorillaz","DARE (feat. Shaun Ryder & Roses Gabor)","","","yes","3129413","",""
"All-Time Hits","Unlockable","Gossip","Love Long Distance (Album Version)","","","yes","3732051","",""
"All-Time Hits","Unlockable","Gossip","Standing in the Way of Control","","","yes","30516961","",""
"All-Time Hits","Unlockable","Gotye","Somebody That I Used To Know","","","yes","14993990","",""
"All-Time Hits","Unlockable","Green Day","American Idiot","","YES","no - explicit","773367","",""
"All-Time Hits","Unlockable","Green Day","Basket Case","","","yes","678044","",""
"All-Time Hits","Unlockable","Green Day","Brain Stew","","YES","no - explicit","427638112","",""
"All-Time Hits","Unlockable","Green Day","Good Riddance (Time of Your Life)","","YES","no - explicit","778429","",""
"All-Time Hits","Unlockable","Green Day","Wake Me up When September Ends","","","yes","773430","",""
"All-Time Hits","Unlockable","Green Day","Welcome to Paradise","","","yes","678040","",""
"All-Time Hits","Unlockable","Groove Coverage","7 Years and 50 Days (Radio Edit)","","","yes","4800067","",""
"All-Time Hits","Unlockable","Guano Apes","Big in Japan","","","yes","2166221","",""
"All-Time Hits","Unlockable","Guns N' Roses","Knockin' On Heaven's Door","","","yes","505510232","",""
"All-Time Hits","Unlockable","Guns N' Roses","November Rain","","","yes","1169683","",""
"All-Time Hits","Unlockable","Guns N' Roses","Paradise City","","","yes","882259","",""
"All-Time Hits","Unlockable","Guns N' Roses","Sweet Child O' Mine","","","yes","882257","",""
"All-Time Hits","Unlockable","Guns N' Roses","Welcome To The Jungle","","YES","no - explicit","518458092","",""
"All-Time Hits","Unlockable","Gwen Stefani","Rich Girl","","","yes","2460560","",""
"All-Time Hits","Unlockable","Gym Class Heroes","Cupid's Chokehold / Breakfast in America","","","yes","663626","",""
"All-Time Hits","Unlockable","H-Blockx","Ring Of Fire (Radio Version)","","","yes","1163041","",""
"All-Time Hits","Unlockable","Haddaway","What Is Love (7"" Mix)","","","yes","61590162","",""
"All-Time Hits","Unlockable","Halsey","Without Me","","YES","no - explicit","561756292","",""
"All-Time Hits","Unlockable","Halsey","You should be sad","","YES","no - explicit","846531022","",""
"All-Time Hits","Unlockable","Hanson","I Will Come To You","","","yes","88685903","",""
"All-Time Hits","Unlockable","Hanson","MMMBop","","","yes","2437594","",""
"All-Time Hits","Unlockable","Hard-Fi","Hard to Beat","","","yes","821901","",""
"All-Time Hits","Unlockable","Harold Faltermeyer","Axel F (From ""Beverly Hills Cop"")","","","yes","17933254","",""
"All-Time Hits","Unlockable","Harold Melvin & The Blue Notes","If You Don't Know Me By Now","","","yes","70226228","",""
"All-Time Hits","Unlockable","Harold Melvin & The Blue Notes","If You Don't Know Me by Now (feat. Teddy Pendergrass)","","","yes","5404472","",""
"All-Time Hits","Unlockable","Harry Chapin","Cat's in the Cradle","","","yes","4118799","",""
"All-Time Hits","Unlockable","Harry Nilsson","Without You","","","yes","5404450","",""
"All-Time Hits","Unlockable","Harry Nilsson","Without You (Remastered)","","","yes","629559","",""
"All-Time Hits","Unlockable","Harry Styles","Adore You","","","yes","830336932","",""
"All-Time Hits","Unlockable","Harry Styles","Golden","","","yes","830336912","",""
"All-Time Hits","Unlockable","Harry Styles","Watermelon Sugar","","","yes","830336922","",""
"All-Time Hits","Unlockable","Harvey Danger","Flagpole Sitta","","","yes","3599529","",""
"All-Time Hits","Unlockable","Heart","All I Wanna Do Is Make Love To You","","","yes","3482138","",""
"All-Time Hits","Unlockable","Heart","Alone","","","yes","3102828","",""
"All-Time Hits","Unlockable","Heart","Alone","","","yes","3127630","",""
"All-Time Hits","Unlockable","Heart","Barracuda","","","yes","849592","",""
"All-Time Hits","Unlockable","Heart","Crazy On You","","","yes","3127720","",""
"All-Time Hits","Unlockable","Heart","Straight On","","","yes","849608","",""
"All-Time Hits","Unlockable","Heart","These Dreams","","","yes","86100963","",""
"All-Time Hits","Unlockable","Hole","Violet","","","yes","6604067","",""
"All-Time Hits","Unlockable","Hootie & The Blowfish","Hold My Hand","","","yes","4086674","",""
"All-Time Hits","Unlockable","Hootie & The Blowfish","I Go Blind (2019 Remaster)","","","yes","686724212","",""
"All-Time Hits","Unlockable","Hootie & The Blowfish","Let Her Cry","","","yes","4086675","",""
"All-Time Hits","Unlockable","Hootie & The Blowfish","Only Wanna Be With You","","","yes","4086676","",""
"All-Time Hits","Unlockable","Hot Chocolate","Every 1's a Winner (Single Version)","","","yes","3851832","",""
"All-Time Hits","Unlockable","Hotel Ugly","Shut up My Moms Calling","","","yes","874779632","",""
"All-Time Hits","Unlockable","House Of Pain","Jump Around (LP Version)","","","yes","751867","",""
"All-Time Hits","Unlockable","Hue & Cry","Labour Of Love","","","yes","71700927","",""
"All-Time Hits","Unlockable","Huey Lewis & The News","Hip To Be Square","","","yes","3121967","",""
"All-Time Hits","Unlockable","Huey Lewis & The News","Stuck With You","","","yes","3121964","",""
"All-Time Hits","Unlockable","Huey Lewis & The News","The Power Of Love","","","yes","3116046","",""
"All-Time Hits","Unlockable","Ian Carey","Keep on Rising (feat. Michelle Shellers)","","","yes","15596324","",""
"All-Time Hits","Unlockable","Ian Hunter","Once Bitten, Twice Shy","","","yes","5404464","",""
"All-Time Hits","Unlockable","iiO","Rapture (feat.Nadia Ali)","","","yes","11495726","",""
"All-Time Hits","Unlockable","Imagine Dragons","Believer","","","yes","435821682","",""
"All-Time Hits","Unlockable","Imagine Dragons","Demons","","","yes","63510361","",""
"All-Time Hits","Unlockable","Imagine Dragons","Radioactive","","","yes","63510358","",""
"All-Time Hits","Unlockable","In-Grid","Tu Es Foutu (Radio Edit)","","","yes","39028771","",""
"All-Time Hits","Unlockable","Incubus","Drive","","","yes","860519","",""
"All-Time Hits","Unlockable","Indigo Girls","Closer to Fine","","","yes","626284","",""
"All-Time Hits","Unlockable","Ini Kamoze","Here Comes The Hotstepper (Heartical Mix)","","","yes","82622012","",""
"All-Time Hits","Unlockable","Inna","Hot (Play & Win Radio Version)","","","yes","81661454","",""
"All-Time Hits","Unlockable","Inner City","Big Fun","","","yes","3133682","",""
"All-Time Hits","Unlockable","Inner City","Good Life","","","yes","3133684","",""
"All-Time Hits","Unlockable","Internet Money","Lemonade","","YES","no - explicit","1046369812","",""
"All-Time Hits","Unlockable","INXS","Need You Tonight","","","yes","11282931","",""
"All-Time Hits","Unlockable","INXS","Need You Tonight","","","yes","14636760","",""
"All-Time Hits","Unlockable","INXS","Never Tear Us Apart","","","yes","14636764","",""
"All-Time Hits","Unlockable","INXS","New Sensation","","","yes","60713229","",""
"All-Time Hits","Unlockable","INXS","New Sensation","","","yes","14636758","",""
"All-Time Hits","Unlockable","INXS","Suicide Blonde","","","yes","11289087","",""
"All-Time Hits","Unlockable","Irene Cara","What A Feeling","","","yes","1434081","",""
"All-Time Hits","Unlockable","J. Balvin","UN DIA (ONE DAY)","","","yes","1026676342","",""
"All-Time Hits","Unlockable","Ja Rule","Always On Time","","YES","no - explicit","623714342","",""
"All-Time Hits","Unlockable","Ja Rule","Mesmerize","","YES","no - explicit","2278408","",""
"All-Time Hits","Unlockable","Jack Harlow","WHATS POPPIN (feat. DaBaby, Tory Lanez & Lil Wayne) (Remix)","","YES","no - explicit","1001786382","",""
"All-Time Hits","Unlockable","Jackson 5","Stand!","","","yes","79980360","",""
"All-Time Hits","Unlockable","Jackson 5","Who's Loving You","","","yes","1114981","",""
"All-Time Hits","Unlockable","Jackson Browne","Doctor My Eyes","","","yes","76108713","",""
"All-Time Hits","Unlockable","Jam & Spoon","Set Me Free (Empty Rooms) (Video Version)","","","yes","530722631","",""
"All-Time Hits","Unlockable","Jamelia","Beware of the Dog","","","yes","463423842","",""
"All-Time Hits","Unlockable","James","Laid","","","yes","1147560","",""
"All-Time Hits","Unlockable","James Blunt","Goodbye My Lover","","","yes","784331","",""
"All-Time Hits","Unlockable","James Taylor","Country Road (2019 Remaster)","","","yes","713029482","",""
"All-Time Hits","Unlockable","James Taylor","Fire and Rain","","","yes","6523608","",""
"All-Time Hits","Unlockable","James Taylor","Fire and Rain (2019 Remaster)","","","yes","713029502","",""
"All-Time Hits","Unlockable","James Taylor","How Sweet It Is (To Be Loved By You) (2019 Remaster)","","","yes","713029982","",""
"All-Time Hits","Unlockable","James Taylor","You've Got a Friend","","","yes","6523613","",""
"All-Time Hits","Unlockable","Jamiroquai","Canned Heat","","","yes","2310808","",""
"All-Time Hits","Unlockable","Jamiroquai","Virtual Insanity","","","yes","83796590","",""
"All-Time Hits","Unlockable","Jamiroquai","Virtual Insanity (Remastered 2006)","","","yes","73696392","",""
"All-Time Hits","Unlockable","Jan Hammer","Crockett's Theme (From ""Miami Vice II"" Soundtrack)","","","yes","2277678","",""
"All-Time Hits","Unlockable","Jane Wiedlin","Rush Hour","","","yes","3146828","",""
"All-Time Hits","Unlockable","Janet Jackson","All For You","","","yes","3502411","",""
"All-Time Hits","Unlockable","Janet Jackson","All Nite (Don't Stop)","","","yes","3168872","",""
"All-Time Hits","Unlockable","Janet Jackson","Son Of A Gun (I Betcha Think This Song Is About You) (The Original Flyte Tyme Remix)","","YES","no - explicit","3097556","",""
"All-Time Hits","Unlockable","Janet Jackson","That's The Way Love Goes","","","yes","3501645","",""
"All-Time Hits","Unlockable","Janet Jackson","Together Again","","","yes","3134021","",""
"All-Time Hits","Unlockable","Janis Joplin","Me and Bobby McGee","","","yes","547196","",""
"All-Time Hits","Unlockable","Jason Derulo","Take You Dancing","","","yes","1030654822","",""
"All-Time Hits","Unlockable","Jason Derülo","Whatcha Say","","","yes","5420471","",""
"All-Time Hits","Unlockable","Jason Donovan","Especially for You","","","yes","137197992","",""
"All-Time Hits","Unlockable","Jason Mraz","Lucky","","","yes","845910","",""
"All-Time Hits","Unlockable","Jawsh 685","Savage Love (Laxed - Siren Beat)","","YES","no - explicit","986939372","",""
"All-Time Hits","Unlockable","JAŸ-Z","Hard Knock Life (Ghetto Anthem)","","YES","no - explicit","377242021","",""
"All-Time Hits","Unlockable","Jeffrey Osborne","On The Wings Of Love","","","yes","2327260","",""
"All-Time Hits","Unlockable","Jennifer Lopez","I'm Real (feat. Ja Rule) (Murder Remix)","","YES","no - explicit","625530","",""
"All-Time Hits","Unlockable","Jennifer Lopez","If You Had My Love","","","yes","15475926","",""
"All-Time Hits","Unlockable","Jennifer Lopez","Love Don't Cost a Thing","","","yes","618317","",""
"All-Time Hits","Unlockable","Jennifer Lopez","Waiting for Tonight","","","yes","13145686","",""
"All-Time Hits","Unlockable","Jennifer Paige","Crush","","","yes","65656392","",""
"All-Time Hits","Unlockable","Jennifer Rush","The Power of Love","","","yes","581807","",""
"All-Time Hits","Unlockable","Jermaine Stewart","We Don't Have To Take Our Clothes Off","","","yes","9968997","",""
"All-Time Hits","Unlockable","Jesse McCartney","Beautiful Soul","","","yes","3119252","",""
"All-Time Hits","Unlockable","Jesus Jones","Right Here Right Now","","","yes","3506853","",""
"All-Time Hits","Unlockable","Jethro Tull","Aqualung","","","yes","3105318","",""
"All-Time Hits","Unlockable","Jewel","Foolish Games","","","yes","616289972","",""
"All-Time Hits","Unlockable","Jewel","Who Will Save Your Soul","","","yes","616289942","",""
"All-Time Hits","Unlockable","Jewel","You Were Meant For Me","","","yes","1089822742","",""
"All-Time Hits","Unlockable","Jim Croce","Time in a Bottle","","","yes","143040700","",""
"All-Time Hits","Unlockable","Jimmy Cliff","I Can See Clearly Now","","","yes","1023566","",""
"All-Time Hits","Unlockable","Joan Baez","Diamonds And Rust","","","yes","1126676","",""
"All-Time Hits","Unlockable","Joan Jett and the Blackhearts","I Hate Myself for Loving You","","","yes","555257552","",""
"All-Time Hits","Unlockable","Joan Jett and the Blackhearts","I Love Rock 'N Roll","","","yes","545992732","",""
"All-Time Hits","Unlockable","Joan Osborne","One Of Us","","","yes","2463249","",""
"All-Time Hits","Unlockable","Joe Cocker","You Are So Beautiful","","","yes","3156389","",""
"All-Time Hits","Unlockable","Joe Jackson","Steppin' Out","","","yes","1095830","",""
"All-Time Hits","Unlockable","Joe Walsh","Life's Been Good","","","yes","4288345","",""
"All-Time Hits","Unlockable","Joel Corry","Head & Heart (feat. MNEK)","","","yes","1006845912","",""
"All-Time Hits","Unlockable","John Denver","Annie's Song","","","yes","531914","",""
"All-Time Hits","Unlockable","John Denver","Take Me Home, Country Roads (Original Version)","","","yes","82697686","",""
"All-Time Hits","Unlockable","John Farnham","You're the Voice","","","yes","2221501","",""
"All-Time Hits","Unlockable","John Legend","All of Me","","","yes","70079770","",""
"All-Time Hits","Unlockable","John Legend","Save Room","","","yes","71127959","",""
"All-Time Hits","Unlockable","John Lennon","Cleanup Time (Stripped Down Mix, 2010)","","","yes","7163138","",""
"All-Time Hits","Unlockable","John Lennon","Crippled Inside (Remastered 2010)","","","yes","7193835","",""
"All-Time Hits","Unlockable","John Lennon","Imagine (Remastered 2010)","","","yes","7193834","",""
"All-Time Hits","Unlockable","John Lennon","Instant Karma! (We All Shine On)","","","yes","7163204","",""
"All-Time Hits","Unlockable","John Lennon","Jealous Guy (Remastered 2010)","","","yes","7193836","",""
"All-Time Hits","Unlockable","John Lennon","Stand By Me (Remastered 2010)","","","yes","7163177","",""
"All-Time Hits","Unlockable","John Lennon","What You Got (Remastered 2010)","","","yes","7163192","",""
"All-Time Hits","Unlockable","John Mellencamp","Jack & Diane (Album Version)","","","yes","1568074","",""
"All-Time Hits","Unlockable","John Parr","St. Elmos Fire (Man in Motion)","","","yes","6410074","",""
"All-Time Hits","Unlockable","John Paul Young","Love Is In The Air","","","yes","145533808","",""
"All-Time Hits","Unlockable","John Travolta","Summer Nights (From “Grease” Soundtrack)","","","yes","1143345","",""
"All-Time Hits","Unlockable","John Travolta","You're The One That I Want (From ""Grease"" Original Motion Picture Soundtrack)","","","yes","1143347","",""
"All-Time Hits","Unlockable","John Waite","Missing You","","","yes","4216602","",""
"All-Time Hits","Unlockable","Johnny Hates Jazz","Shattered Dreams","","","yes","3159361","",""
"All-Time Hits","Unlockable","Johnny Nash","I Can See Clearly Now","","","yes","13784672","",""
"All-Time Hits","Unlockable","JoJo","Leave (Get Out) (Album Version)","","","yes","6789700","",""
"All-Time Hits","Unlockable","Jonas Brothers","What A Man Gotta Do","","","yes","854470322","",""
"All-Time Hits","Unlockable","Jonas Brothers","Year 3000 (Album Version)","","","yes","68356642","",""
"All-Time Hits","Unlockable","Joni Mitchell","Big Yellow Taxi","","","yes","2812992","",""
"All-Time Hits","Unlockable","Joni Mitchell","Both Sides Now","","","yes","2429768","",""
"All-Time Hits","Unlockable","Journey","Any Way You Want It","","","yes","534811","",""
"All-Time Hits","Unlockable","Journey","Any Way You Want It (2024 Remaster)","","","yes","534466","",""
"All-Time Hits","Unlockable","Journey","Don't Stop Believin'","","","yes","625643","",""
"All-Time Hits","Unlockable","Journey","Don't Stop Believin'","","","yes","5404539","",""
"All-Time Hits","Unlockable","Journey","Lights (2024 Remaster)","","","yes","534470","",""
"All-Time Hits","Unlockable","Journey","Lovin', Touchin', Squeezin' (2024 Remaster)","","","yes","534471","",""
"All-Time Hits","Unlockable","Journey","Open Arms (2024 Remaster)","","","yes","534472","",""
"All-Time Hits","Unlockable","Journey","Separate Ways (Worlds Apart)","","","yes","534670","",""
"All-Time Hits","Unlockable","Journey","Separate Ways (Worlds Apart) [2024 Remaster]","","","yes","534469","",""
"All-Time Hits","Unlockable","Journey","Wheel in the Sky (2024 Remaster)","","","yes","534463","",""
"All-Time Hits","Unlockable","Joy Division","Love Will Tear Us Apart (2010 Remaster)","","","yes","103915904","",""
"All-Time Hits","Unlockable","Joy Division","Love Will Tear Us Apart (2020 Remaster)","","","yes","1021196842","",""
"All-Time Hits","Unlockable","JP Saxe","If The World Was Ending","","","yes","770650452","",""
"All-Time Hits","Unlockable","Judas Priest","You've Got Another Thing Comin'","","","yes","870942","",""
"All-Time Hits","Unlockable","Juice WRLD","Come & Go","","YES","no - explicit","1015293112","",""
"All-Time Hits","Unlockable","Juice WRLD","Lucid Dreams","","","yes","503122802","",""
"All-Time Hits","Unlockable","Juice WRLD","Wishing Well","","YES","no - explicit","1016968532","",""
"All-Time Hits","Unlockable","Juli","Perfekte Welle","","","yes","121926890","",""
"All-Time Hits","Unlockable","Julio Iglesias","Spanish Girl","","","yes","108120754","",""
"All-Time Hits","Unlockable","Just Jack","Starz In Their Eyes","","","yes","2594363","",""
"All-Time Hits","Unlockable","Justin Bieber","Holy","","","yes","1084400712","",""
"All-Time Hits","Unlockable","Justin Bieber","Intentions","","","yes","870979432","",""
"All-Time Hits","Unlockable","Justin Bieber","Lonely","","YES","no - explicit","1110767312","",""
"All-Time Hits","Unlockable","Justin Bieber","Yummy","","","yes","845095592","",""
"All-Time Hits","Unlockable","Justin Timberlake","CAN'T STOP THE FEELING! (from DreamWorks Animation's ""TROLLS"")","","","yes","124237488","",""
"All-Time Hits","Unlockable","Juvenile","Back That Azz Up","","YES","no - explicit","5542996","",""
"All-Time Hits","Unlockable","K-Ci & JoJo","All My Life","","","yes","2428523","",""
"All-Time Hits","Unlockable","K7","Come Baby Come (LP Version)","","","yes","754271","",""
"All-Time Hits","Unlockable","Kansas","Carry on Wayward Son","","","yes","4006895","",""
"All-Time Hits","Unlockable","Kansas","Dust in the Wind","","","yes","830342","",""
"All-Time Hits","Unlockable","KAROL G","Tusa","","YES","no - explicit","796342592","",""
"All-Time Hits","Unlockable","Kate Bush","Running Up That Hill (A Deal With God)","","","yes","11221319","",""
"All-Time Hits","Unlockable","Kate Bush","Running Up That Hill (A Deal With God) (2018 Remaster)","","","yes","666190862","",""
"All-Time Hits","Unlockable","Kate Bush","This Woman's Work (2018 Remaster)","","","yes","666263362","",""
"All-Time Hits","Unlockable","Kate Ryan","Voyage voyage","","","yes","884006","",""
"All-Time Hits","Unlockable","Kate Winslet","What If","","","yes","3156336","",""
"All-Time Hits","Unlockable","Katie Melua","Nine Million Bicycles","","","yes","-2544038822","",""
"All-Time Hits","Unlockable","Katie Melua","The Closest Thing to Crazy","","","yes","131207980","",""
"All-Time Hits","Unlockable","Katrina & The Waves","Walking On Sunshine","","","yes","3166724","",""
"All-Time Hits","Unlockable","Katrina and the Waves","Walking On Sunshine (25th Anniversary) (2010 Remaster)","","","yes","355296291","",""
"All-Time Hits","Unlockable","Katy Perry","Dark Horse","","","yes","71645436","",""
"All-Time Hits","Unlockable","KC & The Sunshine Band","Give It Up","","","yes","541998","",""
"All-Time Hits","Unlockable","Keane","Somewhere Only We Know","","","yes","4624027","",""
"All-Time Hits","Unlockable","Kenny Loggins","Danger Zone (From ""Top Gun"" Original Soundtrack)","","","yes","7675051","",""
"All-Time Hits","Unlockable","Kenny Loggins","Footloose","","","yes","88329297","",""
"All-Time Hits","Unlockable","Kenny Loggins","Footloose (From ""Footloose"" Soundtrack)","","","yes","134012978","",""
"All-Time Hits","Unlockable","Kenny Loggins","This Is It","","","yes","91018569","",""
"All-Time Hits","Unlockable","Kenny Rogers","The Gambler","","","yes","3108438","",""
"All-Time Hits","Unlockable","Kevin Lyttle","Turn Me On","","","yes","705531","",""
"All-Time Hits","Unlockable","Khia","My Neck, My Back (Lick It)","","YES","no - explicit","99344658","",""
"All-Time Hits","Unlockable","Kim Carnes","Bette Davis Eyes","","","yes","3153065","",""
"All-Time Hits","Unlockable","Kim Wilde","Kids In America","","","yes","3147928","",""
"All-Time Hits","Unlockable","Kim Wilde","You Keep Me Hangin On","","","yes","74640929","",""
"All-Time Hits","Unlockable","King Harvest","Dancing in the Moonlight","","","yes","13830452","",""
"All-Time Hits","Unlockable","Kiss","Detroit Rock City","","","yes","1124258","",""
"All-Time Hits","Unlockable","Kiss","I Was Made For Lovin' You","","","yes","2267042","",""
"All-Time Hits","Unlockable","Kiss","Rock And Roll All Nite","","","yes","920414","",""
"All-Time Hits","Unlockable","Klee","Gold","","","yes","2134411","",""
"All-Time Hits","Unlockable","Kool & The Gang","Celebration","","","yes","906568","",""
"All-Time Hits","Unlockable","Kool & The Gang","Get Down On It","","","yes","1108303","",""
"All-Time Hits","Unlockable","Korn","Falling Away from Me","","YES","no - explicit","82229818","",""
"All-Time Hits","Unlockable","Korn","Freak On a Leash","","YES","no - explicit","82229810","",""
"All-Time Hits","Unlockable","Korn","Got the Life","","YES","no - explicit","134523754","",""
"All-Time Hits","Unlockable","Kraftwerk","The Model (2009 Remaster)","","","yes","4262789","",""
"All-Time Hits","Unlockable","Kris Kross","Jump","","","yes","1056838","",""
"All-Time Hits","Unlockable","KT Tunstall","Suddenly I See","","","yes","3120617","",""
"All-Time Hits","Unlockable","Kylie Minogue","Can't Get You Out of My Head (The Abby Road Sessions)","","","yes","144189828","",""
"All-Time Hits","Unlockable","Kylie Minogue","Got to Be Certain","","","yes","137205110","",""
"All-Time Hits","Unlockable","Kylie Minogue","I Should Be so Lucky","","","yes","53639821","",""
"All-Time Hits","Unlockable","Kylie Minogue","Love at First Sight (Ruff & Jam US Radio Mix)","","","yes","3155742","",""
"All-Time Hits","Unlockable","Kylie Minogue","The Loco-Motion","","","yes","137232280","",""
"All-Time Hits","Unlockable","Kylie Minogue","The One","","","yes","3141532","",""
"All-Time Hits","Unlockable","La Bouche","Be My Lover","","","yes","1008557","",""
"All-Time Hits","Unlockable","La Bouche","Sweet Dreams","","","yes","76461356","",""
"All-Time Hits","Unlockable","LaBelle","Lady Marmalade","","","yes","8112309","",""
"All-Time Hits","Unlockable","LaBelle","Lady Marmalade (Single Version)","","","yes","5404435","",""
"All-Time Hits","Unlockable","Lady A","Need You Now","","","yes","5152324","",""
"All-Time Hits","Unlockable","Lady Gaga","Rain On Me","","","yes","968255852","",""
"All-Time Hits","Unlockable","Ladyhawke","My Delirium","","","yes","2204431","",""
"All-Time Hits","Unlockable","Laith Al-Deen","Bilder von Dir","","","yes","13245282","",""
"All-Time Hits","Unlockable","Laura Branigan","Gloria","","","yes","675801","",""
"All-Time Hits","Unlockable","Laura Branigan","Self Control","","","yes","4288159","",""
"All-Time Hits","Unlockable","Lauryn Hill","Doo Wop (That Thing)","","","yes","2450613","",""
"All-Time Hits","Unlockable","Lauryn Hill","Ex-Factor","","","yes","15586234","",""
"All-Time Hits","Unlockable","Le Tigre","I'm So Excited","","","yes","4681472","",""
"All-Time Hits","Unlockable","Led Zeppelin","Black Dog","","","yes","88937707","",""
"All-Time Hits","Unlockable","Led Zeppelin","Immigrant Song (Remaster)","","","yes","78652582","",""
"All-Time Hits","Unlockable","Led Zeppelin","Kashmir (Remaster)","","","yes","95085780","",""
"All-Time Hits","Unlockable","Led Zeppelin","Stairway to Heaven (Remaster)","","","yes","88003859","",""
"All-Time Hits","Unlockable","LEN","Steal My Sunshine (Single Version)","","","yes","82682432","",""
"All-Time Hits","Unlockable","Lene Marlin","Sitting Down Here","","","yes","3134928","",""
"All-Time Hits","Unlockable","Lenny Kravitz","Are You Gonna Go My Way","","","yes","3107395","",""
"All-Time Hits","Unlockable","Lenny Kravitz","Fly Away","","","yes","3156968","",""
"All-Time Hits","Unlockable","Lenny Kravitz","It Ain't Over 'Til It's Over","","","yes","3151232","",""
"All-Time Hits","Unlockable","Leo Sayer","You Make Me Feel Like Dancing (2002 Digital Remaster)","","","yes","69743530","",""
"All-Time Hits","Unlockable","Level 42","Lessons In Love","","","yes","932556","",""
"All-Time Hits","Unlockable","Level 42","Something About You","","","yes","86734877","",""
"All-Time Hits","Unlockable","Lewis Capaldi","Before You Go","","","yes","807205422","",""
"All-Time Hits","Unlockable","LFO","Summer Girls","","","yes","969161","",""
"All-Time Hits","Unlockable","Lifehouse","Hanging By A Moment","","","yes","2628562","",""
"All-Time Hits","Unlockable","Lifehouse","You And Me","","","yes","1575053","",""
"All-Time Hits","Unlockable","Lil Mosey","Blueberry Faygo","","YES","no - explicit","867095322","",""
"All-Time Hits","Unlockable","Lil' Troy","Wanna Be A Baller (Album Version Explicit)","","YES","no - explicit","18083925","",""
"All-Time Hits","Unlockable","Limahl","Never Ending Story","","","yes","3518231","",""
"All-Time Hits","Unlockable","Limp Bizkit","Behind Blue Eyes","","","yes","634434452","",""
"All-Time Hits","Unlockable","Limp Bizkit","Break Stuff","","YES","no - explicit","94613616","",""
"All-Time Hits","Unlockable","Limp Bizkit","Faith","","YES","no - explicit","2525791","",""
"All-Time Hits","Unlockable","Limp Bizkit","Nookie","","YES","no - explicit","94613610","",""
"All-Time Hits","Unlockable","Linda Ronstadt","Blue Bayou","","","yes","3919443","",""
"All-Time Hits","Unlockable","Linda Ronstadt","Long Long Time","","","yes","3147367","",""
"All-Time Hits","Unlockable","Lionel Richie","All Night Long (All Night)","","","yes","920062","",""
"All-Time Hits","Unlockable","Lionel Richie","Dancing On The Ceiling","","","yes","905690","",""
"All-Time Hits","Unlockable","Lionel Richie","Endless Love (From ""The Endless Love"" Soundtrack)","","","yes","906584","",""
"All-Time Hits","Unlockable","Lionel Richie","Stuck On You","","","yes","920067","",""
"All-Time Hits","Unlockable","Lisa Loeb","Stay (I Missed You)","","","yes","393731742","",""
"All-Time Hits","Unlockable","Lisa Stansfield","All Around the World (Remastered)","","","yes","598222","",""
"All-Time Hits","Unlockable","Lit","My Own Worst Enemy","","YES","no - explicit","967040","",""
"All-Time Hits","Unlockable","Little Boots","New in Town","","","yes","3605067","",""
"All-Time Hits","Unlockable","Little Boots","Remedy","","","yes","3605071","",""
"All-Time Hits","Unlockable","Little River Band","Reminiscing (Remastered)","","","yes","6627461","",""
"All-Time Hits","Unlockable","Live","Lightning Crashes","","","yes","89603327","",""
"All-Time Hits","Unlockable","Living Colour","Cult of Personality","","","yes","2265737","",""
"All-Time Hits","Unlockable","LMFAO","Party Rock Anthem","","","yes","12565420","",""
"All-Time Hits","Unlockable","Local H","Bound For The Floor","","","yes","432946942","",""
"All-Time Hits","Unlockable","Loggins & Messina","Danny's Song","","","yes","559837","",""
"All-Time Hits","Unlockable","Lone Tusker","Don't Stop Believin'","","","yes","3141174561","",""
"All-Time Hits","Unlockable","Lone Tusker","Stumblin' In","","","yes","2852554952","",""
"All-Time Hits","Unlockable","Lone Tusker","What Is Love","","","yes","2815841422","",""
"All-Time Hits","Unlockable","Lonestar","Amazed","","","yes","580441","",""
"All-Time Hits","Unlockable","Lonestar","Walking in Memphis","","","yes","15392046","",""
"All-Time Hits","Unlockable","Looking Glass","Brandy (You're a Fine Girl)","","","yes","6917710","",""
"All-Time Hits","Unlockable","Lorde","Royals","","","yes","69390867","",""
"All-Time Hits","Unlockable","Lou Bega","Mambo No. 5 (A Little Bit of...)","","","yes","994493","",""
"All-Time Hits","Unlockable","Lou Rawls","You'll Never Find Another Love Like Mine","","","yes","77740964","",""
"All-Time Hits","Unlockable","Lou Reed","Perfect Day","","","yes","3016968","",""
"All-Time Hits","Unlockable","Lou Reed","Satellite of Love","","","yes","600444","",""
"All-Time Hits","Unlockable","Lou Reed","Walk On the Wild Side","","","yes","97081744","",""
"All-Time Hits","Unlockable","Loverboy","Turn Me Loose","","","yes","1025465","",""
"All-Time Hits","Unlockable","Loverboy","Working for the Weekend","","","yes","1025467","",""
"All-Time Hits","Unlockable","Luis Fonsi","Despacito (Remix)","","","yes","623698182","",""
"All-Time Hits","Unlockable","Luther Vandross","Never Too Much","","","yes","608507","",""
"All-Time Hits","Unlockable","Lynyrd Skynyrd","Free Bird","","","yes","1559717","",""
"All-Time Hits","Unlockable","Lynyrd Skynyrd","Simple Man","","","yes","1174151","",""
"All-Time Hits","Unlockable","Lynyrd Skynyrd","Sweet Home Alabama","","YES","no - explicit","2235144","",""
"All-Time Hits","Unlockable","M People","Moving on Up","","","yes","600153","",""
"All-Time Hits","Unlockable","M/A/R/R/S","Pump Up The Volume (7"")","","","yes","939862","",""
"All-Time Hits","Unlockable","Mac Miller","Good News","","","yes","904224242","",""
"All-Time Hits","Unlockable","Machine Gun Kelly","my ex's best friend","","YES","no - explicit","1040186462","",""
"All-Time Hits","Unlockable","Macklemore & Ryan Lewis","Thrift Shop (feat. Wanz)","","YES","no - explicit","61424045","",""
"All-Time Hits","Unlockable","Macy Gray","I Try","","","yes","82303026","",""
"All-Time Hits","Unlockable","Madness","Baggy Trousers","","","yes","17014649","",""
"All-Time Hits","Unlockable","Madness","House Of Fun","","","yes","8163842","",""
"All-Time Hits","Unlockable","Madness","It Must Be Love","","","yes","143062020","",""
"All-Time Hits","Unlockable","Madness","Our House","","","yes","8253529","",""
"All-Time Hits","Unlockable","Madness","Our House","","","yes","87768889","",""
"All-Time Hits","Unlockable","Madonna","Cherish","","","yes","4209683","",""
"All-Time Hits","Unlockable","Madonna","Crazy for You","","","yes","4209665","",""
"All-Time Hits","Unlockable","Madonna","Express Yourself","","","yes","4209646","",""
"All-Time Hits","Unlockable","Madonna","Frozen","","","yes","778758","",""
"All-Time Hits","Unlockable","Madonna","Holiday","","","yes","781018","",""
"All-Time Hits","Unlockable","Madonna","Hollywood","","","yes","783901","",""
"All-Time Hits","Unlockable","Madonna","Into the Groove","","","yes","4209638","",""
"All-Time Hits","Unlockable","Madonna","La Isla Bonita","","","yes","678372","",""
"All-Time Hits","Unlockable","Madonna","Like a Prayer","","","yes","664507","",""
"All-Time Hits","Unlockable","Madonna","Like a Prayer","","","yes","4217498","",""
"All-Time Hits","Unlockable","Madonna","Like a Virgin","","","yes","678336","",""
"All-Time Hits","Unlockable","Madonna","Material Girl","","","yes","4209658","",""
"All-Time Hits","Unlockable","Madonna","Material Girl (2024 Remaster)","","","yes","2626770792","",""
"All-Time Hits","Unlockable","Madonna","Papa Don't Preach","","","yes","678363","",""
"All-Time Hits","Unlockable","Madonna","Ray of Light","","","yes","778704","",""
"All-Time Hits","Unlockable","Madonna","The Power of Good-Bye","","","yes","778768","",""
"All-Time Hits","Unlockable","Madonna","Vogue","","","yes","4209617","",""
"All-Time Hits","Unlockable","Madonna","Who's That Girl","","","yes","4094775","",""
"All-Time Hits","Unlockable","Maggie Szabo","Crush","","","yes","3060066341","",""
"All-Time Hits","Unlockable","Maluma","Hawái","","","yes","1032957942","",""
"All-Time Hits","Unlockable","Mama Cass","Make Your Own Kind Of Music (Single Version)","","","yes","1101868","",""
"All-Time Hits","Unlockable","Mando Diao","Dance With Somebody (Radio Version)","","","yes","2718608","",""
"All-Time Hits","Unlockable","Mandy Moore","Candy","","","yes","13175629","",""
"All-Time Hits","Unlockable","Manic Street Preachers","If You Tolerate This Your Children Will Be Next","","","yes","556031","",""
"All-Time Hits","Unlockable","Marc Anthony","I've Got You (New Album Version/New Radio Edit Ric Wake Version)","","","yes","15179477","",""
"All-Time Hits","Unlockable","Marcy Playground","Sex & Candy","","","yes","3239961","",""
"All-Time Hits","Unlockable","Marcy Playground","Sex And Candy","","","yes","36822531","",""
"All-Time Hits","Unlockable","Maria McKee","Show Me Heaven (Acoustic Demo Version)","","","yes","1728098427","",""
"All-Time Hits","Unlockable","Mariah Carey","Always Be My Baby","","","yes","596030","",""
"All-Time Hits","Unlockable","Mariah Carey","Boy (I Need You)","","","yes","2230948","",""
"All-Time Hits","Unlockable","Mariah Carey","Fantasy","","","yes","1013792","",""
"All-Time Hits","Unlockable","Mariah Carey","Fantasy","","","yes","618428","",""
"All-Time Hits","Unlockable","Mariah Carey","Hero","","","yes","596015","",""
"All-Time Hits","Unlockable","Mariah Carey","My All","","","yes","596046","",""
"All-Time Hits","Unlockable","Mariah Carey","Obsessed","","","yes","4247257","",""
"All-Time Hits","Unlockable","Mariah Carey","We Belong Together","","","yes","2511970","",""
"All-Time Hits","Unlockable","Mario","Just a Friend 2002 (Radio Edit)","","","yes","534003","",""
"All-Time Hits","Unlockable","Marit Larsen","If a Song Could Get Me You","","","yes","14881062","",""
"All-Time Hits","Unlockable","Mark Morrison","Return of the Mack","","","yes","703748","",""
"All-Time Hits","Unlockable","Mark Ronson","She's Got Me (feat. Daniel Merriweather)","","","yes","6634867","",""
"All-Time Hits","Unlockable","Mark Ronson","Uptown Funk (feat. Bruno Mars)","","","yes","92734438","",""
"All-Time Hits","Unlockable","Marky Mark And The Funky Bunch","Good Vibrations","","","yes","720608682","",""
"All-Time Hits","Unlockable","Maroon 5","Girls Like You (Cardi B Version)","","YES","no - explicit","498130042","",""
"All-Time Hits","Unlockable","Maroon 5","If I Never See Your Face Again","","","yes","925120","",""
"All-Time Hits","Unlockable","Maroon 5","Memories","","","yes","755405702","",""
"All-Time Hits","Unlockable","Maroon 5","Moves Like Jagger (Studio Recording From The Voice Performance)","","","yes","12601820","",""
"All-Time Hits","Unlockable","Marshmello","Be Kind","","","yes","944915112","",""
"All-Time Hits","Unlockable","Marshmello","Happier","","","yes","540512132","",""
"All-Time Hits","Unlockable","Martina McBride","Independence Day","","","yes","964664","",""
"All-Time Hits","Unlockable","Marvelous 3","Freak of the Week","","","yes","6634359","",""
"All-Time Hits","Unlockable","Marvin Gaye","Got To Give It Up (Pt. 1)","","","yes","4760900","",""
"All-Time Hits","Unlockable","Marvin Gaye","Let's Get It On","","","yes","906616","",""
"All-Time Hits","Unlockable","Marvin Gaye","Sexual Healing","","","yes","536979","",""
"All-Time Hits","Unlockable","Marvin Gaye","What's Going On","","","yes","1101747","",""
"All-Time Hits","Unlockable","Massive Attack","Teardrop","","","yes","3129748","",""
"All-Time Hits","Unlockable","Massive Attack","Unfinished Sympathy (2012 Mix/Master)","","","yes","61381707","",""
"All-Time Hits","Unlockable","Master Blaster","Hypnotic Tango (Radio Mix)","","","yes","61718374","",""
"All-Time Hits","Unlockable","Matchbox Twenty","3AM","","","yes","72189643","",""
"All-Time Hits","Unlockable","Matchbox Twenty","3AM (2007 Remaster)","","","yes","6640024","",""
"All-Time Hits","Unlockable","Matchbox Twenty","Long Day","","","yes","72189642","",""
"All-Time Hits","Unlockable","Matchbox Twenty","Push","","","yes","3664085","",""
"All-Time Hits","Unlockable","Matchbox Twenty","Real World","","","yes","3664082","",""
"All-Time Hits","Unlockable","Mattafix","Living Darfur","","","yes","3164176","",""
"All-Time Hits","Unlockable","Mattafix","To & Fro","","","yes","631450102","",""
"All-Time Hits","Unlockable","Matthew Good Band","Hello Time Bomb","","","yes","19896891","",""
"All-Time Hits","Unlockable","Matthew Sweet","Girlfriend","","","yes","548586","",""
"All-Time Hits","Unlockable","Matthew Wilder","Break My Stride","","","yes","5503498","",""
"All-Time Hits","Unlockable","Mauro Picotto","Komodo","","","yes","64672386","",""
"All-Time Hits","Unlockable","Max Herre","1ste Liebe (feat. Joy Denalane)","","","yes","15382414","",""
"All-Time Hits","Unlockable","Max Mutzke","Can't Wait Until Tonight (Radio Version)","","","yes","52774231","",""
"All-Time Hits","Unlockable","Mazzy Star","Fade Into You","","","yes","3360821","",""
"All-Time Hits","Unlockable","MC Hammer","U Can't Touch This","","","yes","3090793","",""
"All-Time Hits","Unlockable","McFadden & Whitehead","Ain't No Stoppin' Us Now (Single Version)","","","yes","79042290","",""
"All-Time Hits","Unlockable","McFly","Obviously","","","yes","5120527","",""
"All-Time Hits","Unlockable","Meat Loaf","Bat Out of Hell","","","yes","125468082","",""
"All-Time Hits","Unlockable","Meat Loaf","I Would Do Anything For Love (But I Won't Do That) (Orchestral Version)","","","yes","637852412","",""
"All-Time Hits","Unlockable","Meat Loaf","Paradise By the Dashboard Light","","","yes","125468092","",""
"All-Time Hits","Unlockable","Meat Loaf","Two Out of Three Ain't Bad","","","yes","125468090","",""
"All-Time Hits","Unlockable","Megan Thee Stallion","Savage Remix (feat. Beyoncé)","","YES","no - explicit","946333752","",""
"All-Time Hits","Unlockable","Meghan Trainor","All About That Bass","","YES","no - explicit","79975768","",""
"All-Time Hits","Unlockable","Mel & Kim","Respectable","","","yes","367289501","",""
"All-Time Hits","Unlockable","Melanie C","First Day Of My Life","","","yes","920299272","",""
"All-Time Hits","Unlockable","Melanie C","Northern Star","","","yes","3363794","",""
"All-Time Hits","Unlockable","Melanie Martinez","Play Date","","YES","no - explicit","105286434","",""
"All-Time Hits","Unlockable","Melissa Etheridge","Come To My Window","","","yes","1181050","",""
"All-Time Hits","Unlockable","Melissa Etheridge","I'm The Only One","","","yes","1181048","",""
"All-Time Hits","Unlockable","Men At Work","Down Under","","","yes","1069257","",""
"All-Time Hits","Unlockable","Men At Work","Who Can It Be Now?","","","yes","72191377","",""
"All-Time Hits","Unlockable","Men Without Hats","Safety Dance","","","yes","85270118","",""
"All-Time Hits","Unlockable","Meredith Brooks","Bitch","","","yes","3156760","",""
"All-Time Hits","Unlockable","Metallica","Enter Sandman (LP Version)","","","yes","14632274","",""
"All-Time Hits","Unlockable","Metallica","Nothing Else Matters (Live with the SFSO)","","","yes","14632369","",""
"All-Time Hits","Unlockable","MIA.","Hungriges Herz","","","yes","1048482","",""
"All-Time Hits","Unlockable","MIA.","Tanz der Moleküle","","","yes","562963","",""
"All-Time Hits","Unlockable","Miami Sound Machine","Conga!","","","yes","565055","",""
"All-Time Hits","Unlockable","Michael Andrews","Mad World","","","yes","83151634","",""
"All-Time Hits","Unlockable","Michael Gray","The Weekend (Radio Edit)","","","yes","67316165","",""
"All-Time Hits","Unlockable","Michael Jackson","Ain't No Sunshine","","","yes","4188296","",""
"All-Time Hits","Unlockable","Michael Jackson","Bad","","","yes","8164631","",""
"All-Time Hits","Unlockable","Michael Jackson","Beat It","","","yes","555640","",""
"All-Time Hits","Unlockable","Michael Jackson","Billie Jean","","","yes","4603408","",""
"All-Time Hits","Unlockable","Michael Jackson","Black or White","","","yes","15593566","",""
"All-Time Hits","Unlockable","Michael Jackson","Black or White (Single Version)","","","yes","13129208","",""
"All-Time Hits","Unlockable","Michael Jackson","Don't Stop 'Til You Get Enough","","","yes","15586296","",""
"All-Time Hits","Unlockable","Michael Jackson","Off the Wall","","","yes","15586317","",""
"All-Time Hits","Unlockable","Michael Jackson","One More Chance","","","yes","13129213","",""
"All-Time Hits","Unlockable","Michael Jackson","Remember the Time","","","yes","15593563","",""
"All-Time Hits","Unlockable","Michael Jackson","Rock with You (Single Version)","","","yes","15586286","",""
"All-Time Hits","Unlockable","Michael Jackson","Smooth Criminal (2012 Remaster)","","","yes","59509621","",""
"All-Time Hits","Unlockable","Michael Jackson","They Don't Care About Us","","","yes","8164642","",""
"All-Time Hits","Unlockable","Michael Jackson","Thriller","","","yes","555639","",""
"All-Time Hits","Unlockable","Michael Jackson","Thriller (2003 Edit)","","","yes","13129201","",""
"All-Time Hits","Unlockable","Michael McDonald","I Keep Forgettin' (Every Time You're Near)","","","yes","5617796","",""
"All-Time Hits","Unlockable","Michael Sembello","Maniac","","","yes","2282841","",""
"All-Time Hits","Unlockable","Michael Zager Band","Let's All Chant","","","yes","129771348","",""
"All-Time Hits","Unlockable","Midnight Oil","Beds Are Burning (Remastered)","","","yes","13158212","",""
"All-Time Hits","Unlockable","Mike + The Mechanics","The Living Years","","","yes","140521373","",""
"All-Time Hits","Unlockable","Mike + The Mechanics","The Living Years","","","yes","85376046","",""
"All-Time Hits","Unlockable","Miley Cyrus","Angels Like You","","","yes","1151489402","",""
"All-Time Hits","Unlockable","Miley Cyrus","Midnight Sky","","","yes","1047497822","",""
"All-Time Hits","Unlockable","Miley Cyrus","Prisoner (feat. Dua Lipa)","","","yes","1144217462","",""
"All-Time Hits","Unlockable","Milli Vanilli","Blame It on the Rain","","","yes","13020397","",""
"All-Time Hits","Unlockable","Milli Vanilli","Girl You Know It's True","","","yes","5404583","",""
"All-Time Hits","Unlockable","Milli Vanilli","I'm Gonna Miss You","","","yes","13160829","",""
"All-Time Hits","Unlockable","Mis-Teeq","Scandalous (U.S. Radio Edit)","","","yes","3892657","",""
"All-Time Hits","Unlockable","Missy Elliott","Bounce (Album Version Explicit)","","","yes","1167555","",""
"All-Time Hits","Unlockable","Mittermeier vs. Guano Babes","Kumba Yo !","","","yes","2166236","",""
"All-Time Hits","Unlockable","Moby","Flower (B-Sides)","","","yes","74894818","",""
"All-Time Hits","Unlockable","Moby","Lift Me Up (Radio Mix)","","","yes","143039800","",""
"All-Time Hits","Unlockable","Moby","Natural Blues","","","yes","74894807","",""
"All-Time Hits","Unlockable","Moby","Porcelain","","","yes","66266869","",""
"All-Time Hits","Unlockable","Moby","Porcelain","","","yes","74894802","",""
"All-Time Hits","Unlockable","Modern English","I Melt with You","","","yes","943152","",""
"All-Time Hits","Unlockable","Modern Talking","Brother Louie Mix '98 (feat. Eric Singleton) (Radio Edit)","","","yes","972817","",""
"All-Time Hits","Unlockable","Moloko","Sing It Back (Boris Dlugosch Mix)","","","yes","131226998","",""
"All-Time Hits","Unlockable","Monica","Why I Love You So Much","","","yes","1046760","",""
"All-Time Hits","Unlockable","Montell Jordan","This Is How We Do It","","YES","no - explicit","2522953","",""
"All-Time Hits","Unlockable","Morcheeba","Rome Wasn't Built in a Day","","","yes","3927941","",""
"All-Time Hits","Unlockable","Mos Def","Ms. Fat Booty","","YES","no - explicit","2112351","",""
"All-Time Hits","Unlockable","Mott The Hoople","All the Young Dudes","","","yes","13149413","",""
"All-Time Hits","Unlockable","Mountain","Mississippi Queen","","","yes","608589","",""
"All-Time Hits","Unlockable","Mousse T.","Fire","","","yes","64730735","",""
"All-Time Hits","Unlockable","Mr. Big","To Be With You - 2021 Remastered - 2021 Remastered (2021 Remastered)","","","yes","1409138822","",""
"All-Time Hits","Unlockable","Mr. Mister","Broken Wings","","","yes","15391705","",""
"All-Time Hits","Unlockable","Mr. Mister","Kyrie (Single Version)","","","yes","2847598","",""
"All-Time Hits","Unlockable","Muse","Uprising","","","yes","4195713","",""
"All-Time Hits","Unlockable","N Sync","It's Gonna Be Me","","","yes","15391073","",""
"All-Time Hits","Unlockable","Nada Surf","Blonde on Blonde","","","yes","6425997","",""
"All-Time Hits","Unlockable","Nas","If I Ruled the World (Imagine That) (feat. Lauryn Hill)","","YES","no - explicit","1015332","",""
"All-Time Hits","Unlockable","Nas","You Owe Me (feat. Ginuwine)","","YES","no - explicit","567963","",""
"All-Time Hits","Unlockable","Natalie Imbruglia","Torn","","","yes","554446","",""
"All-Time Hits","Unlockable","Natalie Merchant","Kind & Generous","","","yes","771311","",""
"All-Time Hits","Unlockable","Natasha Bedingfield","Pocketful of Sunshine","","","yes","12270014","",""
"All-Time Hits","Unlockable","Naughty By Nature","Hip Hop Hooray (LP Version)","","","yes","757085","",""
"All-Time Hits","Unlockable","Naughty By Nature","O.P.P","","","yes","409962232","",""
"All-Time Hits","Unlockable","Nazareth","Love Hurts (Single Edit)","","","yes","143061028","",""
"All-Time Hits","Unlockable","Neil Diamond","Cracklin' Rosie","","","yes","529949701","",""
"All-Time Hits","Unlockable","Neil Diamond","Forever In Blue Jeans","","","yes","79835508","",""
"All-Time Hits","Unlockable","Neil Diamond","I Am...I Said (Single Version)","","","yes","17683879","",""
"All-Time Hits","Unlockable","Neil Young","Heart of Gold (2009 Remaster)","","","yes","3826694","",""
"All-Time Hits","Unlockable","Neil Young","Heart of Gold (2017 Remaster)","","","yes","371980501","",""
"All-Time Hits","Unlockable","Nelly","#1","","YES","no - explicit","2447449","",""
"All-Time Hits","Unlockable","Nelly","Ride Wit Me","","YES","no - explicit","2238145","",""
"All-Time Hits","Unlockable","Nelly","Work It","","YES","no - explicit","2447445","",""
"All-Time Hits","Unlockable","Nelly Furtado","I'm Like A Bird","","","yes","877407","",""
"All-Time Hits","Unlockable","Nelly Furtado","Try","","","yes","7562982","",""
"All-Time Hits","Unlockable","Nena","99 Luftballons","","","yes","863103","",""
"All-Time Hits","Unlockable","Neneh Cherry","Buffalo Stance","","","yes","3324536","",""
"All-Time Hits","Unlockable","Neutral Milk Hotel","In the Aeroplane Over the Sea","","","yes","17128362","",""
"All-Time Hits","Unlockable","Neutral Milk Hotel","King of Carrot Flowers Pt. 1","","","yes","17128360","",""
"All-Time Hits","Unlockable","New Kids On The Block","Step by Step","","","yes","1065849","",""
"All-Time Hits","Unlockable","New Order","Bizarre Love Triangle","","","yes","2481156","",""
"All-Time Hits","Unlockable","New Order","Blue Monday","","","yes","732326","",""
"All-Time Hits","Unlockable","New Order","Blue Monday '88","","","yes","706051","",""
"All-Time Hits","Unlockable","New Order","Blue Monday '88 (2015 Remaster)","","","yes","131744086","",""
"All-Time Hits","Unlockable","New Order","True Faith","","","yes","-2656381102","",""
"All-Time Hits","Unlockable","New Radicals","You Get What You Give","","","yes","2441438","",""
"All-Time Hits","Unlockable","Next","Too Close","","YES","no - explicit","1043576","",""
"All-Time Hits","Unlockable","Nick Drake","Pink Moon","","","yes","2958486","",""
"All-Time Hits","Unlockable","Nickelback","How You Remind Me","","","yes","71828723","",""
"All-Time Hits","Unlockable","Night Ranger","Sister Christian","","","yes","4760905","",""
"All-Time Hits","Unlockable","Nightcrawlers","Push The Feeling On (Mk Dub Revisited Edit)","","","yes","105353316","",""
"All-Time Hits","Unlockable","Nik Kershaw","Wouldn't It Be Good","","","yes","908430","",""
"All-Time Hits","Unlockable","Nina Sky","Move Ya Body","","","yes","2598368","",""
"All-Time Hits","Unlockable","Nine Inch Nails","Closer","","YES","no - explicit","1173960","",""
"All-Time Hits","Unlockable","Nine Inch Nails","Hurt","","","yes","1173969","",""
"All-Time Hits","Unlockable","Nirvana","Come As You Are","","","yes","121629010","",""
"All-Time Hits","Unlockable","Nirvana","Heart-Shaped Box","","","yes","70466227","",""
"All-Time Hits","Unlockable","Nirvana","In Bloom","","","yes","13791931","",""
"All-Time Hits","Unlockable","Nirvana","Lithium","","","yes","13791934","",""
"All-Time Hits","Unlockable","Nirvana","Smells Like Teen Spirit","","","yes","1112991","",""
"All-Time Hits","Unlockable","Nneka","Heartbeat","","","yes","3571225","",""
"All-Time Hits","Unlockable","No Doubt","Don't Speak","","","yes","1176787","",""
"All-Time Hits","Unlockable","No Doubt","Just A Girl","","","yes","1176775","",""
"All-Time Hits","Unlockable","No Doubt","Spiderwebs","","","yes","916246","",""
"All-Time Hits","Unlockable","No Mercy","Where Do You Go","","","yes","4096755","",""
"All-Time Hits","Unlockable","Noah Cyrus","July","","","yes","719310692","",""
"All-Time Hits","Unlockable","Noisettes","Don't Upset The Rhythm (Go Baby Go)","","","yes","2864029","",""
"All-Time Hits","Unlockable","Noisettes","Never Forget You","","","yes","3060176","",""
"All-Time Hits","Unlockable","Norman Greenbaum","Spirit in the Sky","","","yes","4118906","",""
"All-Time Hits","Unlockable","O-Zone","Dragostea Din Tei (DJ Ross Radio Remix)","","","yes","383543781","",""
"All-Time Hits","Unlockable","O.A.R.","That Was A Crazy Game Of Poker","","","yes","129632796","",""
"All-Time Hits","Unlockable","Oasis","Champagne Supernova","","","yes","74173011","",""
"All-Time Hits","Unlockable","Oasis","Champagne Supernova (Remastered)","","","yes","84572633","",""
"All-Time Hits","Unlockable","Oasis","Wonderwall","","","yes","74173002","",""
"All-Time Hits","Unlockable","Odyssey","Going Back to My Roots (Single Version)","","","yes","5495627","",""
"All-Time Hits","Unlockable","OMC","How Bizarre","","","yes","2234278","",""
"All-Time Hits","Unlockable","OneRepublic","Counting Stars","","","yes","65759979","",""
"All-Time Hits","Unlockable","Orchestral Manoeuvres In The Dark","Enola Gay (Remastered 2003)","","","yes","3091948","",""
"All-Time Hits","Unlockable","Orleans","Still the One","","","yes","732513","",""
"All-Time Hits","Unlockable","OutKast","ATLiens","","YES","no - explicit","1047823","",""
"All-Time Hits","Unlockable","OutKast","Rosa Parks","","YES","no - explicit","962886","",""
"All-Time Hits","Unlockable","OutKast","SpottieOttieDopaliscious","","YES","no - explicit","962896","",""
"All-Time Hits","Unlockable","Ozzy Osbourne","Crazy Train","","","yes","12000038","",""
"All-Time Hits","Unlockable","P.M. Dawn","Set Adrift on Memory Bliss (Re-Recorded)","","","yes","69186709","",""
"All-Time Hits","Unlockable","Paffendorf","Be Cool (Radio Edit)","","","yes","62146450","",""
"All-Time Hits","Unlockable","Panic! At The Disco","But It's Better If You Do","","","yes","793856","",""
"All-Time Hits","Unlockable","Papa Roach","Last Resort","","YES","no - explicit","2113541","",""
"All-Time Hits","Unlockable","PARTYNEXTDOOR","BELIEVE IT","","YES","no - explicit","1265417262","",""
"All-Time Hits","Unlockable","Pat Benatar","Love Is A Battlefield","","","yes","3122115","",""
"All-Time Hits","Unlockable","Pat Benatar","Love Is A Battlefield","","","yes","3105189","",""
"All-Time Hits","Unlockable","Pat Benatar","We Belong","","","yes","3140693","",""
"All-Time Hits","Unlockable","Patrice","Soulstorm","","","yes","558928","",""
"All-Time Hits","Unlockable","Patrice","Sunshine (Radio Edit)","","","yes","9793220","",""
"All-Time Hits","Unlockable","Patrice Rushen","Forget Me Nots (Remastered)","","","yes","434614222","",""
"All-Time Hits","Unlockable","Patrick Hernandez","Born to Be Alive (The Original)","","","yes","4077573","",""
"All-Time Hits","Unlockable","Patrick Lite","Rainbow in the Sky","","","yes","3263737911","",""
"All-Time Hits","Unlockable","Patrick Swayze","She's Like the Wind (feat. Wendy Fraser) (From ""Dirty Dancing"" Soundtrack)","","","yes","13128241","",""
"All-Time Hits","Unlockable","Patti Smith","Because the Night","","","yes","988423","",""
"All-Time Hits","Unlockable","Patti Smith","Because the Night","","","yes","13438425","",""
"All-Time Hits","Unlockable","Patty Smyth","The Warrior","","","yes","70641893","",""
"All-Time Hits","Unlockable","Paul McCartney","Band On The Run (2010 Remaster)","","","yes","7340163","",""
"All-Time Hits","Unlockable","Paul McCartney","Live And Let Die","","","yes","126368823","",""
"All-Time Hits","Unlockable","Paul McCartney","Live And Let Die (2018 Remaster)","","","yes","598235802","",""
"All-Time Hits","Unlockable","Paul McCartney","Maybe I’m Amazed","","","yes","126368789","",""
"All-Time Hits","Unlockable","Paul Simon","50 Ways to Leave Your Lover","","","yes","6599445","",""
"All-Time Hits","Unlockable","Paul Simon","Kodachrome","","","yes","6581070","",""
"All-Time Hits","Unlockable","Paul Simon","You Can Call Me Al","","","yes","6599483","",""
"All-Time Hits","Unlockable","Paul van Dyk","Let Go (Single Edit)","","","yes","118999472","",""
"All-Time Hits","Unlockable","Paul van Dyk","We Are Alive","","","yes","96341326","",""
"All-Time Hits","Unlockable","Paul Young","Every Time You Go Away (Radio Edit)","","","yes","10157132","",""
"All-Time Hits","Unlockable","Paula Abdul","Straight Up","","","yes","3311528","",""
"All-Time Hits","Unlockable","Paula Cole","I Don't Want to Wait","","","yes","3667834","",""
"All-Time Hits","Unlockable","Paula Cole","Where Have All the Cowboys Gone ? (Remastered Version)","","","yes","767861","",""
"All-Time Hits","Unlockable","Pearl Jam","Black","","","yes","7675132","",""
"All-Time Hits","Unlockable","Pearl Jam","Daughter (Remastered)","","","yes","10273980","",""
"All-Time Hits","Unlockable","Pearl Jam","Even Flow","","YES","no - explicit","7675129","",""
"All-Time Hits","Unlockable","Pearl Jam","Jeremy","","YES","no - explicit","7675133","",""
"All-Time Hits","Unlockable","Pearl Jam","Last Kiss","","","yes","7675332","",""
"All-Time Hits","Unlockable","Pet Shop Boys","Always on My Mind","","","yes","3122976","",""
"All-Time Hits","Unlockable","Pet Shop Boys","Always on My Mind (2003 Remaster)","","","yes","3147744","",""
"All-Time Hits","Unlockable","Pet Shop Boys","It's a Sin (2018 Remaster)","","","yes","462784272","",""
"All-Time Hits","Unlockable","Pet Shop Boys","Suburbia","","","yes","3122972","",""
"All-Time Hits","Unlockable","Pet Shop Boys","West End Girls","","","yes","3122969","",""
"All-Time Hits","Unlockable","Pet Shop Boys","West End Girls (2001 Remaster)","","","yes","7460096","",""
"All-Time Hits","Unlockable","Pet Shop Boys","West End Girls (2018 Remaster)","","","yes","462775272","",""
"All-Time Hits","Unlockable","Pet Shop Boys","What Have I Done to Deserve This? (with Dusty Springfield) (2018 Remaster)","","","yes","462784222","",""
"All-Time Hits","Unlockable","Peter Cetera","Glory of Love","","","yes","2627636","",""
"All-Time Hits","Unlockable","Peter Frampton","Show Me The Way","","","yes","99490978","",""
"All-Time Hits","Unlockable","Peter Frampton","Show Me The Way (Live)","","","yes","12255253","",""
"All-Time Hits","Unlockable","Peter Gabriel","In Your Eyes (Remastered)","","","yes","540506322","",""
"All-Time Hits","Unlockable","Peter Gabriel","Sledgehammer","","","yes","540503442","",""
"All-Time Hits","Unlockable","Peter Gabriel","Solsbury Hill","","","yes","540500882","",""
"All-Time Hits","Unlockable","Pharrell Williams","Happy (From ""Despicable Me 2"")","","","yes","73616508","",""
"All-Time Hits","Unlockable","Phil Collins","Against All Odds (Take a Look at Me Now) (2016 Remaster)","","","yes","134036426","",""
"All-Time Hits","Unlockable","Phil Collins","Against All Odds (Take a Look at Me Now) [From ""Against All Odds""]","","","yes","75094696","",""
"All-Time Hits","Unlockable","Phil Collins","Another Day in Paradise (2016 Remaster)","","","yes","134036248","",""
"All-Time Hits","Unlockable","Phil Collins","Don't Lose My Number (2016 Remaster)","","","yes","134036238","",""
"All-Time Hits","Unlockable","Phil Collins","In the Air Tonight (2015 Remaster)","","","yes","134036212","",""
"All-Time Hits","Unlockable","Phil Collins","One More Night","","","yes","4290175","",""
"All-Time Hits","Unlockable","Phil Collins","Sussudio (2016 Remaster)","","","yes","134036234","",""
"All-Time Hits","Unlockable","Phil Collins","Two Hearts (2016 Remaster)","","","yes","134036390","",""
"All-Time Hits","Unlockable","Phil Collins","You Can't Hurry Love (2016 Remaster)","","","yes","134036220","",""
"All-Time Hits","Unlockable","Phil Collins","You'll Be In My Heart","","","yes","561875132","",""
"All-Time Hits","Unlockable","Philip Bailey","Easy Lover","","","yes","15178034","",""
"All-Time Hits","Unlockable","Philip Oakey","Together In Electric Dreams","","","yes","3152093","",""
"All-Time Hits","Unlockable","Philip Oakey","Together In Electric Dreams (2003 Remastered Version)","","","yes","3158770","",""
"All-Time Hits","Unlockable","Phoenix","Everything Is Everything","","","yes","3088930","",""
"All-Time Hits","Unlockable","Phoenix","If I Ever Feel Better","","","yes","3307241","",""
"All-Time Hits","Unlockable","Pink Floyd","Another Brick in the Wall, Pt. 1","","","yes","116914090","",""
"All-Time Hits","Unlockable","Pink Floyd","Breathe (In The Air) (2011 Remastered Version)","","","yes","477944152","",""
"All-Time Hits","Unlockable","Pink Floyd","Comfortably Numb","","","yes","116914122","",""
"All-Time Hits","Unlockable","Pink Floyd","Learning to Fly","","","yes","116914166","",""
"All-Time Hits","Unlockable","Pink Floyd","The Great Gig in the Sky","","","yes","116914024","",""
"All-Time Hits","Unlockable","Pink Floyd","Time (2011 Remastered Version)","","","yes","13837494","",""
"All-Time Hits","Unlockable","Pink Floyd","Wish You Were Here","","","yes","117585750","",""
"All-Time Hits","Unlockable","Pink Floyd","Wish You Were Here","","","yes","116914322","",""
"All-Time Hits","Unlockable","Pink Floyd","Young Lust (2011 Remastered Version)","","","yes","477950892","",""
"All-Time Hits","Unlockable","Pitbull","Give Me Everything (feat. Nayer)","","","yes","10308117","",""
"All-Time Hits","Unlockable","Playboi Carti","Sky","","YES","no - explicit","1189531242","",""
"All-Time Hits","Unlockable","Player","Baby Come Back","","","yes","917233","",""
"All-Time Hits","Unlockable","Poison","Nothin' But A Good Time (Remastered 2006)","","","yes","3119140","",""
"All-Time Hits","Unlockable","Pop Smoke","For The Night","","YES","no - explicit","1008687372","",""
"All-Time Hits","Unlockable","Pop Smoke","What You Know Bout Love","","YES","no - explicit","1008687502","",""
"All-Time Hits","Unlockable","Post Malone","rockstar","","YES","no - explicit","491446942","",""
"All-Time Hits","Unlockable","Post Malone","Sunflower (Spider-Man: Into the Spider-Verse)","","","yes","602456552","",""
"All-Time Hits","Unlockable","Poul","Self Control","","","yes","3206493501","",""
"All-Time Hits","Unlockable","Powfu","death bed (coffee for your head)","","","yes","871124582","",""
"All-Time Hits","Unlockable","Pras","Ghetto Supastar (That is What You Are) (feat. Ol' Dirty Bastard & Mýa)","","","yes","626546","",""
"All-Time Hits","Unlockable","Prefab Sprout","The King of Rock 'N' Roll","","","yes","733350952","",""
"All-Time Hits","Unlockable","Pretenders","Don't Get Me Wrong","","","yes","661228","",""
"All-Time Hits","Unlockable","Pretenders","Don't Get Me Wrong (2007 Remaster)","","","yes","740198","",""
"All-Time Hits","Unlockable","Prince","1999","","","yes","690101","",""
"All-Time Hits","Unlockable","Prince","I Wanna Be Your Lover","","","yes","732594","",""
"All-Time Hits","Unlockable","Prince","I Would Die 4 U (2015 Paisley Park Remaster)","","","yes","374283041","",""
"All-Time Hits","Unlockable","Prince","Kiss","","","yes","664178","",""
"All-Time Hits","Unlockable","Prince","Let's Go Crazy","","","yes","4858202","",""
"All-Time Hits","Unlockable","Prince","Let's Go Crazy (2015 Paisley Park Remaster)","","","yes","374282981","",""
"All-Time Hits","Unlockable","Prince","Little Red Corvette (2019 Remaster)","","YES","no - explicit","819557562","",""
"All-Time Hits","Unlockable","Prince","Purple Rain","","","yes","2794654","",""
"All-Time Hits","Unlockable","Prince","Raspberry Beret","","","yes","4858207","",""
"All-Time Hits","Unlockable","Prince","The Most Beautiful Girl In the World","","","yes","536618412","",""
"All-Time Hits","Unlockable","Prince","When Doves Cry","","","yes","2794651","",""
"All-Time Hits","Unlockable","Pulp","Common People (Full Length Version)","","","yes","2252551","",""
"All-Time Hits","Unlockable","Pure Prairie League","Amie (Remastered January 1992)","","","yes","13246222","",""
"All-Time Hits","Unlockable","Quarterflash","Harden My Heart","","","yes","97690914","",""
"All-Time Hits","Unlockable","Queen","A Kind Of Magic (Remastered 2011)","","","yes","13499039","",""
"All-Time Hits","Unlockable","Queen","Another One Bites The Dust (Remastered 2011)","","","yes","67503793","",""
"All-Time Hits","Unlockable","Queen","Bohemian Rhapsody (Remastered 2011)","","","yes","7857234","",""
"All-Time Hits","Unlockable","Queen","Crazy Little Thing Called Love","","","yes","568121002","",""
"All-Time Hits","Unlockable","Queen","Don't Stop Me Now (Remastered 2011)","","","yes","12209331","",""
"All-Time Hits","Unlockable","Queen","Fat Bottomed Girls (Remastered 2011)","","","yes","67503795","",""
"All-Time Hits","Unlockable","Queen","I Want To Break Free (Remastered 2011)","","","yes","7868651","",""
"All-Time Hits","Unlockable","Queen","Killer Queen","","","yes","568120962","",""
"All-Time Hits","Unlockable","Queen","Love Of My Life (Remastered 2011)","","","yes","88845371","",""
"All-Time Hits","Unlockable","Queen","Radio Ga Ga (Remastered 2011)","","","yes","7868649","",""
"All-Time Hits","Unlockable","Queen","Seven Seas Of Rhye (Remastered 2011)","","","yes","9990601","",""
"All-Time Hits","Unlockable","Queen","Under Pressure","","","yes","568121052","",""
"All-Time Hits","Unlockable","Queen","We Are The Champions (Remastered 2011)","","","yes","67503808","",""
"All-Time Hits","Unlockable","Queen","We Will Rock You (Remastered 2011)","","","yes","12206933","",""
"All-Time Hits","Unlockable","Quiet Riot","Cum on Feel the Noize","","","yes","626119","",""
"All-Time Hits","Unlockable","R. Kelly","Ignition (Remix)","","","yes","968931","",""
"All-Time Hits","Unlockable","R.E.M.","It's the End of the World As We Know It (And I Feel Fine)","","","yes","3128067","",""
"All-Time Hits","Unlockable","R.E.M.","Losing My Religion","","","yes","136334560","",""
"All-Time Hits","Unlockable","R.E.M.","Shiny Happy People","","","yes","136339500","",""
"All-Time Hits","Unlockable","Rachel Stevens","Sweet Dreams My LA Ex (Original Radio Edit)","","","yes","3052203","",""
"All-Time Hits","Unlockable","Radiohead","Creep","","YES","no - explicit","3129324","",""
"All-Time Hits","Unlockable","Radiohead","High and Dry","","","yes","138544261","",""
"All-Time Hits","Unlockable","Radiohead","Karma Police","","","yes","3166869","",""
"All-Time Hits","Unlockable","Rage Against the Machine","Bulls On Parade","","YES","no - explicit","7675196","",""
"All-Time Hits","Unlockable","Rage Against the Machine","Guerrilla Radio","","YES","no - explicit","15178643","",""
"All-Time Hits","Unlockable","Rage Against the Machine","Killing In The Name","","YES","no - explicit","62082829","",""
"All-Time Hits","Unlockable","Ram Jam","Black Betty","","","yes","541400","",""
"All-Time Hits","Unlockable","Rammstein","Du hast","","","yes","630595142","",""
"All-Time Hits","Unlockable","Ramones","Blitzkrieg Bop (2016 Remaster)","","","yes","131744724","",""
"All-Time Hits","Unlockable","Ray Parker Jr.","Ghostbusters","","","yes","87172419","",""
"All-Time Hits","Unlockable","Razorlight","America","","","yes","1121936","",""
"All-Time Hits","Unlockable","Real McCoy","Another Night","","","yes","1042543","",""
"All-Time Hits","Unlockable","Real McCoy","Run Away","","","yes","1042280","",""
"All-Time Hits","Unlockable","Reamonn","Alright (Single-Edit)","","","yes","3298849","",""
"All-Time Hits","Unlockable","Red Hot Chili Peppers","By the Way","","","yes","725929","",""
"All-Time Hits","Unlockable","Red Hot Chili Peppers","Californication","","","yes","725274","",""
"All-Time Hits","Unlockable","Red Hot Chili Peppers","Can't Stop","","","yes","725971","",""
"All-Time Hits","Unlockable","Red Hot Chili Peppers","Give It Away","","","yes","725837","",""
"All-Time Hits","Unlockable","Red Hot Chili Peppers","Scar Tissue","","","yes","725254","",""
"All-Time Hits","Unlockable","Red Hot Chili Peppers","Under the Bridge","","","yes","725850","",""
"All-Time Hits","Unlockable","Redbone","Come and Get Your Love (Single Version)","","","yes","392284592","",""
"All-Time Hits","Unlockable","Rednex","The Spirit of the Hawk","","","yes","393003352","",""
"All-Time Hits","Unlockable","Reel Big Fish","Beer","","","yes","13160751","",""
"All-Time Hits","Unlockable","Reel Big Fish","Sell Out","","","yes","544930602","",""
"All-Time Hits","Unlockable","REO Speedwagon","Can't Fight This Feeling","","","yes","581533","",""
"All-Time Hits","Unlockable","REO Speedwagon","Keep on Loving You","","","yes","12754208","",""
"All-Time Hits","Unlockable","Republica","Ready to Go","","","yes","994557","",""
"All-Time Hits","Unlockable","Retrofile","Bad Dreams","","","yes","906874252","",""
"All-Time Hits","Unlockable","Retrofile","Broke Generation","","","yes","2301825555","",""
"All-Time Hits","Unlockable","Retrofile","Dig My Grave","","","yes","1096434512","",""
"All-Time Hits","Unlockable","Retrofile","Disconnected","","","yes","2984010081","",""
"All-Time Hits","Unlockable","Retrofile","Expectations","","","yes","118529988","",""
"All-Time Hits","Unlockable","Retrofile","Freedom in Your Eyes","","","yes","1048436772","",""
"All-Time Hits","Unlockable","Retrofile","Heard It All Before","","","yes","754509962","",""
"All-Time Hits","Unlockable","Retrofile","Losing Sleep","","","yes","754509952","",""
"All-Time Hits","Unlockable","Retrofile","Lost In Sound","","","yes","2437823925","",""
"All-Time Hits","Unlockable","Retrofile","Peace of Mind (Extended Dance Mix)","","","yes","975301542","",""
"All-Time Hits","Unlockable","Retrofile","Poster Child","","","yes","393943972","",""
"All-Time Hits","Unlockable","Retrofile","Romanticism","","","yes","567860292","",""
"All-Time Hits","Unlockable","Retrofile","Running","","","yes","754509982","",""
"All-Time Hits","Unlockable","Retrofile","Two Words","","","yes","363673261","",""
"All-Time Hits","Unlockable","Richard Marx","Right Here Waiting","","","yes","3087499","",""
"All-Time Hits","Unlockable","Rick Astley","Never Gonna Give You Up","","","yes","600629","",""
"All-Time Hits","Unlockable","Rick Springfield","Jessie's Girl","","","yes","580060","",""
"All-Time Hits","Unlockable","Ricky Martin","Livin' la Vida Loca","","","yes","13111370","",""
"All-Time Hits","Unlockable","Ricky Martin","Nobody Wants to Be Lonely (with Christina Aguilera)","","","yes","13111374","",""
"All-Time Hits","Unlockable","Rimini Project","Wake Up","","","yes","16504336","",""
"All-Time Hits","Unlockable","Ringo Starr","It Don't Come Easy","","","yes","3108328","",""
"All-Time Hits","Unlockable","Ringo Starr","Photograph","","","yes","3108327","",""
"All-Time Hits","Unlockable","Ritt Momney","Put Your Records On","","","yes","1082463492","",""
"All-Time Hits","Unlockable","Roachford","Cuddly Toy","","","yes","2280831","",""
"All-Time Hits","Unlockable","Robbie Williams","Eternity","","","yes","3290522","",""
"All-Time Hits","Unlockable","Robbie Williams","Kids","","","yes","12754355","",""
"All-Time Hits","Unlockable","Robert Miles","Children","","","yes","13131916","",""
"All-Time Hits","Unlockable","Robert Palmer","Addicted To Love","","","yes","1176177","",""
"All-Time Hits","Unlockable","Roberta Flack","Killing Me Softly With His Song","","","yes","14615242","",""
"All-Time Hits","Unlockable","Robin Beck","First Time","","","yes","907667","",""
"All-Time Hits","Unlockable","Robin Thicke","Blurred Lines","","YES","no - explicit","77824832","",""
"All-Time Hits","Unlockable","Robyn","Be Mine! (Original)","","","yes","137786667","",""
"All-Time Hits","Unlockable","Robyn","Show Me Love (Radio Version)","","","yes","2900091","",""
"All-Time Hits","Unlockable","Rod Stewart","Baby Jane (2008 Remaster)","","","yes","2550611","",""
"All-Time Hits","Unlockable","Rod Stewart","I Don't Want to Talk About It (2008 Remaster)","","","yes","2550751","",""
"All-Time Hits","Unlockable","Rod Stewart","Maggie May","","","yes","32116721","",""
"All-Time Hits","Unlockable","Rod Stewart","Maggie May (Remastered Version)","","","yes","2550595","",""
"All-Time Hits","Unlockable","Rod Stewart","Reason To Believe","","","yes","2523455","",""
"All-Time Hits","Unlockable","Rod Stewart","Sailing","","","yes","2550755","",""
"All-Time Hits","Unlockable","Rod Stewart","Some Guys Have All the Luck","","","yes","2550718","",""
"All-Time Hits","Unlockable","Rod Stewart","Young Turks","","","yes","2550685","",""
"All-Time Hits","Unlockable","Roddy Ricch","High Fashion (feat. Mustard)","","YES","no - explicit","825987082","",""
"All-Time Hits","Unlockable","Roddy Ricch","The Box","","YES","no - explicit","825986992","",""
"All-Time Hits","Unlockable","Roger Waters","Money","","YES","no - explicit","2366736565","",""
"All-Time Hits","Unlockable","Róisín Murphy","Overpowered","","","yes","3288622","",""
"All-Time Hits","Unlockable","Ronan Keating","If Tomorrow Never Comes","","","yes","906624","",""
"All-Time Hits","Unlockable","Ronan Keating","Lovin' Each Day","","","yes","1570226","",""
"All-Time Hits","Unlockable","ROSALÍA","TKN","","","yes","972669712","",""
"All-Time Hits","Unlockable","Roxette","It Must Have Been Love (From the Film ""Pretty Woman"")","","","yes","3098301","",""
"All-Time Hits","Unlockable","Roxette","Listen To Your Heart","","","yes","4225613","",""
"All-Time Hits","Unlockable","Roxette","The Look","","","yes","3092167","",""
"All-Time Hits","Unlockable","Roxy Music","More Than This","","","yes","3152112","",""
"All-Time Hits","Unlockable","Roy Orbison","You Got It","","","yes","3570745","",""
"All-Time Hits","Unlockable","Run DMC","It's Like That","","","yes","90630499","",""
"All-Time Hits","Unlockable","Run DMC","It's Tricky","","","yes","994699","",""
"All-Time Hits","Unlockable","Run DMC","Walk This Way (feat. Aerosmith)","","","yes","994702","",""
"All-Time Hits","Unlockable","Rusted Root","Send Me On My Way","","","yes","7375715","",""
"All-Time Hits","Unlockable","S Club","Bring It All Back","","","yes","3040577","",""
"All-Time Hits","Unlockable","S Club","S Club Party","","","yes","3040582","",""
"All-Time Hits","Unlockable","S'Express","Theme from S-Express","","","yes","771284752","",""
"All-Time Hits","Unlockable","Sade","Kiss of Life","","","yes","15624928","",""
"All-Time Hits","Unlockable","Sade","Paradise","","","yes","15624920","",""
"All-Time Hits","Unlockable","Sade","Smooth Operator (Single Version)","","","yes","858207","",""
"All-Time Hits","Unlockable","Sade","Your Love Is King","","","yes","858203","",""
"All-Time Hits","Unlockable","Safri Duo","Played-A-Live (The Bongo Song) (Radio Edit)","","","yes","3069407","",""
"All-Time Hits","Unlockable","SAINt JHN","Roses (Imanbek Remix)","","YES","no - explicit","770293952","",""
"All-Time Hits","Unlockable","Salt-N-Pepa","Push It","","","yes","4255591","",""
"All-Time Hits","Unlockable","Salt-N-Pepa","Shoop","","","yes","9990584","",""
"All-Time Hits","Unlockable","Salt-N-Pepa","Whatta Man","","","yes","9990585","",""
"All-Time Hits","Unlockable","Sam Smith","Stay With Me","","","yes","78282086","",""
"All-Time Hits","Unlockable","Samantha Mumba","Always Come Back To Your Love","","","yes","2919577","",""
"All-Time Hits","Unlockable","Samantha Mumba","Gotta Tell You","","","yes","465651002","",""
"All-Time Hits","Unlockable","Samy Deluxe","Weck mich auf","","YES","no - explicit","3283333","",""
"All-Time Hits","Unlockable","Sananda Maitreya","If You Let Me Stay","","","yes","1082502","",""
"All-Time Hits","Unlockable","Sandra","(I'll Never Be) Maria Magdalena (Single Verison)","","","yes","3282348","",""
"All-Time Hits","Unlockable","Santana","Black Magic Woman (Single Version)","","","yes","13816199","",""
"All-Time Hits","Unlockable","Santana","Maria Maria (feat. The Product G&B)","","","yes","82241406","",""
"All-Time Hits","Unlockable","Santana","Oye Como Va","","","yes","15437788","",""
"All-Time Hits","Unlockable","Santana","She's Not There (Single Version)","","","yes","69220648","",""
"All-Time Hits","Unlockable","Santana","Smooth (feat. Rob Thomas)","","","yes","82241402","",""
"All-Time Hits","Unlockable","Sarah McLachlan","Adia","","","yes","70222316","",""
"All-Time Hits","Unlockable","Sarah McLachlan","Angel","","","yes","2847559","",""
"All-Time Hits","Unlockable","Sarah McLachlan","Building a Mystery","","YES","no - explicit","2483966","",""
"All-Time Hits","Unlockable","Savage Garden","Crash and Burn","","","yes","117262968","",""
"All-Time Hits","Unlockable","Savage Garden","I Knew I Loved You","","","yes","532605","",""
"All-Time Hits","Unlockable","Savage Garden","I Want You","","","yes","117262948","",""
"All-Time Hits","Unlockable","Savage Garden","Truly Madly Deeply","","","yes","117262952","",""
"All-Time Hits","Unlockable","Saxena","Ain't No Sunshine","","","yes","1111904382","",""
"All-Time Hits","Unlockable","Saxena","La Isla Bonita","","","yes","2871674582","",""
"All-Time Hits","Unlockable","Scandal","The Warrior (feat. Patty Smyth)","","","yes","72004658","",""
"All-Time Hits","Unlockable","Scatman John","Scatman (ski-ba-bop-ba-dop-bop)","","","yes","99360002","",""
"All-Time Hits","Unlockable","Schiller","Ein schöner Tag (Fernseh-Fassung)","","","yes","2538118","",""
"All-Time Hits","Unlockable","Scooter","Posse (I Need You on the Floor)","","","yes","71131672","",""
"All-Time Hits","Unlockable","Scouting For Girls","She's So Lovely","","","yes","13816166","",""
"All-Time Hits","Unlockable","Seal","Crazy","","","yes","4688231","",""
"All-Time Hits","Unlockable","Seal","Kiss from a Rose","","","yes","730428","",""
"All-Time Hits","Unlockable","Seals and Crofts","Summer Breeze","","","yes","5416549","",""
"All-Time Hits","Unlockable","Sean Paul","Baby Boy (feat. Beyoncé )","","","yes","662104","",""
"All-Time Hits","Unlockable","Sean Paul","I'm Still in Love with You (feat. Sasha)","","","yes","662113","",""
"All-Time Hits","Unlockable","SECMOS","Stand By Me","","","yes","3263317291","",""
"All-Time Hits","Unlockable","Seeed","Ding","","","yes","689509","",""
"All-Time Hits","Unlockable","Seether","Broken","","","yes","80276126","",""
"All-Time Hits","Unlockable","Selena Gomez","Rare","","","yes","847668252","",""
"All-Time Hits","Unlockable","Semisonic","Closing Time","","","yes","2285896","",""
"All-Time Hits","Unlockable","Semisonic","Closing Time","","","yes","546248912","",""
"All-Time Hits","Unlockable","September","Satellites","","","yes","15543677","",""
"All-Time Hits","Unlockable","Shakira","Gypsy","","","yes","75834072","",""
"All-Time Hits","Unlockable","Shakira","She Wolf","","","yes","75834066","",""
"All-Time Hits","Unlockable","Shakira","Underneath Your Clothes","","","yes","2847550","",""
"All-Time Hits","Unlockable","Shalamar","A Night to Remember (Single Version)","","","yes","143028782","",""
"All-Time Hits","Unlockable","Shania Twain","From This Moment On","","","yes","7442356","",""
"All-Time Hits","Unlockable","Shania Twain","Man! I Feel Like A Woman!","","","yes","7442363","",""
"All-Time Hits","Unlockable","Shania Twain","That Don't Impress Me Much (Album Version)","","","yes","7442366","",""
"All-Time Hits","Unlockable","Shania Twain","You're Still The One","","","yes","457273832","",""
"All-Time Hits","Unlockable","Shawn Colvin","Sunny Came Home","","","yes","375659771","",""
"All-Time Hits","Unlockable","Shawn Mendes","Monster","","","yes","1148426902","",""
"All-Time Hits","Unlockable","Shawn Mendes","Stitches","","","yes","98028102","",""
"All-Time Hits","Unlockable","Shawn Mendes","Wonder","","","yes","1097366382","",""
"All-Time Hits","Unlockable","Shawn Mullins","Lullaby","","","yes","6403498","",""
"All-Time Hits","Unlockable","Sheryl Crow","All I Wanna Do","","","yes","922014","",""
"All-Time Hits","Unlockable","Sheryl Crow","If It Makes You Happy","","","yes","922058","",""
"All-Time Hits","Unlockable","Sheryl Crow","My Favorite Mistake","","","yes","1574832","",""
"All-Time Hits","Unlockable","Sia","Breathe Me","","","yes","913858","",""
"All-Time Hits","Unlockable","Sia","Cheap Thrills (feat. Sean Paul)","","","yes","118986142","",""
"All-Time Hits","Unlockable","Silbermond","Symphonie","","","yes","15539388","",""
"All-Time Hits","Unlockable","Silentó","Watch Me (Whip / Nae Nae)","","","yes","100614636","",""
"All-Time Hits","Unlockable","Silver","Wham Bam Shang-A-Lang","","","yes","120731576","",""
"All-Time Hits","Unlockable","Silverchair","Israel's Son","","","yes","97311936","",""
"All-Time Hits","Unlockable","Silverchair","Pure Massacre","","","yes","97311942","",""
"All-Time Hits","Unlockable","Silverchair","Suicidal Dream","","","yes","97311948","",""
"All-Time Hits","Unlockable","Silverchair","Tomorrow","","","yes","97311938","",""
"All-Time Hits","Unlockable","Simon & Garfunkel","Bridge Over Troubled Water","","","yes","13174764","",""
"All-Time Hits","Unlockable","Simon & Garfunkel","Cecilia","","","yes","13174766","",""
"All-Time Hits","Unlockable","Simon & Garfunkel","Mrs. Robinson (From ""The Graduate"" Soundtrack)","","","yes","97693578","",""
"All-Time Hits","Unlockable","Simon & Garfunkel","The Boxer","","","yes","13174769","",""
"All-Time Hits","Unlockable","Simple Minds","Alive And Kicking (Remastered 2002)","","","yes","3087756","",""
"All-Time Hits","Unlockable","Simple Minds","Don't You (Forget About Me)","","","yes","65039246","",""
"All-Time Hits","Unlockable","Simple Minds","Don't You (Forget About Me)","","","yes","3235453","",""
"All-Time Hits","Unlockable","Simply Red","Holding Back the Years (2008 Remaster)","","","yes","2477001","",""
"All-Time Hits","Unlockable","Simply Red","If You Don't Know Me by Now (2008 Remaster)","","","yes","75814729","",""
"All-Time Hits","Unlockable","Simply Red","Money's Too Tight (To Mention) (2008 Remaster)","","","yes","2476999","",""
"All-Time Hits","Unlockable","Simply Red","Stars","","","yes","6636947","",""
"All-Time Hits","Unlockable","Sinéad O'Connor","Nothing Compares 2 U","","","yes","3100405","",""
"All-Time Hits","Unlockable","Sir Mix-A-Lot","Baby Got Back","","YES","no - explicit","65690395","",""
"All-Time Hits","Unlockable","Sisqo","Incomplete","","YES","no - explicit","2548872","",""
"All-Time Hits","Unlockable","Sisqo","Thong Song","","YES","no - explicit","2548870","",""
"All-Time Hits","Unlockable","Sister Hazel","All For You (Album Version)","","","yes","15985953","",""
"All-Time Hits","Unlockable","Sixpence None The Richer","Kiss Me","","","yes","134116940","",""
"All-Time Hits","Unlockable","Sixpence None The Richer","There She Goes","","","yes","14572966","",""
"All-Time Hits","Unlockable","Skid Row","I Remember You","","","yes","3821880","",""
"All-Time Hits","Unlockable","Sly & The Family Stone","Family Affair (Single Version)","","","yes","549579","",""
"All-Time Hits","Unlockable","Smash Mouth","All Star","","","yes","917717","",""
"All-Time Hits","Unlockable","Smash Mouth","Walkin' On The Sun","","","yes","917719","",""
"All-Time Hits","Unlockable","Smokie","Living Next Door to Alice","","","yes","69883086","",""
"All-Time Hits","Unlockable","Snap!","Rhythm Is A Dancer (Edit)","","","yes","434215202","",""
"All-Time Hits","Unlockable","Snow Patrol","Run","","","yes","1138321","",""
"All-Time Hits","Unlockable","Snow Patrol","Shut Your Eyes","","","yes","607028652","",""
"All-Time Hits","Unlockable","Soft Cell","Tainted Love","","","yes","1173622","",""
"All-Time Hits","Unlockable","Sonique","It Feels So Good","","","yes","582327622","",""
"All-Time Hits","Unlockable","Sonique","It Feels So Good (Album Version)","","","yes","5754339","",""
"All-Time Hits","Unlockable","Sophie B. Hawkins","As I Lay Me Down","","","yes","1014706","",""
"All-Time Hits","Unlockable","Sophie B. Hawkins","Damn I Wish I Was Your Lover","","","yes","608490","",""
"All-Time Hits","Unlockable","Sophie Ellis-Bextor","If I Can't Dance","","","yes","1171067","",""
"All-Time Hits","Unlockable","Soul Asylum","Runaway Train (2022 Remaster)","","","yes","1057312","",""
"All-Time Hits","Unlockable","Soul II Soul","Back To Life","","","yes","3134893","",""
"All-Time Hits","Unlockable","Soundgarden","Black Hole Sun","","","yes","78631539","",""
"All-Time Hits","Unlockable","Southside Johnny And The Asbury Jukes","I Don't Want to Go Home","","","yes","388725291","",""
"All-Time Hits","Unlockable","Spandau Ballet","Gold","","","yes","3130318","",""
"All-Time Hits","Unlockable","Spandau Ballet","True","","","yes","5150053","",""
"All-Time Hits","Unlockable","Spandau Ballet","True","","","yes","3166637","",""
"All-Time Hits","Unlockable","Spice Girls","Say You'll Be There","","","yes","3133739","",""
"All-Time Hits","Unlockable","Spice Girls","Spice Up Your Life","","","yes","3134155","",""
"All-Time Hits","Unlockable","Spice Girls","Stop","","","yes","3134156","",""
"All-Time Hits","Unlockable","Spin Doctors","Little Miss Can't Be Wrong","","","yes","630285","",""
"All-Time Hits","Unlockable","Spin Doctors","Two Princes","","","yes","831294","",""
"All-Time Hits","Unlockable","Sportfreunde Stiller","Ein Kompliment (MTV Unplugged In New York)","","","yes","5105379","",""
"All-Time Hits","Unlockable","Squeeze","Tempted","","","yes","2289593","",""
"All-Time Hits","Unlockable","SRNDE","Any Way You Want It","","","yes","3047045361","",""
"All-Time Hits","Unlockable","SRNDE","Dust In The Wind","","","yes","2937430751","",""
"All-Time Hits","Unlockable","SRNDE","Geordie","","","yes","2966815421","",""
"All-Time Hits","Unlockable","SRNDE","She's A Lady","","","yes","3193176661","",""
"All-Time Hits","Unlockable","SRNDE","State Of The Nation","","","yes","2940845201","",""
"All-Time Hits","Unlockable","SRNDE","Take Me Home, Country Roads","","","yes","3251661961","",""
"All-Time Hits","Unlockable","Starland Vocal Band","Afternoon Delight","","","yes","6259905","",""
"All-Time Hits","Unlockable","Starsailor","Four to the Floor","","","yes","3097497","",""
"All-Time Hits","Unlockable","Starship","Nothing's Gonna Stop Us Now","","","yes","13139973","",""
"All-Time Hits","Unlockable","Starship","Sara","","","yes","602137982","",""
"All-Time Hits","Unlockable","Starship","We Built This City","","","yes","602137972","",""
"All-Time Hits","Unlockable","Status Quo","Whatever You Want","","","yes","1181897","",""
"All-Time Hits","Unlockable","StaySolidRocky","Party Girl","","YES","no - explicit","936617182","",""
"All-Time Hits","Unlockable","Stealers Wheel","Stuck In The Middle With You","","","yes","1577612","",""
"All-Time Hits","Unlockable","Steely Dan","Dirty Work","","","yes","75785428","",""
"All-Time Hits","Unlockable","Steely Dan","Do It Again","","","yes","1584019","",""
"All-Time Hits","Unlockable","Steely Dan","Peg","","","yes","-2656323682","",""
"All-Time Hits","Unlockable","Steely Dan","Reelin' In The Years","","","yes","1584024","",""
"All-Time Hits","Unlockable","Stephanie Mills","Never Knew Love Like This Before","","","yes","2288314","",""
"All-Time Hits","Unlockable","Steve Miller Band","Abracadabra","","","yes","82324030","",""
"All-Time Hits","Unlockable","Steve Miller Band","Fly Like An Eagle","","","yes","82323990","",""
"All-Time Hits","Unlockable","Steve Miller Band","The Joker","","","yes","82159934","",""
"All-Time Hits","Unlockable","Steve Perry","Oh Sherrie","","","yes","87935943","",""
"All-Time Hits","Unlockable","Steve Winwood","Higher Love (Full Album Version)","","","yes","2172103","",""
"All-Time Hits","Unlockable","Steve Winwood","Higher Love (Single Version)","","","yes","906593","",""
"All-Time Hits","Unlockable","Steve Winwood","Valerie","","","yes","18060921","",""
"All-Time Hits","Unlockable","Stevie Nicks","Edge of Seventeen (2016 Remaster)","","","yes","135376666","",""
"All-Time Hits","Unlockable","Stevie Wonder","Superstition (Single Version)","","","yes","910211","",""
"All-Time Hits","Unlockable","Stevie Wonder","You Are The Sunshine Of My Life (Album Version)","","","yes","910212","",""
"All-Time Hits","Unlockable","Sting","Englishman In New York","","","yes","922102","",""
"All-Time Hits","Unlockable","Stone Temple Pilots","Interstate Love Song","","","yes","3907803","",""
"All-Time Hits","Unlockable","Stone Temple Pilots","Plush","","","yes","2794367","",""
"All-Time Hits","Unlockable","Styx","Babe","","","yes","2289259","",""
"All-Time Hits","Unlockable","Styx","Come Sail Away","","","yes","24466921","",""
"All-Time Hits","Unlockable","Styx","Mr. Roboto","","","yes","952547","",""
"All-Time Hits","Unlockable","Styx","Renegade","","","yes","2289262","",""
"All-Time Hits","Unlockable","Sublime","Santeria","","","yes","917799","",""
"All-Time Hits","Unlockable","Sublime","What I Got","","YES","no - explicit","917795","",""
"All-Time Hits","Unlockable","Sugababes","Hole In The Head","","","yes","1575756","",""
"All-Time Hits","Unlockable","Sugababes","Too Lost In You","","","yes","913832","",""
"All-Time Hits","Unlockable","Sugar Ray","Every Morning","","","yes","4288270","",""
"All-Time Hits","Unlockable","Sugar Ray","Fly","","","yes","756280","",""
"All-Time Hits","Unlockable","Sugar Ray","Someday","","","yes","4288274","",""
"All-Time Hits","Unlockable","Sunrise Avenue","Choose To Be Me","","","yes","3153939","",""
"All-Time Hits","Unlockable","Super3","The Real Life","","","yes","414650302","",""
"All-Time Hits","Unlockable","Superfunk","Lucky Star","","","yes","8131376","",""
"All-Time Hits","Unlockable","Supertramp","Give A Little Bit","","","yes","2503284","",""
"All-Time Hits","Unlockable","Supertramp","The Logical Song (Remastered 2010)","","","yes","7087537","",""
"All-Time Hits","Unlockable","Surf Mesa","ily (i love you baby)","","","yes","886766742","",""
"All-Time Hits","Unlockable","Surfaces","Sunday Best","","","yes","687741882","",""
"All-Time Hits","Unlockable","Survivor","Burning Heart (From ""Rocky IV"" Soundtrack)","","","yes","576423","",""
"All-Time Hits","Unlockable","Survivor","Eye of the Tiger","","","yes","963098","",""
"All-Time Hits","Unlockable","Survivor","Eye of the Tiger","","","yes","651355112","",""
"All-Time Hits","Unlockable","Suzanne Vega","Tom's Diner","","","yes","8083061","",""
"All-Time Hits","Unlockable","Suzi Quatro","Stumblin' In","","","yes","385458901","",""
"All-Time Hits","Unlockable","SWV","Right Here (Human Nature Radio Mix)","","","yes","555805","",""
"All-Time Hits","Unlockable","SWV","Weak","","","yes","555803","",""
"All-Time Hits","Unlockable","Sylvester","You Make Me Feel (Mighty Real)","","","yes","991328902","",""
"All-Time Hits","Unlockable","SZA","Hit Different (feat. Ty Dolla $ign, The Neptunes & Pharrell Williams)","","YES","no - explicit","1068098412","",""
"All-Time Hits","Unlockable","T. Rex","Bang a Gong (Get It On) (2003 Remaster)","","","yes","14619142","",""
"All-Time Hits","Unlockable","t.A.T.u.","All About Us","","","yes","884754","",""
"All-Time Hits","Unlockable","t.A.T.u.","All The Things She Said","","YES","no - explicit","62070435","",""
"All-Time Hits","Unlockable","T'Pau","China In Your Hand (Single Version)","","","yes","3166614","",""
"All-Time Hits","Unlockable","Taio Cruz","Dynamite","","","yes","7063920","",""
"All-Time Hits","Unlockable","Take That","Back for Good (Radio Mix)","","","yes","12754188","",""
"All-Time Hits","Unlockable","Tal Bachman","She's so High","","","yes","623469","",""
"All-Time Hits","Unlockable","Talk Talk","It's My Life (1997 Remaster)","","","yes","3257507","",""
"All-Time Hits","Unlockable","Talking Heads","Once in a Lifetime (2003 Remaster)","","","yes","3158210","",""
"All-Time Hits","Unlockable","Talking Heads","Psycho Killer (2005 Remaster)","","","yes","5093662","",""
"All-Time Hits","Unlockable","Talking Heads","Road to Nowhere (2005 Remaster)","","","yes","-2648428262","",""
"All-Time Hits","Unlockable","Talking Heads","This Must Be the Place (Naive Melody) (2005 Remaster)","","","yes","3614317","",""
"All-Time Hits","Unlockable","Tasmin Archer","Sleeping Satellite","","","yes","3115574","",""
"All-Time Hits","Unlockable","Tate McRae","you broke me first","","YES","no - explicit","929158322","",""
"All-Time Hits","Unlockable","Taylor Dayne","Tell It to My Heart","","","yes","444738122","",""
"All-Time Hits","Unlockable","Taylor Swift","august","","","yes","1031382772","",""
"All-Time Hits","Unlockable","Taylor Swift","cardigan","","","yes","1031382712","",""
"All-Time Hits","Unlockable","Taylor Swift","Shake It Off","","","yes","89077555","",""
"All-Time Hits","Unlockable","Tears For Fears","Everybody Wants To Rule The World","","","yes","2234314","",""
"All-Time Hits","Unlockable","Tears For Fears","Head Over Heels","","","yes","88845919","",""
"All-Time Hits","Unlockable","Tears For Fears","Shout","","","yes","7340211","",""
"All-Time Hits","Unlockable","Tears For Fears","Shout (7"" Edit)","","","yes","424565842","",""
"All-Time Hits","Unlockable","Tears For Fears","Sowing The Seeds Of Love","","","yes","984565","",""
"All-Time Hits","Unlockable","Tears For Fears","Woman In Chains","","","yes","424565902","",""
"All-Time Hits","Unlockable","Technotronic","Pump Up The Jam","","","yes","2961498","",""
"All-Time Hits","Unlockable","Technotronic","Pump Up The Jam (Edit)","","","yes","16652776","",""
"All-Time Hits","Unlockable","Ted Nugent","Stranglehold","","","yes","848323","",""
"All-Time Hits","Unlockable","Teddy Pendergrass","Love T.K.O.","","","yes","70226220","",""
"All-Time Hits","Unlockable","Tegan and Sara","Walking with a Ghost","","","yes","791000","",""
"All-Time Hits","Unlockable","Ten Years After","I'd Love to Change the World","","","yes","130157141","",""
"All-Time Hits","Unlockable","Texas","Inner Smile","","","yes","17857895","",""
"All-Time Hits","Unlockable","Texas","Say What You Want","","","yes","1172397","",""
"All-Time Hits","Unlockable","The Alan Parsons Project","Eye In The Sky","","","yes","567680","",""
"All-Time Hits","Unlockable","The Alan Parsons Project","Sirius","","","yes","567679","",""
"All-Time Hits","Unlockable","The Allman Brothers Band","Jessica","","","yes","17690214","",""
"All-Time Hits","Unlockable","The Allman Brothers Band","Midnight Rider","","","yes","549286792","",""
"All-Time Hits","Unlockable","The Allman Brothers Band","Ramblin' Man","","","yes","1142483","",""
"All-Time Hits","Unlockable","The B-52's","Love Shack","","","yes","78366182","",""
"All-Time Hits","Unlockable","The B-52's","Roam","","","yes","14637458","",""
"All-Time Hits","Unlockable","The Band Perry","If I Die Young","","","yes","6716460","",""
"All-Time Hits","Unlockable","The Bangles","Eternal Flame","","","yes","3037340","",""
"All-Time Hits","Unlockable","The Bangles","Manic Monday","","","yes","608749","",""
"All-Time Hits","Unlockable","The Bangles","Manic Monday","","","yes","-2656326102","",""
"All-Time Hits","Unlockable","The Beatles","Let It Be (Remastered 2009)","","","yes","116348656","",""
"All-Time Hits","Unlockable","The Bellamy Brothers","Let Your Love Flow","","","yes","75765949","",""
"All-Time Hits","Unlockable","The Black Crowes","Hard To Handle","","","yes","65707239","",""
"All-Time Hits","Unlockable","The Black Eyed Peas","Boom Boom Pow","","YES","no - explicit","5169784","",""
"All-Time Hits","Unlockable","The Black Eyed Peas","Hey Mama","","","yes","2264729","",""
"All-Time Hits","Unlockable","The Black Eyed Peas","I Gotta Feeling (Edit)","","","yes","4124656","",""
"All-Time Hits","Unlockable","The Black Eyed Peas","MAMACITA","","YES","no - explicit","921104532","",""
"All-Time Hits","Unlockable","The Black Eyed Peas","RITMO (Bad Boys For Life)","","YES","no - explicit","772603752","",""
"All-Time Hits","Unlockable","The Boomtown Rats","I Don't Like Mondays","","","yes","70106439","",""
"All-Time Hits","Unlockable","The Breeders","Cannonball","","","yes","939194","",""
"All-Time Hits","Unlockable","The Bucketheads","The Bomb! (These Sound Fall into My Mind) (Radio Edit)","","","yes","103268044","",""
"All-Time Hits","Unlockable","The Buggles","Video Killed The Radio Star","","","yes","6691974","",""
"All-Time Hits","Unlockable","The Cardigans","Erase / Rewind","","","yes","916487","",""
"All-Time Hits","Unlockable","The Cardigans","Lovefool","","","yes","910474","",""
"All-Time Hits","Unlockable","The Cardigans","My Favourite Game","","","yes","910478","",""
"All-Time Hits","Unlockable","The Cars","Drive","","","yes","674711","",""
"All-Time Hits","Unlockable","The Cars","Drive (2017 Remaster)","","","yes","474178182","",""
"All-Time Hits","Unlockable","The Cars","Good Times Roll","","","yes","6490170","",""
"All-Time Hits","Unlockable","The Cars","Just What I Needed","","","yes","404618712","",""
"All-Time Hits","Unlockable","The Cars","You Might Think","","","yes","474178202","",""
"All-Time Hits","Unlockable","The Chainsmokers","Closer","","","yes","129310248","",""
"All-Time Hits","Unlockable","The Chainsmokers","Don't Let Me Down","","","yes","119302924","",""
"All-Time Hits","Unlockable","The Chemical Brothers","Star Guitar (Edit)","","","yes","61105274","",""
"All-Time Hits","Unlockable","The Chicks","Cowboy Take Me Away","","","yes","3019241","",""
"All-Time Hits","Unlockable","The Chicks","Goodbye Earl","","","yes","7511335","",""
"All-Time Hits","Unlockable","The Chicks","There's Your Trouble","","","yes","545057","",""
"All-Time Hits","Unlockable","The Chicks","Wide Open Spaces","","","yes","544954","",""
"All-Time Hits","Unlockable","The Clash","Rock the Casbah (Remastered)","","","yes","69962765","",""
"All-Time Hits","Unlockable","The Clash","Should I Stay or Should I Go (Remastered)","","","yes","69962764","",""
"All-Time Hits","Unlockable","The Commitments","Mustang Sally","","","yes","890307","",""
"All-Time Hits","Unlockable","The Commodores","Easy","","","yes","374251561","",""
"All-Time Hits","Unlockable","The Communards","Don't Leave Me This Way (with Sarah Jane Morris)","","","yes","706144","",""
"All-Time Hits","Unlockable","The Connells","'74-'75","","","yes","84382469","",""
"All-Time Hits","Unlockable","The Cranberries","Dreams","","","yes","1176439","",""
"All-Time Hits","Unlockable","The Cranberries","Linger","","","yes","1137657","",""
"All-Time Hits","Unlockable","The Cranberries","Zombie","","","yes","5652656","",""
"All-Time Hits","Unlockable","The Cure","Boys Don't Cry","","","yes","1143625","",""
"All-Time Hits","Unlockable","The Cure","Close To Me","","","yes","909884","",""
"All-Time Hits","Unlockable","The Cure","Close to Me (2006 Remaster)","","","yes","14639560","",""
"All-Time Hits","Unlockable","The Cure","Friday I'm in Love","","","yes","73527394","",""
"All-Time Hits","Unlockable","The Cure","In Between Days (2006 Remaster)","","","yes","14618836","",""
"All-Time Hits","Unlockable","The Cure","Just like Heaven","","","yes","14611554","",""
"All-Time Hits","Unlockable","The Cure","Just like Heaven (2006 Remaster)","","","yes","14618872","",""
"All-Time Hits","Unlockable","The Cure","Lovesong (2010 Remaster)","","","yes","14637327","",""
"All-Time Hits","Unlockable","The Dandy Warhols","Bohemian Like You","","","yes","3155831","",""
"All-Time Hits","Unlockable","The Disco Boys","For You : For You (Original Radio Edit)","","","yes","18638941","",""
"All-Time Hits","Unlockable","The Doobie Brothers","Listen to the Music","","","yes","73708819","",""
"All-Time Hits","Unlockable","The Doobie Brothers","Long Train Runnin'","","","yes","3616544","",""
"All-Time Hits","Unlockable","The Doobie Brothers","What a Fool Believes","","","yes","3821913","",""
"All-Time Hits","Unlockable","The Doors","L.A. Woman","","","yes","65445461","",""
"All-Time Hits","Unlockable","The Emotions","Best of My Love","","","yes","830134","",""
"All-Time Hits","Unlockable","The Emotions","Best of My Love (Single Version)","","","yes","5404443","",""
"All-Time Hits","Unlockable","The Five Stairsteps","O-o-h Child (Buddha Remastered 2001)","","","yes","13198823","",""
"All-Time Hits","Unlockable","The Four Seasons","December, 1963 (Oh What a Night!)","","","yes","725715","",""
"All-Time Hits","Unlockable","The Fray","How to Save a Life","","","yes","2847450","",""
"All-Time Hits","Unlockable","The Go-Go's","Our Lips Are Sealed (Single Version)","","","yes","-2656405662","",""
"All-Time Hits","Unlockable","The Go-Go's","Vacation","","","yes","17979668","",""
"All-Time Hits","Unlockable","The Go-Go's","We Got The Beat","","","yes","2113414","",""
"All-Time Hits","Unlockable","The Goo Goo Dolls","Black Balloon","","","yes","4290132","",""
"All-Time Hits","Unlockable","The Goo Goo Dolls","Iris","","","yes","4290138","",""
"All-Time Hits","Unlockable","The Goo Goo Dolls","Name","","","yes","775475","",""
"All-Time Hits","Unlockable","The Goo Goo Dolls","Slide","","","yes","4290129","",""
"All-Time Hits","Unlockable","The Guess Who","American Woman (2024 Remaster)","","","yes","970217","",""
"All-Time Hits","Unlockable","The Hollies","The Air That I Breathe (2008 Remaster)","","","yes","3249859","",""
"All-Time Hits","Unlockable","The Housemartins","Happy Hour","","","yes","914424","",""
"All-Time Hits","Unlockable","The Hues Corporation","Rock the Boat","","","yes","83064846","",""
"All-Time Hits","Unlockable","The Human League","Don't You Want Me","","","yes","3092940","",""
"All-Time Hits","Unlockable","The Human League","Human","","","yes","3248719","",""
"All-Time Hits","Unlockable","The Isley Brothers","Footsteps in the Dark, Pts. 1 & 2","","","yes","586085","",""
"All-Time Hits","Unlockable","The Isley Brothers","For the Love of You, Pts. 1 & 2","","","yes","586040","",""
"All-Time Hits","Unlockable","The Jacksons","Blame It on the Boogie","","","yes","72208034","",""
"All-Time Hits","Unlockable","The Jacksons","Blame It on the Boogie","","","yes","541408","",""
"All-Time Hits","Unlockable","The Jacksons","Enjoy Yourself","","","yes","14874837","",""
"All-Time Hits","Unlockable","The Jam","Going Underground","","","yes","1178034","",""
"All-Time Hits","Unlockable","The Jam","Town Called Malice","","","yes","907843","",""
"All-Time Hits","Unlockable","The Kinks","Lola (2020 Stereo Remaster)","","","yes","1150504452","",""
"All-Time Hits","Unlockable","The Knack","My Sharona","","","yes","3248376","",""
"All-Time Hits","Unlockable","The Knife","Pass This On","","","yes","86953425","",""
"All-Time Hits","Unlockable","The La's","There She Goes","","","yes","906824","",""
"All-Time Hits","Unlockable","The Lumineers","Ho Hey","","","yes","70834770","",""
"All-Time Hits","Unlockable","The Manhattans","Kiss and Say Goodbye","","","yes","608701","",""
"All-Time Hits","Unlockable","The Marshall Tucker Band","Can't You See","","","yes","77995908","",""
"All-Time Hits","Unlockable","The Mighty Mighty Bosstones","The Impression That I Get","","","yes","2435857","",""
"All-Time Hits","Unlockable","The Notorious B.I.G.","Hypnotize (2014 Remaster)","","YES","no - explicit","82492118","",""
"All-Time Hits","Unlockable","The Notorious B.I.G.","Juicy","","","yes","3616616","",""
"All-Time Hits","Unlockable","The O'Jays","Love Train","","","yes","13183903","",""
"All-Time Hits","Unlockable","The Offspring","Pretty Fly (For A White Guy)","","","yes","137233982","",""
"All-Time Hits","Unlockable","The Offspring","The Kids Aren't Alright","","","yes","137233986","",""
"All-Time Hits","Unlockable","The Offspring","Why Don't You Get A Job","","YES","no - explicit","137234014","",""
"All-Time Hits","Unlockable","The Outfield","Your Love","","","yes","856124","",""
"All-Time Hits","Unlockable","The Outfield","Your Love","","","yes","4253016","",""
"All-Time Hits","Unlockable","The Outlaws","Green Grass & High Tides","","","yes","82292908","",""
"All-Time Hits","Unlockable","The Palm Tree Boy","(I Just) Died In Your Arms","","","yes","3000977901","",""
"All-Time Hits","Unlockable","The Pointer Sisters","I'm So Excited","","","yes","346967941","",""
"All-Time Hits","Unlockable","The Pointer Sisters","Jump (Original Mix)","","","yes","348307831","",""
"All-Time Hits","Unlockable","The Police","Don't Stand So Close To Me","","","yes","665711142","",""
"All-Time Hits","Unlockable","The Police","Every Breath You Take (Remastered 2003)","","","yes","1177883","",""
"All-Time Hits","Unlockable","The Police","Every Little Thing She Does Is Magic (Remastered 2003)","","","yes","2304710","",""
"All-Time Hits","Unlockable","The Police","Message In A Bottle Remastered 2003","","","yes","78861250","",""
"All-Time Hits","Unlockable","The Police","Roxanne (Remastered 2003)","","","yes","1177864","",""
"All-Time Hits","Unlockable","The Presidents of the United States of America","Lump","","","yes","10958802","",""
"All-Time Hits","Unlockable","The Proclaimers","I'm Gonna Be (500 Miles)","","","yes","3109247","",""
"All-Time Hits","Unlockable","The Prodigy","Breathe","","","yes","62126185","",""
"All-Time Hits","Unlockable","The Psychedelic Furs","Pretty in Pink","","","yes","625979","",""
"All-Time Hits","Unlockable","The Rolling Stones","Beast Of Burden (Remastered 1994)","","","yes","14458095","",""
"All-Time Hits","Unlockable","The Rolling Stones","Brown Sugar (Remastered 2009)","","","yes","4125129","",""
"All-Time Hits","Unlockable","The Rolling Stones","Miss You (Remastered)","","","yes","14458087","",""
"All-Time Hits","Unlockable","The Rolling Stones","Moonlight Mile (2009 Mix)","","","yes","4125591","",""
"All-Time Hits","Unlockable","The Rolling Stones","Wild Horses (2009 Mix)","","","yes","100914862","",""
"All-Time Hits","Unlockable","The Romantics","Talking In Your Sleep","","","yes","1030263","",""
"All-Time Hits","Unlockable","The Romantics","What I Like About You","","","yes","1129265","",""
"All-Time Hits","Unlockable","The Romantics","What I Like About You","","","yes","1066565","",""
"All-Time Hits","Unlockable","THE SCOTTS ","THE SCOTTS","","YES","no - explicit","939689012","",""
"All-Time Hits","Unlockable","The Shades","Tracks","","","yes","642709962","",""
"All-Time Hits","Unlockable","The Smashing Pumpkins","1979","","","yes","7753178","",""
"All-Time Hits","Unlockable","The Smashing Pumpkins","1979","","","yes","68976286","",""
"All-Time Hits","Unlockable","The Smashing Pumpkins","Bullet With Butterfly Wings (Remastered 2012)","","","yes","62791738","",""
"All-Time Hits","Unlockable","The Smashing Pumpkins","Cherub Rock (2011 Remaster)","","","yes","14738292","",""
"All-Time Hits","Unlockable","The Smashing Pumpkins","Disarm (2011 Remaster)","","","yes","14738297","",""
"All-Time Hits","Unlockable","The Smashing Pumpkins","Tonight, Tonight (Remastered 2012)","","","yes","62738610","",""
"All-Time Hits","Unlockable","The Smiths","How Soon Is Now? (2011 Remaster)","","","yes","13776567","",""
"All-Time Hits","Unlockable","The Smiths","There Is a Light That Never Goes Out (2011 Remaster)","","","yes","13776537","",""
"All-Time Hits","Unlockable","The Stranglers","Golden Brown","","","yes","563464","",""
"All-Time Hits","Unlockable","The Streets","It's Too Late","","","yes","2140406","",""
"All-Time Hits","Unlockable","The Supermen Lovers","Starlight (Radio Edit)","","","yes","2575685","",""
"All-Time Hits","Unlockable","The The","This Is the Day","","","yes","15858498","",""
"All-Time Hits","Unlockable","The Velvet Underground","Oh! Sweet Nuthin' (2015 Remaster)","","","yes","109844104","",""
"All-Time Hits","Unlockable","The Verve","Bitter Sweet Symphony","","","yes","432946922","",""
"All-Time Hits","Unlockable","The Verve","Bitter Sweet Symphony (Remastered 2016)","","","yes","398570642","",""
"All-Time Hits","Unlockable","The Verve","Lucky Man","","","yes","398568272","",""
"All-Time Hits","Unlockable","The Verve Pipe","The Freshmen","","","yes","15397348","",""
"All-Time Hits","Unlockable","The Wallflowers","One Headlight","","","yes","2193499","",""
"All-Time Hits","Unlockable","The Wallflowers","The Difference","","","yes","2193503","",""
"All-Time Hits","Unlockable","The Wallflowers","Three Marlenas","","","yes","4191725","",""
"All-Time Hits","Unlockable","The Waterboys","The Whole Of The Moon","","","yes","3151400","",""
"All-Time Hits","Unlockable","The Waterboys","The Whole Of The Moon (2004 Remastered Version)","","","yes","3156298","",""
"All-Time Hits","Unlockable","The Weeknd","After Hours","","","yes","881395372","",""
"All-Time Hits","Unlockable","The Weeknd","Blinding Lights","","","yes","819736552","",""
"All-Time Hits","Unlockable","The Weeknd","Heartless","","YES","no - explicit","819745832","",""
"All-Time Hits","Unlockable","The Weeknd","In Your Eyes","","YES","no - explicit","908859862","",""
"All-Time Hits","Unlockable","The Weeknd","The Hills","","YES","no - explicit","106506512","",""
"All-Time Hits","Unlockable","The Who","Baba O'Riley","","","yes","2121805","",""
"All-Time Hits","Unlockable","The Who","Bargain","","","yes","2121806","",""
"All-Time Hits","Unlockable","The Who","Squeeze Box","","","yes","1169084","",""
"All-Time Hits","Unlockable","The Who","Won't Get Fooled Again (Original Album Version)","","","yes","2121813","",""
"All-Time Hits","Unlockable","Thelma Houston","Don't Leave Me This Way","","","yes","3067260","",""
"All-Time Hits","Unlockable","Thin Lizzy","Sarah","","","yes","60725043","",""
"All-Time Hits","Unlockable","Thin Lizzy","The Boys Are Back In Town","","","yes","1101200","",""
"All-Time Hits","Unlockable","Third Eye Blind","How's It Going to Be","","","yes","72059903","",""
"All-Time Hits","Unlockable","Third Eye Blind","Jumper (1998 Edit)","","","yes","4111781","",""
"All-Time Hits","Unlockable","Third Eye Blind","Motorcycle Drive By","","","yes","72059910","",""
"All-Time Hits","Unlockable","Third Eye Blind","Never Let You Go (2008 Remaster)","","","yes","6586756","",""
"All-Time Hits","Unlockable","Third Eye Blind","Semi-Charmed Life","","","yes","366916761","",""
"All-Time Hits","Unlockable","Thompson Twins","Hold Me Now","","","yes","541882","",""
"All-Time Hits","Unlockable","Tiffany","I Think We're Alone Now","","","yes","906597","",""
"All-Time Hits","Unlockable","Tim Deluxe","It Just Won't Do (Radio Edit)","","","yes","14748019","",""
"All-Time Hits","Unlockable","Tina Turner","The Best","","","yes","3142379","",""
"All-Time Hits","Unlockable","Tina Turner","We Don't Need Another Hero (Thunderdome)","","","yes","3167306","",""
"All-Time Hits","Unlockable","Tina Turner","What's Love Got to Do with It","","","yes","3142371","",""
"All-Time Hits","Unlockable","TLC","Creep","","","yes","1043879","",""
"All-Time Hits","Unlockable","TLC","Unpretty","","","yes","1076856","",""
"All-Time Hits","Unlockable","TLC","Waterfalls","","","yes","1043894","",""
"All-Time Hits","Unlockable","Toad The Wet Sprocket","All I Want","","","yes","1068078","",""
"All-Time Hits","Unlockable","Toktok","Missy Queen's Gonna Die","","","yes","503955062","",""
"All-Time Hits","Unlockable","Tom Petty","Free Fallin'","","","yes","881279","",""
"All-Time Hits","Unlockable","Tom Petty","I Won't Back Down","","","yes","2204077","",""
"All-Time Hits","Unlockable","Tom Petty And The Heartbreakers","American Girl","","","yes","4099852","",""
"All-Time Hits","Unlockable","Tom Petty And The Heartbreakers","Learning To Fly","","","yes","2171505","",""
"All-Time Hits","Unlockable","Tone-Loc","Wild Thing","","","yes","84364029","",""
"All-Time Hits","Unlockable","Toni Braxton","He Wasn't Man Enough","","","yes","567649","",""
"All-Time Hits","Unlockable","Toni Braxton","Un-Break My Heart","","","yes","567656","",""
"All-Time Hits","Unlockable","Tonic","If You Could Only See","","","yes","2422830","",""
"All-Time Hits","Unlockable","Topic","Breaking Me","","","yes","831917182","",""
"All-Time Hits","Unlockable","Tori Amos","Cornflake Girl","","","yes","-2656343202","",""
"All-Time Hits","Unlockable","Toto","Africa","","","yes","1079668","",""
"All-Time Hits","Unlockable","Toto","Georgy Porgy","","","yes","1081145","",""
"All-Time Hits","Unlockable","Toto","Hold the Line","","","yes","1078779","",""
"All-Time Hits","Unlockable","Toto","Rosanna","","","yes","1079628","",""
"All-Time Hits","Unlockable","Tracy Chapman","Fast Car","","","yes","2271563","",""
"All-Time Hits","Unlockable","Tracy Chapman","Give Me One Reason","","","yes","2477838","",""
"All-Time Hits","Unlockable","Train","Hey, Soul Sister","","","yes","4303104","",""
"All-Time Hits","Unlockable","Train","Meet Virginia","","","yes","1015368","",""
"All-Time Hits","Unlockable","Transvision Vamp","Baby I Don't Care","","","yes","2179183","",""
"All-Time Hits","Unlockable","Trapper Schoepp","Settlin' or Sleepin' Around","","","yes","1060862172","",""
"All-Time Hits","Unlockable","Travis","Sing","","","yes","129521282","",""
"All-Time Hits","Unlockable","Travis Scott","HIGHEST IN THE ROOM","","YES","no - explicit","767583072","",""
"All-Time Hits","Unlockable","Travis Scott","SICKO MODE","","YES","no - explicit","536421002","",""
"All-Time Hits","Unlockable","Trevor Daniel","Falling","","","yes","563077282","",""
"All-Time Hits","Unlockable","Turntablerocker","Love Supreme (Radio Version)","","","yes","15142977","",""
"All-Time Hits","Unlockable","Turntablerocker","No Melody (Album Version)","","","yes","15800611","",""
"All-Time Hits","Unlockable","Twenty One Pilots","Level of Concern","","","yes","926340752","",""
"All-Time Hits","Unlockable","U2","I Still Haven't Found What I'm Looking For (Remastered 2007)","","","yes","912481","",""
"All-Time Hits","Unlockable","U2","One","","","yes","14343282","",""
"All-Time Hits","Unlockable","U2","Pride (In The Name Of Love) (Remastered 2009)","","","yes","4587261","",""
"All-Time Hits","Unlockable","U2","Sweetest Thing (Remastered 2007)","","","yes","912533","",""
"All-Time Hits","Unlockable","U2","Where The Streets Have No Name","","","yes","347363351","",""
"All-Time Hits","Unlockable","U2","Where The Streets Have No Name (Remastered)","","","yes","912476","",""
"All-Time Hits","Unlockable","U2","With Or Without You","","","yes","1574131","",""
"All-Time Hits","Unlockable","U2","With Or Without You (Remastered 2007)","","","yes","912486","",""
"All-Time Hits","Unlockable","UB40","(I Can't Help) Falling In Love With You","","","yes","3129579","",""
"All-Time Hits","Unlockable","UB40","Red Red Wine","","","yes","3129568","",""
"All-Time Hits","Unlockable","Ultravox","Dancing with Tears in My Eyes","","","yes","130463716","",""
"All-Time Hits","Unlockable","Ultravox","Vienna","","","yes","3151512","",""
"All-Time Hits","Unlockable","USHER","U Got It Bad","","","yes","969349","",""
"All-Time Hits","Unlockable","USHER","U Remind Me","","","yes","969347","",""
"All-Time Hits","Unlockable","USHER","You Make Me Wanna...","","","yes","1052073","",""
"All-Time Hits","Unlockable","V V Brown","Shark In The Water","","","yes","4187046","",""
"All-Time Hits","Unlockable","Van Halen","Jump (2015 Remaster)","","","yes","97098410","",""
"All-Time Hits","Unlockable","Van McCoy","The Hustle","","","yes","907757","",""
"All-Time Hits","Unlockable","Van Morrison","Brown Eyed Girl","","","yes","852892","",""
"All-Time Hits","Unlockable","Van Morrison","Moondance (2013 Remaster)","","","yes","71444764","",""
"All-Time Hits","Unlockable","Van Morrison","Tupelo Honey","","","yes","114388306","",""
"All-Time Hits","Unlockable","Vanessa Carlton","A Thousand Miles","","","yes","983832","",""
"All-Time Hits","Unlockable","Venteris","Relax, Take It Easy","","","yes","2988398381","",""
"All-Time Hits","Unlockable","veranda life","World, Hold On","","","yes","3152194831","",""
"All-Time Hits","Unlockable","Vertical Horizon","Best I Ever Had (Grey Sky Morning)","","","yes","7410423","",""
"All-Time Hits","Unlockable","Vertical Horizon","Everything You Want","","","yes","7410392","",""
"All-Time Hits","Unlockable","Vertical Horizon","You're a God","","","yes","7410422","",""
"All-Time Hits","Unlockable","Vita Chino","This","","","yes","917555552","",""
"All-Time Hits","Unlockable","Vogel","Hung Up","","","yes","2882714992","",""
"All-Time Hits","Unlockable","Wang Chung","Dance Hall Days","","","yes","907794","",""
"All-Time Hits","Unlockable","War","Low Rider","","","yes","143042822","",""
"All-Time Hits","Unlockable","Warrant","Cherry Pie","","","yes","594917","",""
"All-Time Hits","Unlockable","Warren G","Regulate (Album Version Explicit)","","","yes","2463406","",""
"All-Time Hits","Unlockable","Watershed","Indigo Girl","","","yes","3217250","",""
"All-Time Hits","Unlockable","Waylon Jennings","I'm a Ramblin' Man","","","yes","597506","",""
"All-Time Hits","Unlockable","Waylon Jennings","Mammas Don't Let Your Babies Grow up to Be Cowboys","","","yes","2244696","",""
"All-Time Hits","Unlockable","Weezer","Buddy Holly","","","yes","953100","",""
"All-Time Hits","Unlockable","Weezer","Island In The Sun","","","yes","2544628","",""
"All-Time Hits","Unlockable","Weezer","My Name Is Jonas","","","yes","2542114","",""
"All-Time Hits","Unlockable","Weezer","Say It Ain't So (Original Mix)","","","yes","2542120","",""
"All-Time Hits","Unlockable","Westlife","If I Let You Go (Radio Edit)","","","yes","959916","",""
"All-Time Hits","Unlockable","Wet Wet Wet","Sweet Little Mystery","","","yes","72370373","",""
"All-Time Hits","Unlockable","Wham!","Club Tropicana","","","yes","1073437","",""
"All-Time Hits","Unlockable","Wham!","Everything She Wants","","","yes","15189062","",""
"All-Time Hits","Unlockable","Wham!","Freedom","","","yes","15189070","",""
"All-Time Hits","Unlockable","Wham!","Last Christmas","","","yes","1036586","",""
"All-Time Hits","Unlockable","Wham!","Wake Me Up Before You Go-Go","","","yes","15194531","",""
"All-Time Hits","Unlockable","Wheatus","Teenage Dirtbag","","YES","no - explicit","849698","",""
"All-Time Hits","Unlockable","Whigfield","Saturday Night (Radio Mix)","","","yes","6907031","",""
"All-Time Hits","Unlockable","White Town","Your Woman","","","yes","3136779","",""
"All-Time Hits","Unlockable","Whitesnake","Here I Go Again (1987 Version; 2017 Remaster)","","","yes","411553122","",""
"All-Time Hits","Unlockable","Whitesnake","Is This Love (2018 Remaster)","","","yes","576902422","",""
"All-Time Hits","Unlockable","Whitney Houston","How Will I Know","","","yes","1131192","",""
"All-Time Hits","Unlockable","Whitney Houston","I Have Nothing","","","yes","5363365","",""
"All-Time Hits","Unlockable","Whitney Houston","I Wanna Dance with Somebody (Single Version)","","","yes","615819","",""
"All-Time Hits","Unlockable","Whitney Houston","I Wanna Dance with Somebody (Who Loves Me)","","","yes","4945407","",""
"All-Time Hits","Unlockable","Whitney Houston","I Will Always Love You","","","yes","2244121","",""
"All-Time Hits","Unlockable","Whitney Houston","It's Not Right But It's Okay","","","yes","962142","",""
"All-Time Hits","Unlockable","Whitney Houston","My Love Is Your Love","","","yes","962260","",""
"All-Time Hits","Unlockable","Whitney Houston","One Moment in Time (Remastered)","","","yes","2795612","",""
"All-Time Hits","Unlockable","Whitney Houston","Saving All My Love for You","","","yes","970426","",""
"All-Time Hits","Unlockable","Whitney Houston","Whatchulookinat (Main A.K.A. Backing Vox Up)","","","yes","15396937","",""
"All-Time Hits","Unlockable","Wild Cherry","Play That Funky Music","","","yes","831328","",""
"All-Time Hits","Unlockable","Will Smith","Gettin' Jiggy Wit It","","","yes","626418","",""
"All-Time Hits","Unlockable","Will Smith","Men In Black (From ""Men In Black"" Soundtrack)","","","yes","626417","",""
"All-Time Hits","Unlockable","Will Smith","Miami","","","yes","626419","",""
"All-Time Hits","Unlockable","Will Young","Light My Fire","","","yes","2266433","",""
"All-Time Hits","Unlockable","Wilson Phillips","Hold On","","","yes","3090950","",""
"All-Time Hits","Unlockable","Wiz Khalifa","See You Again (feat. Charlie Puth)","","","yes","658671812","",""
"All-Time Hits","Unlockable","Womack & Womack","Teardrops","","","yes","5975401","",""
"All-Time Hits","Unlockable","Wyclef Jean","Gone Till November (feat. The New York Philharmonic Orchestra)","","","yes","605288","",""
"All-Time Hits","Unlockable","X-Press 2","Lazy feat. David Byrne","","","yes","5081680","",""
"All-Time Hits","Unlockable","Xzibit","X","","YES","no - explicit","532268","",""
"All-Time Hits","Unlockable","Yaz","Don't Go","","","yes","14619290","",""
"All-Time Hits","Unlockable","Yaz","Only You","","","yes","14659902","",""
"All-Time Hits","Unlockable","Yazoo","Don't Go","","","yes","3158714","",""
"All-Time Hits","Unlockable","Yazoo","Only You","","","yes","6638658","",""
"All-Time Hits","Unlockable","Yazz","The Only Way Is Up","","","yes","4189317","",""
"All-Time Hits","Unlockable","Yeah Yeah Yeahs","Heads Will Roll (A-Trak Remix Radio Edit)","","","yes","99199380","",""
"All-Time Hits","Unlockable","Yes","Owner of a Lonely Heart","","","yes","3613215","",""
"All-Time Hits","Unlockable","Yes","Roundabout (2003 Remaster)","","","yes","687677","",""
"All-Time Hits","Unlockable","Youssou N'dour","7 Seconds (feat. Neneh Cherry)","","","yes","85275132","",""
"All-Time Hits","Unlockable","Yusuf / Cat Stevens","Wild World (Remastered 2020)","","","yes","1107025652","",""
"All-Time Hits","Unlockable","Yvonne Elliman","If I Can't Have You","","","yes","917077","",""
"All-Time Hits","Unlockable","ZZ Top","Gimme All Your Lovin'","","","yes","2133998","",""
"All-Time Hits","Unlockable","ZZ Top","La Grange (2005 Remaster)","","","yes","3667326","",""
"All-Time Hits","Unlockable","ZZ Top","Tush (2006 Remaster)","","","yes","79014533","",""
"Broadway","Unlockable","'In The Heights' Original Broadway Company","Blackout","In the Heights","","yes","392424292","",""
"Broadway","Unlockable","'Miss Saigon' Original London Cast","I Still Believe (From 'Miss Saigon' / Live)","Miss Saigon","","yes","85271028","",""
"Broadway","Unlockable","'Some Like It Hot' Original Broadway Cast","Baby, Let's Get Good","Follies","","yes","2195466807","",""
"Broadway","Unlockable","""Cats"" 1983 Broadway Cast","Mr. Mistoffelees","Cats","","yes","3582503851","",""
"Broadway","Unlockable","""Footloose"" Original Broadway Cast","Footloose / On Any Sunday (From ""Footloose"")","Sunday in the Park with George","","yes","422964092","",""
"Broadway","Unlockable","""Les Misérables Original London Cast"" Ensemble","At The End Of The Day","Les Misérables","","yes","1188147","",""
"Broadway","Unlockable","2003 Broadway Cast ""Gypsy""","Gypsy Strip (Let Me Entertain You)","Gypsy","","yes","3366188","",""
"Broadway","Unlockable","25th Annual Putnam County Spelling Bee Original Cast","I'm Not That Smart","The 25th Annual Putnam County Spelling Bee","","yes","422962382","",""
"Broadway","Unlockable","25th Annual Putnam County Spelling Bee Original Cast","Magic Foot","The 25th Annual Putnam County Spelling Bee","","yes","422962402","",""
"Broadway","Unlockable","25th Annual Putnam County Spelling Bee Original Cast","My Friend, the Dictionary","The 25th Annual Putnam County Spelling Bee","","yes","422962352","",""
"Broadway","Unlockable","25th Annual Putnam County Spelling Bee Original Cast","My Unfortunate Erection (Chip's Lament)","The 25th Annual Putnam County Spelling Bee","","yes","422962442","",""
"Broadway","Unlockable","25th Annual Putnam County Spelling Bee Original Cast","Pandemonium","The 25th Annual Putnam County Spelling Bee","","yes","422962372","",""
"Broadway","Unlockable","25th Annual Putnam County Spelling Bee Original Cast","Pandemonium / My Favorite Moment of the Bee 2 (Reprise)","The 25th Annual Putnam County Spelling Bee","","yes","422962412","",""
"Broadway","Unlockable","25th Annual Putnam County Spelling Bee Original Cast","The 25th Annual Putnam County Spelling Bee","The 25th Annual Putnam County Spelling Bee","","yes","422962332","",""
"Broadway","Unlockable","25th Annual Putnam County Spelling Bee Original Cast","The Spelling Rules / My Favorite Moment of the Bee 1","The 25th Annual Putnam County Spelling Bee","","yes","422962342","",""
"Broadway","Unlockable","A Chorus Line Ensemble","One","A Chorus Line","","yes","107819400","",""
"Broadway","Unlockable","A Chorus Line Ensemble (2006)","Opening: I Hope I Get It","A Chorus Line","","yes","13160703","",""
"Broadway","Unlockable","Aaron Tveit","El Tango De Roxanne","Moulin Rouge!","","yes","739166782","",""
"Broadway","Unlockable","Adam Pascal","Light My Candle","Rent","","yes","3664295","",""
"Broadway","Unlockable","Adam Pascal","One Song Glory","Rent","","yes","3664294","",""
"Broadway","Unlockable","Alan Cumming","Willkommen","Cabaret","","yes","71740037","",""
"Broadway","Unlockable","Alan Menken","Do-doo","Little Shop of Horrors","","yes","66001411","",""
"Broadway","Unlockable","Alan Menken","Prologue / Little Shop Of Horrors","Little Shop of Horrors","","yes","66001409","",""
"Broadway","Unlockable","Alan Menken","Skid Row (Downtown)","Little Shop of Horrors","","yes","66001410","",""
"Broadway","Unlockable","Alan Menken","Suddenly Seymour","Little Shop of Horrors","","yes","66001424","",""
"Broadway","Unlockable","Alan Menken","Ya Never Know","Little Shop of Horrors","","yes","66001414","",""
"Broadway","Unlockable","Alex Brightman","Say My Name","Beetlejuice","","yes","690340062","",""
"Broadway","Unlockable","Amanda Seyfried","Honey, Honey (From 'Mamma Mia!' Original Motion Picture Soundtrack)","Mamma Mia!","","yes","1578990","",""
"Broadway","Unlockable","Anastasia Barzee","Sisters","White Christmas","","yes","422982752","",""
"Broadway","Unlockable","Andre De Shields","Wait for Me (Reprise)","Hadestown","","yes","717413722","",""
"Broadway","Unlockable","Andrea McArdle","Annie : Maybe","Annie","","yes","71947019","",""
"Broadway","Unlockable","Andrea McArdle","Annie : Tomorrow","Annie","","yes","71947021","",""
"Broadway","Unlockable","Andrea McArdle","Tomorrow from Annie","Annie","","yes","1035396","",""
"Broadway","Unlockable","Andrew Lloyd Webber","Don't Cry For Me Argentina","Evita","","yes","1137921","",""
"Broadway","Unlockable","Andrew Rannells","Four Jews in a Room Bitching","Falsettos","","yes","394747252","",""
"Broadway","Unlockable","Andrew Rannells","Hello!","The Book of Mormon","","yes","393557142","",""
"Broadway","Unlockable","Andrew Rannells","I Believe","The Book of Mormon","YES","no - explicit","393557252","",""
"Broadway","Unlockable","Andrew Rannells","Two by Two","The Book of Mormon","","yes","393557152","",""
"Broadway","Unlockable","Angela Lansbury","Be Our Guest","Beauty and the Beast","","yes","7087380","",""
"Broadway","Unlockable","Angela Lansbury","Beauty and the Beast","Beauty and the Beast","","yes","2381496005","",""
"Broadway","Unlockable","Anika Larsen","Happy Days Are Here Again","Beautiful: The Carole King Musical","","yes","392424512","",""
"Broadway","Unlockable","Anika Larsen","He's Sure the Boy I Love","Beautiful: The Carole King Musical","","yes","392424542","",""
"Broadway","Unlockable","Anika Larsen","Walking in the Rain","Beautiful: The Carole King Musical","","yes","392424622","",""
"Broadway","Unlockable","Anna Kendrick","A Summer in Ohio","The Last Five Years","","yes","422982432","",""
"Broadway","Unlockable","Anna Kendrick","I Can Do Better Than That","The Last Five Years","YES","no - explicit","422982482","",""
"Broadway","Unlockable","Anna Kendrick","No One Is Alone","Into the Woods","","yes","90945597","",""
"Broadway","Unlockable","Anna Kendrick","On the Steps of the Palace","Into the Woods","","yes","90945581","",""
"Broadway","Unlockable","Anna Kendrick","Still Hurting","The Last Five Years","","yes","422982372","",""
"Broadway","Unlockable","Anna Maria Perez de Taglé","Day by Day","Godspell","","yes","392424032","",""
"Broadway","Unlockable","Annaleigh Ashford","Bend and Snap","Legally Blonde","","yes","393557022","",""
"Broadway","Unlockable","Annaleigh Ashford","Dogfight","Dogfight","","yes","422953772","",""
"Broadway","Unlockable","Annaleigh Ashford","Omigod You Guys","Legally Blonde","","yes","393556892","",""
"Broadway","Unlockable","Annaleigh Ashford","What You Want","Legally Blonde","","yes","393556912","",""
"Broadway","Unlockable","Anne Hathaway","I Dreamed A Dream (From ""Les Misérables"")","Les Misérables","","yes","392046092","",""
"Broadway","Unlockable","Annie (Original Broadway Cast)","Annie : Little Girls","Annie","","yes","71947023","",""
"Broadway","Unlockable","Annie & the Orphans","It's The Hard-Knock Life","Annie","","yes","829281","",""
"Broadway","Unlockable","Annie Ensemble","Annie : We'd Like to Thank You, Herbert Hoover","Annie","","yes","71947022","",""
"Broadway","Unlockable","Anthony Rapp","Rent","Rent","","yes","3664292","",""
"Broadway","Unlockable","Ariana Grande","Come So Far (Got So Far to Go)","Hairspray","","yes","137205692","",""
"Broadway","Unlockable","Barbra Streisand","Before The Parade Passes By","Hello, Dolly!","","yes","2305913","",""
"Broadway","Unlockable","Barbra Streisand","Dancing","Hello, Dolly!","","yes","2305912","",""
"Broadway","Unlockable","Barbra Streisand","Don't Rain On My Parade","Funny Girl","","yes","625683","",""
"Broadway","Unlockable","Barbra Streisand","Evergreen (Love Theme from ""A Star Is Born"")","A Star Is Born","","yes","7365587","",""
"Broadway","Unlockable","Barbra Streisand","Funny Girl","Funny Girl","","yes","851318","",""
"Broadway","Unlockable","Barbra Streisand","It Takes A Woman (Reprise)","Hello, Dolly!","","yes","2305909","",""
"Broadway","Unlockable","Barbra Streisand","Just Leave Everything To Me","Hello, Dolly!","","yes","2305907","",""
"Broadway","Unlockable","Barbra Streisand","People","Funny Girl","","yes","623444","",""
"Broadway","Unlockable","Barbra Streisand","Send in the Clowns","A Little Night Music","","yes","625755","",""
"Broadway","Unlockable","Barrett Wilbert Weed","I'd Rather Be Me","Mean Girls","","yes","499199162","",""
"Broadway","Unlockable","Ben Fankhauser","Seize The Day","Newsies","","yes","1040160572","",""
"Broadway","Unlockable","Ben Platt","All the Wasted Time","Parade","","yes","2196811347","",""
"Broadway","Unlockable","Ben Platt","For Forever","Dear Evan Hansen","","yes","576950722","",""
"Broadway","Unlockable","Ben Platt","This Is Not Over Yet","Parade","","yes","2196811317","",""
"Broadway","Unlockable","Ben Platt","Waving Through A Window","Dear Evan Hansen","","yes","576950712","",""
"Broadway","Unlockable","Ben Platt","Words Fail","Dear Evan Hansen","","yes","141338463","",""
"Broadway","Unlockable","Ben Platt","You Will Be Found","Dear Evan Hansen","","yes","576950772","",""
"Broadway","Unlockable","Benj Pasek","Hometown Hero's Ticker Tape Parade","Dogfight","","yes","422953792","",""
"Broadway","Unlockable","Bernadette Peters","Anything You Can Do","Annie Get Your Gun","","yes","3141806","",""
"Broadway","Unlockable","Bernadette Peters","Everything's Coming Up Roses","Gypsy","","yes","3366181","",""
"Broadway","Unlockable","Betsy Wolfe","I've Found a New Baby","Falsettos","","yes","78551943","",""
"Broadway","Unlockable","Bette Midler","Hello, Dolly!","Hello, Dolly!","","yes","349716631","",""
"Broadway","Unlockable","Bill Lee","Edelweiss","The Sound of Music","","yes","1217249462","",""
"Broadway","Unlockable","Billy Porter","Land of Lola","Kinky Boots","","yes","67420608","",""
"Broadway","Unlockable","Bloody Mary","Bali Ha'i - (From the 20th Century-Fox film ""South Pacific"")","South Pacific","","yes","965441","",""
"Broadway","Unlockable","Brad Oscar","A Musical","The Producers","","yes","392425342","",""
"Broadway","Unlockable","Brian Stokes Mitchell","The Impossible Dream (The Quest)","Man of La Mancha","","yes","964050","",""
"Broadway","Unlockable","Brooks Ashmanskas","Barry Is Going to Prom","The Prom","","yes","601939772","",""
"Broadway","Unlockable","Caissie Levy","Dangerous to Dream (From ""Frozen: The Broadway Musical"")","Frozen","","yes","497210782","",""
"Broadway","Unlockable","Caissie Levy","Let It Go (From ""Frozen: The Broadway Musical"")","Frozen","","yes","497210842","",""
"Broadway","Unlockable","Caissie Levy","Monster (From ""Frozen: The Broadway Musical"")","Frozen","","yes","497210892","",""
"Broadway","Unlockable","Carmen Twillie","Circle of Life","The Lion King","","yes","24307571","",""
"Broadway","Unlockable","Carole Bishop","At the Ballet","A Chorus Line","","yes","107819384","",""
"Broadway","Unlockable","Carole Shelley","The Wizard And I","Wicked","","yes","2123743","",""
"Broadway","Unlockable","Carrie Hope Fletcher","Seventeen","Heathers","","yes","639462482","",""
"Broadway","Unlockable","Cast Of Rent","Seasons of Love (From the Motion Picture RENT)","Rent","","yes","3911216","",""
"Broadway","Unlockable","Cast Of The Motion Picture Rent","La Vie Boheme","Rent","","yes","3664305","",""
"Broadway","Unlockable","Catherine Zeta-Jones","Cell Block Tango","Chicago","","yes","850087","",""
"Broadway","Unlockable","Catherine Zeta-Jones","Overture/And All That Jazz (Album Version)","Chicago","","yes","850073","",""
"Broadway","Unlockable","Charlotte D'Amboise","Spread a Little Sunshine","Pippin","","yes","392424782","",""
"Broadway","Unlockable","Charmian Carr","Sixteen Going On Seventeen","The Sound of Music","","yes","1217345812","",""
"Broadway","Unlockable","Chicago Ensemble (1997)","All That Jazz","Chicago","","yes","969542","",""
"Broadway","Unlockable","Chita Rivera;Marilyn Cooper","Cabaret","Cabaret","","yes","530660","",""
"Broadway","Unlockable","Chris Pine","Agony","Into the Woods","","yes","90945575","",""
"Broadway","Unlockable","Christian Borle","This Had Better Come to a Stop","Something Rotten!","","yes","394747302","",""
"Broadway","Unlockable","Christina Aguilera","Lady Marmalade (From ""Moulin Rouge"" Soundtrack)","Moulin Rouge!","","yes","885588282","",""
"Broadway","Unlockable","Christine Baranski","We Both Reached For The Gun (Album Version)","Chicago","","yes","850099","",""
"Broadway","Unlockable","Christopher Fitzgerald","I Love You Like a Table","","","yes","125627180","",""
"Broadway","Unlockable","Christopher Fitzgerald","Never Ever Getting Rid of Me","Waitress","","yes","125627170","",""
"Broadway","Unlockable","Christy Altomare","In My Dreams","Anastasia","","yes","2104086117","",""
"Broadway","Unlockable","Christy Altomare","Journey to the Past","Anastasia","","yes","2104086197","",""
"Broadway","Unlockable","Christy Altomare","Once Upon a December","Anastasia","","yes","2104086157","",""
"Broadway","Unlockable","Clarke Thorell","The Nicest Kids in Town","Hairspray","","yes","850422","",""
"Broadway","Unlockable","Cole Porter","Another Op'nin', Another Show","Kiss Me, Kate","","yes","66001205","",""
"Broadway","Unlockable","Cole Porter","I Hate Men","Kiss Me, Kate","","yes","66001212","",""
"Broadway","Unlockable","Cole Porter","So In Love","Kiss Me Kate","","yes","66001208","",""
"Broadway","Unlockable","Cole Porter","Too Darn Hot","Kiss Me, Kate","","yes","66001216","",""
"Broadway","Unlockable","Colin Donnell","It's De-Lovely","Anything Goes","","yes","422962232","",""
"Broadway","Unlockable","Colm Wilkinson","Bring Him Home","Les Misérables","","yes","1188168","",""
"Broadway","Unlockable","Company - Into the Woods (Motion Picture Cast)","Prologue: Into the Woods","Into the Woods","","yes","90945563","",""
"Broadway","Unlockable","Company of The Prom: A New Musical","It's Time to Dance","The Prom","","yes","601939792","",""
"Broadway","Unlockable","Cynthia Erivo","I'm Here","The Color Purple","","yes","2104074167","",""
"Broadway","Unlockable","Damon Daunno","Oklahoma (From ""Oklahoma!"" 2019 Broadway Cast Recording)","Oklahoma!","","yes","689422462","",""
"Broadway","Unlockable","Daniel Huttlestone","Giants in the Sky","Into the Woods","","yes","90945573","",""
"Broadway","Unlockable","Danny Burstein","If I Were a Rich Man","Fiddler on the Roof","","yes","2134278927","",""
"Broadway","Unlockable","Danny Burstein","To Life","Fiddler on the Roof","","yes","2134278947","",""
"Broadway","Unlockable","Deborah Kerr","Shall We Dance? (From ""The King & I"")","The King and I","","yes","14916773","",""
"Broadway","Unlockable","Derek Klena","Come to a Party","Anastasia","","yes","422953732","",""
"Broadway","Unlockable","Diana Ross","Ease On Down The Road #1 (From ""The Wiz"" Soundtrack)","The Wiz","","yes","2523776","",""
"Broadway","Unlockable","Dolores Gray","If You Hadn't But You Did (1951 Original Broadway Cast 2001 Reissue)","Two on the Aisle","","yes","4633246","",""
"Broadway","Unlockable","Dominic Cooper","Lay All Your Love On Me (From 'Mamma Mia!' Original Motion Picture Soundtrack)","Mamma Mia!","","yes","1578995","",""
"Broadway","Unlockable","Donald O'Connor","Make 'em Laugh","Singin' in the Rain","","yes","3991706","",""
"Broadway","Unlockable","Dorothy Loudon","Annie : Easy Street","Annie","","yes","71947026","",""
"Broadway","Unlockable","Eddie Redmayne","Empty Chairs At Empty Tables","Les Misérables","","yes","63041551","",""
"Broadway","Unlockable","Elaine Paige","Memory","Cats","","yes","69534917","",""
"Broadway","Unlockable","Elaine Stritch","I'm Still Here","Follies","","yes","66001348","",""
"Broadway","Unlockable","Elaine Stritch","The Ladies Who Lunch","Company","","yes","66001351","",""
"Broadway","Unlockable","Ellen Greene","Somewhere That's Green","Little Shop of Horrors","","yes","549300302","",""
"Broadway","Unlockable","Elton John","Written In The Stars","Aida","","yes","1999271287","",""
"Broadway","Unlockable","Emily Blunt","It Takes Two","Mary Poppins Returns","","yes","90945577","",""
"Broadway","Unlockable","Emily Blunt","Moments in the Woods","Into the Woods","","yes","90945591","",""
"Broadway","Unlockable","Ethel Merman","Doin' What Comes Naturally (From ""Annie Get Your Gun"")","Annie Get Your Gun","","yes","4586424","",""
"Broadway","Unlockable","Ethel Merman","Gypsy: Some People","Gypsy","","yes","71939498","",""
"Broadway","Unlockable","Ethel Merman","The Hostess With The Mostes' On The Ball (From ""Call Me Madam"")","Call Me Madam","","yes","4276085","",""
"Broadway","Unlockable","Ewan McGregor","Your Song (From ""Moulin Rouge"" Soundtrack)","Moulin Rouge!","","yes","965003642","",""
"Broadway","Unlockable","Ezio Pinza","South Pacific - Original Broadway Cast Recording (Voice) : Some Enchanted Evening (Voice)","South Pacific","","yes","832390","",""
"Broadway","Unlockable","Faith Prince","A Bushel and a Peck","Guys and Dolls","","yes","15728459","",""
"Broadway","Unlockable","Faith Prince","Adelaide's Lament","Guys and Dolls","","yes","15728468","",""
"Broadway","Unlockable","Fiorello! - Original Broadway Cast","Politics And Poker","Fiorello!","","yes","3460788","",""
"Broadway","Unlockable","Frank Sinatra","Theme From New York, New York (2008 Remastered)","New York, New York","","yes","71483080","",""
"Broadway","Unlockable","Frankie Avalon","Beauty School Dropout (From “Grease”)","Grease","","yes","781563082","",""
"Broadway","Unlockable","Frankie Valli","Grease (2007 Remaster)","Grease","","yes","5596770","",""
"Broadway","Unlockable","Full Company","Raise You Up / Just Be","Kinky Boots","","yes","67420620","",""
"Broadway","Unlockable","Full Company of Kinky Boots (Original West End Cast)","Raise You Up / Just Be","Kinky Boots","","yes","122025466","",""
"Broadway","Unlockable","Galt MacDermot","Aquarius","Hair","","yes","967017","",""
"Broadway","Unlockable","Gavin Creel","Hair","Hair","","yes","422946622","",""
"Broadway","Unlockable","Gene Kelly","Good Morning","Singin' in the Rain","","yes","647366242","",""
"Broadway","Unlockable","Gene Kelly","Singin' In The Rain","Singin' in the Rain","","yes","3991703","",""
"Broadway","Unlockable","George Hearn","I Am What I Am","La Cage aux Folles","","yes","15748600","",""
"Broadway","Unlockable","Gertrude Lawrence","Getting To Know You","The King and I","","yes","4601726","",""
"Broadway","Unlockable","Gordon MacRae","Oh, What A Beautiful Mornin' (From ""Oklahoma!"" Soundtrack)","Oklahoma!","","yes","110958540","",""
"Broadway","Unlockable","Gordon MacRae","People Will Say We're In Love (From ""Oklahoma!"" Soundtrack)","Oklahoma!","","yes","110958554","",""
"Broadway","Unlockable","Gordon MacRae Shirley Shirley Jones Jones Charlotte Greenwood","The Surrey With the Fringe on Top","Oklahoma!","","yes","498805102","",""
"Broadway","Unlockable","Grease Broadway Cast","We Go Together (Broadway/Original Cast Version/1972)","Grease","","yes","605620332","",""
"Broadway","Unlockable","Grey Henson","Revenge Party","Mean Girls","","yes","499199082","",""
"Broadway","Unlockable","Gwen Verdon","Whatever Lola Wants","Damn Yankees","","yes","76187887","",""
"Broadway","Unlockable","Helena Bonham Carter","The Worst Pies in London","Sweeney Todd: The Demon Barber of Fleet Street","","yes","781562562","",""
"Broadway","Unlockable","Howard Keel & Brothers","Sobbin' Women (from ""Seven Brides For Seven Brothers"")","Seven Brides for Seven Brothers","","yes","450269372","",""
"Broadway","Unlockable","Hugh Jackman","Come Alive","The Greatest Showman","","yes","435175482","",""
"Broadway","Unlockable","Hugh Jackman","From Now On","The Greatest Showman","","yes","435175552","",""
"Broadway","Unlockable","Hugh Jackman","The Other Side","The Greatest Showman","","yes","435175492","",""
"Broadway","Unlockable","Idina Menzel","Let It Go (From ""Frozen""/Soundtrack Version)","Frozen","","yes","72371930","",""
"Broadway","Unlockable","Idina Menzel","No Good Deed (From ""Wicked"" Original Broadway Cast Recording/2003)","Wicked","","yes","72567299","",""
"Broadway","Unlockable","Idina Menzel","Take Me or Leave Me","Rent","","yes","3664309","",""
"Broadway","Unlockable","Irving Berlin's White Christmas Broadway Ensemble","Blue Skies","White Christmas","","yes","422982812","",""
"Broadway","Unlockable","Jason Weaver","I Just Can't Wait to Be King","The Lion King","","yes","24307581","",""
"Broadway","Unlockable","Jenn Colella","Me And The Sky","Come From Away","","yes","143785182","",""
"Broadway","Unlockable","Jennifer Hudson","And I Am Telling You I'm Not Going","Dreamgirls","","yes","14876343","",""
"Broadway","Unlockable","Jeremy Jordan","Carrying The Banner","Newsies","","yes","1040160512","",""
"Broadway","Unlockable","Jeremy Jordan","Moving Too Fast","The Last Five Years","","yes","422982402","",""
"Broadway","Unlockable","Jeremy Jordan","Santa Fe","Newsies","","yes","1040160582","",""
"Broadway","Unlockable","Jersey Boys","Sherry","Jersey Boys","","yes","724231","",""
"Broadway","Unlockable","Jessie Mueller","(You Make Me Feel Like) A Natural Woman","Beautiful: The Carole King Musical","","yes","392424682","",""
"Broadway","Unlockable","Jessie Mueller","Bad Idea","Waitress","","yes","125627172","",""
"Broadway","Unlockable","Jessie Mueller","I Feel the Earth Move","Beautiful: The Carole King Musical","","yes","392424702","",""
"Broadway","Unlockable","Jessie Mueller","Opening Up","Waitress","","yes","125627152","",""
"Broadway","Unlockable","Jessie Mueller","She Used to Be Mine","Waitress","","yes","125627186","",""
"Broadway","Unlockable","Jessie Mueller","So Far Away","Beautiful: The Carole King Musical","","yes","392424472","",""
"Broadway","Unlockable","Jessie Mueller","What Baking Can Do","Waitress","","yes","125627156","",""
"Broadway","Unlockable","Jessie Mueller","Will You Love Me Tomorrow","Beautiful: The Carole King Musical","","yes","392424532","",""
"Broadway","Unlockable","Jim Bryant","West Side Story: Act I: Maria","West Side Story","","yes","71946990","",""
"Broadway","Unlockable","Jim Bryant","West Side Story: Act I: Tonight","West Side Story","","yes","71946993","",""
"Broadway","Unlockable","Jodi Benson","Part of Your World","The Little Mermaid","","yes","145187390","",""
"Broadway","Unlockable","Joel Grey","Cabaret : Willkommen","Cabaret","","yes","71888721","",""
"Broadway","Unlockable","Joel Grey","Willkommen","Cabaret","","yes","729599322","",""
"Broadway","Unlockable","Joel Hatch","Screech In","Urinetown","","yes","143785180","",""
"Broadway","Unlockable","Joel Hatch","Welcome To The Rock","Come From Away","YES","no - explicit","143785152","",""
"Broadway","Unlockable","John C. Reilly","Mister Cellophane (Album Version)","Chicago","","yes","850111","",""
"Broadway","Unlockable","John Gallagher, Jr.","The Bitch Of Living (Original Broadway Cast Recording/2006)","Spring Awakening","YES","no - explicit","390859761","",""
"Broadway","Unlockable","John Lloyd Young","Can't Take My Eyes off You","Jersey Boys","","yes","79572458","",""
"Broadway","Unlockable","John Rubinstein","Corner Of The Sky","Pippin","","yes","4618870","",""
"Broadway","Unlockable","John Tartaglia","Everyone's a Little Bit Racist","Avenue Q","YES","no - explicit","628506","",""
"Broadway","Unlockable","John Travolta","Greased Lightnin' (From “Grease”)","Grease","YES","no - explicit","781563102","",""
"Broadway","Unlockable","John Travolta","Summer Nights (From “Grease”)","Grease","","yes","781563042","",""
"Broadway","Unlockable","John Travolta","You're The One That I Want (From “Grease”)","Grease","","yes","781563062","",""
"Broadway","Unlockable","John Williams","If I Were A Rich Man","Fiddler on the Roof","","yes","3142440","",""
"Broadway","Unlockable","John Williams","Matchmaker","Fiddler on the Roof","","yes","3142439","",""
"Broadway","Unlockable","Johnny Depp","A Little Priest","Sweeney Todd: The Demon Barber of Fleet Street","","yes","781562682","",""
"Broadway","Unlockable","Johnny Depp","Pretty Women","Sweeney Todd: The Demon Barber of Fleet Street","","yes","738163","",""
"Broadway","Unlockable","Jonathan Groff","Grow for Me","Little Shop of Horrors","","yes","835179052","",""
"Broadway","Unlockable","Jonathan Groff","Left Behind (Original Broadway Cast Recording/2006)","Spring Awakening","","yes","390859861","",""
"Broadway","Unlockable","Jonathan Groff","Totally Fucked (Original Broadway Cast Recording/2006)","Spring Awakening","YES","no - explicit","390859871","",""
"Broadway","Unlockable","Jonathan Groff","You'll Be Back","Hamilton","","yes","107832280","",""
"Broadway","Unlockable","Josh Gad","Man Up","The Book of Mormon","","yes","393557222","",""
"Broadway","Unlockable","Josh Gad","You and Me (But Mostly Me)","The Book of Mormon","","yes","393557162","",""
"Broadway","Unlockable","Josie de Guzman","I'll Know","Guys and Dolls","","yes","15728454","",""
"Broadway","Unlockable","Josie de Guzman","I've Never Been in Love Before","Guys and Dolls","","yes","534339","",""
"Broadway","Unlockable","Juanita Hall","South Pacific - Original Broadway Cast Recording (Voice) : Bali Ha'i (Voice)","South Pacific","","yes","832391","",""
"Broadway","Unlockable","Judi Dench","Send in the Clowns (from ""A Little Night Music"") (Live)","A Little Night Music","","yes","1277647392","",""
"Broadway","Unlockable","Judy Garland","Follow The Yellow Brick Road / You're Off To See The Wizard","The Wizard of Oz","","yes","647350662","",""
"Broadway","Unlockable","Judy Garland","Somewhere Over the Rainbow - The Wizard of Oz, 1939","The Wizard of Oz","","yes","3416827841","",""
"Broadway","Unlockable","Judy Garland","We're Off To See The Wizard (Duo)","The Wizard of Oz","","yes","647350692","",""
"Broadway","Unlockable","Julie Andrews","A Spoonful of Sugar (From ""Mary Poppins"")","Mary Poppins","","yes","677778572","",""
"Broadway","Unlockable","Julie Andrews","Do-Re-Mi","The Sound of Music","","yes","1217345832","",""
"Broadway","Unlockable","Julie Andrews","I Could Have Danced All Night (from ""My Fair Lady"")","My Fair Lady","","yes","853909","",""
"Broadway","Unlockable","Julie Andrews","My Favorite Things","The Sound of Music","","yes","1217345822","",""
"Broadway","Unlockable","Julie Andrews","Supercalifragilisticexpialidocious (From ""Mary Poppins"" Soundtrack)","Mary Poppins","","yes","1383448422","",""
"Broadway","Unlockable","Julie Andrews","The Lonely Goatherd","The Sound of Music","","yes","1217345862","",""
"Broadway","Unlockable","Julie Andrews","ミセラレテ : Rodgers: Bewitched (From ""Pal Joey"")","Pal Joey","","yes","2233361","",""
"Broadway","Unlockable","Kara Lindsay","Watch What Happens","Newsies","","yes","1040160562","",""
"Broadway","Unlockable","Keala Settle","This Is Me","The Greatest Showman","","yes","435175512","",""
"Broadway","Unlockable","Kelli O'Hara","Getting To Know You","The King and I","","yes","100870124","",""
"Broadway","Unlockable","Kelli O'Hara","I'm Gonna Wash That Man Right Outa My Hair","South Pacific","","yes","13190225","",""
"Broadway","Unlockable","Kimiko Glenn","When He Sees Me","Waitress","","yes","125627162","",""
"Broadway","Unlockable","Kristen Bell","Do You Want to Build a Snowman? (From ""Frozen""/Soundtrack Version)","Frozen","","yes","72371923","",""
"Broadway","Unlockable","Kristen Bell","For the First Time in Forever (From ""Frozen""/Soundtrack Version)","Frozen","","yes","72371927","",""
"Broadway","Unlockable","Kristin Chenoweth","Defying Gravity","Wicked","","yes","2123751","",""
"Broadway","Unlockable","Kristin Chenoweth","For Good (From ""Wicked"" Original Broadway Cast Recording/2003)","Wicked","","yes","72567301","",""
"Broadway","Unlockable","Kristin Chenoweth","My New Philosophy","You're a Good Man, Charlie Brown","","yes","967636","",""
"Broadway","Unlockable","Kristin Chenoweth","No One Mourns The Wicked (From ""Wicked"" Original Broadway Cast Recording/2003)","Wicked","","yes","72567284","",""
"Broadway","Unlockable","Kristin Chenoweth","Popular (From ""Wicked"" Original Broadway Cast Recording/2003)","Wicked","","yes","72567290","",""
"Broadway","Unlockable","Kristin Chenoweth","What Is This Feeling? (From ""Wicked"" Original Broadway Cast Recording/2003)","Wicked","","yes","72567287","",""
"Broadway","Unlockable","Krysta Rodriguez","Crazier Than You","The Addams Family","","yes","668707932","",""
"Broadway","Unlockable","Krysta Rodriguez","Pulled","The Addams Family","","yes","668707822","",""
"Broadway","Unlockable","La La Land Cast","Another Day Of Sun","La La Land","","yes","137727911","",""
"Broadway","Unlockable","Larry Kert","West Side Story (Original Broadway Cast): Act I: Maria","West Side Story","","yes","540710","",""
"Broadway","Unlockable","Laura Bell Bundy","So Much Better","Legally Blonde","","yes","393556992","",""
"Broadway","Unlockable","Laura Dreyfuss","Requiem","Dear Evan Hansen","","yes","140862081","",""
"Broadway","Unlockable","Lea Michele","The Word Of Your Body (Original Broadway Cast Recording/2006)","Spring Awakening","","yes","390859791","",""
"Broadway","Unlockable","Les Misérables Cast","One Day More","Les Misérables","","yes","63041546","",""
"Broadway","Unlockable","Leslie Grace","Breathe (feat. Rubén Blades and Doreen Montalvo)","In the Heights","","yes","1378683312","",""
"Broadway","Unlockable","Leslie Odom Jr.","Alexander Hamilton","Hamilton","","yes","107832268","",""
"Broadway","Unlockable","Leslie Odom Jr.","Dear Theodosia","Hamilton","","yes","107832310","",""
"Broadway","Unlockable","Leslie Odom Jr.","Non-Stop","Hamilton","","yes","107832312","",""
"Broadway","Unlockable","Leslie Odom Jr.","Wait for It","Hamilton","","yes","107832292","",""
"Broadway","Unlockable","Levi Stubbs","Feed Me (Git It)","Little Shop of Horrors","","yes","549300332","",""
"Broadway","Unlockable","Lily James","When I Kissed The Teacher","Mamma Mia!","","yes","526033142","",""
"Broadway","Unlockable","Lin-Manuel Miranda","96,000","In the Heights","","yes","392424242","",""
"Broadway","Unlockable","Lin-Manuel Miranda","My Shot","Hamilton","YES","no - explicit","107832272","",""
"Broadway","Unlockable","Lindsay Mendez","Bless the Lord","Godspell","","yes","392424052","",""
"Broadway","Unlockable","Lindsay Mendez","First Date / Last Night","Carousel","","yes","422953802","",""
"Broadway","Unlockable","Lindsay Mendez","Nothing Short of Wonderful","Dogfight","","yes","422953742","",""
"Broadway","Unlockable","Lindsay Mendez","Prelude: Take Me Back","Dogfight","","yes","422953702","",""
"Broadway","Unlockable","Lindsay Mendez","The Ballad of Sara Berry","Smile","","yes","422961132","",""
"Broadway","Unlockable","Little Nell","Time Warp","The Rocky Horror Picture Show","","yes","2412065","",""
"Broadway","Unlockable","Liza Minnelli","Cabaret","Cabaret","","yes","729599422","",""
"Broadway","Unlockable","Liza Minnelli","Maybe This Time","Cabaret","","yes","729599352","",""
"Broadway","Unlockable","Liza Minnelli","Money, Money","Cabaret","","yes","15388211","",""
"Broadway","Unlockable","Loren Allred","Never Enough","The Greatest Showman","","yes","435175502","",""
"Broadway","Unlockable","Louis Prima","Jump, Jive, An' Wail (Remastered)","","","yes","3099301","",""
"Broadway","Unlockable","Mandy Patinkin","Finishing the Hat","Sunday in the Park with George","","yes","964769","",""
"Broadway","Unlockable","Marilyn Monroe","Diamonds Are a Girl's Best Friend (Original Mix)","Gentlemen Prefer Blondes","","yes","347949561","",""
"Broadway","Unlockable","Marissa Jaret Winokur","Good Morning Baltimore","Hairspray","","yes","850862","",""
"Broadway","Unlockable","Marissa Jaret Winokur","Mama, I'm a Big Girl Now","Hairspray","","yes","848463","",""
"Broadway","Unlockable","Marissa Jaret Winokur","Welcome to the 60's","Hairspray","","yes","850702","",""
"Broadway","Unlockable","Marlon Brando","Luck Be A Lady (Remastered 2000)","Guys and Dolls","","yes","593650192","",""
"Broadway","Unlockable","Marni Nixon","West Side Story: Act II: I Feel Pretty","West Side Story","","yes","71946996","",""
"Broadway","Unlockable","Marni Nixon","West Side Story: Act II: Tonight - Quintet","West Side Story","","yes","71946998","",""
"Broadway","Unlockable","Marvin Hamlisch","Finale Ballad (What I Did For Love) (Bonus Track)","A Chorus Line","","yes","107819420","",""
"Broadway","Unlockable","Mary Martin","I Won't Grow Up","Peter Pan","","yes","7779823","",""
"Broadway","Unlockable","Mary Martin","South Pacific - Original Broadway Cast Recording (Voice) : I'm Gonna Wash That Man Right Outa My Hair (Voice)","South Pacific","","yes","832379","",""
"Broadway","Unlockable","Matt Cavenaugh","Something's Coming","West Side Story","","yes","3571782","",""
"Broadway","Unlockable","Meg Johnson","You'll Never Walk Alone","Carousel","","yes","1189420","",""
"Broadway","Unlockable","Meryl Streep","Dancing Queen (From 'Mamma Mia!' Original Motion Picture Soundtrack)","Mamma Mia!","","yes","1578993","",""
"Broadway","Unlockable","Meryl Streep","Mamma Mia (From 'Mamma Mia!' Original Motion Picture Soundtrack)","Mamma Mia!","","yes","915798","",""
"Broadway","Unlockable","Meryl Streep","The Winner Takes It All (From ""Mamma Mia!"")","Mamma Mia!","","yes","1579003","",""
"Broadway","Unlockable","Michael Berresse","Cell Block Tango","Chicago","","yes","969543","",""
"Broadway","Unlockable","Michael Crawford","Elegance","Hello, Dolly!","","yes","2305914","",""
"Broadway","Unlockable","Michael Crawford","The Music of the Night","The Phantom of the Opera","","yes","4288062","",""
"Broadway","Unlockable","Michael Crawford","The Phantom of the Opera (Edit)","The Phantom of the Opera","","yes","3582492861","",""
"Broadway","Unlockable","Michael McGrath","Always Look On The Bright Side Of Life (From ""Spamalot"" Original Broadway Cast Recording)","Spamalot","","yes","2440642","",""
"Broadway","Unlockable","Michelle Williams","Tightrope","The Greatest Showman","","yes","435175532","",""
"Broadway","Unlockable","Mike Faist","Sincerely, Me","Dear Evan Hansen","","yes","141338431","",""
"Broadway","Unlockable","Mindi Dickstein","Astonishing","Little Women","","yes","422962702","",""
"Broadway","Unlockable","Motion Picture Cast of Hairspray","You Can't Stop The Beat","Hairspray","","yes","647341092","",""
"Broadway","Unlockable","Natalie Cortez","What I Did for Love","A Chorus Line","","yes","13160712","",""
"Broadway","Unlockable","Natasha Richardson","Maybe This Time","Cabaret","","yes","71946075","",""
"Broadway","Unlockable","Nathan Lane","Hakuna Matata","The Lion King","","yes","81105422","",""
"Broadway","Unlockable","Nellie Forbush","I'm Gonna Wash That Man Right Outa My Hair","South Pacific","","yes","965443","",""
"Broadway","Unlockable","Nick Blaemire","We Beseech Thee","Godspell","","yes","392424122","",""
"Broadway","Unlockable","Nikki Blonsky","I Can Hear The Bells","Hairspray","","yes","647340982","",""
"Broadway","Unlockable","Nikki Blonsky","Welcome To The 60's","Hairspray","","yes","647341012","",""
"Broadway","Unlockable","Nikki M. James","Sal Tlay Ka Siti","The Book of Mormon","","yes","393557212","",""
"Broadway","Unlockable","Norbert Leo Butz","Dancing Through Life","Wicked","","yes","2123746","",""
"Broadway","Unlockable","Olivia Newton-John","Hopelessly Devoted To You (From “Grease”)","Grease","","yes","781563052","",""
"Broadway","Unlockable","Olivia Rodrigo","All I Want (From ""High School Musical: The Musical: The Series"")","High School Musical: The Musical: The Series","","yes","814101802","",""
"Broadway","Unlockable","Original Broadway Cast Of Aint Too Proud","I Can’t Get Next To You","Ain't Too Proud","","yes","649738762","",""
"Broadway","Unlockable","Original Broadway Cast of Matilda The Musical","Revolting Children","Matilda the Musical","","yes","2104082007","",""
"Broadway","Unlockable","Original Broadway Cast of MJ","Man in the Mirror","MJ the Musical","","yes","1808558877","",""
"Broadway","Unlockable","Original Broadway Cast of On Your Feet","Mega Mix","On Your Feet","","yes","123786778","",""
"Broadway","Unlockable","Original Broadway Company of Natasha, Pierre & the Great Comet of 1812","Prologue","Natasha, Pierre & the Great Comet of 1812","","yes","358223571","",""
"Broadway","Unlockable","Original Cast of Amélie","Times Are Hard for Dreamers","Amélie","","yes","357350761","",""
"Broadway","Unlockable","Original Cast of Firebringer","We Got Work to Do","Firebringer","","yes","1187410202","",""
"Broadway","Unlockable","Original Radio Cast, Lin Manuel Miranda, Lindsay Mendez, Anthony Ramos, Alex Boniello, Gerard Canonico & Antwaun Holley","What the Heck I Gotta Do","tick, tick... BOOM!","","yes","366030451","",""
"Broadway","Unlockable","Paige O'Hara","Belle Reprise","Beauty and the Beast","","yes","7087377","",""
"Broadway","Unlockable","Paul Gemignani;Bernadette Peters;Chip Zien;Kim Crosby;Danielle Ferland;Ben Wright","Your Fault / Last Midnight (From ""Into The Woods"")","Into the Woods","","yes","13203231","",""
"Broadway","Unlockable","Paul Gemignani;Danielle Ferland","I Know Things Now (From ""Into The Woods"")","Into the Woods","","yes","13203223","",""
"Broadway","Unlockable","Peggy Wood","Climb Ev'ry Mountain","The Sound of Music","","yes","1217345882","",""
"Broadway","Unlockable","Peter Gallagher","Luck Be a Lady","Guys and Dolls","","yes","15728546","",""
"Broadway","Unlockable","Phillipa Soo","Helpless","Hamilton","","yes","107832286","",""
"Broadway","Unlockable","Priscilla Lopez","Nothing","A Chorus Line","","yes","107819394","",""
"Broadway","Unlockable","Rachel Bay Jones","Anybody Have a Map?","Dear Evan Hansen","","yes","576950702","",""
"Broadway","Unlockable","Rachel Bay Jones","So Big / So Small","Dear Evan Hansen","","yes","141338465","",""
"Broadway","Unlockable","Ray Bolger","If I Only Had A Brain (Extended Version)","The Wizard of Oz","","yes","647350682","",""
"Broadway","Unlockable","Renee Elise Goldsberry","Satisfied","Hamilton","","yes","107832288","",""
"Broadway","Unlockable","Renée Zellweger","Roxie (Album Version)","Chicago","","yes","850102","",""
"Broadway","Unlockable","Rex Harrison","I've Grown Accustomed To Her Face (Voice)","My Fair Lady","","yes","968676","",""
"Broadway","Unlockable","Richard Burton","Camelot: I Wonder What the King Is Doing Tonight","Camelot","","yes","2455133","",""
"Broadway","Unlockable","Richard Gere","Razzle Dazzle (Album Version)","Chicago","","yes","850114","",""
"Broadway","Unlockable","Richard H. Blake","These Streets","Next to Normal","","yes","392425182","",""
"Broadway","Unlockable","Robert Goulet","Camelot: If Ever I Would Leave You","Camelot","","yes","2455131","",""
"Broadway","Unlockable","Robert Preston","Seventy Six Trombones","The Music Man","","yes","3318633","",""
"Broadway","Unlockable","Robert Preston","Ya Got Trouble","The Music Man","","yes","3318630","",""
"Broadway","Unlockable","Robin Williams","Friend Like Me","Aladdin","","yes","120917660","",""
"Broadway","Unlockable","Robin Williams","Prince Ali","Aladdin","","yes","120917664","",""
"Broadway","Unlockable","Rosario Dawson","Seasons of Love","Rent","","yes","3664291","",""
"Broadway","Unlockable","Rosario Dawson","Without You","Rent","","yes","3664310","",""
"Broadway","Unlockable","Rose","Rose's Turn","Gypsy","","yes","1196280","",""
"Broadway","Unlockable","Russell Crowe","Stars","Les Misérables","","yes","392046192","",""
"Broadway","Unlockable","Ryan Gosling","City Of Stars (From ""La La Land"" Soundtrack)","La La Land","","yes","137727927","",""
"Broadway","Unlockable","Sacha Baron Cohen","Master Of The House","Les Misérables","","yes","392046152","",""
"Broadway","Unlockable","Samantha Barks","On My Own","Les Misérables","","yes","392046252","",""
"Broadway","Unlockable","Samuel E. Wright","Under the Sea","The Little Mermaid","","yes","145187392","",""
"Broadway","Unlockable","Sandra Allen","I Enjoy Being A Girl","Flower Drum Song","","yes","66001375","",""
"Broadway","Unlockable","Sara Ramirez","Diva's Lament (What Ever Happened To My Part?) (From ""Spamalot"" Original Broadway Cast Recording)","Spamalot","","yes","2440645","",""
"Broadway","Unlockable","Sarah Brightman","All I Ask of You (Reprise)","The Phantom of the Opera","","yes","3582507981","",""
"Broadway","Unlockable","Sarah Brightman","Little Lotte / The Mirror (Angel of Music)","The Phantom of the Opera","","yes","3582507881","",""
"Broadway","Unlockable","Sarah Charles Lewis","Good Girl Winnie Foster","Tuck Everlasting","","yes","125651334","",""
"Broadway","Unlockable","Shirley Jones","Till There Was You","The Music Man","","yes","965156742","",""
"Broadway","Unlockable","Sia","You're Never Fully Dressed Without a Smile (2014 Film Version)","Annie","","yes","88374253","",""
"Broadway","Unlockable","Six","Ex-Wives","Six","","yes","685308322","",""
"Broadway","Unlockable","Six","Heart of Stone","Six","","yes","685308352","",""
"Broadway","Unlockable","Six","Six","Six","","yes","685308402","",""
"Broadway","Unlockable","Sophia Anne Caruso","Dead Mom","Beetlejuice","","yes","690340012","",""
"Broadway","Unlockable","Stanley Holloway","Get Me To The Church On Time (Voice)","My Fair Lady","","yes","968670","",""
"Broadway","Unlockable","Stanley Holloway","With a Little Bit of Luck","My Fair Lady","","yes","851310","",""
"Broadway","Unlockable","Stephanie D'Abruzzo","There's a Fine, Fine Line","Avenue Q","","yes","628512","",""
"Broadway","Unlockable","Stephen Sondheim","Getting Married Today","Company","","yes","746548","",""
"Broadway","Unlockable","Stephen Sondheim","Losing My Mind","Follies","","yes","1672171537","",""
"Broadway","Unlockable","Steve Kazee","Falling Slowly","Once","","yes","16821449","",""
"Broadway","Unlockable","Steven Booth","Some Kinda Time","Dogfight","","yes","422953712","",""
"Broadway","Unlockable","Sting","The Last Ship","The Last Ship","","yes","70386129","",""
"Broadway","Unlockable","Susan Sarandon","Dammit Janet","The Rocky Horror Picture Show","","yes","2412061","",""
"Broadway","Unlockable","Sutton Foster","Anything Goes","Anything Goes","","yes","422962242","",""
"Broadway","Unlockable","Sutton Foster","Forget About the Boy","Thoroughly Modern Millie","","yes","545997","",""
"Broadway","Unlockable","Sutton Foster","Gimme Gimme","Thoroughly Modern Millie","","yes","546001","",""
"Broadway","Unlockable","Sutton Foster","I Get a Kick out of You","Anything Goes","","yes","422962152","",""
"Broadway","Unlockable","Sutton Foster","Not for the Life of Me","Thoroughly Modern Millie","","yes","545988","",""
"Broadway","Unlockable","Sutton Foster","Thoroughly Modern Millie","Thoroughly Modern Millie","","yes","545989","",""
"Broadway","Unlockable","Taylor Louderman","World Burn","Mean Girls","","yes","499199152","",""
"Broadway","Unlockable","The 5th Dimension","Aquarius/Let The Sunshine In (The Flesh Failures) (From the Musical ""Hair"")","Hair","","yes","13186207","",""
"Broadway","Unlockable","The London Theatre Orchestra & Cast","Springtime For Hitler - from The Producers","The Producers","","yes","4491235","",""
"Broadway","Unlockable","The Original Broadway Cast Of School Of Rock","Stick It to the Man","School of Rock","","yes","113564960","",""
"Broadway","Unlockable","The Pirates of Penzance","I Am the Very Model of a Modern","The Pirates of Penzance","","yes","74269651","",""
"Broadway","Unlockable","The von Trapp Children","So Long, Farewell","The Sound of Music","","yes","10838801","",""
"Broadway","Unlockable","Tim Curry","Sweet Transvestite","The Rocky Horror Picture Show","","yes","2412068","",""
"Broadway","Unlockable","Tonya Pinkins","Lot's Wife","Jelly's Last Jam","","yes","601832292","",""
"Broadway","Unlockable","Topol","If I Were a Rich Man","Fiddler on the Roof","","yes","71888852","",""
"Broadway","Unlockable","Topol","Sunrise, Sunset","Fiddler on the Roof","","yes","71888857","",""
"Broadway","Unlockable","Topol","To Life","Fiddler on the Roof","","yes","71888854","",""
"Broadway","Unlockable","Topol","Tradition","Fiddler on the Roof","","yes","71888850","",""
"Broadway","Unlockable","Various Artists","Ribbons Down My Back","Hello, Dolly!","","yes","2305911","",""
"Broadway","Unlockable","Victoria Clark","""Impossible""","Cinderella","","yes","393556662","",""
"Broadway","Unlockable","Victoria Clark","""It's Possible""","The Light in the Piazza","","yes","393556682","",""
"Broadway","Unlockable","Walter Bobbie","Guys and Dolls","Guys and Dolls","","yes","15728473","",""
"Broadway","Unlockable","Walter Bobbie","Sit Down, You're Rockin' the Boat","Guys and Dolls","","yes","15728564","",""
"Broadway","Unlockable","Walter Matthau","It Takes A Woman","Hello, Dolly!","","yes","2305908","",""
"Broadway","Unlockable","Wanda Richert","42nd Street","42nd Street","","yes","1046759","",""
"Broadway","Unlockable","Wayne Cilento","I Can Do That","A Chorus Line","","yes","107819382","",""
"Broadway","Unlockable","West Side Story Ensemble (Original Motion Picture Soundtrack)","West Side Story: Act I: America","West Side Story","","yes","71946992","",""
"Broadway","Unlockable","Zac Efron","Rewrite The Stars","The Greatest Showman","","yes","435175522","",""
"Broadway","Unlockable","Ziv Zaifman","A Million Dreams","The Greatest Showman","","yes","435175462","",""
"Classic TV Themes","Unlockable","Almost Made the Mixtape","Boss Of Me (Theme From Malcolm In The Middle)","Malcolm in the Middle","","yes","2032653307","",""
"Classic TV Themes","Unlockable","Angie Jaree","Theme to Lizzie McGuire (Extended Supa Mix)","Lizzie McGuire","","yes","677779022","",""
"Classic TV Themes","Unlockable","Animaniacs","I Am the Very Model of a Cartoon Individual","Animaniacs","","yes","1127264302","",""
"Classic TV Themes","Unlockable","Aron Apping","Sabrina","Sabrina the Teenage Witch","","yes","116739164","",""
"Classic TV Themes","Unlockable","B.J. Thomas","As Long as We Got Each Other (Theme from Growing Pains)","Growing Pains","","yes","6640446","",""
"Classic TV Themes","Unlockable","Barenaked Ladies","Big Bang Theory Theme","The Big Bang Theory","","yes","13805986","",""
"Classic TV Themes","Unlockable","Barney","I Love You (I Love Me Too) [Lullaby] (from Barney's World, Vol. 4)","Barney & Friends","","yes","3510857451","",""
"Classic TV Themes","Unlockable","Bear McCreary","Battlestar Galactica Main Title","Battlestar Galactica","","yes","1869288297","",""
"Classic TV Themes","Unlockable","BFM Hits","Theme from Family Ties","Family Ties","","yes","69903684","",""
"Classic TV Themes","Unlockable","BG Studios","Taxi","Taxi","","yes","127391633","",""
"Classic TV Themes","Unlockable","Big Time Rush","Big Time Rush","Big Time Rush","","yes","10391894","",""
"Classic TV Themes","Unlockable","Bobby Morganstein","Suite Life On Deck Theme","The Suite Life on Deck","","yes","26360051","",""
"Classic TV Themes","Unlockable","Bowling For Soup","Today is Gonna be a Great Day","Phineas and Ferb","","yes","4285244","",""
"Classic TV Themes","Unlockable","Charles Fernandez","MacGyver - Theme from the TV Series","MacGyver","","yes","25237021","",""
"Classic TV Themes","Unlockable","Christina Milian","Call Me, Beep Me! (The Kim Possible Song) (From ""Kim Possible"")","Kim Possible","","yes","125540068","",""
"Classic TV Themes","Unlockable","Coded Channel","Fairly Odd Parents (Main Title Theme)","The Fairly OddParents","","yes","1009490922","",""
"Classic TV Themes","Unlockable","Curtis Stigers","This Life","Sons of Anarchy","","yes","65393495","",""
"Classic TV Themes","Unlockable","Danny Elfman","Desperate Housewives Theme","Desperate Housewives","","yes","4242620","",""
"Classic TV Themes","Unlockable","Danny Elfman","Main Title Theme (From ""The Simpsons"")","The Simpsons","","yes","2786250902","",""
"Classic TV Themes","Unlockable","Danny Elfman","Mission Impossible - Main Theme","Mission Impossible","","yes","2436630","",""
"Classic TV Themes","Unlockable","Darling Violetta","Angel Main Theme (The Sanctuary Extended Remix)","Angel","","yes","891181082","",""
"Classic TV Themes","Unlockable","Dave Porter","Breaking Bad Main Title Theme (Extended)","Breaking Bad","","yes","69838319","",""
"Classic TV Themes","Unlockable","David Cassidy","Come On Get Happy (The Partridge Family Theme)","The Partridge Family","","yes","13188359","",""
"Classic TV Themes","Unlockable","David Pomeranz","Nothing's Gonna Stop Us Now (Remix)","Perfect Strangers","","yes","2179517047","",""
"Classic TV Themes","Unlockable","David Rose","Bonanza - Lorne Greene","Bonanza","","yes","2277429427","",""
"Classic TV Themes","Unlockable","David Rose Orchestra","Little House On the Prairie","Little House on the Prairie","","yes","38378411","",""
"Classic TV Themes","Unlockable","DJ Jazzy Jeff & The Fresh Prince","The Fresh Prince of Bel-Air","The Fresh Prince of Bel-Air","","yes","831350","",""
"Classic TV Themes","Unlockable","Dominik Hauser","Dallas - Theme from the TV Series - Season 1","Dallas","","yes","16992763","",""
"Classic TV Themes","Unlockable","Dominik Hauser","Matlock - Theme from the Television Series","Matlock","","yes","17020366","",""
"Classic TV Themes","Unlockable","Dominik Hauser","Riptide - Theme from the TV Series","Riptide","","yes","17020364","",""
"Classic TV Themes","Unlockable","Dominik Hauser","Simon & Simon - Theme from the TV Series","Simon & Simon","","yes","17154076","",""
"Classic TV Themes","Unlockable","Dora The Explorer","Dora The Explorer Theme","Dora the Explorer","","yes","2103020","",""
"Classic TV Themes","Unlockable","Drake Bell","I Found A Way","Drake & Josh","","yes","71424671","",""
"Classic TV Themes","Unlockable","Earle Hagen","Theme from The Andy Griffith Show","The Andy Griffith Show","","yes","1082671952","",""
"Classic TV Themes","Unlockable","Europe","The Final Countdown","Arrested Development","","yes","858371","",""
"Classic TV Themes","Unlockable","Fall Out Boy","My Songs Know What You Did In The Dark (Light Em Up)","The Vampire Diaries","","yes","66404564","",""
"Classic TV Themes","Unlockable","Fraggle Rock","Fraggle Rock Theme","Fraggle Rock","","yes","1617083582","",""
"Classic TV Themes","Unlockable","FYÜTCH","Penny Proud Family Theme Song","The Proud Family","","yes","1055946772","",""
"Classic TV Themes","Unlockable","Gary Portnoy","Cheers Theme (Original Demo)","Cheers","","yes","5398448","",""
"Classic TV Themes","Unlockable","Gary Portnoy","Punky Brewster Theme (TV Version)","Punky Brewster","","yes","1717130","",""
"Classic TV Themes","Unlockable","Gavin DeGraw","I Don't Want to Be","One Tree Hill","","yes","604745","",""
"Classic TV Themes","Unlockable","Geek Music","Breaking Bad Main Theme","Breaking Bad","","yes","135032972","",""
"Classic TV Themes","Unlockable","Geek Music","ER Main Theme (From ""ER"")","ER","","yes","1792473587","",""
"Classic TV Themes","Unlockable","Geek Music","Frasier - Tossed Salads And Scrambled Eggs - Main Theme","Frasier","","yes","371977411","",""
"Classic TV Themes","Unlockable","Geek Music","Home Improvement Main Theme (From ""Home Improvement"")","Home Improvement","","yes","1064492302","",""
"Classic TV Themes","Unlockable","Geek Music","Jeopardy! Main Theme (From ""Jeopardy!"")","Jeopardy!","","yes","135264336","",""
"Classic TV Themes","Unlockable","Geek Music","Laverne & Shirley Main Theme (From ""Laverne & Shirley"")","Laverne & Shirley","","yes","1393934022","",""
"Classic TV Themes","Unlockable","Geek Music","Modern Family Main Theme","Modern Family","","yes","135263556","",""
"Classic TV Themes","Unlockable","Geek Music","Parks And Recreation - Main Theme","Parks and Recreation","","yes","353699901","",""
"Classic TV Themes","Unlockable","Geek Music","The Beverly Hillbillies - Main Theme","The Beverly Hillbillies","","yes","458784942","",""
"Classic TV Themes","Unlockable","Geek Music","The Dukes Of Hazard Main Theme (From ""The Dukes Of Hazard"")","The Dukes of Hazzard","","yes","1393934092","",""
"Classic TV Themes","Unlockable","Geek Music","The Fairly Oddparents Main Theme (From ""The Fairly Oddparents"")","The Fairly OddParents","","yes","1036819612","",""
"Classic TV Themes","Unlockable","Geek Music","The Jeffersons - Main Theme","The Jeffersons","","yes","458784962","",""
"Classic TV Themes","Unlockable","Geek Music","The Waltons Main Theme (From ""The Waltons"")","The Waltons","","yes","1709755047","",""
"Classic TV Themes","Unlockable","Geek Music","Three's Company - Main Theme","Three's Company","","yes","531849461","",""
"Classic TV Themes","Unlockable","Giulia I.","No Ordinary Girl (From Tv Series H2o Just Add Water)","H2O: Just Add Water","","yes","124855828","",""
"Classic TV Themes","Unlockable","Gloria Loring","The Facts of Life (Re-recorded / Remastered)","The Facts of Life","","yes","12747827","",""
"Classic TV Themes","Unlockable","Good Feelas","How I Met Your Mother (Tv Series) (Opening Theme Quadruple Length)","How I Met Your Mother","","yes","36166911","",""
"Classic TV Themes","Unlockable","Growing Pain","Growing Pains Theme (Single)","Growing Pains","","yes","81898266","",""
"Classic TV Themes","Unlockable","Gym Class Heroes","Stereo Hearts (feat. Adam Levine)","Glee","","yes","14495564","",""
"Classic TV Themes","Unlockable","Hannah Montana","The Best of Both Worlds","Hannah Montana","","yes","13275871","",""
"Classic TV Themes","Unlockable","HeathisHuman","Addams Family Theme","The Addams Family","","yes","766807902","",""
"Classic TV Themes","Unlockable","Henry Mancini","TV Theme from ""Newhart""","Newhart","","yes","5775336","",""
"Classic TV Themes","Unlockable","Hollywoood TV Classics","That 70's Show TV Theme","That '70s Show","","yes","1198103132","",""
"Classic TV Themes","Unlockable","Howard Greenfield","Bewitched","Bewitched","","yes","1123404582","",""
"Classic TV Themes","Unlockable","Hoyt Curtain","Meet The Flintstones","The Flintstones","","yes","13687249","",""
"Classic TV Themes","Unlockable","Hoyt Curtin","(Meet) The Flintstones (From","The Flintstones","","yes","110010280","",""
"Classic TV Themes","Unlockable","Inner Circle","Bad Boys (Theme from Cops)","COPS","","yes","2557490192","",""
"Classic TV Themes","Unlockable","Jack Jones","Love Boat Theme","The Love Boat","","yes","104279864","",""
"Classic TV Themes","Unlockable","Jack Lenz","Goosebumps Original Theme Song","Goosebumps","","yes","1665415412","",""
"Classic TV Themes","Unlockable","Jack Marshall","The Munsters Opening Theme","The Munsters","","yes","1894575777","",""
"Classic TV Themes","Unlockable","Jan Hammer","Original Miami Vice Theme","Miami Vice","","yes","508095012","",""
"Classic TV Themes","Unlockable","Jason Paige","Pokémon Theme-New Studio Recording","Pokémon","","yes","433396562","",""
"Classic TV Themes","Unlockable","Jeannie","I Dream of Genie (Single)","I Dream of Jeannie","","yes","64941464","",""
"Classic TV Themes","Unlockable","Jerry Goldsmith","Star Trek: The Next Generation - Main Title","Star Trek: The Next Generation","","yes","7695319","",""
"Classic TV Themes","Unlockable","Jimi Jamison","I'm Always Here","Baywatch","","yes","11344488","",""
"Classic TV Themes","Unlockable","Joe Cocker","With A Little Help From My Friends","The Wonder Years","","yes","548862472","",""
"Classic TV Themes","Unlockable","Joey Scarbury","Believe It or Not (Theme from ""Greatest American Hero"")","The Greatest American Hero","","yes","752911","",""
"Classic TV Themes","Unlockable","John Morgan Orquesta","The Lone Ranger Theme","The Lone Ranger","","yes","10714409","",""
"Classic TV Themes","Unlockable","Jonathan Wolff","Seinfeld Theme","Seinfeld","","yes","1405392672","",""
"Classic TV Themes","Unlockable","Justus","Proud Family (feat. Kenneth Cole)","The Proud Family","YES","no - explicit","458743562","",""
"Classic TV Themes","Unlockable","Kitsch And Camp","Fame","Fame","","yes","6172936","",""
"Classic TV Themes","Unlockable","Kitsch And Camp","Kids in the Hall","The Kids in the Hall","","yes","86494359","",""
"Classic TV Themes","Unlockable","KnightsBridge","Beverly Hills 90210 (Main Theme)","Beverly Hills, 90210","","yes","85821817","",""
"Classic TV Themes","Unlockable","KnightsBridge","Cosy in the Rocket (From ""Grey's Anatomy"")","Grey's Anatomy","","yes","516973362","",""
"Classic TV Themes","Unlockable","Lalo Schifrin","Mission Impossible Theme","Mission Impossible","","yes","54492291","",""
"Classic TV Themes","Unlockable","Lazlo Bane","Superman","Scrubs","","yes","9125239","",""
"Classic TV Themes","Unlockable","Luciano Michelini","Frolic (Theme from ""Curb Your Enthusiasm"" TV Show)","Curb Your Enthusiasm","","yes","119127652","",""
"Classic TV Themes","Unlockable","Mask","Everybody Loves Raymond: Main Title","Everybody Loves Raymond","","yes","388156491","",""
"Classic TV Themes","Unlockable","Mask","Survivor: Ancient Voices (Main Title)","Survivor","","yes","388156571","",""
"Classic TV Themes","Unlockable","Mask","Will & Grace: Main Title","Will & Grace","","yes","388156501","",""
"Classic TV Themes","Unlockable","Massimo Scalieri","X-Files Theme (From ""X-Files"")","The X-Files","","yes","76015068","",""
"Classic TV Themes","Unlockable","Massive Attack","Teardrop","House","","yes","3129748","",""
"Classic TV Themes","Unlockable","Michael Giacchino","End Title (From ""Lost"")","Lost","","yes","119439394","",""
"Classic TV Themes","Unlockable","Mike Post","The Theme of Law & Order","Law & Order","","yes","62253411","",""
"Classic TV Themes","Unlockable","Mike Post","Theme from Hill Street Blues (feat. Larry Carlton)","Hill Street Blues","","yes","756636","",""
"Classic TV Themes","Unlockable","Mike Post","Theme From NYPD","NYPD Blue","","yes","62253405","",""
"Classic TV Themes","Unlockable","Mike Post","Theme from The Rockford Files (feat. Larry Carlton)","The Rockford Files","","yes","756668","",""
"Classic TV Themes","Unlockable","Miranda Cosgrove","Leave It All To Me (Theme from iCarly) (feat. Drake Bell) (Album Version)","iCarly","","yes","13161512","",""
"Classic TV Themes","Unlockable","Mitch Murder","Airwolf Theme","Airwolf","","yes","140236897","",""
"Classic TV Themes","Unlockable","Musashi Project","Naruto Main Theme","Naruto","","yes","1487544412","",""
"Classic TV Themes","Unlockable","Music Factory","Sex and the City Theme (From ""Sex and the City"")","Sex and the City","","yes","76015087","",""
"Classic TV Themes","Unlockable","Music Factory","Twin Peaks Theme (From ""Twin Peaks"")","Twin Peaks","","yes","76015088","",""
"Classic TV Themes","Unlockable","Neal Hefti & his Orchestra and Chorus","Batman Theme (from ""Batman"" A Greenway Production in association with Twentieth Century-Fox Television)","Batman","","yes","2661713","",""
"Classic TV Themes","Unlockable","Painty The Pirate and Kids","SpongeBob SquarePants Theme","SpongeBob SquarePants","","yes","2242664","",""
"Classic TV Themes","Unlockable","Paula Cole","I Don't Want to Wait","Dawson's Creek","","yes","3667834","",""
"Classic TV Themes","Unlockable","Phil Collins","In the Air Tonight (2015 Remaster)","Miami Vice","","yes","134036212","",""
"Classic TV Themes","Unlockable","Piano Project","Mr. Rogers Theme","Mister Rogers' Neighborhood","","yes","724202762","",""
"Classic TV Themes","Unlockable","Piano Rumbático","Will & Grace (Opening Theme)","Will & Grace","","yes","33785161","",""
"Classic TV Themes","Unlockable","Quincy Jones","""Sanford & Son Theme"" - NBC-TV (The Streetbeater)","Sanford and Son","","yes","3051185","",""
"Classic TV Themes","Unlockable","Randy Newman","It's a Jungle out There (V2)","Monk","","yes","386708791","",""
"Classic TV Themes","Unlockable","Raven-Symoné","That's So Raven (Theme Song)","That's So Raven","","yes","3168513","",""
"Classic TV Themes","Unlockable","Remy Zero","Save Me","Smallville","","yes","3664135","",""
"Classic TV Themes","Unlockable","Rob Zombie","Dragula","The Munsters","","yes","2307303","",""
"Classic TV Themes","Unlockable","Ron Wasserman","Go, Go Power Rangers (Album Version)","Mighty Morphin Power Rangers","","yes","1761581237","",""
"Classic TV Themes","Unlockable","Sean Callery","24 Theme (From ""24""/The Crystal Method Mix)","24","","yes","891165082","",""
"Classic TV Themes","Unlockable","Selena Gomez","Everything Is Not As It Seems","Wizards of Waverly Place","","yes","4262624","",""
"Classic TV Themes","Unlockable","Silver Screen Studios","Hawaii 5-0","Hawaii Five-O","","yes","1597090332","",""
"Classic TV Themes","Unlockable","Silver Screen Studios","The X Files","The X-Files","","yes","1597089952","",""
"Classic TV Themes","Unlockable","Sonny Curtis","LOVE IS ALL AROUND (THE MARY TYLER MOORE SHOW THEME)","Mary Tyler Moore Show","","yes","122557666","",""
"Classic TV Themes","Unlockable","Sonny Rhodes","Ballad of Serenity","Firefly","","yes","383885301","",""
"Classic TV Themes","Unlockable","Soundtrack & Theme Orchestra","Love and Marriage (From ""Married with Children"")","Married with Children","","yes","4014182","",""
"Classic TV Themes","Unlockable","Soundtrack & Theme Orchestra","The Ballad of Gilligan's Isle (From ""Gilligan's Island"")","Gilligan's Island","","yes","4014201","",""
"Classic TV Themes","Unlockable","Soundtrack & Theme Orchestra","Theme (From I Dream of Jeannie)","I Dream of Jeannie","","yes","98965512","",""
"Classic TV Themes","Unlockable","Soundtrack & Theme Orchestra","Theme from ""Happy Days""","Happy Days","","yes","4014197","",""
"Classic TV Themes","Unlockable","Soundtrack & Theme Orchestra","Theme From Kojak (From ""Kojak"")","Kojak","","yes","4014304","",""
"Classic TV Themes","Unlockable","Soundtrack & Theme Orchestra","Theme From Magnum P.I. (From ""Magnum P.I"")","Magnum, P.I.","","yes","4014200","",""
"Classic TV Themes","Unlockable","Soundtrack & Theme Orchestra","Theme from Star Trek (From ""Star Trek"")","Star Trek","","yes","4014165","",""
"Classic TV Themes","Unlockable","Soundtrack & Theme Orchestra","Where You Lead (From ""Gilmore Girls"")","Gilmore Girls","","yes","4023050","",""
"Classic TV Themes","Unlockable","Splendora","Daria (Official MTV Theme)","Daria","","yes","1009780292","",""
"Classic TV Themes","Unlockable","SpongeBob SquarePants","SpongeBob SquarePants Theme Song","SpongeBob SquarePants","","yes","2958441","",""
"Classic TV Themes","Unlockable","Steve Horelick","Reading Rainbow Theme Song","Reading Rainbow","","yes","2785297872","",""
"Classic TV Themes","Unlockable","Tainted Flavor","Theme from ""The Wheel of Fortune""","Wheel of Fortune","","yes","77365455","",""
"Classic TV Themes","Unlockable","Television's Greatest Hits Band","Alfred Hitchcock Presents","Alfred Hitchcock Presents","","yes","90700227","",""
"Classic TV Themes","Unlockable","Television's Greatest Hits Band","Entertainment Tonight","Entertainment Tonight","","yes","90700279","",""
"Classic TV Themes","Unlockable","Television's Greatest Hits Band","Get Smart","Get Smart","","yes","13685889","",""
"Classic TV Themes","Unlockable","Television's Greatest Hits Band","I Love Lucy","I Love Lucy","","yes","35040991","",""
"Classic TV Themes","Unlockable","Terry Bush","Dolly Parton","The Littlest Hobo","","yes","704689282","",""
"Classic TV Themes","Unlockable","Terry Bush","Dreams and Miracles","The Littlest Hobo","","yes","704689272","",""
"Classic TV Themes","Unlockable","Terry Bush","I Asked Her Why","The Littlest Hobo","","yes","704689222","",""
"Classic TV Themes","Unlockable","Terry Bush","I Know A Place","The Littlest Hobo","","yes","704689232","",""
"Classic TV Themes","Unlockable","Terry Bush","Maybe Tomorrow","The Littlest Hobo","","yes","704689212","",""
"Classic TV Themes","Unlockable","Terry Bush","My Dreams","The Littlest Hobo","","yes","704689262","",""
"Classic TV Themes","Unlockable","Terry Bush","Old Cowboys","The Littlest Hobo","","yes","704689252","",""
"Classic TV Themes","Unlockable","Terry Bush","Strange","The Littlest Hobo","","yes","704689242","",""
"Classic TV Themes","Unlockable","The 88","At Least It Was Here (""Community"" Main Title) [Full Length Version]","Community","","yes","89987203","",""
"Classic TV Themes","Unlockable","The Brady Bunch","It's A Sunshine Day","The Brady Bunch","","yes","598061302","",""
"Classic TV Themes","Unlockable","The Cartoonz","Mork & Mindy","Mork & Mindy","","yes","88337619","",""
"Classic TV Themes","Unlockable","The Edwin Davids Jazz Band","Roseanne","Roseanne","","yes","6172979","",""
"Classic TV Themes","Unlockable","The Edwin Davids Jazz Band","The Cosby Show","The Cosby Show","","yes","62091165","",""
"Classic TV Themes","Unlockable","The Edwin Davids Jazz Band","The Nanny","The Nanny","","yes","62091029","",""
"Classic TV Themes","Unlockable","The Edwin Davids Jazz Band","The Pink Panther","The Pink Panther","","yes","86494193","",""
"Classic TV Themes","Unlockable","The Great TV Crew","Gilligan's Island Theme","Gilligan's Island","","yes","64919290","",""
"Classic TV Themes","Unlockable","The Great TV Crew","Woke Up This Morning (The Sopranos Theme)","The Sopranos","","yes","64919286","",""
"Classic TV Themes","Unlockable","The Hit Co.","Party of Five Theme (Closer to Free)","Party of Five","","yes","63843903","",""
"Classic TV Themes","Unlockable","The Hit Co.","Roseanne Theme","Roseanne","","yes","63846597","",""
"Classic TV Themes","Unlockable","The Hit Crew","Days of Our Lives Theme","Days of Our Lives","","yes","16411878","",""
"Classic TV Themes","Unlockable","The Hit Crew","Doogie Howser MD","Doogie Howser, M.D.","","yes","459177192","",""
"Classic TV Themes","Unlockable","The Hit Crew","Everywhere You Look (Full House Theme)","Full House","","yes","16411868","",""
"Classic TV Themes","Unlockable","The Hollywood prime Time Orchestra","Full House","Full House","","yes","86494227","",""
"Classic TV Themes","Unlockable","The London Metropolitan Orchestra","Main Titles (From the HBO Miniseries ""Band of Brothers"" Soundtrack)","Band of Brothers","","yes","70784948","",""
"Classic TV Themes","Unlockable","The Monkees","(Theme From) The Monkees","The Monkees","","yes","5093914","",""
"Classic TV Themes","Unlockable","The Muppets","The Muppet Show Theme","The Muppet Show","","yes","15672498","",""
"Classic TV Themes","Unlockable","The New South Bay Orchestra","Beverly Hills 90210","Beverly Hills, 90210","","yes","6172940","",""
"Classic TV Themes","Unlockable","The New South Bay Orchestra","Home Improvement","Home Improvement","","yes","62091164","",""
"Classic TV Themes","Unlockable","The New South Bay Orchestra","Who's the Boss","Who's the Boss?","","yes","62091168","",""
"Classic TV Themes","Unlockable","The Refreshments","King of the Hill Theme","King of the Hill","","yes","6617264","",""
"Classic TV Themes","Unlockable","The Rembrandts","I'll Be There for You (TV Version with Dialogue)","Friends","","yes","6587015","",""
"Classic TV Themes","Unlockable","The Royal Instrumental Orchestra","Theme From St. Elsewhere","St. Elsewhere","","yes","6797613","",""
"Classic TV Themes","Unlockable","The Scranton Stranglers","The Office Theme (Metal Mix)","The Office","","yes","2383118285","",""
"Classic TV Themes","Unlockable","The Seavers","Growing Pains Theme","Growing Pains","","yes","1198102482","",""
"Classic TV Themes","Unlockable","The Sesame Street Kids","Sesame Street Theme","Sesame Street","","yes","525164202","",""
"Classic TV Themes","Unlockable","The Sonora'S Tucson Band","Mad About You","Mad About You","","yes","62091169","",""
"Classic TV Themes","Unlockable","The Soundtrack Specials","Theme from Married With Children","Married with Children","","yes","79725232","",""
"Classic TV Themes","Unlockable","The Spelding's Jazz Orchestra","Charlie's Angels","Charlie's Angels","","yes","62091000","",""
"Classic TV Themes","Unlockable","The TV Theme Players","All My Children","All My Children","","yes","5533227","",""
"Classic TV Themes","Unlockable","The TV Theme Players","Silver Spoons","Silver Spoons","","yes","62605430","",""
"Classic TV Themes","Unlockable","The TV Theme Players","The Jeffersons","The Jeffersons","","yes","5533177","",""
"Classic TV Themes","Unlockable","The TV Theme Players","The Jetsons","The Jetsons","","yes","4491577","",""
"Classic TV Themes","Unlockable","The Who","Baba O'Riley","CSI: NY","","yes","2121805","",""
"Classic TV Themes","Unlockable","The Who","Who Are You","CSI: Crime Scene Investigation","YES","no - explicit","540165792","",""
"Classic TV Themes","Unlockable","The Who","Won't Get Fooled Again (Original Album Version)","CSI: Miami","","yes","2121813","",""
"Classic TV Themes","Unlockable","The XOXO's","Theme from Gossip Girl","Gossip Girl","","yes","88961181","",""
"Classic TV Themes","Unlockable","Theme Fantasy","Boy Meets World (TV Theme)","Boy Meets World","","yes","80057124","",""
"Classic TV Themes","Unlockable","Tracy Island","The Muppet Show","The Muppet Show","","yes","127389281","",""
"Classic TV Themes","Unlockable","TV Players","Boy Meets World","Boy Meets World","","yes","13396710","",""
"Classic TV Themes","Unlockable","TV Players","Frasier","Frasier","","yes","13396744","",""
"Classic TV Themes","Unlockable","TV Players","Full House","Full House","","yes","13396711","",""
"Classic TV Themes","Unlockable","TV Sounds Unlimited","Love And Marriage (From ""Married With Children"")","Married with Children","","yes","41674671","",""
"Classic TV Themes","Unlockable","TV Theme Song Library","Theme from the Jetsons","The Jetsons","","yes","117809862","",""
"Classic TV Themes","Unlockable","TV Theme Songs Unlimited","Alf","ALF","","yes","127057071","",""
"Classic TV Themes","Unlockable","TV Themes","Buffy The Vampire Slayer - The Theme Music","Buffy the Vampire Slayer","","yes","643391452","",""
"Classic TV Themes","Unlockable","TV Themes","Fantasy Island","Fantasy Island","","yes","113317902","",""
"Classic TV Themes","Unlockable","TV Themes","Knight Rider","Knight Rider","","yes","119836806","",""
"Classic TV Themes","Unlockable","TV Themes","MASH - The TV Theme","M*A*S*H","","yes","643906032","",""
"Classic TV Themes","Unlockable","TV Themes","Mission Impossible","Mission: Impossible","","yes","3704594","",""
"Classic TV Themes","Unlockable","TV Themes","Sabrina The Teenage Witch - The TV Theme","Sabrina the Teenage Witch","","yes","644415262","",""
"Classic TV Themes","Unlockable","TV Themes","Seinfeld","Seinfeld","","yes","626946902","",""
"Classic TV Themes","Unlockable","TV Themes","The Fresh Prince of Bel-Air - The Theme Music","The Fresh Prince of Bel-Air","","yes","643753642","",""
"Classic TV Themes","Unlockable","TV Themes","The Smurfs","The Smurfs","","yes","113489544","",""
"Classic TV Themes","Unlockable","TV Tunesters","Golden Girls (Thank You for Being A Friend)","The Golden Girls","","yes","62433785","",""
"Classic TV Themes","Unlockable","TV Tunesters","Gossip Girl (Original Main Theme Long Version)","Gossip Girl","","yes","26344981","",""
"Classic TV Themes","Unlockable","TV Tunesters","Mr. Belvedere","Mr. Belvedere","","yes","62433784","",""
"Classic TV Themes","Unlockable","TV Tunesters","The Price Is Right - Game Show Theme","The Price Is Right","","yes","25438691","",""
"Classic TV Themes","Unlockable","TV Tunesters","The Suite Life of Zack and Cody","The Suite Life of Zack and Cody","","yes","25437421","",""
"Classic TV Themes","Unlockable","Various Artists","Quantum Leap Main Title","Quantum Leap","","yes","1662808","",""
"Classic TV Themes","Unlockable","Voidoid","South Park Theme","South Park","","yes","409342702","",""
"Classic TV Themes","Unlockable","WKRP TV","Wkrp in Cincinnati Tv Theme","WKRP in Cincinnati","","yes","1198103662","",""
"Modern TV Themes","Unlockable","Adam Taylor","Offred Explores Her Room","The Handmaid's Tale","","yes","355226251","",""
"Modern TV Themes","Unlockable","Anna Calvi","Strange Weather","Peaky Blinders","","yes","80887006","",""
"Modern TV Themes","Unlockable","Apparat","Goodbye (feat. Soap&Skin) [Theme from Dark, A Netflix Original Series]","Dark","","yes","721562812","",""
"Modern TV Themes","Unlockable","Atli Örvarsson","SILO Main Title","Silo","","yes","2244054137","",""
"Modern TV Themes","Unlockable","Atticus Ross","Main Title (Shōgun)","Shōgun","","yes","2664910302","",""
"Modern TV Themes","Unlockable","Bear McCreary","Foundation Main Title","Foundation","","yes","1490893482","",""
"Modern TV Themes","Unlockable","Bear McCreary","Outlander: The Skye Boat Song (Jacobite Version) [feat. Raya Yarbrough]","Outlander","","yes","132975188","",""
"Modern TV Themes","Unlockable","Bear McCreary","Theme from Black Sails","Black Sails","","yes","1869679097","",""
"Modern TV Themes","Unlockable","Bear McCreary","Theme from the Walking Dead","The Walking Dead","","yes","414308332","",""
"Modern TV Themes","Unlockable","Brad Breeck","Gravity Falls Main Title Theme","Gravity Falls","","yes","2608999752","",""
"Modern TV Themes","Unlockable","Brian Tyler","Yellowstone Theme","Yellowstone","","yes","537878752","",""
"Modern TV Themes","Unlockable","Carlos Rafael Rivera","Playing Townes","The Queen's Gambit","","yes","1110338312","",""
"Modern TV Themes","Unlockable","Carlos Rafael Rivera","Take It, It's Yours","The Queen's Gambit","","yes","1110338542","",""
"Modern TV Themes","Unlockable","Carly Rae Jepsen","Everywhere You Look (The Fuller House Theme)","Fuller House","","yes","647274802","",""
"Modern TV Themes","Unlockable","Cecilia Krull","My Life Is Going On (Música Original De La Serie De TV La Casa De Papel / Money Heist)","Money Heist","","yes","3260668671","",""
"Modern TV Themes","Unlockable","Chaka Khan","Ain't Nobody","Bodyguard","","yes","776220","",""
"Modern TV Themes","Unlockable","Christophe Beck","Hawkeye's Theme","Hawkeye","","yes","1579336172","",""
"Modern TV Themes","Unlockable","Craig Wedren","No Return (Extended Version)","Yellowjackets","","yes","1706538467","",""
"Modern TV Themes","Unlockable","Cristobal Tapia de Veer","Aloha! (Main Title Theme) (from “The White Lotus: Season 1”)","The White Lotus","","yes","1422928642","",""
"Modern TV Themes","Unlockable","Cristobal Tapia de Veer","Renaissance (Main Title Theme) (from ""The White Lotus: Season 2"")","The White Lotus","","yes","2030184287","",""
"Modern TV Themes","Unlockable","Danny Elfman","Wednesday Main Titles","Wednesday","","yes","2005660777","",""
"Modern TV Themes","Unlockable","Debby Ryan","Hey Jessie (From ""Jessie"")","Jessie","","yes","107350326","",""
"Modern TV Themes","Unlockable","Duomo","Wildest Dreams","Bridgerton","","yes","1175338432","",""
"Modern TV Themes","Unlockable","Evanescence","Bring Me To Life","Daredevil","","yes","80274512","",""
"Modern TV Themes","Unlockable","Evanescence","My Immortal","Daredevil","","yes","80274516","",""
"Modern TV Themes","Unlockable","Foo Fighters","All My Life","","","yes","15615724","",""
"Modern TV Themes","Unlockable","Geek Music","Brooklyn Nine Nine - Main Theme","Brooklyn Nine-Nine","","yes","438914142","",""
"Modern TV Themes","Unlockable","Geek Music","Gotham main theme","Gotham","","yes","135264146","",""
"Modern TV Themes","Unlockable","Geek Music","Look Away (From"" A Series of Unfortunate Events"")","A Series of Unfortunate Events","","yes","908271912","",""
"Modern TV Themes","Unlockable","Geek Music","Orange Is The New Black - You've Got Time - Main Theme","Orange Is the New Black","","yes","457726872","",""
"Modern TV Themes","Unlockable","Geek Music","Sherlock Main Theme","Sherlock","","yes","135264124","",""
"Modern TV Themes","Unlockable","Geek Music","The Mandalorian Theme - Chapter 1 (From"" The Mandalorian"")","The Mandalorian","","yes","807536562","",""
"Modern TV Themes","Unlockable","Geek Music","The Vikings - Main Theme - If I Had A Heart","Vikings","","yes","458784972","",""
"Modern TV Themes","Unlockable","Gustavo Santaolalla","The Last of Us","The Last of Us","","yes","67770820","",""
"Modern TV Themes","Unlockable","Gustavo Santaolalla","The Last of Us Part II","The Last of Us","","yes","988981112","",""
"Modern TV Themes","Unlockable","Hans Zimmer","Honor (Main Title Theme from ""The Pacific"")","The Pacific","","yes","5610919","",""
"Modern TV Themes","Unlockable","Hans Zimmer","The Crown Main Title","The Crown","","yes","135000460","",""
"Modern TV Themes","Unlockable","Hesham Nazih","Moon Knight","Moon Knight","","yes","1728976967","",""
"Modern TV Themes","Unlockable","iCarly & Victorious Casts","Leave It All To Shine (feat. Victoria Justice) (featuring Miranda Cosgrove & Victoria Justice)","iCarly / Victorious","","yes","13783343","",""
"Modern TV Themes","Unlockable","INXS","Never Tear Us Apart","The Boys","","yes","14636764","",""
"Modern TV Themes","Unlockable","Iron Maiden","Different World (2015 Remaster)","","","yes","585864572","",""
"Modern TV Themes","Unlockable","Jeff Beal","House Of Cards Main Title Theme","House of Cards","","yes","117728240","",""
"Modern TV Themes","Unlockable","Jeff Russo","Bemidji, MN (Fargo Series Main Theme)","Fargo","","yes","79266197","",""
"Modern TV Themes","Unlockable","Jeff Russo","For All Mankind Main Title","For All Mankind","","yes","845931192","",""
"Modern TV Themes","Unlockable","Jeff Russo","Star Trek: Strange New Worlds (Main Title Theme)","The Night Of","","yes","2239510767","",""
"Modern TV Themes","Unlockable","Jim Carrey","Alrighty Then Mantra Chant","","","yes","412833102","",""
"Modern TV Themes","Unlockable","Joe ""Bean"" Esposito","You're The Best","Cobra Kai","","yes","14113314","",""
"Modern TV Themes","Unlockable","jung jaeil","Round I","Squid Game","","yes","1744505947","",""
"Modern TV Themes","Unlockable","jung jaeil","Way Back then","Squid Game","","yes","1744505937","",""
"Modern TV Themes","Unlockable","Kate Bush","Running Up That Hill (A Deal With God)","Stranger Things","","yes","2173954687","",""
"Modern TV Themes","Unlockable","Kristen Anderson-Lopez","Agatha All Along (Dave Audé Remix) (From ""Agatha All Along"")","WandaVision","","yes","2979989211","",""
"Modern TV Themes","Unlockable","Kyle Dixon & Michael Stein","Eulogy","Stranger Things","","yes","416643382","",""
"Modern TV Themes","Unlockable","Kyle Dixon & Michael Stein","Kids","Stranger Things","","yes","130871170","",""
"Modern TV Themes","Unlockable","Kyle Dixon & Michael Stein","Stranger Things","Stranger Things","","yes","130871168","",""
"Modern TV Themes","Unlockable","Labrinth","All For Us (from the HBO Original Series Euphoria)","Euphoria","","yes","723289462","",""
"Modern TV Themes","Unlockable","Laura Karpman","Ms. Marvel Suite (From ""Ms. Marvel"")","Ms. Marvel","","yes","1778395497","",""
"Modern TV Themes","Unlockable","Little Barrie","Better Call Saul Main Title Theme (Extended)","Better Call Saul","","yes","134797774","",""
"Modern TV Themes","Unlockable","Ludwig Göransson","The Mandalorian","The Mandalorian","","yes","798742662","",""
"Modern TV Themes","Unlockable","Manu Pilas","Bella Ciao (Música Original de la Serie la Casa de Papel/ Money Heist)","Money Heist","","yes","3220819551","",""
"Modern TV Themes","Unlockable","Marcus Mumford","Ted Lasso Theme","Ted Lasso","","yes","1124438322","",""
"Modern TV Themes","Unlockable","Max Richter","The Leftovers (Main Title Theme)","The Leftovers","","yes","647285412","",""
"Modern TV Themes","Unlockable","Metallica","Master of Puppets","Stranger Things","","yes","1806332507","",""
"Modern TV Themes","Unlockable","Michael Kiwanuka","Cold Little Heart","Big Little Lies","","yes","128548959","",""
"Modern TV Themes","Unlockable","Natalie Holt","Hold Hands","Obi-Wan Kenobi","","yes","1800675107","",""
"Modern TV Themes","Unlockable","Natalie Holt","Loki Green Theme","Loki","","yes","1418010072","",""
"Modern TV Themes","Unlockable","Nathan Barr","Main Title Theme (from Salem's Lot)","The Americans","","yes","3001615011","",""
"Modern TV Themes","Unlockable","Nicholas Britell","Ballade in C# Minor: Coronation","Succession","","yes","784001862","",""
"Modern TV Themes","Unlockable","Nicholas Britell","Impromptu No. 2 for Piano and Orchestra","Succession","","yes","1729061457","",""
"Modern TV Themes","Unlockable","Nicholas Britell","Succession - Andante Risoluto","Succession","","yes","2299751175","",""
"Modern TV Themes","Unlockable","Nicholas Britell","Succession (Main Title Theme)","Succession","","yes","890421312","",""
"Modern TV Themes","Unlockable","Nicholas Britell","The Middle of the World","Succession","","yes","134494866","",""
"Modern TV Themes","Unlockable","Nick Cave & The Bad Seeds","Red Right Hand (Remastered 2011)","Peaky Blinders","","yes","3782900242","",""
"Modern TV Themes","Unlockable","Patrick Carney","BoJack's Theme","BoJack Horseman","","yes","398064942","",""
"Modern TV Themes","Unlockable","Ramin Djawadi","A Lannister Always Pays His Debts","Game of Thrones","","yes","647826112","",""
"Modern TV Themes","Unlockable","Ramin Djawadi","Blood of My Blood","Game of Thrones","","yes","647842192","",""
"Modern TV Themes","Unlockable","Ramin Djawadi","Goodbye Brother","Game of Thrones","","yes","117729430","",""
"Modern TV Themes","Unlockable","Ramin Djawadi","Light of the Seven","Game of Thrones","","yes","647842202","",""
"Modern TV Themes","Unlockable","Ramin Djawadi","Main Title","Game of Thrones","","yes","117729426","",""
"Modern TV Themes","Unlockable","Ramin Djawadi","Main Title Theme - Westworld","Westworld","","yes","647367982","",""
"Modern TV Themes","Unlockable","Ramin Djawadi","The Power of Prophecy","Game of Thrones","","yes","1965783167","",""
"Modern TV Themes","Unlockable","Ramin Djawadi","The Winds of Winter","Game of Thrones","","yes","647842362","",""
"Modern TV Themes","Unlockable","Ramin Djawadi","Winterfell","Game of Thrones","","yes","117729500","",""
"Modern TV Themes","Unlockable","Refused","New Noise","The Bear","","yes","378236081","",""
"Modern TV Themes","Unlockable","Rodrigo Amarante","Tuyo (Narcos Theme) (A Netflix Original Series Soundtrack)","Narcos","","yes","573659482","",""
"Modern TV Themes","Unlockable","Selena Gomez","Shake It Up (From ""Shake It Up"")","Shake It Up","","yes","132967152","",""
"Modern TV Themes","Unlockable","Siddhartha Khosla","Main Title","This Is Us","","yes","1470227982","",""
"Modern TV Themes","Unlockable","Sonny Rhodes","Firefly Main Title","Firefly","","yes","913613962","",""
"Modern TV Themes","Unlockable","Sonya Belousova","Toss A Coin To Your Witcher","The Witcher","","yes","857747182","",""
"Modern TV Themes","Unlockable","Stuart Petty","Brooklyn Nine-Nine","Brooklyn Nine-Nine","","yes","547274782","",""
"Modern TV Themes","Unlockable","The Blind Boys Of Alabama","Way Down in the Hole","The Wire","","yes","736732","",""
"Modern TV Themes","Unlockable","The Clash","Should I Stay or Should I Go (Remastered)","Stranger Things","","yes","69962764","",""
"Modern TV Themes","Unlockable","The Noise-Machine","Shameless Theme Song (The Luck You Got)","Shameless","","yes","1190767662","",""
"Modern TV Themes","Unlockable","The Pointer Sisters","Neutron Dance","Stranger Things","","yes","706690082","",""
"Modern TV Themes","Unlockable","Theodore Shapiro","Main Titles","Severance","","yes","1644141492","",""
"Modern TV Themes","Unlockable","Tiffany","I Think We're Alone Now","The Umbrella Academy","","yes","65121042","",""
"Modern TV Themes","Unlockable","Vera Lynn","Shine on Harvest Moon","","","yes","12650734","",""
"Modern TV Themes","Unlockable","Victorious Cast","Make It Shine (Victorious Theme) (feat. Victoria Justice)","Victorious","","yes","15067036","",""
"Movie Soundtracks","Free","Alan Silvestri","Back To The Future: Back To The Future (From ""Back To The Future"")","Back to the Future","","yes","119871328","",""
"Movie Soundtracks","Free","Alan Silvestri","End Credits","Cast Away","","yes","119872348","",""
"Movie Soundtracks","Free","Alan Silvestri","I'm Forrest... Forrest Gump","Forrest Gump","","yes","1014549","",""
"Movie Soundtracks","Free","Alan Silvestri","Main on End","Forrest Gump","","yes","669424122","",""
"Movie Soundtracks","Free","Alan Silvestri","Night At The Museum","Night at the Museum","","yes","118583960","",""
"Movie Soundtracks","Free","Alan Silvestri","Portals","Avengers Endgame","","yes","669424052","",""
"Movie Soundtracks","Free","Alan Silvestri","The Avengers","The Avengers","","yes","17840804","",""
"Movie Soundtracks","Free","Alexandre Desplat","Alan Turing's Legacy (From ""The Imitation Game"" Soundtrack)","The Imitation Game","","yes","88725281","",""
"Movie Soundtracks","Free","Alexandre Desplat","Lily's Theme","Harry Potter and the Deathly Hallows","","yes","647394572","",""
"Movie Soundtracks","Free","Alexandre Desplat","Mr. Moustafa","The Grand Budapest Hotel","","yes","74929085","",""
"Movie Soundtracks","Free","Alexandre Desplat","The Imitation Game","The Imitation Game","","yes","88725241","",""
"Movie Soundtracks","Free","Bill Conti","Going The Distance (From ""Rocky"" Soundtrack / Remastered 2006)","Rocky","","yes","99127212","",""
"Movie Soundtracks","Free","Brad Fiedel","Main Title Terminator 2 Theme (Remastered 2017)","Terminator 2","","yes","142745594","",""
"Movie Soundtracks","Free","Brian Tyler","Iron Man 3","Iron Man 3","","yes","66608549","",""
"Movie Soundtracks","Free","Brian Tyler","Now You See Me 2 Main Titles","Now You See Me 2","","yes","126371457","",""
"Movie Soundtracks","Free","Brian Tyler","Thor: The Dark World (From ""Thor: The Dark World""/Score)","Thor: The Dark World","","yes","71705261","",""
"Movie Soundtracks","Free","Charlie Clouser","Hello Zepp + Overture","Saw","","yes","426966262","",""
"Movie Soundtracks","Free","Cinematic Symphony Orchestra","Robin Hood: Prince of Thieves","Robin Hood: Prince of Thieves","","yes","2142084407","",""
"Movie Soundtracks","Free","Clint Mansell","Lux Aeterna","Requiem for a Dream","","yes","5416678","",""
"Movie Soundtracks","Free","Danny Elfman","Introduction (Titles)","Edward Scissorhands","","yes","1097352","",""
"Movie Soundtracks","Free","Danny Elfman","Main Title","Spider-Man","","yes","15220573","",""
"Movie Soundtracks","Free","Danny Elfman","Main Titles (Charlie and the Chocolate Factory)","Charlie And The Chocolate Factory","","yes","647414792","",""
"Movie Soundtracks","Free","Danny Elfman","Spider-Man 2 Main Title","Spider-Man 2","","yes","586314","",""
"Movie Soundtracks","Free","Danny Elfman","The Batman Theme","Batman","","yes","722927","",""
"Movie Soundtracks","Free","David Arnold","The Name's Bond... James Bond (From ""Casino Royale"" Soundtrack) (Album Version)","Casino Royale","","yes","15434839","",""
"Movie Soundtracks","Free","David Newman","Opening Travel Music","Matilda","","yes","118586208","",""
"Movie Soundtracks","Free","Don Davis","Main Title / Trinity Infinity (From ""The Matrix"")","The Matrix","","yes","119871440","",""
"Movie Soundtracks","Free","Elmer Bernstein","The Magnificent Seven","The Magnificent Seven","","yes","132199902","",""
"Movie Soundtracks","Free","Ennio Morricone","Once Upon a Time in The West (Main Theme)","Once Upon a Time in the West","","yes","75643473","",""
"Movie Soundtracks","Free","Ennio Morricone","The Ecstasy Of Gold (2004 Remaster)","The Good, The Bad And The Ugly","","yes","3089031","",""
"Movie Soundtracks","Free","Ennio Morricone","The Good, The Bad And The Ugly (2004 Remaster)","The Good, The Bad And The Ugly","","yes","3089012","",""
"Movie Soundtracks","Free","Francis Lai","Theme From Love Story","Love Story","","yes","2665707","",""
"Movie Soundtracks","Free","Gavin Greenaway","Now We Are Free (Maximus Mix)","Gladiator","","yes","7423150","",""
"Movie Soundtracks","Free","Geoff Zanelli","My Name Is Barbossa","Pirates of the Caribbean","","yes","363779021","",""
"Movie Soundtracks","Free","Giorgio Moroder","Chase","Midnight Express","","yes","2446608","",""
"Movie Soundtracks","Free","Hans Zimmer","528491","Inception","","yes","6524411","",""
"Movie Soundtracks","Free","Hans Zimmer","A Dark Knight","The Dark Knight","","yes","904641","",""
"Movie Soundtracks","Free","Hans Zimmer","A Small Measure of Peace","The Last Samurai","","yes","3599190","",""
"Movie Soundtracks","Free","Hans Zimmer","A Time of Quiet Between the Storms","Dune: Part Two","","yes","2670920782","",""
"Movie Soundtracks","Free","Hans Zimmer","A Watchful Guardian","The Dark Knight","","yes","4091767","",""
"Movie Soundtracks","Free","Hans Zimmer","A Way of Life","The Last Samurai","","yes","3599180","",""
"Movie Soundtracks","Free","Hans Zimmer","Agent of Chaos","The Dark Knight","","yes","904638","",""
"Movie Soundtracks","Free","Hans Zimmer","Chevaliers De Sangreal (From The Da Vinci Code Original Motion Picture Soundtrack)","The Da Vinci Code","","yes","2511688","",""
"Movie Soundtracks","Free","Hans Zimmer","Cornfield Chase","Interstellar","","yes","1137370842","",""
"Movie Soundtracks","Free","Hans Zimmer","Day One (Interstellar Theme)","Interstellar","","yes","1137370862","",""
"Movie Soundtracks","Free","Hans Zimmer","Discombobulate","Sherlock Holmes","","yes","647838712","",""
"Movie Soundtracks","Free","Hans Zimmer","Dream Is Collapsing","Inception","","yes","6524407","",""
"Movie Soundtracks","Free","Hans Zimmer","Dream Within a Dream","Inception","","yes","6524416","",""
"Movie Soundtracks","Free","Hans Zimmer","Drink Up Me Hearties Yo Ho (From ""Pirates of the Caribbean: At World's End""/Score)","Pirates of the Caribbean","","yes","4234135","",""
"Movie Soundtracks","Free","Hans Zimmer","F1","F1","","yes","3434062861","",""
"Movie Soundtracks","Free","Hans Zimmer","Final Ascent","Interstellar","","yes","1503464192","",""
"Movie Soundtracks","Free","Hans Zimmer","Flight","Man of Steel","","yes","647235962","",""
"Movie Soundtracks","Free","Hans Zimmer","I'm Not a Hero","The Dark Knight","","yes","904629","",""
"Movie Soundtracks","Free","Hans Zimmer","Introduce a Little Anarchy","The Dark Knight","","yes","904639","",""
"Movie Soundtracks","Free","Hans Zimmer","Jack Sparrow","Pirates of the Caribbean: Dead Man's Chest","","yes","1762557427","",""
"Movie Soundtracks","Free","Hans Zimmer","Journey","The Lion King","","yes","2674697152","",""
"Movie Soundtracks","Free","Hans Zimmer","Journey to the Line (From ""The Thin Red Line"" Soundtrack)","The Thin Red Line","","yes","958673","",""
"Movie Soundtracks","Free","Hans Zimmer","Maestro","The Holiday","","yes","3016089391","",""
"Movie Soundtracks","Free","Hans Zimmer","Man of Steel: What Are You Going to Do When You Are Not Saving The World?","Man of Steel","","yes","3086351751","",""
"Movie Soundtracks","Free","Hans Zimmer","Matera (From ''No Time To Die'' Soundtrack)","No Time To Die","","yes","1496669252","",""
"Movie Soundtracks","Free","Hans Zimmer","Memory","The Holiday","","yes","413733062","",""
"Movie Soundtracks","Free","Hans Zimmer","Mombasa","Inception","","yes","6524412","",""
"Movie Soundtracks","Free","Hans Zimmer","Mountains","Interstellar","","yes","1137370902","",""
"Movie Soundtracks","Free","Hans Zimmer","Old Souls","Inception","","yes","6524409","",""
"Movie Soundtracks","Free","Hans Zimmer","Oogway's Legacy","Kung Fu Panda","","yes","117726006","",""
"Movie Soundtracks","Free","Hans Zimmer","Po Belongs","Kung Fu Panda","","yes","117726030","",""
"Movie Soundtracks","Free","Hans Zimmer","Radical Notion","Inception","","yes","6524408","",""
"Movie Soundtracks","Free","Hans Zimmer","Sapper's Tree","Blade Runner 2049","","yes","413733012","",""
"Movie Soundtracks","Free","Hans Zimmer","Singapore (From ""Pirates of the Caribbean: At World's End""/Score)","Pirates of the Caribbean","","yes","4234124","",""
"Movie Soundtracks","Free","Hans Zimmer","Someone Lived This","The Holiday","","yes","413733102","",""
"Movie Soundtracks","Free","Hans Zimmer","Tennessee","Pearl Harbor","","yes","3598719","",""
"Movie Soundtracks","Free","Hans Zimmer","The Arrival of Kai","Kung Fu Panda 3","","yes","117726012","",""
"Movie Soundtracks","Free","Hans Zimmer","The Dragon Warrior","Kung Fu Panda","","yes","117726040","",""
"Movie Soundtracks","Free","Hans Zimmer","The Rock Suite","The Rock","","yes","3086351781","",""
"Movie Soundtracks","Free","Hans Zimmer","This Land","The Lion King","","yes","24307651","",""
"Movie Soundtracks","Free","Hans Zimmer","Time","Inception","","yes","6524423","",""
"Movie Soundtracks","Free","Hans Zimmer","Up Is Down (From ""Pirates of the Caribbean: At World's End""/Score)","Pirates of the Caribbean","","yes","4234127","",""
"Movie Soundtracks","Free","Hans Zimmer","Why Do We Fall?","The Dark Knight Rises","","yes","647709092","",""
"Movie Soundtracks","Free","Hans Zimmer","Why so Serious?","The Dark Knight","","yes","904628","",""
"Movie Soundtracks","Free","Hans Zimmer","Worm Ride","Dune","","yes","2670920802","",""
"Movie Soundtracks","Free","Harold Faltermeyer","Axel F (From ""Beverly Hills Cop"" Soundtrack)","Beverly Hills Cop","","yes","80538212","",""
"Movie Soundtracks","Free","Harold Faltermeyer","Main Titles (You’ve Been Called Back to Top Gun)","Top Gun","","yes","1764283617","",""
"Movie Soundtracks","Free","Harold Faltermeyer","Top Gun Anthem (From ""Top Gun"" Original Soundtrack)","Top Gun","","yes","7675060","",""
"Movie Soundtracks","Free","Harold Faltermeyer","You’re Where You Belong / Give ‘Em Hell","Top Gun: Maverick","","yes","1764283657","",""
"Movie Soundtracks","Free","Harry Gregson-Williams","A Narnia Lullaby","The Chronicles of Narnia: The Lion, The Witch and The Wardrobe","","yes","11233264","",""
"Movie Soundtracks","Free","Harry Gregson-Williams","To Aslan's Camp","The Chronicles of Narnia: The Lion, The Witch and The Wardrobe","","yes","11233268","",""
"Movie Soundtracks","Free","Henry Jackman","First Class","X-Men: First Class","","yes","12241602","",""
"Movie Soundtracks","Free","Henry Jackman","Magneto","X-Men: First Class","","yes","12241621","",""
"Movie Soundtracks","Free","Hildur Guðnadóttir","Bathroom Dance","Joker","","yes","767121772","",""
"Movie Soundtracks","Free","Hollywood Studio Orchestra","Indiana Jones Theme","Raiders of the Lost Ark","","yes","1198104702","",""
"Movie Soundtracks","Free","Howard Shore","Concerning Hobbits","The Lord of the Rings: The Fellowship of the Ring","","yes","14628816","",""
"Movie Soundtracks","Free","Howard Shore","Edoras","The Lord of the Rings: The Two Towers","","yes","526907762","",""
"Movie Soundtracks","Free","Howard Shore","Evenstar","The Lord of the Rings: The Two Towers","","yes","783579","",""
"Movie Soundtracks","Free","Howard Shore","Prologue: One Ring to Rule Them All","The Lord of the Rings: The Fellowship of the Ring","","yes","483262832","",""
"Movie Soundtracks","Free","Howard Shore","Samwise the Brave","The Lord of the Rings: The Two Towers","","yes","783650","",""
"Movie Soundtracks","Free","Howard Shore","The Breaking of the Fellowship (feat. ""In Dreams"")","The Lord of the Rings: The Fellowship of the Ring","","yes","14628831","",""
"Movie Soundtracks","Free","Howard Shore","The Bridge of Khazad Dum","The Lord of the Rings: The Fellowship of the Ring","","yes","14628827","",""
"Movie Soundtracks","Free","Howard Shore","The Caverns of Isengard","The Lord of the Rings: The Fellowship of the Ring","","yes","483262982","",""
"Movie Soundtracks","Free","Howard Shore","The Council of Elrond (feat. ""Aniron"") [Theme for Aragorn and Arwen]","The Lord of the Rings: The Fellowship of the Ring","","yes","14628824","",""
"Movie Soundtracks","Free","Howard Shore","The Fighting Uruk-hai","The Lord of the Rings: The Fellowship of the Ring","","yes","483263142","",""
"Movie Soundtracks","Free","Howard Shore","The Ride of the Rohirrim","The Lord of the Rings: The Return of the King","","yes","678598","",""
"Movie Soundtracks","Free","James Horner","A Gift Of A Thistle","Braveheart","","yes","65442205","",""
"Movie Soundtracks","Free","James Horner","Becoming one of ""The People"" Becoming one with Neytiri","Avatar","","yes","4828156","",""
"Movie Soundtracks","Free","James Horner","For The Love Of A Princess","Braveheart","","yes","65442214","",""
"Movie Soundtracks","Free","James Horner","Legends of the Fall","Legends Of The Fall","","yes","1029782","",""
"Movie Soundtracks","Free","James Horner","Main Title","Braveheart","","yes","65442204","",""
"Movie Soundtracks","Free","James Horner","Rose (From ""Titanic"" Soundtrack)","Titanic","","yes","17000045","",""
"Movie Soundtracks","Free","James Horner","The bioluminescence of the night","Avatar","","yes","4828155","",""
"Movie Soundtracks","Free","James Newton Howard","Flying","Peter Pan","","yes","2055891047","",""
"Movie Soundtracks","Free","James Newton Howard","London","Batman Begins","","yes","117729412","",""
"Movie Soundtracks","Free","Jean-Yves Thibaudet","Marianelli: Dawn (From ""Pride & Prejudice"" Soundtrack)","Pride & Prejudice","","yes","2949927","",""
"Movie Soundtracks","Free","Jerry Goldsmith","Main Title","Star Trek The Motion Picture","","yes","93450044","",""
"Movie Soundtracks","Free","Joe Hisaishi","One Summer Day","Spirited Away","","yes","1120335972","",""
"Movie Soundtracks","Free","Joe Hisaishi","The Dragon Boy","Spirited Away","","yes","1120336012","",""
"Movie Soundtracks","Free","Joe Hisaishi","The Legend of Ashitaka (from 'Princess Mononoke')","Princess Mononoke","","yes","2338649085","",""
"Movie Soundtracks","Free","John Barry","On Her Majesty's Secret Service (Remastered 2003)","On Her Majesty's Secret Service","","yes","3169682","",""
"Movie Soundtracks","Free","John Barry","The James Bond Theme (From ""Dr. No"")","Dr. No","","yes","1037326","",""
"Movie Soundtracks","Free","John Barry","The John Dunbar Theme (From ""Dance with Wolves"" Soundtrack)","Dance with Wolves","","yes","581693","",""
"Movie Soundtracks","Free","John Carpenter","Halloween Theme","Halloween","","yes","555263792","",""
"Movie Soundtracks","Free","John Paesano","Main Title","The Maze Runner","","yes","105863724","",""
"Movie Soundtracks","Free","John Powell","Coming Back Around","How to Train Your Dragon","","yes","119437660","",""
"Movie Soundtracks","Free","John Powell","Flying With Mother","How to Train Your Dragon","","yes","1351855932","",""
"Movie Soundtracks","Free","John Powell","Forbidden Friendship","How to Train Your Dragon","","yes","119437630","",""
"Movie Soundtracks","Free","John Powell","Romantic Flight (From How To Train Your Dragon Music From The Motion Picture)","How to Train Your Dragon","","yes","119437644","",""
"Movie Soundtracks","Free","John Powell","See You Tomorrow","How to Train Your Dragon","","yes","119437634","",""
"Movie Soundtracks","Free","John Powell","Stoick's Ship","How to Train Your Dragon","","yes","1351855982","",""
"Movie Soundtracks","Free","John Powell","Test Drive (From How To Train Your Dragon Music From The Motion Picture)","How to Train Your Dragon","","yes","119437636","",""
"Movie Soundtracks","Free","John Powell","The Bourne Identity Main Title","The Bourne Identity","","yes","119871686","",""
"Movie Soundtracks","Free","John Powell","This Is Berk","How to Train Your Dragon","","yes","119437616","",""
"Movie Soundtracks","Free","John Powell","Together We Map The World","How To Train Your Dragon","","yes","1351855852","",""
"Movie Soundtracks","Free","John Williams","A Window to the Past","Harry Potter and the Prisoner of Azkaban","","yes","2794921","",""
"Movie Soundtracks","Free","John Williams","Across the Stars (Love Theme from ""Star Wars: Attack of the Clones"")","Star Wars: Attack of the Clones","","yes","493885752","",""
"Movie Soundtracks","Free","John Williams","Anakin vs. Obi-Wan","Star Wars","","yes","493883852","",""
"Movie Soundtracks","Free","John Williams","Anakin's Betrayal","Star Wars Revenge of the Sith","","yes","493883802","",""
"Movie Soundtracks","Free","John Williams","Anakin's Theme","Star Wars Episode I The Phantom Menace","","yes","493895412","",""
"Movie Soundtracks","Free","John Williams","Battle of the Heroes","Star Wars","","yes","493883792","",""
"Movie Soundtracks","Free","John Williams","Cantina Band","Star Wars","","yes","493886962","",""
"Movie Soundtracks","Free","John Williams","Catch Me If You Can (From ""Catch Me If You Can"" Soundtrack)","Catch Me If You Can","","yes","2228680","",""
"Movie Soundtracks","Free","John Williams","Duel of the Fates","Star Wars","","yes","493895402","",""
"Movie Soundtracks","Free","John Williams","Ewok Celebration and Finale","Return of the Jedi","","yes","493840112","",""
"Movie Soundtracks","Free","John Williams","Fawkes the Phoenix","Harry Potter and The Chamber of Secrets","","yes","661877","",""
"Movie Soundtracks","Free","John Williams","Finale","Star Wars","","yes","493842132","",""
"Movie Soundtracks","Free","John Williams","Gilderoy Lockhart","Harry Potter and The Chamber of Secrets","","yes","661880","",""
"Movie Soundtracks","Free","John Williams","Harry's Wondrous World","Harry Potter and The Chamber of Secrets","","yes","661905","",""
"Movie Soundtracks","Free","John Williams","Hedwig's Theme","Harry Potter and The Sorcerer's Stone","","yes","661779","",""
"Movie Soundtracks","Free","John Williams","Hymn To The Fallen (From ""Saving Private Ryan"" Soundtrack)","Saving Private Ryan","","yes","1108040","",""
"Movie Soundtracks","Free","John Williams","Kylo Ren Arrives at the Battle","Star Wars: The Force Awakens","","yes","115709948","",""
"Movie Soundtracks","Free","John Williams","Main Theme (From ""Jurassic Park"")","Jurassic Park","","yes","1030913","",""
"Movie Soundtracks","Free","John Williams","Main Title ""Somewhere in My Memory"" (From ""Home Alone"" Soundtrack)","Home Alone","","yes","110148734","",""
"Movie Soundtracks","Free","John Williams","Main Title and Escape","The Fugitive","","yes","440475672","",""
"Movie Soundtracks","Free","John Williams","Main Title And First Victim","Jaws","","yes","65443651","",""
"Movie Soundtracks","Free","John Williams","Prelude and Main Title March","Superman: The Movie","","yes","3579822","",""
"Movie Soundtracks","Free","John Williams","Revisiting Normandy (From ""Saving Private Ryan"" Soundtrack)","Saving Private Ryan","","yes","1108041","",""
"Movie Soundtracks","Free","John Williams","Rey's Theme","Star Wars: The Force Awakens","","yes","115709934","",""
"Movie Soundtracks","Free","John Williams","Star Wars (Main Theme)","Star Wars","","yes","493841972","",""
"Movie Soundtracks","Free","John Williams","The Battle of Crait","Star Wars: The Last Jedi","","yes","440475822","",""
"Movie Soundtracks","Free","John Williams","The Imperial March (Darth Vader's Theme)","The Empire Strikes Back","","yes","493842012","",""
"Movie Soundtracks","Free","John Williams","The Rise of Skywalker","Star Wars","","yes","831930892","",""
"Movie Soundtracks","Free","John Williams","The Throne Room and End Title","Star Wars","","yes","493887032","",""
"Movie Soundtracks","Free","John Williams","Theme From Jurassic Park","Jurassic Park","","yes","2296192","",""
"Movie Soundtracks","Free","John Williams","Theme From Schindler's List","Schindler's List","","yes","6066638","",""
"Movie Soundtracks","Free","John Williams","Welcome To Jurassic Park","Jurassic Park","","yes","2296197","",""
"Movie Soundtracks","Free","Jonny Greenwood","House of Woodcock","Phantom Thread","","yes","443552742","",""
"Movie Soundtracks","Free","Junkie XL","Brothers In Arms","Mad Max Fury Road","","yes","647841602","",""
"Movie Soundtracks","Free","Justin Hurwitz","Mia & Sebastian’s Theme","La La Land","","yes","137727915","",""
"Movie Soundtracks","Free","Klaus Badelt","Barbossa Is Hungry","Pirates of the Caribbean: The Curse of the Black Pearl","","yes","24206361","",""
"Movie Soundtracks","Free","Klaus Badelt","Fog Bound","Pirates of the Caribbean: The Curse of the Black Pearl","","yes","24206301","",""
"Movie Soundtracks","Free","Klaus Badelt","He's a Pirate","Pirates of the Caribbean: The Curse of the Black Pearl","","yes","24206451","",""
"Movie Soundtracks","Free","Klaus Badelt","Moonlight Serenade","Pirates of the Caribbean: The Curse of the Black Pearl","","yes","24206381","",""
"Movie Soundtracks","Free","Klaus Badelt","One Last Shot","Pirates of the Caribbean: The Curse of the Black Pearl","","yes","24206441","",""
"Movie Soundtracks","Free","Klaus Badelt","The Black Pearl","Pirates of the Caribbean: The Curse of the Black Pearl","","yes","24206321","",""
"Movie Soundtracks","Free","Klaus Badelt","The Medallion Calls","Pirates of the Caribbean: The Curse of the Black Pearl","","yes","24206311","",""
"Movie Soundtracks","Free","Klaus Badelt","Will And Elizabeth","Pirates of the Caribbean: The Curse of the Black Pearl","","yes","24206331","",""
"Movie Soundtracks","Free","Lindsey Stirling","Main Theme (From ""The Dark Knight Rises"")","The Dark Knight Rises","","yes","139872165","",""
"Movie Soundtracks","Free","Lisa Gerrard","Now We Are Free","Gladiator","","yes","3055975","",""
"Movie Soundtracks","Free","Lorne Balfe","Should You Choose to Accept...","Mission: Impossible","","yes","527863471","",""
"Movie Soundtracks","Free","Ludwig Göransson","American Prometheus","Oppenheimer","","yes","2364462385","",""
"Movie Soundtracks","Free","Ludwig Göransson","Can You Hear The Music","Oppenheimer","","yes","2364462315","",""
"Movie Soundtracks","Free","Ludwig Göransson","Destroyer Of Worlds","Oppenheimer","","yes","2364462525","",""
"Movie Soundtracks","Free","Ludwig Göransson","Killmonger","Black Panther","","yes","462106722","",""
"Movie Soundtracks","Free","Ludwig Göransson","Manhattan Project","Oppenheimer","","yes","2364462375","",""
"Movie Soundtracks","Free","Ludwig Göransson","Oppenheimer","Oppenheimer","","yes","2364462535","",""
"Movie Soundtracks","Free","Ludwig Göransson","Wakanda","Black Panther","","yes","462106672","",""
"Movie Soundtracks","Free","Luis Bacalov","Django","Django","","yes","62953943","",""
"Movie Soundtracks","Free","Mark Mothersbaugh","Thor: Ragnarok","Thor: Ragnarok","","yes","417366692","",""
"Movie Soundtracks","Free","Max Steiner","Main Title (Gone With the Wind)","Gone With the Wind","","yes","647312382","",""
"Movie Soundtracks","Free","Michael Giacchino","Far From Home Suite Home (from ""Spider-Man: Far From Home"" Soundtrack)","Spider-Man: Far From Home","","yes","698311922","",""
"Movie Soundtracks","Free","Michael Giacchino","Jyn Erso & Hope Suite","Rogue One","","yes","138166343","",""
"Movie Soundtracks","Free","Michael Giacchino","Life's Incredible Again","The Incredibles","","yes","24185291","",""
"Movie Soundtracks","Free","Michael Giacchino","Married Life","Up","","yes","4232526","",""
"Movie Soundtracks","Free","Michael Giacchino","Ratatouille Main Theme","Ratatouille","","yes","5167628","",""
"Movie Soundtracks","Free","Michael Giacchino","The Glory Days","The Incredibles","","yes","24185241","",""
"Movie Soundtracks","Free","Michael Giacchino","Theme (from ""Spider Man"") [Original Television Series]","Spider-Man","","yes","371523561","",""
"Movie Soundtracks","Free","Michael Nyman","The Promise","The Piano","","yes","3358368","",""
"Movie Soundtracks","Free","Monty Norman","James Bond Theme","Dr. No","","yes","2593024102","",""
"Movie Soundtracks","Free","Nathan Johnson","Theme from Glass Onion","Glass Onion","","yes","1998830387","",""
"Movie Soundtracks","Free","Nicholas Hooper","Dumbledore's Army","Harry Potter And The Order Of The Phoenix","","yes","679866","",""
"Movie Soundtracks","Free","Nicholas Hooper","Fireworks","Harry Potter And The Order Of The Phoenix","","yes","679859","",""
"Movie Soundtracks","Free","Nicholas Hooper","Professor Umbridge","Harry Potter And The Order Of The Phoenix","","yes","679861","",""
"Movie Soundtracks","Free","Nicholas Hooper","The Room of Requirements","Harry Potter And The Order Of The Phoenix","","yes","679869","",""
"Movie Soundtracks","Free","Nino Rota","Love Theme From ""The Godfather""","The Godfather","","yes","3040782","",""
"Movie Soundtracks","Free","Nino Rota","The Godfather Waltz (Main Title)","The Godfather","","yes","3040776","",""
"Movie Soundtracks","Free","Patrick Doyle","Harry in Winter","Harry Potter And The Goblet Of Fire","","yes","789587","",""
"Movie Soundtracks","Free","Patrick Doyle","Neville's Waltz","Harry Potter And The Goblet Of Fire","","yes","789581","",""
"Movie Soundtracks","Free","Pinar Toprak","Captain Marvel","Captain Marvel","","yes","642683942","",""
"Movie Soundtracks","Free","Rachel Portman","Main Title (From ""Chocolat"" Soundtrack)","Chocolat","","yes","70603366","",""
"Movie Soundtracks","Free","Rupert Gregson-Williams","Praying","Wonder Woman","","yes","135376138","",""
"Movie Soundtracks","Free","Simon Franglen","Happiness Is Simple","Avatar","","yes","2069246367","",""
"Movie Soundtracks","Free","Steve Jablonsky","Arrival to Earth","Transformers","","yes","3583337","",""
"Movie Soundtracks","Free","Steve Jablonsky","Autobots","Transformers","","yes","3583326","",""
"Movie Soundtracks","Free","Steve Jablonsky","Infinite White","Transformers: Revenge of the Fallen","","yes","3818932","",""
"Movie Soundtracks","Free","Steve Jablonsky","Lone Survivor","Lone Survivor","","yes","84165189","",""
"Movie Soundtracks","Free","Steve Jablonsky","The All Spark","Transformers","","yes","3583328","",""
"Movie Soundtracks","Free","Steven Price","Emma","Emma","","yes","117728414","",""
"Movie Soundtracks","Free","Tangerine Dream","Love On A Real Train (From 'Risky Business' Original Motion Picture Soundtrack)","Risky Business","","yes","1118045302","",""
"Movie Soundtracks","Free","The City of Prague Philharmonic Orchestra","The Chamber of Secrets (From ""Harry Potter and the Chamber of Secrets"")","Harry Potter and the Chamber of Secrets","","yes","3441564191","",""
"Movie Soundtracks","Free","The Evolved","Theme from World War Z","World War Z","","yes","68335319","",""
"Movie Soundtracks","Free","Thomas Newman","1917 (From ""1917"" Soundtrack)","1917","","yes","823113522","",""
"Movie Soundtracks","Free","Thomas Newman","American Beauty","American Beauty","","yes","561867002","",""
"Movie Soundtracks","Free","Thomas Newman","Brooks Was Here","The Shawshank Redemption","","yes","4273198","",""
"Movie Soundtracks","Free","Thomas Newman","Come Back to Us (From ""1917"" Soundtrack)","1917","","yes","823113702","",""
"Movie Soundtracks","Free","Thomas Newman","Shawshank Prison (Stoic Theme)","The Shawshank Redemption","","yes","4273195","",""
"Movie Soundtracks","Free","Trent Reznor and Atticus Ross","Hand Covers Bruise","The Social Network","","yes","57428311","",""
"Movie Soundtracks","Free","Trent Reznor and Atticus Ross","In Motion","The Social Network","","yes","57428321","",""
"Movie Soundtracks","Free","Trent Reznor and Atticus Ross","Intriguing Possibilities","The Social Network","","yes","57428351","",""
"Movie Soundtracks","Free","Trent Reznor and Atticus Ross","What Have We Done to Each Other?","Gone Girl","","yes","86334661","",""
"Movie Soundtracks","Free","Trevor Rabin","Ben","National Treasure","","yes","1763221747","",""
"Movie Soundtracks","Free","Tyler Bates","Story Of Wick","John Wick","","yes","117728308","",""
"Movie Soundtracks","Free","Vangelis","Blade Runner Blues","Blade Runner","","yes","691099","",""
"Movie Soundtracks","Free","Vangelis","Conquest of Paradise","1492: Conquest of Paradise","","yes","726810","",""
"Movie Soundtracks","Free","Vangelis","Main Titles","Blade Runner","","yes","691062","",""
"Movie Soundtracks","Free","Vangelis","Titles","Chariots of Fire","","yes","624844592","",""
"Movie Soundtracks","Free","Wendy Carlos","Main Title (The Shining)","The Shining","","yes","1105410342","",""
"Movie Soundtracks","Free","West Side Story Orchestra","West Side Story: Overture","West Side Story","","yes","71946981","",""
"Movie Soundtracks","Free","Yann Tiersen","La valse d'Amélie","Amélie","","yes","1412033722","",""
"Road Trip","Free","311","Amber","","","yes","13176040","",""
"Road Trip","Free","38 Special","Hold On Loosely","","","yes","2525880","",""
"Road Trip","Free","a-ha","Take on Me","","","yes","664107","",""
"Road Trip","Free","AC/DC","Highway to Hell","","","yes","92719900","",""
"Road Trip","Free","AC/DC","You Shook Me All Night Long","","","yes","92720048","",""
"Road Trip","Free","Adam Lambert","Ghost Town","","YES","no - explicit","101819685","",""
"Road Trip","Free","Addison Rae","Fame is a Gun","","","yes","3387454721","",""
"Road Trip","Free","Addison Rae","Headphones On","","","yes","3326208711","",""
"Road Trip","Free","Aime Simone","Baby Don't Quit","","","yes","2084494157","",""
"Road Trip","Free","Alanis Morissette","Hand in My Pocket (2015 Remaster)","","","yes","109843292","",""
"Road Trip","Free","Alanis Morissette","Ironic (2015 Remaster)","","","yes","109843304","",""
"Road Trip","Free","Alannah Myles","Black Velvet","","","yes","4118808","",""
"Road Trip","Free","Alex Warren","FEVER DREAM","","","yes","4061555031","",""
"Road Trip","Free","Alex Warren","Ordinary","","","yes","3210709941","",""
"Road Trip","Free","Amber Mark","Don't Remind Me","","YES","no - explicit","3586146921","",""
"Road Trip","Free","America","Lonely People","","","yes","732851","",""
"Road Trip","Free","America","Ventura Highway","","","yes","727733","",""
"Road Trip","Free","Andrew McMahon in the Wilderness","Cecilia And The Satellite","","","yes","87105821","",""
"Road Trip","Free","Angel Olsen","Big Time","","","yes","1874533807","",""
"Road Trip","Free","ANOTR","Talk To You (ft. 54 Ultra)","","","yes","3784724892","",""
"Road Trip","Free","Asaf Avidan","One Day / Reckoning Song (Wankelmut Remix) (Radio Edit)","","","yes","705022722","",""
"Road Trip","Free","Atlanta Rhythm Section","I'm Not Gonna Let It Bother Me Tonight","","","yes","678714242","",""
"Road Trip","Free","Atlas Genius","Trojans","","","yes","64469875","",""
"Road Trip","Free","AWOLNATION","Sail","","","yes","1254270172","",""
"Road Trip","Free","Aztec Camera","Somewhere in My Heart","","","yes","1882123117","",""
"Road Trip","Free","Bad Bunny","NUEVAYoL","","","yes","3171002981","",""
"Road Trip","Free","Bad Suns","Cardiac Arrest","","","yes","3788317822","",""
"Road Trip","Free","Bakar","Hell N Back","","YES","no - explicit","728760222","",""
"Road Trip","Free","Bakar","Right Here, for Now","","","yes","2374292715","",""
"Road Trip","Free","Bea","Rich","","YES","no - explicit","3841227291","",""
"Road Trip","Free","Beastie Boys","Gratitude (Remastered 2009)","","","yes","3148259","",""
"Road Trip","Free","Bebe Rexha","New Religion","","","yes","3850680281","",""
"Road Trip","Free","Beck","Dreams","","YES","no - explicit","414880992","",""
"Road Trip","Free","Beck","Ride Lonesome","","","yes","3958563661","",""
"Road Trip","Free","Bella Kay","iloveitiloveitiloveit","","YES","no - explicit","3763687462","",""
"Road Trip","Free","BENEE","Cinnamon","","","yes","3517241741","",""
"Road Trip","Free","Benson Boone","Beautiful Things","","","yes","2704682202","",""
"Road Trip","Free","Benson Boone","Mystical Magical","","","yes","3333720471","",""
"Road Trip","Free","Beyoncé","CUFF IT","","YES","no - explicit","1842063487","",""
"Road Trip","Free","Black Oak Arkansas","Jim Dandy","","","yes","752552","",""
"Road Trip","Free","Black Pumas","More Than a Love Song","","","yes","2386209855","",""
"Road Trip","Free","Blackberry Smoke","Pretty Little Lie","","","yes","87674061","",""
"Road Trip","Free","Blackfoot","Highway Song","","","yes","752817","",""
"Road Trip","Free","Blackfoot","Road Fever","","","yes","752762","",""
"Road Trip","Free","Bleachers","Don't Take The Money","","","yes","145430754","",""
"Road Trip","Free","Bleachers","I Wanna Get Better","","","yes","79426175","",""
"Road Trip","Free","Bleachers","Rollercoaster","","","yes","79042511","",""
"Road Trip","Free","Blondie","One Way Or Another","","","yes","3151391","",""
"Road Trip","Free","Bon Jovi","Livin' On A Prayer","","","yes","538660022","",""
"Road Trip","Free","Bones Owens","Devil Gonna Getcha","","","yes","2712441901","",""
"Road Trip","Free","BØRNS","Electric Love","","","yes","109705152","",""
"Road Trip","Free","Brandi Carlile","Life On The Run","","","yes","4022864071","",""
"Road Trip","Free","Bread","Everything I Own","","","yes","675098","",""
"Road Trip","Free","Briston Maroney","Freakin' Out On the Interstate","","","yes","585967822","",""
"Road Trip","Free","Broken Bells","The High Road","","","yes","5417700","",""
"Road Trip","Free","Bruce Springsteen","Born to Run","","","yes","582022442","",""
"Road Trip","Free","Bruno Mars","Locked out of Heaven","","","yes","62724015","",""
"Road Trip","Free","Buffalo Springfield","For What It's Worth","","","yes","3586842","",""
"Road Trip","Free","Cage The Elephant","Ain't No Rest for the Wicked","","","yes","561626942","",""
"Road Trip","Free","Cage The Elephant","Cigarette Daydreams","","","yes","71127724","",""
"Road Trip","Free","Cage The Elephant","Come a Little Closer","","","yes","71127716","",""
"Road Trip","Free","Cage The Elephant","Mess Around","","","yes","115706570","",""
"Road Trip","Free","Cage The Elephant","Trouble","","","yes","115706582","",""
"Road Trip","Free","Calvin Harris","Blessings","","","yes","3344642921","",""
"Road Trip","Free","Calvin Harris","Feels (feat. Pharrell Williams, Katy Perry & Big Sean)","","YES","no - explicit","374051471","",""
"Road Trip","Free","Calvin Harris","Slide (feat. Frank Ocean & Migos)","","YES","no - explicit","142844852","",""
"Road Trip","Free","Camille Yembe","Rien à fêter","","YES","no - explicit","3918156161","",""
"Road Trip","Free","Canned Heat","Going Up The Country (Remastered 2005)","","","yes","3151773","",""
"Road Trip","Free","Canned Heat","On The Road Again (Remastered 2005)","","","yes","3151772","",""
"Road Trip","Free","Carly Pearce","truck on fire","","","yes","2826344442","",""
"Road Trip","Free","Cautious Clay","Cold War","","YES","no - explicit","3427807231","",""
"Road Trip","Free","Chappell Roan","Good Luck, Babe!","","","yes","2728070371","",""
"Road Trip","Free","Chappell Roan","Pink Pony Club","","","yes","2454854845","",""
"Road Trip","Free","Chappo","Come Home","","","yes","1069848862","",""
"Road Trip","Free","Charlie Noordewier","Armageddon Blues","","","yes","3948938571","",""
"Road Trip","Free","Charlie Puth","Light Switch","","","yes","1622528782","",""
"Road Trip","Free","Charlotte Cardin","Feel Good","","","yes","2424911405","",""
"Road Trip","Free","Cherub","Doses & Mimosas","","YES","no - explicit","71415361","",""
"Road Trip","Free","Childish Gambino","Feels Like Summer","","","yes","526591392","",""
"Road Trip","Free","Chris Isaak","Wicked Game","","","yes","1391362322","",""
"Road Trip","Free","Chris Norman","Stumblin' In","","","yes","1559253732","",""
"Road Trip","Free","Chris Stapleton","Crosswind","","","yes","2526331021","",""
"Road Trip","Free","Christophe Willem","Systaime","","","yes","4014420831","",""
"Road Trip","Free","CHRYSTAL","The Days (NOTION Remix)","","","yes","3069116671","",""
"Road Trip","Free","CHVRCHES","The Mother We Share","","YES","no - explicit","3025690811","",""
"Road Trip","Free","COIN","I Don't Wanna Dance","","","yes","347290801","",""
"Road Trip","Free","COIN","Run","","","yes","95138038","",""
"Road Trip","Free","COIN","Talk Too Much","","","yes","124186202","",""
"Road Trip","Free","Cold War Kids","Hang Me Up To Dry","","","yes","598067472","",""
"Road Trip","Free","Coldplay","Paradise","","","yes","14299589","",""
"Road Trip","Free","Creedence Clearwater Revival","Bad Moon Rising (Remastered 1985)","","","yes","3981338","",""
"Road Trip","Free","Cry Of Love","Pretty As You Please (Album Version)","","","yes","1013214","",""
"Road Trip","Free","Cults","Always Forever","","","yes","71279687","",""
"Road Trip","Free","Cults","Go Outside","","","yes","12000297","",""
"Road Trip","Free","Curtis Harding","Need Your Love","","","yes","412184692","",""
"Road Trip","Free","Daisy Jones & The Six","The River","","","yes","2124330447","",""
"Road Trip","Free","Daniel Seavey","Love’s a Gun","","","yes","4046537761","",""
"Road Trip","Free","Daryl Hall & John Oates","She's Gone","","","yes","4288127","",""
"Road Trip","Free","Davido","With You (feat. Omah Lay)","","","yes","3324595541","",""
"Road Trip","Free","Dayglow","Close To You","","","yes","1875169837","",""
"Road Trip","Free","Declan McKenna","Brazil","","","yes","379609761","",""
"Road Trip","Free","Delaney and Bonnie","Only You Know and I Know (Genre Soundtrack)","","","yes","120007424","",""
"Road Trip","Free","Dire Straits","Money For Nothing (Single Edit) (2022 Remaster)","","","yes","1782778667","",""
"Road Trip","Free","Disco Lines","No Broke Boys","","YES","no - explicit","3410229851","",""
"Road Trip","Free","disiz","melodrama","","","yes","3558373981","",""
"Road Trip","Free","Djo","End of Beginning","","","yes","1899060227","",""
"Road Trip","Free","Doechii","Anxiety","","YES","no - explicit","3262675101","",""
"Road Trip","Free","Doja Cat","Paint The Town Red","","YES","no - explicit","2387373015","",""
"Road Trip","Free","Dominic Fike","3 Nights","","","yes","564326642","",""
"Road Trip","Free","Dominic Fike","Babydoll","","","yes","564326662","",""
"Road Trip","Free","Dominic Fike","Mama's Boy","","","yes","2331349925","",""
"Road Trip","Free","Dominic Fike","Think Fast","","","yes","2349963865","",""
"Road Trip","Free","Don Henley","The Boys Of Summer","","","yes","3977905","",""
"Road Trip","Free","Dr. Dog","Where'd All the Time Go?","","","yes","378113071","",""
"Road Trip","Free","Drake","NOKIA","","YES","no - explicit","3232025631","",""
"Road Trip","Free","Dreamer Isioma","Really, Really","","YES","no - explicit","2024029837","",""
"Road Trip","Free","Drive-By Truckers","Birmingham","","","yes","2491218","",""
"Road Trip","Free","Dua Lipa","Houdini","","","yes","2525537871","",""
"Road Trip","Free","Duffy","Mercy","","","yes","2606173","",""
"Road Trip","Free","Duran Duran","Hungry Like the Wolf (2009 Remaster)","","","yes","4127465","",""
"Road Trip","Free","Eagle-Eye Cherry","Save Tonight","","","yes","15598892","",""
"Road Trip","Free","Eagles","Life in the Fast Lane (2013 Remaster)","","","yes","426703702","",""
"Road Trip","Free","Ed Sheeran","Azizam","","","yes","3303979891","",""
"Road Trip","Free","Ed Sheeran","Sapphire","","","yes","3395410481","",""
"Road Trip","Free","Ed Sheeran","Shape of You","","","yes","139470659","",""
"Road Trip","Free","Eddie Money","Take Me Home Tonight","","","yes","608833","",""
"Road Trip","Free","Eddie Vedder","The Dark","","","yes","1618355312","",""
"Road Trip","Free","Edward Sharpe & The Magnetic Zeros","Home","","","yes","29093801","",""
"Road Trip","Free","Ella Langley","Choosin' Texas","","","yes","3602074142","",""
"Road Trip","Free","Elton John","Hold Me Closer","","","yes","1879746947","",""
"Road Trip","Free","Elvin Bishop","Fooled Around And Fell In Love","","","yes","4733215","",""
"Road Trip","Free","Empire Of The Sun","Walking On A Dream","","","yes","4286051","",""
"Road Trip","Free","Enny","I Want","","YES","no - explicit","1355405782","",""
"Road Trip","Free","feeble little horse","Poison","","","yes","3957762701","",""
"Road Trip","Free","Fine Young Cannibals","She Drives Me Crazy (Remastered)","","","yes","1178372072","",""
"Road Trip","Free","First Aid Kit","Waitress Song","","","yes","78956235","",""
"Road Trip","Free","Fitz and The Tantrums","Out of My League","","","yes","66770158","",""
"Road Trip","Free","Fleetwood Mac","Don't Stop (2004 Remaster)","","","yes","63480989","",""
"Road Trip","Free","Fleetwood Mac","Dreams (2004 Remaster)","","","yes","63480987","",""
"Road Trip","Free","Fleetwood Mac","Go Your Own Way (2004 Remaster)","","","yes","63480990","",""
"Road Trip","Free","Fleetwood Mac","Little Lies (2017 Remaster)","","","yes","341017571","",""
"Road Trip","Free","Florence + The Machine","Dog Days Are Over","","","yes","7561772","",""
"Road Trip","Free","Florence Road","Hanging Out To Dry","","","yes","3896778251","",""
"Road Trip","Free","flowerovlove","American Wedding","","","yes","3911990631","",""
"Road Trip","Free","flowerovlove","I'm your first","","YES","no - explicit","3531126261","",""
"Road Trip","Free","FloyyMenor","Gata Only","","YES","no - explicit","2638201552","",""
"Road Trip","Free","Foals","2am","","","yes","1782753447","",""
"Road Trip","Free","Foo Fighters","Times Like These","","","yes","15615738","",""
"Road Trip","Free","Foreigner","Cold as Ice","","","yes","3659065","",""
"Road Trip","Free","Foreigner","Waiting for a Girl like You","","","yes","2814886","",""
"Road Trip","Free","Foster The People","Don't Stop (Color on the Walls)","","","yes","15546832","",""
"Road Trip","Free","Foster The People","Helena Beat","","","yes","15546829","",""
"Road Trip","Free","Foster The People","Houdini","","","yes","15546835","",""
"Road Trip","Free","Foster The People","Pumped Up Kicks","","","yes","15546830","",""
"Road Trip","Free","Foster The People","Sit Next to Me","","","yes","384053091","",""
"Road Trip","Free","Frankie Valli","Grease (From “Grease”)","","","yes","781563032","",""
"Road Trip","Free","fun.","Some Nights","","YES","no - explicit","16501727","",""
"Road Trip","Free","Genesis","That's All (2007 Remaster)","","","yes","14639827","",""
"Road Trip","Free","George Harrison","Got My Mind Set on You","","","yes","3164587","",""
"Road Trip","Free","Georgia Satellites","Keep Your Hands to Yourself","","","yes","670865","",""
"Road Trip","Free","Gerry Rafferty","Baker Street (Radio Edit)","","","yes","2892771012","",""
"Road Trip","Free","Ginger Root","Loretta","","","yes","3703350642","",""
"Road Trip","Free","Glass Animals","Heat Waves","","","yes","1040154662","",""
"Road Trip","Free","Good Neighbours","Home","","","yes","2622232942","",""
"Road Trip","Free","Gorillaz","New Gold (feat. Tame Impala and Bootie Brown)","","YES","no - explicit","1878740837","",""
"Road Trip","Free","Goth Babe","End Summer","","","yes","903691612","",""
"Road Trip","Free","Grinderswitch","Pickin' the Blues","","","yes","123040464","",""
"Road Trip","Free","Grouplove","Tongue Tied","","","yes","13544758","",""
"Road Trip","Free","HAIM","Don't Wanna","","","yes","1247979002","",""
"Road Trip","Free","HAIM","The Wire","","","yes","70807169","",""
"Road Trip","Free","Harry Styles","As It Was","","","yes","1703487577","",""
"Road Trip","Free","Harry Styles","Kiwi","","","yes","360302001","",""
"Road Trip","Free","Hippo Campus","Boys","","","yes","1492791582","",""
"Road Trip","Free","Horisont","Free Riding","","","yes","910305902","",""
"Road Trip","Free","Hozier","Almost (Sweet Music)","","","yes","637865972","",""
"Road Trip","Free","Hozier","Someone New","","","yes","534730042","",""
"Road Trip","Free","HUGEL","Jamaican (Bam Bam)","","","yes","3889748961","",""
"Road Trip","Free","Humble Pie","30 Days In The Hole","","","yes","99487082","",""
"Road Trip","Free","Imagine Dragons","Children of the Sky (a Starfield song)","","","yes","2424631215","",""
"Road Trip","Free","Imagine Dragons","It's Time","","","yes","1516379692","",""
"Road Trip","Free","Iñigo Quintero","Si No Estás","","","yes","2201123807","",""
"Road Trip","Free","Izzy Bizu","White Tiger (Single Version)","","","yes","109703514","",""
"Road Trip","Free","Jack Kays","Caffeine","","","yes","2331015635","",""
"Road Trip","Free","Jackyl","The Lumberjack (Album Version)","","","yes","1579946","",""
"Road Trip","Free","Jaden Bojsen","Upside Down","","","yes","3806024652","",""
"Road Trip","Free","Jain","Come","","","yes","109176400","",""
"Road Trip","Free","Jamiroquai","Virtual Insanity (Remastered 2013)","","","yes","747399472","",""
"Road Trip","Free","Jason Isbell And The 400 Unit","King of Oklahoma","","","yes","2309589395","",""
"Road Trip","Free","Jennifer Lopez","Save Me Tonight","","","yes","3862691491","",""
"Road Trip","Free","Joe Walsh","Life's Been Good","","","yes","4288345","",""
"Road Trip","Free","John Mayer","In the Blood","","","yes","347319591","",""
"Road Trip","Free","John Mayer","Last Train Home","","","yes","1390913412","",""
"Road Trip","Free","John Mayer","Shot in the Dark","","","yes","1432113172","",""
"Road Trip","Free","John Mayer","Waiting On the World to Change","","","yes","14875475","",""
"Road Trip","Free","Johnny Cash","One","","","yes","65690342","",""
"Road Trip","Free","Johnny Winter","Rock and Roll, Hoochie Koo","","","yes","1073719","",""
"Road Trip","Free","Jonas Brothers","Only Human","","","yes","692002972","",""
"Road Trip","Free","Journey","Don't Stop Believin'","","","yes","625643","",""
"Road Trip","Free","Judah & the Lion","Suit and Jacket","","","yes","1818984217","",""
"Road Trip","Free","Jungle","Back On 74","","","yes","2181330357","",""
"Road Trip","Free","Justin Bieber","Beauty And A Beat","","","yes","37030571","",""
"Road Trip","Free","Kaleo","Way down We Go","","","yes","104936008","",""
"Road Trip","Free","Kansas","Carry on Wayward Son","","","yes","4006895","",""
"Road Trip","Free","Kate Bush","Running Up That Hill (A Deal With God)","","","yes","2173954687","",""
"Road Trip","Free","KATSEYE","Gnarly","","YES","no - explicit","3336180251","",""
"Road Trip","Free","Keane","Somewhere Only We Know","","","yes","71967077","",""
"Road Trip","Free","Kenya Grace","Strangers","","","yes","2427437035","",""
"Road Trip","Free","Khalid","Know Your Worth","","","yes","862847042","",""
"Road Trip","Free","Khruangbin","Texas Sun","","","yes","828216172","",""
"Road Trip","Free","Kid Rock","All Summer Long","","","yes","4087608","",""
"Road Trip","Free","Kim Petras","Brutalist","","","yes","4034974291","",""
"Road Trip","Free","King Princess","1950","","YES","no - explicit","463268972","",""
"Road Trip","Free","Kings Of Leon","Find Me","","","yes","134024954","",""
"Road Trip","Free","Kings Of Leon","Sex on Fire","","","yes","15531170","",""
"Road Trip","Free","Kings Of Leon","Supersoaker","","","yes","70584818","",""
"Road Trip","Free","Kings Of Leon","Use Somebody","","","yes","2924841","",""
"Road Trip","Free","Kings Of Leon","Waste A Moment","","","yes","134024948","",""
"Road Trip","Free","KT Tunstall","Black Horse And The Cherry Tree (Radio Version)","","","yes","3120612","",""
"Road Trip","Free","Kurt Vile","Speed of the Sound of Loneliness","","","yes","1090110432","",""
"Road Trip","Free","Lady Gaga","Abracadabra","","","yes","3214169391","",""
"Road Trip","Free","Langhorne Slim","The Way We Move","","","yes","29010031","",""
"Road Trip","Free","Led Zeppelin","Black Dog (Remaster)","","","yes","88003853","",""
"Road Trip","Free","Lenny Kravitz","It Ain't Over 'Til It's Over","","","yes","3151232","",""
"Road Trip","Free","Leon Russell","Out In The Woods","","","yes","3532304","",""
"Road Trip","Free","Lewis Capaldi","Wish You The Best","","","yes","2226982417","",""
"Road Trip","Free","Liam Gallagher","Just Another Rainbow","","","yes","2604220732","",""
"Road Trip","Free","Little Feat","Dixie Chicken","","","yes","6630726","",""
"Road Trip","Free","Lizzo","About Damn Time","","YES","no - explicit","1818665207","",""
"Road Trip","Free","Lola Young","Messy","","YES","no - explicit","2815968782","",""
"Road Trip","Free","Lord Huron","Ends of the Earth","","","yes","2895857361","",""
"Road Trip","Free","Loreen","Tattoo","","","yes","2166864777","",""
"Road Trip","Free","Lou Reed","Walk On the Wild Side","","","yes","97081744","",""
"Road Trip","Free","LP","Can't Let You Leave","","","yes","1407762942","",""
"Road Trip","Free","Lujipeka","Chanson triste (feat. a6el)","","","yes","3981083411","",""
"Road Trip","Free","Luke Combs","Fast Car","","","yes","2194033397","",""
"Road Trip","Free","Lynyrd Skynyrd","Free Bird","","","yes","1559717","",""
"Road Trip","Free","Lynyrd Skynyrd","Sweet Home Alabama","","","yes","24949681","",""
"Road Trip","Free","M. Pokora","Égaré","","","yes","3630231462","",""
"Road Trip","Free","M83","Midnight City","","","yes","75569764","",""
"Road Trip","Free","Madcon","Don't Worry (with Ray Dalton) (Radio Edit)","","","yes","520033002","",""
"Road Trip","Free","Madonna","Bring Your Love","","","yes","3988410701","",""
"Road Trip","Free","Madonna","Into the Groove","","","yes","3824997371","",""
"Road Trip","Free","Madonna","Like a Prayer","","","yes","664507","",""
"Road Trip","Free","Magic Man","Paris","","YES","no - explicit","70368139","",""
"Road Trip","Free","Marc Cohn","Walking in Memphis","","","yes","675175","",""
"Road Trip","Free","Mark Ambor","Belong Together","","","yes","2676462772","",""
"Road Trip","Free","Mark Ronson","Nothing Breaks Like a Heart (feat. Miley Cyrus)","","","yes","595074062","",""
"Road Trip","Free","Mark Ronson","Valerie (feat. Amy Winehouse) (Version Revisited)","","","yes","7923756","",""
"Road Trip","Free","Maroon 5","Sugar","","YES","no - explicit","100052800","",""
"Road Trip","Free","Matt Simons","Catch & Release (Deepend Remix)","","","yes","107329230","",""
"Road Trip","Free","Metronomy","The Look","","","yes","10240179","",""
"Road Trip","Free","MGMT","Electric Feel","","","yes","536484","",""
"Road Trip","Free","MGMT","Kids","","","yes","536485","",""
"Road Trip","Free","MGMT","Time to Pretend","","YES","no - explicit","536481","",""
"Road Trip","Free","Michael Jackson","Beat It","","","yes","4763165","",""
"Road Trip","Free","Michael Jackson","Billie Jean","","","yes","4603408","",""
"Road Trip","Free","Michael McDonald","I Keep Forgettin' (Every Time You're Near)","","","yes","5617796","",""
"Road Trip","Free","Michelle","PULSE","","","yes","1926699647","",""
"Road Trip","Free","Miley Cyrus","Flowers","","","yes","2105158337","",""
"Road Trip","Free","MK","Dior (feat. Chrystal)","","","yes","3376615581","",""
"Road Trip","Free","MØ","Blur (feat. Foster The People)","","","yes","594427932","",""
"Road Trip","Free","Moby","Natural Blues (Reprise Version)","","","yes","1379126262","",""
"Road Trip","Free","Modest Mouse","Dashboard","","","yes","13148328","",""
"Road Trip","Free","Modest Mouse","Float On","","","yes","581923","",""
"Road Trip","Free","Modest Mouse","Lampshades on Fire","","","yes","96817066","",""
"Road Trip","Free","Molly Hatchet","Dreams I'll Never See (Album Version)","","","yes","1080863","",""
"Road Trip","Free","Mountain","Mississippi Queen","","","yes","608589","",""
"Road Trip","Free","Mt. Joy","Sheep","","","yes","757233652","",""
"Road Trip","Free","Mumford & Sons","I Will Wait","","","yes","3025928441","",""
"Road Trip","Free","My Chemical Romance","Summertime (2026 Remaster)","","","yes","4040103591","",""
"Road Trip","Free","Myles Smith","Stargazing","","","yes","2758844701","",""
"Road Trip","Free","Naïka","ONE TRACK MIND","","","yes","3650665212","",""
"Road Trip","Free","Natanya","Meeting You Once (The End)","","","yes","3526710761","",""
"Road Trip","Free","Nathaniel Rateliff & The Night Sweats","Cars in the Desert","","","yes","2857518792","",""
"Road Trip","Free","Neil Young","Alabama (2009 Remaster)","","","yes","3826698","",""
"Road Trip","Free","Neil Young","Boxcar","","","yes","2312656875","",""
"Road Trip","Free","Neil Young","White Line","","","yes","993116432","",""
"Road Trip","Free","Nelly Furtado","Say It Right","","","yes","2430344","",""
"Road Trip","Free","New Order","Blue Monday '88","","","yes","706051","",""
"Road Trip","Free","Niall Horan","Little More Time","","","yes","3965367581","",""
"Road Trip","Free","Noah Kahan","American Cars","","YES","no - explicit","3979667761","",""
"Road Trip","Free","Noah Kahan","Dial Drunk","","YES","no - explicit","2368216925","",""
"Road Trip","Free","Noah Kahan","Stick Season","","","yes","2310201655","",""
"Road Trip","Free","Nothing But Thieves","Amsterdam","","","yes","398897352","",""
"Road Trip","Free","Oasis","Wonderwall","","","yes","985745702","",""
"Road Trip","Free","Of Monsters and Men","Mountain Sound","","","yes","17615565","",""
"Road Trip","Free","Olivia Dean","Man I Need","","","yes","3503857201","",""
"Road Trip","Free","OneRepublic","I Ain't Worried","","","yes","1764283667","",""
"Road Trip","Free","Orelsan","Ailleurs","","","yes","3637839292","",""
"Road Trip","Free","Orville Peck","Bronco","","","yes","1708412227","",""
"Road Trip","Free","Paolo Nutini","Through The Echoes","","","yes","1793508117","",""
"Road Trip","Free","Passion Pit","Carried Away","","","yes","46226321","",""
"Road Trip","Free","Passion Pit","Take a Walk","","","yes","46226301","",""
"Road Trip","Free","Paul Simon","Graceland","","","yes","32140151","",""
"Road Trip","Free","Peach Pit","Give Up Baby Go","","","yes","1670583972","",""
"Road Trip","Free","Peach Pit","Peach Pit","","","yes","519653262","",""
"Road Trip","Free","Pete Droge","If You Don't Love Me (I'll Kill Myself) (Album Version)","","","yes","392024482","",""
"Road Trip","Free","Phil Collins","Against All Odds (Take a Look at Me Now) (2016 Remaster)","","","yes","134036426","",""
"Road Trip","Free","Phil Collins","You Can't Hurry Love (2016 Remaster)","","","yes","134036220","",""
"Road Trip","Free","Phoenix","1901","","","yes","3026048721","",""
"Road Trip","Free","Pink Floyd","Another Brick in the Wall, Pt. 2","","","yes","116914094","",""
"Road Trip","Free","Polo & Pan","Canopée","","","yes","350055571","",""
"Road Trip","Free","Portugal. The Man","Feel It Still","","","yes","371593461","",""
"Road Trip","Free","Pretenders","Brass in Pocket (2006 Remaster)","","","yes","14636389","",""
"Road Trip","Free","Pretenders","Don't Get Me Wrong (2007 Remaster)","","","yes","740198","",""
"Road Trip","Free","Primal Scream","Rocks","","","yes","85530824","",""
"Road Trip","Free","Prince","Kiss","","","yes","664178","",""
"Road Trip","Free","Prince","Purple Rain (2015 Paisley Park Remaster)","","","yes","374283061","",""
"Road Trip","Free","Prospa","Free Your Mind","","","yes","3892792631","",""
"Road Trip","Free","Pure Prairie League","Two Lane Highway","","","yes","964725","",""
"Road Trip","Free","Queens Of The Stone Age","Make It Wit Chu","","","yes","7275156","",""
"Road Trip","Free","Quinnie","touch tank","","YES","no - explicit","1881696997","",""
"Road Trip","Free","R.E.M.","Losing My Religion","","","yes","136334560","",""
"Road Trip","Free","RAC","Let Go","","","yes","76296725","",""
"Road Trip","Free","Ram Jam","Black Betty","","","yes","550518","",""
"Road Trip","Free","Ravyn Lenae","Love Me Not","","","yes","2755315691","",""
"Road Trip","Free","Ray Dalton","In My Bones","","","yes","845209962","",""
"Road Trip","Free","RAYE","WHERE IS MY HUSBAND!","","","yes","3548216281","",""
"Road Trip","Free","Red Hot Chili Peppers","By the Way","","","yes","725929","",""
"Road Trip","Free","Red Hot Chili Peppers","Can't Stop","","","yes","725971","",""
"Road Trip","Free","Red Hot Chili Peppers","Under the Bridge","","","yes","785176","",""
"Road Trip","Free","Rex Orange County","THE SHADE","","","yes","1680292317","",""
"Road Trip","Free","Rod Stewart","Da Ya Think I'm Sexy?","","","yes","2550736","",""
"Road Trip","Free","Rod Stewart","Young Turks (2008 Remaster)","","","yes","2550648","",""
"Road Trip","Free","Rory Gallagher","Lonesome Highway","","","yes","401526032","",""
"Road Trip","Free","ROSALÍA","DESPECHÁ","","YES","no - explicit","1841999507","",""
"Road Trip","Free","ROSÉ","APT.","","","yes","3050380851","",""
"Road Trip","Free","Royel Otis","Murder on the Dancefloor (triple j Like A Version)","","","yes","2629968462","",""
"Road Trip","Free","Rudimental","These Days (feat. Jess Glynne, Macklemore & Dan Caplen)","","","yes","447942232","",""
"Road Trip","Free","Sabrina Carpenter","Espresso","","YES","no - explicit","2743578151","",""
"Road Trip","Free","Sabrina Carpenter","Manchild","","YES","no - explicit","3400077541","",""
"Road Trip","Free","Sam Barber","Down The Road","","","yes","3042275181","",""
"Road Trip","Free","Sam Fender","Getting Started","","","yes","1509500532","",""
"Road Trip","Free","Seals and Crofts","Summer Breeze","","","yes","5416564","",""
"Road Trip","Free","Shaboozey","A Bar Song (Tipsy)","","YES","no - explicit","2729273551","",""
"Road Trip","Free","Shakira","Dai Dai","","","yes","4015341011","",""
"Road Trip","Free","Sheryl Crow","The First Cut Is the Deepest (Acoustic Version)","","","yes","807082","",""
"Road Trip","Free","Sia","Gimme Love (Reasonable Woman Version)","","","yes","2414222995","",""
"Road Trip","Free","Simply Red","Stars","","","yes","6636947","",""
"Road Trip","Free","Sixpence None The Richer","Kiss Me","","","yes","134116940","",""
"Road Trip","Free","Social Distortion","Story of My Life","","","yes","1068528","",""
"Road Trip","Free","sombr","12 to 12","","","yes","3471224101","",""
"Road Trip","Free","sombr","back to friends","","","yes","3151351511","",""
"Road Trip","Free","sombr","Homewrecker","","","yes","3794985752","",""
"Road Trip","Free","sombr","Potential","","","yes","3954281411","",""
"Road Trip","Free","sombr","undressed","","","yes","3278008371","",""
"Road Trip","Free","Sophie Ellis-Bextor","Murder On The Dancefloor","","","yes","4181750","",""
"Road Trip","Free","Soul Asylum","Runaway Train (2022 Remaster)","","","yes","1057312","",""
"Road Trip","Free","Soundgarden","Fell On Black Days","","","yes","7087587","",""
"Road Trip","Free","Spacey Jane","Booster Seat","","","yes","1875531387","",""
"Road Trip","Free","Starship","Nothing's Gonna Stop Us Now","","","yes","602137932","",""
"Road Trip","Free","Steely Dan","Rikki Don't Lose That Number","","","yes","2376905515","",""
"Road Trip","Free","Steve Earle","Guitar Town","","","yes","134087876","",""
"Road Trip","Free","Steve Lacy","Helmet","","YES","no - explicit","1817216157","",""
"Road Trip","Free","Stevie Nicks","Edge of Seventeen","","","yes","680601","",""
"Road Trip","Free","Stone Temple Pilots","Interstate Love Song","","","yes","3907803","",""
"Road Trip","Free","Sunny War","No Reason","","","yes","1980383597","",""
"Road Trip","Free","Supergrass","Alright","","","yes","3786223702","",""
"Road Trip","Free","Synapson","Djon maya maï (feat. Victor Démé)","","","yes","107541550","",""
"Road Trip","Free","Talk Talk","It's My Life (1997 Remaster)","","","yes","3257507","",""
"Road Trip","Free","Talking Heads","Once in a Lifetime (2005 Remaster)","","","yes","5093672","",""
"Road Trip","Free","Talking Heads","Road to Nowhere (2005 Remaster)","","","yes","14635963","",""
"Road Trip","Free","Tame Impala","Dracula (JENNIE Remix)","","YES","no - explicit","3818963601","",""
"Road Trip","Free","Tame Impala","Elephant","","","yes","60765509","",""
"Road Trip","Free","Tame Impala","The Less I Know The Better","","YES","no - explicit","103052662","",""
"Road Trip","Free","Tasmin Archer","Sleeping Satellite","","","yes","3115574","",""
"Road Trip","Free","Tate McRae","greedy","","YES","no - explicit","2444176345","",""
"Road Trip","Free","Taylor Swift","Elizabeth Taylor","","","yes","3579685441","",""
"Road Trip","Free","Taylor Swift","Opalite","","","yes","3579685451","",""
"Road Trip","Free","Ted Nugent","Stranglehold","","","yes","848323","",""
"Road Trip","Free","Teddy Swims","Bad Dreams","","","yes","2972837781","",""
"Road Trip","Free","Teddy Swims","Lose Control","","","yes","2319265555","",""
"Road Trip","Free","The Allman Brothers Band","Blue Sky","","","yes","128948406","",""
"Road Trip","Free","The Allman Brothers Band","Midnight Rider","","","yes","549286792","",""
"Road Trip","Free","The Avett Brothers","At the Beach","","","yes","11472820","",""
"Road Trip","Free","The B-52's","Love Shack","","","yes","3929350","",""
"Road Trip","Free","The Band Of Heathens","Rock and Roll Doctor","","","yes","1551554702","",""
"Road Trip","Free","The Beach Boys","Wouldn't It Be Nice (Remastered 1999)","","","yes","3091978","",""
"Road Trip","Free","The Beatles","Day Tripper (Remastered 2015)","","","yes","116348614","",""
"Road Trip","Free","The Black Crowes","Remedy","","","yes","65707241","",""
"Road Trip","Free","The Black Keys","Lo/Hi","","","yes","701760912","",""
"Road Trip","Free","The Cardigans","Lovefool","","","yes","910474","",""
"Road Trip","Free","The Cars","Drive (2017 Remaster)","","","yes","474178182","",""
"Road Trip","Free","The Charlie Daniels Band","Long Haired Country Boy","","","yes","7511814","",""
"Road Trip","Free","The Coral","North Wind","","","yes","2435113595","",""
"Road Trip","Free","The Dickey Betts Band","Duane's Tune","","","yes","1056014","",""
"Road Trip","Free","The Doobie Brothers","Long Train Runnin'","","","yes","3616544","",""
"Road Trip","Free","The Doors","Queen of the Highway","","","yes","670823","",""
"Road Trip","Free","The Doors","Roadhouse Blues","","","yes","670804","",""
"Road Trip","Free","The Foundations","Build Me Up Buttercup","","","yes","3813135572","",""
"Road Trip","Free","The Fray","How to Save a Life","","","yes","7674865","",""
"Road Trip","Free","The Goo Goo Dolls","Iris","","","yes","4290138","",""
"Road Trip","Free","The Gregg Allman Band","I'm No Angel","","","yes","850593","",""
"Road Trip","Free","The Head And The Heart","All We Ever Knew","","","yes","125970801","",""
"Road Trip","Free","The Kinks","Lola (Remastered 2014)","","","yes","3810897182","",""
"Road Trip","Free","The Kinks","Waterloo Sunset","","","yes","3802993412","",""
"Road Trip","Free","The Lumineers","Ophelia","","","yes","757235122","",""
"Road Trip","Free","The Monkees","I'm a Believer (2006 Remaster)","","","yes","764920","",""
"Road Trip","Free","The National Parks","Wildflower","","","yes","867876572","",""
"Road Trip","Free","The Only Ones","Another Girl Another Planet","","","yes","2170005","",""
"Road Trip","Free","The Outlaws","Green Grass & High Tides (Remastered)","","","yes","1043323","",""
"Road Trip","Free","The Pretty Reckless","Harley Darling","","","yes","1233234292","",""
"Road Trip","Free","The Proclaimers","I'm Gonna Be (500 Miles)","","","yes","3111030","",""
"Road Trip","Free","The Record Company","Highway Lady","","","yes","2356442365","",""
"Road Trip","Free","The Replacements","Can't Hardly Wait (2020 Remaster)","","","yes","1081171672","",""
"Road Trip","Free","The Rolling Stones","Beast Of Burden (Remastered 1994)","","","yes","14458095","",""
"Road Trip","Free","The Rolling Stones","In The Stars","","","yes","4132758331","",""
"Road Trip","Free","The Rolling Stones","Start Me Up (Remastered 2009)","","","yes","4125592","",""
"Road Trip","Free","The Rolling Stones","Sympathy For The Devil","","","yes","9956063","",""
"Road Trip","Free","The Shins","Simple Song","","","yes","16934950","",""
"Road Trip","Free","The Stranglers","Golden Brown","","","yes","3152622","",""
"Road Trip","Free","The Strokes","Last Nite","","","yes","15615270","",""
"Road Trip","Free","The Strokes","Machu Picchu","","","yes","10101601","",""
"Road Trip","Free","The Strokes","Reptilia","","","yes","14880812","",""
"Road Trip","Free","The Strokes","Someday","","","yes","15615269","",""
"Road Trip","Free","The Strokes","The Adults Are Talking","","","yes","921027292","",""
"Road Trip","Free","The Temper Trap","Sweet Disposition","","","yes","3822464","",""
"Road Trip","Free","The Traveling Wilburys","End Of The Line","","","yes","125974205","",""
"Road Trip","Free","The Vaccines","If You Wanna","","","yes","941198002","",""
"Road Trip","Free","The Vaccines","Post Break-Up Sex","","YES","no - explicit","941198052","",""
"Road Trip","Free","The Verve","Sonnet","","","yes","398570652","",""
"Road Trip","Free","The War On Drugs","Wasted","","","yes","1518911112","",""
"Road Trip","Free","The Weeknd","Take My Breath (Single Version)","","","yes","1457107762","",""
"Road Trip","Free","The White Stripes","Seven Nation Army","","","yes","1153182282","",""
"Road Trip","Free","The Wombats","Greek Tragedy (Oliver Nelson TikTok Remix)","","","yes","1205212482","",""
"Road Trip","Free","The Wrecks","Favorite Liar","","","yes","141822155","",""
"Road Trip","Free","Third Eye Blind","Semi-Charmed Life","","","yes","366916761","",""
"Road Trip","Free","Tina Turner","The Best","","","yes","3142379","",""
"Road Trip","Free","Tina Turner","What's Love Got to Do with It","","","yes","3120266","",""
"Road Trip","Free","Tom Odell","Another Love","","YES","no - explicit","65723649","",""
"Road Trip","Free","Tom Petty","Love Is A Long Road","","","yes","2303729","",""
"Road Trip","Free","Tom Petty And The Heartbreakers","American Girl","","","yes","588236252","",""
"Road Trip","Free","Tom Waits","Ol' 55","","","yes","447698162","",""
"Road Trip","Free","Tourist","We Stayed Up All Night","","","yes","1225177072","",""
"Road Trip","Free","Tracy Chapman","Fast Car","","","yes","2271563","",""
"Road Trip","Free","Twenty One Pilots","Level of Concern","","","yes","926340752","",""
"Road Trip","Free","Two Door Cinema Club","What You Know","","","yes","3025869961","",""
"Road Trip","Free","Two Feet","Fire In My Head","","","yes","1875452557","",""
"Road Trip","Free","Tyla","Water","","","yes","2381294455","",""
"Road Trip","Free","Tyler Bryant & The Shakedown","Sho Been Worse","","","yes","2125579767","",""
"Road Trip","Free","Uncle Kracker","Drift Away","","","yes","661836","",""
"Road Trip","Free","Vampire Weekend","Capricorn","","","yes","2660011372","",""
"Road Trip","Free","Vampire Weekend","Harmony Hall","","","yes","622127052","",""
"Road Trip","Free","Vampire Weekend","This Life","","","yes","672770882","",""
"Road Trip","Free","Van Halen","Jump (2015 Remaster)","","","yes","97098410","",""
"Road Trip","Free","Van Halen","Panama (2015 Remaster)","","","yes","97098412","",""
"Road Trip","Free","Vance Joy","Riptide","","","yes","83841464","",""
"Road Trip","Free","Vanessa Carlton","A Thousand Miles","","","yes","983832","",""
"Road Trip","Free","WALK THE MOON","Anna Sun","","","yes","34792281","",""
"Road Trip","Free","WALK THE MOON","Shut Up and Dance","","","yes","90326361","",""
"Road Trip","Free","WALK THE MOON","Work This Body","","","yes","90326371","",""
"Road Trip","Free","Warren Zeiders","God Only Knows","","","yes","2305066765","",""
"Road Trip","Free","Warren Zevon","Werewolves of London","","","yes","773638","",""
"Road Trip","Free","Waxahatchee","Crowbar","","","yes","2582917872","",""
"Road Trip","Free","Weathers","Happy Pills","","","yes","125972419","",""
"Road Trip","Free","Weezer","Island In The Sun","","","yes","2544628","",""
"Road Trip","Free","Wet Leg","pokemon","","","yes","3285890771","",""
"Road Trip","Free","Wet Willie","Keep On Smilin'","","","yes","4707629","",""
"Road Trip","Free","Whitney Houston","How Will I Know","","","yes","5181151","",""
"Road Trip","Free","Widespread Panic","Ain't Life Grand","","","yes","76189787","",""
"Road Trip","Free","Wilco","Evicted","","","yes","2459278945","",""
"Road Trip","Free","Wilco","Love Is Everywhere (Beware)","","","yes","2310023105","",""
"Road Trip","Free","Wild Cub","Thunder Clatter","","","yes","3876551501","",""
"Road Trip","Free","Wilderado","Take Some Time","","","yes","1900201727","",""
"Road Trip","Free","Winnetka Bowling League","Slow Dances","","","yes","655324822","",""
"Road Trip","Free","WizTheMc","Show Me Love","","","yes","3187953971","",""
"Road Trip","Free","Xavier Polycarpe","Life on Blue","","","yes","3048349871","",""
"Road Trip","Free","Yael Naim","New Soul","","","yes","605635722","",""
"Road Trip","Free","Yes","Owner of a Lonely Heart","","","yes","3613215","",""
"Road Trip","Free","Yoa","Moi","","","yes","3923487151","",""
"Road Trip","Free","Young The Giant","Heat of the Summer","","","yes","565639062","",""
"Road Trip","Free","Zach Bryan","East Side of Sorrow","","YES","no - explicit","2417266215","",""
"Road Trip","Free","Zara Larsson","Lush Life","","","yes","144389048","",""
"Songs from Movies","Free","*NSYNC","Better Place (From TROLLS Band Together)","Trolls Band Together","","yes","2470902971","",""
"Songs from Movies","Free","*NSYNC","Bye Bye Bye","Deadpool & Wolverine","","yes","2930817891","",""
"Songs from Movies","Free","2CELLOS","Misirlou (Theme From Pulp Fiction)","Pulp Fiction","","yes","12241561","",""
"Songs from Movies","Free","4*TOWN (From Disney and Pixar’s Turning Red)","Nobody Like U","Turning Red","","yes","1675161847","",""
"Songs from Movies","Free","a-ha","The Living Daylights","The Living Daylights","","yes","4094807","",""
"Songs from Movies","Free","Aaron Tveit","Do You Hear The People Sing?","Les Misérables","","yes","392046272","",""
"Songs from Movies","Free","ABBA","Dancing Queen","Mamma Mia","","yes","884025","",""
"Songs from Movies","Free","ABBA","Gimme! Gimme! Gimme! (A Man After Midnight)","Mamma Mia!","","yes","884041","",""
"Songs from Movies","Free","ABBA","Lay All Your Love On Me","Mamma Mia","","yes","76376863","",""
"Songs from Movies","Free","ABBA","Mamma Mia","Mamma Mia","","yes","884030","",""
"Songs from Movies","Free","ABBA","Super Trouper","Mamma Mia","","yes","884033","",""
"Songs from Movies","Free","ABBA","Take A Chance On Me","Mamma Mia","","yes","884028","",""
"Songs from Movies","Free","ABBA","The Winner Takes It All","Mamma Mia","","yes","884035","",""
"Songs from Movies","Free","ABBA","Voulez-Vous","Mamma Mia","","yes","884040","",""
"Songs from Movies","Free","Adam Levine","Lost Stars","Begin Again","","yes","100004610","",""
"Songs from Movies","Free","Adele","Skyfall","Skyfall","","yes","82715364","",""
"Songs from Movies","Free","Aerosmith","I Don't Want to Miss a Thing (From ""Armageddon"" Soundtrack)","Armageddon","","yes","70631608","",""
"Songs from Movies","Free","American Authors","Best Day Of My Life","The Secret Life of Walter Mitty","","yes","75711295","",""
"Songs from Movies","Free","Andy Williams","Moon River (From ""Breakfast at Tiffany's"")","Breakfast at Tiffany's","","yes","1080849","",""
"Songs from Movies","Free","Angela Lansbury","Beauty and the Beast","Beauty and the Beast","","yes","2381496005","",""
"Songs from Movies","Free","Anna Kendrick","Cups (Pitch Perfect’s “When I’m Gone”) (Pop Version)","Pitch Perfect","","yes","1007284052","",""
"Songs from Movies","Free","Anna Kendrick","True Colors (Film Version)","Trolls","","yes","132635828","",""
"Songs from Movies","Free","Anne Hathaway","I Dreamed A Dream (From ""Les Misérables"")","Les Misérables","","yes","63041537","",""
"Songs from Movies","Free","Anthony Gonzalez","Un Poco Loco","Coco","","yes","424600042","",""
"Songs from Movies","Free","Ariana DeBose","This Wish","Wish","","yes","2536769101","",""
"Songs from Movies","Free","Ariana Grande","Beauty and the Beast","Beauty and the Beast","","yes","144130194","",""
"Songs from Movies","Free","Ariana Grande","Popular","Wicked","","yes","3100316021","",""
"Songs from Movies","Free","Ariana Grande","What Is This Feeling?","Wicked","","yes","3100315991","",""
"Songs from Movies","Free","Auli'i Cravalho","How Far I'll Go","Moana","","yes","136340808","",""
"Songs from Movies","Free","B. J. Thomas","Raindrops Keep Fallin' On My Head","Butch Cassidy and the Sundance Kid","","yes","108312866","",""
"Songs from Movies","Free","Bananarama","Cruel Summer","The Karate Kid","","yes","421388782","",""
"Songs from Movies","Free","Barbra Streisand","Evergreen (Love Theme from ""A Star Is Born"")","A Star Is Born","","yes","848945","",""
"Songs from Movies","Free","Becky G","The Fire Inside (From The Original Motion Picture ""Flamin' Hot"")","Flamin' Hot","","yes","2296315475","",""
"Songs from Movies","Free","Bee Gees","Night Fever (From ""Saturday Night Fever"" Soundtrack)","Saturday Night Fever","","yes","139138751","",""
"Songs from Movies","Free","Bee Gees","Stayin Alive","Saturday Night Fever","","yes","139138743","",""
"Songs from Movies","Free","Bee Gees","You Should Be Dancing","Saturday Night Fever","","yes","350027741","",""
"Songs from Movies","Free","Ben E. King","Stand By Me","Stand By Me","","yes","136710424","",""
"Songs from Movies","Free","Berlin","Take My Breath Away (Love Theme from ""Top Gun"")","Top Gun","","yes","7675055","",""
"Songs from Movies","Free","Bette Midler","Wind Beneath My Wings","Beaches","","yes","3616256","",""
"Songs from Movies","Free","Beyoncé","Be Alive (Original Song from the Motion Picture ""King Richard"")","King Richard","","yes","1549017842","",""
"Songs from Movies","Free","Beyoncé","SPIRIT (From Disney's ""The Lion King"")","The Lion King","","yes","715555892","",""
"Songs from Movies","Free","Big Mountain","Baby, I Love Your Way","Reality Bites","","yes","846215","",""
"Songs from Movies","Free","Bill Medley","(I've Had) The Time Of My Life (theme from the motion picture ""Dirty Dancing"")","Dirty Dancing","","yes","93592720","",""
"Songs from Movies","Free","Bill Withers","Lean on Me","Lean on Me","","yes","7634915","",""
"Songs from Movies","Free","Billie Eilish","No Time To Die","No Time to Die","","yes","877873612","",""
"Songs from Movies","Free","Billie Eilish","What Was I Made For? (From The Motion Picture ""Barbie"")","Barbie","","yes","2373296565","",""
"Songs from Movies","Free","Blackway","What's Up Danger","Spider-Man: Into the Spider-Verse","","yes","602456542","",""
"Songs from Movies","Free","blink-182","All The Small Things","American Pie","","yes","127354207","",""
"Songs from Movies","Free","Blondie","Call Me","American Gigolo","","yes","3121749","",""
"Songs from Movies","Free","Blue Öyster Cult","(Don't Fear) The Reaper","Halloween","","yes","82692320","",""
"Songs from Movies","Free","Blue Swede","Hooked On A Feeling","Guardians of the Galaxy","","yes","3402413","",""
"Songs from Movies","Free","Bob Seger & The Silver Bullet Band","Old Time Rock & Roll","Risky Business","","yes","2548061582","",""
"Songs from Movies","Free","Bruce Springsteen","Streets of Philadelphia","Philadelphia","","yes","900973","",""
"Songs from Movies","Free","Carlos Vives","Colombia, Mi Encanto","Encanto","","yes","1550821812","",""
"Songs from Movies","Free","Carmen Twillie","Circle of Life","The Lion King","","yes","24307571","",""
"Songs from Movies","Free","Carolina Gaitán - La Gaita","We Don't Talk About Bruno","Encanto","","yes","1550821762","",""
"Songs from Movies","Free","Cee-Lo","Kung Fu Fighting","Kung Fu Panda","","yes","623727802","",""
"Songs from Movies","Free","Céline Dion","All By Myself","Bridget Jones's Diary","","yes","714269242","",""
"Songs from Movies","Free","Céline Dion","Ashes (from ""Deadpool 2"" Motion Picture Soundtrack)","Deadpool 2","","yes","495635702","",""
"Songs from Movies","Free","Céline Dion","Beauty and the Beast (from the Soundtrack ""Beauty and the Beast"")","Beauty and the Beast","","yes","1016712","",""
"Songs from Movies","Free","Céline Dion","Because You Loved Me (Theme from ""Up Close and Personal"")","Up Close and Personal","","yes","14552288","",""
"Songs from Movies","Free","Céline Dion","My Heart Will Go On (Love Theme from ""Titanic"")","Titanic","","yes","14552280","",""
"Songs from Movies","Free","Charli xcx","Boom Clap","The Fault in Our Stars","","yes","79590714","",""
"Songs from Movies","Free","Charli xcx","Speed Drive (From Barbie The Album)","Barbie","","yes","2346329675","",""
"Songs from Movies","Free","Cher","Believe","The Polar Express","","yes","786717","",""
"Songs from Movies","Free","Cher","The Shoop Shoop Song (It's In His Kiss)","Mermaids","","yes","540169472","",""
"Songs from Movies","Free","Chris Cornell","You Know My Name (From ""Casino Royale"" Soundtrack)","Casino Royale","","yes","584262412","",""
"Songs from Movies","Free","Christina Aguilera","Reflection (2020) (From ""Mulan"")","Mulan","","yes","1061381302","",""
"Songs from Movies","Free","Christina Perri","a thousand years","The Twilight Saga: Breaking Dawn","","yes","14499484","",""
"Songs from Movies","Free","Christopher Cross","Arthur's Theme (Best That You Can Do)","Arthur","","yes","3872734","",""
"Songs from Movies","Free","Chuck Berry","You Never Can Tell","Pulp Fiction","","yes","646290952","",""
"Songs from Movies","Free","Coldplay","Atlas (From “The Hunger Games: Catching Fire” Soundtrack)","The Hunger Games: Catching Fire","","yes","70412451","",""
"Songs from Movies","Free","Counting Crows","Accidentally In Love (From ""Shrek 2"" Soundtrack)","Shrek 2","","yes","145425722","",""
"Songs from Movies","Free","Cyndi Lauper","The Goonies 'R' Good Enough (From ""The Goonies"" Soundtrack)","The Goonies","","yes","7398947","",""
"Songs from Movies","Free","Cynthia Erivo","Defying Gravity","Wicked","","yes","3100316061","",""
"Songs from Movies","Free","Cynthia Erivo","Stand Up (from Harriet)","Harriet","","yes","923233352","",""
"Songs from Movies","Free","Daryl Hall & John Oates","You Make My Dreams (Come True)","500 Days of Summer","","yes","546004","",""
"Songs from Movies","Free","David Guetta","Titanium (feat. Sia)","Battleship","","yes","62847142","",""
"Songs from Movies","Free","DeBarge","Rhythm Of The Night","The Last Dragon","","yes","75392184","",""
"Songs from Movies","Free","Def Leppard","Pour Some Sugar On Me","Rock of Ages","","yes","447552822","",""
"Songs from Movies","Free","Denez Prigent","Gortoz A Ran","Black Hawk Down","","yes","548844302","",""
"Songs from Movies","Free","Deniece Williams","Let's Hear It for the Boy (From ""Footloose"" Soundtrack)","Footloose","","yes","134012980","",""
"Songs from Movies","Free","Derek & The Dominos","Layla","Goodfellas","","yes","1175612","",""
"Songs from Movies","Free","Des'ree","I'm Kissing You","Romeo + Juliet","","yes","866832","",""
"Songs from Movies","Free","Diane Guerrero","What Else Can I Do?","Encanto","","yes","1550821772","",""
"Songs from Movies","Free","Diddy","I'll Be Missing You (feat. Faith Evans & 112) (2014 Remaster)","No Way Out","","yes","82487070","",""
"Songs from Movies","Free","Dido","Thank You","Sliding Doors","","yes","962173","",""
"Songs from Movies","Free","Dire Straits","Money for Nothing","Kingsman: The Secret Service","","yes","84885581","",""
"Songs from Movies","Free","Disney","Zoo (From ""Zootopia 2"")","Zootopia 2","","yes","3589406821","",""
"Songs from Movies","Free","Dolly Parton","9 to 5","9 to 5","","yes","992937","",""
"Songs from Movies","Free","Dominic Fike","Mona Lisa (Spider-Man: Across the Spider-Verse)","Spider-Man: Across the Spider-Verse","","yes","2306468735","",""
"Songs from Movies","Free","Donna Summer","Last Dance","Thank God It's Friday","","yes","538708842","",""
"Songs from Movies","Free","Donny Osmond","I'll Make a Man Out of You","Mulan","","yes","1377537512","",""
"Songs from Movies","Free","Dua Lipa","Dance The Night (From Barbie The Album)","Barbie","","yes","2299840635","",""
"Songs from Movies","Free","Dua Lipa","Swan Song (From the Motion Picture ""Alita: Battle Angel"")","Alita: Battle Angel","","yes","620692342","",""
"Songs from Movies","Free","Duran Duran","A View to a Kill","A View to a Kill","","yes","3130429","",""
"Songs from Movies","Free","Dusty Springfield","The Look Of Love","Casino Royale","","yes","137751717","",""
"Songs from Movies","Free","Dwayne Johnson","You're Welcome","Moana","","yes","136340814","",""
"Songs from Movies","Free","Echo and the Bunnymen","Bring on the Dancing Horses","Pretty in Pink","","yes","751146","",""
"Songs from Movies","Free","Ed Sheeran","All of the Stars","The Fault in Our Stars","","yes","2833935152","",""
"Songs from Movies","Free","Eddie Vedder","Society","Into the Wild","","yes","407643972","",""
"Songs from Movies","Free","Electric Light Orchestra","Mr. Blue Sky","Guardians of the Galaxy","","yes","112662184","",""
"Songs from Movies","Free","Electric Light Orchestra","Xanadu feat Olivia Newton-John","Xanadu","","yes","144469622","",""
"Songs from Movies","Free","Ellie Goulding","Love Me Like You Do (From ""Fifty Shades Of Grey"")","Fifty Shades of Grey","","yes","111780476","",""
"Songs from Movies","Free","Elton John","(I'm Gonna) Love Me Again","Rocketman","","yes","682049832","",""
"Songs from Movies","Free","Elton John","Can You Feel the Love Tonight","The Lion King","","yes","3117869","",""
"Songs from Movies","Free","Elton John","I'm Still Standing","Sing","","yes","1171163","",""
"Songs from Movies","Free","Elton John","Tiny Dancer","Almost Famous","","yes","1151503","",""
"Songs from Movies","Free","Elton John","Your Song","Moulin Rouge!","","yes","880181","",""
"Songs from Movies","Free","Elvis Costello","She","Notting Hill","","yes","62471842","",""
"Songs from Movies","Free","Elvis Presley","Hound Dog","Elvis","","yes","17479889","",""
"Songs from Movies","Free","Emiliana Torrini","Gollum's Song","The Lord of the Rings: The Two Towers","","yes","783658","",""
"Songs from Movies","Free","Emily Blunt","The Place Where Lost Things Go","Mary Poppins Returns","","yes","598759712","",""
"Songs from Movies","Free","Eminem","Lose Yourself","8 Mile","YES","no - explicit","1109731","",""
"Songs from Movies","Free","Emma Stone","Audition (The Fools Who Dream)","La La Land","","yes","137727933","",""
"Songs from Movies","Free","Emma Stone","Someone In The Crowd","La La Land","","yes","137727913","",""
"Songs from Movies","Free","Eric Carmen","Hungry Eyes (From ""Dirty Dancing"" Soundtrack)","Dirty Dancing","","yes","13128242","",""
"Songs from Movies","Free","Eric Weissberg","Dueling Banjos","Deliverance","","yes","724941","",""
"Songs from Movies","Free","Fall Out Boy","Immortals","Big Hero 6","","yes","92872170","",""
"Songs from Movies","Free","Fergie","A Little Party Never Killed Nobody (All We Got) (Paige Festival Remix)","The Great Gatsby","","yes","69272693","",""
"Songs from Movies","Free","Fun.","We Are Young (feat. Janelle Monáe)","The Perks of Being a Wallflower","","yes","16501728","",""
"Songs from Movies","Free","Galt MacDermot","Aquarius","Hair","","yes","967017","",""
"Songs from Movies","Free","Gene Wilder","Pure Imagination (From ""Willy Wonka & The Chocolate Factory"" Soundtrack)","Willy Wonka and the Chocolate Factory","","yes","2122407","",""
"Songs from Movies","Free","Glen Hansard","Falling Slowly","Once","","yes","15439785","",""
"Songs from Movies","Free","Glenn Frey","The Heat Is On (From ""Beverly Hills Cop"" Soundtrack)","Beverly Hills Cop","","yes","471585092","",""
"Songs from Movies","Free","Gloria Gaynor","I Will Survive (1981 Re-recording)","The First Wives Club","","yes","10769094","",""
"Songs from Movies","Free","Green Day","21 Guns","Transformers: Revenge of the Fallen","","yes","3087241","",""
"Songs from Movies","Free","Guns N' Roses","Live And Let Die","Live and Let Die","","yes","1169676","",""
"Songs from Movies","Free","Guns N' Roses","You Could Be Mine","Terminator 2","","yes","505510312","",""
"Songs from Movies","Free","H.E.R.","Fight For You (From the Original Motion Picture ""Judas and the Black Messiah"")","Judas and the Black Messiah","","yes","1239056682","",""
"Songs from Movies","Free","Haddaway","What Is Love (7” Mix)","A Night at the Roxbury","","yes","3786149242","",""
"Songs from Movies","Free","Halsey","Could Have Been Me","Sing 2","","yes","1584913472","",""
"Songs from Movies","Free","Hans Zimmer","Hoist the Colours (From ""Pirates of the Caribbean: At World's End""/Soundtrack Version)","Pirates of the Caribbean","","yes","4234123","",""
"Songs from Movies","Free","Harry Belafonte","Banana Boat (Day-O)","Beetlejuice","","yes","1075589","",""
"Songs from Movies","Free","Harry Belafonte","Jump in the Line","Beetlejuice","","yes","959903","",""
"Songs from Movies","Free","Harry Connick Jr.","It Had to Be You (Big Band and Vocals)","When Harry Met Sally","","yes","1055631","",""
"Songs from Movies","Free","Harry Nilsson","Everybody's Talkin' (From ""Midnight Cowboy"")","Midnight Cowboy","","yes","417842972","",""
"Songs from Movies","Free","Henry Mancini","Moon River","Breakfast at Tiffany's","","yes","3813527482","",""
"Songs from Movies","Free","Huey Lewis & The News","Hip To Be Square","American Psycho","","yes","3121967","",""
"Songs from Movies","Free","Huey Lewis & The News","The Power Of Love","Back to the Future","","yes","3116046","",""
"Songs from Movies","Free","Hugh Jackman","From Now On","The Greatest Showman","","yes","435175552","",""
"Songs from Movies","Free","Hugh Jackman","Suddenly","Les Misérables","","yes","63041541","",""
"Songs from Movies","Free","Hugh Jackman","The Greatest Show","The Greatest Showman","","yes","435175452","",""
"Songs from Movies","Free","HUNTR/X","Golden","KPop Demon Hunters","","yes","3412534581","",""
"Songs from Movies","Free","HUNTR/X","How It’s Done","KPop Demon Hunters","","yes","3412534551","",""
"Songs from Movies","Free","Idina Menzel","Into the Unknown","Frozen 2","","yes","803932592","",""
"Songs from Movies","Free","Idina Menzel","Let It Go (From ""Frozen""/Soundtrack Version)","Frozen","","yes","72371930","",""
"Songs from Movies","Free","Idina Menzel","Show Yourself","Frozen 2","","yes","803932632","",""
"Songs from Movies","Free","Imagine Dragons","Demons","The Host","","yes","58071451","",""
"Songs from Movies","Free","INXS","Good Times (with Jimmy Barnes)","The Lost Boys","","yes","14617160","",""
"Songs from Movies","Free","Irene Cara","Fame","Fame","","yes","647797132","",""
"Songs from Movies","Free","Irene Cara","Flashdance...What a Feeling (Radio Edit)","Flashdance","","yes","62419007","",""
"Songs from Movies","Free","Isaac Hayes","Theme From ""Shaft"" (Remastered 1991 Album Version)","Shaft","","yes","2191765","",""
"Songs from Movies","Free","Jack Black","Peaches","The Super Mario Bros. Movie","","yes","2208355417","",""
"Songs from Movies","Free","Jackson Browne","Somebody's Baby","Fast Times at Ridgemont High","","yes","6620918","",""
"Songs from Movies","Free","James Brown","Living in America (From ""Rocky IV"" Soundtrack)","Rocky IV","","yes","576436","",""
"Songs from Movies","Free","James Newton Howard","The Hanging Tree (From ""The Hunger Games: Mockingjay"" Soundtrack)","The Hunger Games: Mockingjay","","yes","90379179","",""
"Songs from Movies","Free","Jason Segel","Man Or Muppet","The Muppets","","yes","14457236","",""
"Songs from Movies","Free","Jay Rock","King's Dead","Black Panther","YES","no - explicit","456965102","",""
"Songs from Movies","Free","JAŸ-Z","No Church In The Wild (Album Version Edited)","The Great Gatsby","","yes","65601534","",""
"Songs from Movies","Free","Jemaine Clement","Shiny","Moana","","yes","136340816","",""
"Songs from Movies","Free","Jennifer Hudson","Love You I Do","Dreamgirls","","yes","13785214","",""
"Songs from Movies","Free","Jennifer Hudson","Memory (From The Motion Picture Soundtrack ""Cats"")","Cats","","yes","826858182","",""
"Songs from Movies","Free","Jerry Lee Lewis","Great Balls Of Fire","Great Balls of Fire","","yes","2298341","",""
"Songs from Movies","Free","Jessica Darrow","Surface Pressure","Encanto","","yes","1550821752","",""
"Songs from Movies","Free","Jessie J","Flashlight (From ""Pitch Perfect 2"" Soundtrack)","Pitch Perfect 2","","yes","105708778","",""
"Songs from Movies","Free","Jimmy Cliff","I Can See Clearly Now","Cool Runnings","","yes","830196","",""
"Songs from Movies","Free","Jodi Benson","Part of Your World","The Little Mermaid","","yes","145187390","",""
"Songs from Movies","Free","Joe Cocker","Up Where We Belong (From ""An Officer And A Gentleman"")","An Officer And A Gentleman","","yes","906585","",""
"Songs from Movies","Free","John Parr","St. Elmos Fire (Man in Motion)","St. Elmo's Fire - Music From The","","yes","6410074","",""
"Songs from Movies","Free","John Travolta","You're The One That I Want (From “Grease”)","Grease","","yes","781563062","",""
"Songs from Movies","Free","John Williams","Double Trouble","Harry Potter and the Prisoner of Azkaban","","yes","2794919","",""
"Songs from Movies","Free","John Williams","We Go Together","Grease","","yes","831930952","",""
"Songs from Movies","Free","Jorge Drexler","Al otro lado del río","The Motorcycle Diaries","","yes","3860459","",""
"Songs from Movies","Free","Josh Groban","Evermore","Beauty and the Beast","","yes","144130196","",""
"Songs from Movies","Free","Journey","Any Way You Want It (2024 Remaster)","Rock of Ages","","yes","534466","",""
"Songs from Movies","Free","Journey","Only the Young (2024 Remaster)","Vision Quest","","yes","534461","",""
"Songs from Movies","Free","Judy Garland","Over the Rainbow","The Wizard of Oz","","yes","5283333","",""
"Songs from Movies","Free","Judy Kuhn","Colors of the Wind","Pocahontas","","yes","122832120","",""
"Songs from Movies","Free","Judy Kuhn","Just Around the Riverbend","Pocahontas","","yes","122832110","",""
"Songs from Movies","Free","Juice Newton","Angel Of The Morning","Deadpool","","yes","3127743","",""
"Songs from Movies","Free","Julie Fowlis","Touch The Sky","Brave","","yes","35087811","",""
"Songs from Movies","Free","Justin Timberlake","CAN'T STOP THE FEELING! (from DreamWorks Animation's ""TROLLS"")","Trolls","","yes","132635814","",""
"Songs from Movies","Free","Karla Devito","We Are Not Alone","The Breakfast Club","","yes","2514044","",""
"Songs from Movies","Free","Katy Perry","Roar","Katy Perry: Part of Me","","yes","71645431","",""
"Songs from Movies","Free","Kavinsky","Nightcall","Drive","","yes","62496771","",""
"Songs from Movies","Free","Keala Settle","This Is Me","The Greatest Showman","","yes","435175512","",""
"Songs from Movies","Free","Kendrick Lamar","All The Stars (From ""Black Panther: The Album"")","Black Panther","YES","no - explicit","456965032","",""
"Songs from Movies","Free","Kenny Loggins","Danger Zone (From ""Top Gun"" Original Soundtrack)","Top Gun","","yes","7675051","",""
"Songs from Movies","Free","Kenny Loggins","Footloose (From ""Footloose"" Soundtrack)","Footloose","","yes","134012978","",""
"Songs from Movies","Free","Kenny Loggins","I'm Alright (Theme from ""Caddyshack"")","Caddyshack","","yes","91018575","",""
"Songs from Movies","Free","Kenny Loggins","I'm Free (Heaven Helps the Man) (From ""Footloose"" Soundtrack)","Footloose","","yes","91018581","",""
"Songs from Movies","Free","Kenny Loggins","Playing with the Boys (From ""Top Gun"" Original Soundtrack)","Top Gun","","yes","7675053","",""
"Songs from Movies","Free","Kenny Rogers & The First Edition","Just Dropped In (To See What Condition My Condition Is In)","The Big Lebowski","","yes","78479821","",""
"Songs from Movies","Free","Kermit","Rainbow Connection (From ""The Muppet Movie""/Soundtrack Version)","The Muppet Movie","","yes","69703332","",""
"Songs from Movies","Free","Kristen Bell","Do You Want to Build a Snowman? (From ""Frozen""/Soundtrack Version)","Frozen","","yes","72371923","",""
"Songs from Movies","Free","Kristen Bell","For the First Time in Forever (From ""Frozen""/Soundtrack Version)","Frozen","","yes","72371927","",""
"Songs from Movies","Free","Kristen Bell","Love Is an Open Door (From ""Frozen""/Soundtrack Version)","Frozen","","yes","72371928","",""
"Songs from Movies","Free","Kristen Bell","Some Things Never Change","Frozen 2","","yes","803932582","",""
"Songs from Movies","Free","La La Land Cast","Another Day Of Sun","La La Land","","yes","137727911","",""
"Songs from Movies","Free","Lady Gaga","Always Remember Us This Way","A Star Is Born","","yes","561856792","",""
"Songs from Movies","Free","Lady Gaga","Hold My Hand","Top Gun: Maverick","","yes","1738831217","",""
"Songs from Movies","Free","Lady Gaga","I'll Never Love Again (Film Version - Radio Edit)","A Star Is Born","","yes","561894232","",""
"Songs from Movies","Free","Lady Gaga","Shallow","A Star Is Born","","yes","561856742","",""
"Songs from Movies","Free","Lana Del Rey","Young And Beautiful","The Great Gatsby","","yes","66660698","",""
"Songs from Movies","Free","Lea Salonga","A Whole New World","Aladdin","","yes","120917666","",""
"Songs from Movies","Free","Leslie Odom Jr.","Wait for It","Hamilton","","yes","107832292","",""
"Songs from Movies","Free","Lil Wayne","Scared of the Dark","Spider-Man: Into the Spider-Verse","","yes","602456642","",""
"Songs from Movies","Free","Limahl","Never Ending Story","The NeverEnding Story","","yes","4615481","",""
"Songs from Movies","Free","Lin-Manuel Miranda","My Shot","Hamilton","YES","no - explicit","107832272","",""
"Songs from Movies","Free","Lin-Manuel Miranda","We Know The Way (Finale)","Moana","","yes","136340824","",""
"Songs from Movies","Free","Lindsey Buckingham","Holiday Road (National Lampoon's Vacation)","National Lampoon's Vacation","","yes","104095200","",""
"Songs from Movies","Free","Lionel Richie","All Night Long (All Night)","The Wedding Singer","","yes","917931","",""
"Songs from Movies","Free","Lionel Richie","Endless Love (From ""The Endless Love"" Soundtrack)","The Endless Love","","yes","906584","",""
"Songs from Movies","Free","Lionel Richie","Say You, Say Me","White Nights","","yes","905697","",""
"Songs from Movies","Free","Lisa Loeb","Stay (I Missed You)","Reality Bites","","yes","393731742","",""
"Songs from Movies","Free","Lizzo","Pink","Barbie","","yes","2373296465","",""
"Songs from Movies","Free","Lorde","Yellow Flicker Beat","The Hunger Games: Mockingjay – Part 1","","yes","86836305","",""
"Songs from Movies","Free","Loren Allred","Never Enough","The Greatest Showman","","yes","435175502","",""
"Songs from Movies","Free","Los Lobos","La Bamba","La Bamba","","yes","3819736","",""
"Songs from Movies","Free","Lou Gramm","Lost in the Shadows (The Lost Boys)","The Lost Boys","","yes","14617161","",""
"Songs from Movies","Free","Louis Armstrong","We Have All The Time In The World (Remastered 2003)","On Her Majesty's Secret Service","","yes","3169677","",""
"Songs from Movies","Free","Lynyrd Skynyrd","Sweet Home Alabama","Sweet Home Alabama","","yes","24949681","",""
"Songs from Movies","Free","Mandy Moore","I See the Light (From ""Tangled"" / Soundtrack Version)","Tangled","","yes","7599985","",""
"Songs from Movies","Free","Mandy Moore","When Will My Life Begin? (From ""Tangled"" / Soundtrack Version)","Tangled","","yes","7599979","",""
"Songs from Movies","Free","Marc Scibilia","Bittersweet Symphony","Cruel Intentions","","yes","2817899672","",""
"Songs from Movies","Free","Mark Keali'i Ho'omalu","He Mele No Lilo (From ""Lilo & Stitch""/Soundtrack Version)","Lilo & Stitch","","yes","1383448442","",""
"Songs from Movies","Free","Marvin Gaye","Ain't No Mountain High Enough","Remember the Titans","","yes","646327092","",""
"Songs from Movies","Free","Marvin Gaye","I Heard It Through The Grapevine","The Big Chill","","yes","132196486","",""
"Songs from Movies","Free","Meryl Streep","The Winner Takes It All (From ""Mamma Mia!"")","Mamma Mia!","","yes","1579003","",""
"Songs from Movies","Free","Metro Boomin","Am I Dreaming","Spider-Man: Across the Spider-Verse","","yes","2309928755","",""
"Songs from Movies","Free","Metro Boomin","Annihilate (Spider-Man: Across the Spider-Verse)","Spider-Man: Across the Spider-Verse","","yes","2309928745","",""
"Songs from Movies","Free","Michael Andrews","Mad World","Donnie Darko","","yes","83151634","",""
"Songs from Movies","Free","Michael Jackson","Thriller","Thriller","","yes","555639","",""
"Songs from Movies","Free","Michael Sembello","Maniac","Flashdance","","yes","540168502","",""
"Songs from Movies","Free","Mickey & Sylvia","Love Is Strange","Dirty Dancing","","yes","60020871","",""
"Songs from Movies","Free","Miguel","Remember Me (Dúo)","Coco","","yes","419915862","",""
"Songs from Movies","Free","Miley Cyrus","The Climb","Hannah Montana The Movie","","yes","3068073","",""
"Songs from Movies","Free","Moby","Extreme Ways (Bourne's Ultimatum)","The Bourne Ultimatum","","yes","1178950","",""
"Songs from Movies","Free","Modern English","I Melt with You","Valley Girl","","yes","632211062","",""
"Songs from Movies","Free","Nancy Sinatra","These Boots Are Made for Walkin'","Full Metal Jacket","","yes","71323824","",""
"Songs from Movies","Free","Naomi Scott","Speechless (Full)","Aladdin","","yes","682608642","",""
"Songs from Movies","Free","Natasha Bedingfield","Pocketful of Sunshine","Easy A","","yes","15590338","",""
"Songs from Movies","Free","Nathan Lane","Hakuna Matata","The Lion King","","yes","24307621","",""
"Songs from Movies","Free","Neil Diamond","Sweet Caroline","Good Will Hunting","","yes","145434430","",""
"Songs from Movies","Free","Nicki Minaj","Barbie World (with Aqua)","Barbie","","yes","2373296485","",""
"Songs from Movies","Free","Nirvana","Something In The Way","Batman","","yes","13693508","",""
"Songs from Movies","Free","OneRepublic","I Ain't Worried","Top Gun: Maverick","","yes","1764283667","",""
"Songs from Movies","Free","Orchestral Manoeuvres In The Dark","If You Leave","Pretty in Pink","","yes","3156230","",""
"Songs from Movies","Free","Osage Tribal Singers","Wahzhazhe (A Song for My People)","Killers of the Flower Moon","","yes","2465116815","",""
"Songs from Movies","Free","P!nk","Just Like Fire (From the Original Motion Picture ""Alice Through The Looking Glass"")","Alice Through The Looking Glass","","yes","122946174","",""
"Songs from Movies","Free","Patrick Swayze","She's Like the Wind (feat. Wendy Fraser) (From ""Dirty Dancing"" Soundtrack)","Dirty Dancing","","yes","13128241","",""
"Songs from Movies","Free","Paul McCartney","Live And Let Die (Main Title)","Live and Let Die","","yes","5664761","",""
"Songs from Movies","Free","Peter Cetera","Glory of Love","The Karate Kid Part II","","yes","2627636","",""
"Songs from Movies","Free","Peter Gabriel","In Your Eyes","Say Anything","","yes","540503512","",""
"Songs from Movies","Free","Pharrell Williams","Happy (From ""Despicable Me 2"")","Despicable Me 2","","yes","701326562","",""
"Songs from Movies","Free","Phil Collins","A Groovy Kind of Love (2016 Remaster)","Buster","","yes","134036244","",""
"Songs from Movies","Free","Phil Collins","Against All Odds (Take a Look at Me Now) (2016 Remaster)","Against All Odds","","yes","134036426","",""
"Songs from Movies","Free","Phil Collins","You'll Be In My Heart","Tarzan","","yes","561875132","",""
"Songs from Movies","Free","Phillipa Soo","Helpless","Hamilton","","yes","107832286","",""
"Songs from Movies","Free","Pink Floyd","Comfortably Numb","The Wall","","yes","116914122","",""
"Songs from Movies","Free","Pitbull","Feel This Moment (feat. Christina Aguilera)","Turbo","","yes","62083052","",""
"Songs from Movies","Free","Pitbull","Fireball (feat. John Ryan)","Penguins of Madagascar","","yes","81768004","",""
"Songs from Movies","Free","Pixies","Where Is My Mind?","Fight Club","","yes","936899","",""
"Songs from Movies","Free","Post Malone","Sunflower (Spider-Man: Into the Spider-Verse)","Spider-Man: Into the Spider-Verse","","yes","602456552","",""
"Songs from Movies","Free","Prince","1999 (2019 Remaster)","1999","","yes","1172188062","",""
"Songs from Movies","Free","Prince","Batdance","Batman","","yes","3917698","",""
"Songs from Movies","Free","Prince","Kiss","Under the Cherry Moon","","yes","664178","",""
"Songs from Movies","Free","Prince","Let's Go Crazy (2015 Paisley Park Remaster)","Purple Rain","","yes","374282981","",""
"Songs from Movies","Free","Q Lazzarus","Goodbye Horses - Single","The Silence of the Lambs","","yes","372714321","",""
"Songs from Movies","Free","Queen","Bohemian Rhapsody (2011 Remaster)","Bohemian Rhapsody","","yes","568115892","",""
"Songs from Movies","Free","Queen","Don't Stop Me Now","Shaun of the Dead","","yes","1045832272","",""
"Songs from Movies","Free","Queen","I Want It All (Remastered 2011)","Bohemian Rhapsody","","yes","716513482","",""
"Songs from Movies","Free","Queen","Killer Queen (2011 Remaster)","Bohemian Rhapsody","","yes","568115872","",""
"Songs from Movies","Free","Queen","Love Of My Life (Remastered 2011)","Bohemian Rhapsody","","yes","1761616357","",""
"Songs from Movies","Free","Queen","Radio Ga Ga (Remastered 2011)","Bohemian Rhapsody","","yes","716513472","",""
"Songs from Movies","Free","Queen","Somebody To Love (2011 Remaster)","Bohemian Rhapsody","","yes","568115782","",""
"Songs from Movies","Free","Queen","The Show Must Go On (2011 Remaster)","Bohemian Rhapsody","","yes","568116212","",""
"Songs from Movies","Free","Queen","We Are The Champions (Remastered 2011)","Bohemian Rhapsody","","yes","716513442","",""
"Songs from Movies","Free","Queen","We Will Rock You (Remastered 2011)","We Will Rock You","","yes","716513432","",""
"Songs from Movies","Free","Queen","Who Wants To Live Forever (Remastered 2011)","Highlander","","yes","716513532","",""
"Songs from Movies","Free","Rahul Sipligunj","Naatu Naatu","RRR","","yes","3514044081","",""
"Songs from Movies","Free","Randy Newman","We Belong Together (From ""Toy Story 3""/Soundtrack)","Toy Story 3","","yes","6769019","",""
"Songs from Movies","Free","Randy Newman","You've Got a Friend in Me","Toy Story","","yes","6813638","",""
"Songs from Movies","Free","Ray Parker, Jr.","Ghostbusters","Ghostbusters","","yes","128547767","",""
"Songs from Movies","Free","Renee Elise Goldsberry","Satisfied","Hamilton","","yes","107832288","",""
"Songs from Movies","Free","REO Speedwagon","Can't Fight This Feeling","Boogie Nights","","yes","581533","",""
"Songs from Movies","Free","Richard O'Brien","The Time Warp","The Rocky Horror Picture Show","","yes","105469500","",""
"Songs from Movies","Free","Rihanna","Born Again","Black Panther: Wakanda Forever","","yes","2006031307","",""
"Songs from Movies","Free","Rihanna","Lift Me Up (From Black Panther: Wakanda Forever - Music From and Inspired By)","Black Panther: Wakanda Forever","","yes","1988270837","",""
"Songs from Movies","Free","Robert Tepper","No Easy Way Out (From ""Rocky IV"" Soundtrack)","Rocky IV","","yes","576439","",""
"Songs from Movies","Free","Robin Williams","Friend Like Me","Aladdin","","yes","120917660","",""
"Songs from Movies","Free","Ronan Keating","When You Say Nothing At All","Notting Hill","","yes","2461244","",""
"Songs from Movies","Free","Roxette","It Must Have Been Love (From the Film ""Pretty Woman"")","Pretty Woman","","yes","3098301","",""
"Songs from Movies","Free","Roy Orbison","Oh, Pretty Woman","Pretty Woman","","yes","78033230","",""
"Songs from Movies","Free","Ryan Gosling","City Of Stars (From ""La La Land"" Soundtrack)","La La Land","","yes","137727927","",""
"Songs from Movies","Free","Ryan Gosling","I'm Just Ken","Barbie","","yes","2373296535","",""
"Songs from Movies","Free","Sam Smith","Writing's On The Wall (From ""Spectre"" Soundtrack)","Spectre","","yes","107900036","",""
"Songs from Movies","Free","Samantha Barks","On My Own","Les Misérables","","yes","63041545","",""
"Songs from Movies","Free","Samuel E. Wright","Kiss the Girl","The Little Mermaid","","yes","145187400","",""
"Songs from Movies","Free","Samuel E. Wright","Under the Sea","The Little Mermaid","","yes","145187392","",""
"Songs from Movies","Free","Sarah McLachlan","When She Loved Me","Toy Story 2","","yes","13674187","",""
"Songs from Movies","Free","Seal","Kiss from a Rose","Batman Forever","","yes","730428","",""
"Songs from Movies","Free","Sebastián Yatra","Dos Oruguitas","Encanto","","yes","1550821782","",""
"Songs from Movies","Free","Shaggy","Angel","City of Angels","","yes","620264672","",""
"Songs from Movies","Free","Shakira","Try Everything","Zootopia","","yes","586860862","",""
"Songs from Movies","Free","Shalamar","Dancing In the Sheets (From ""Footloose"" Soundtrack)","Footloose","","yes","134012986","",""
"Songs from Movies","Free","Shirley Bassey","Diamonds Are Forever","Diamonds Are Forever","","yes","3124362","",""
"Songs from Movies","Free","Shirley Bassey","Goldfinger","Goldfinger","","yes","3276735","",""
"Songs from Movies","Free","Sia","Elastic Heart (Piano Version)","The Hunger Games: Catching Fire","","yes","99625818","",""
"Songs from Movies","Free","Sia","Unstoppable","The Secret Life of Pets","","yes","134533222","",""
"Songs from Movies","Free","Simon & Garfunkel","Mrs. Robinson","The Graduate","","yes","717247842","",""
"Songs from Movies","Free","Simon & Garfunkel","The Sound of Silence (Electric Version)","The Graduate","","yes","15275788","",""
"Songs from Movies","Free","Simple Minds","Don't You (Forget About Me)","The Breakfast Club","","yes","5079647","",""
"Songs from Movies","Free","Sister Sledge","We Are Family (1995 Remaster)","We Are Family","","yes","846327","",""
"Songs from Movies","Free","Smash Mouth","All Star","Shrek","","yes","917717","",""
"Songs from Movies","Free","Soft Cell","Tainted Love","Coneheads","","yes","7303288","",""
"Songs from Movies","Free","Soul Asylum","Runaway Train (2022 Remaster)","Runaway Train","","yes","1057312","",""
"Songs from Movies","Free","Spandau Ballet","True (Single Edit)","Sixteen Candles","","yes","3130319","",""
"Songs from Movies","Free","Starship","Nothing's Gonna Stop Us Now","Mannequin","","yes","602137932","",""
"Songs from Movies","Free","Stealers Wheel","Stuck In The Middle With You","Reservoir Dogs","","yes","1577612","",""
"Songs from Movies","Free","Stephanie Beatriz","The Family Madrigal","Encanto","","yes","1550821732","",""
"Songs from Movies","Free","Stephanie Beatriz","Waiting On A Miracle","Encanto","","yes","1550821742","",""
"Songs from Movies","Free","Stephen Bishop","It Might Be You (Theme from Tootsie)","Tootsie","","yes","90120289","",""
"Songs from Movies","Free","Steppenwolf","Born To Be Wild","Easy Rider","","yes","540202122","",""
"Songs from Movies","Free","Stevie Wonder","I Just Called To Say I Love You","The Woman in Red","","yes","538709362","",""
"Songs from Movies","Free","Stevie Wonder","Superstition","I, Robot","","yes","596034702","",""
"Songs from Movies","Free","Sufjan Stevens","Visions of Gideon","Call Me by Your Name","","yes","424359162","",""
"Songs from Movies","Free","Survivor","Burning Heart (From ""Rocky IV"" Soundtrack)","Rocky IV","","yes","576423","",""
"Songs from Movies","Free","Survivor","Eye of the Tiger","Rocky III","","yes","576431","",""
"Songs from Movies","Free","Survivor","Man Against the World","Rocky IV","","yes","578105","",""
"Songs from Movies","Free","Talking Heads","Psycho Killer (Live) (2023 Remaster)","Stop Making Sense","","yes","2397688515","",""
"Songs from Movies","Free","Taron Egerton","A Sky Full of Stars","Sing 2","","yes","1584913462","",""
"Songs from Movies","Free","Taylor Swift","Safe & Sound (from The Hunger Games Soundtrack)","The Hunger Games","","yes","16918515","",""
"Songs from Movies","Free","Taylor Swift","Shake It Off","Sing","","yes","602092492","",""
"Songs from Movies","Free","Tears For Fears","Everybody Wants To Rule The World","Real Genius","","yes","88845911","",""
"Songs from Movies","Free","Teena Marie","Lead Me On (From ""Top Gun"" Original Soundtrack)","Top Gun","","yes","7675054","",""
"Songs from Movies","Free","Tegan and Sara","Everything Is AWESOME!!! (feat. The Lonely Island)","The Lego Movie","","yes","647445312","",""
"Songs from Movies","Free","The Bangles","Hazy Shade of Winter","Less Than Zero","","yes","608783","",""
"Songs from Movies","Free","The Beach Boys","Kokomo","Cocktail","","yes","3091987","",""
"Songs from Movies","Free","The Beatles","Let It Be (Remastered 2009)","Let It Be","","yes","116348656","",""
"Songs from Movies","Free","The Beatles","Twist And Shout (Remastered 2009)","Ferris Bueller's Day Off","","yes","116348340","",""
"Songs from Movies","Free","The Blues Brothers","Everybody Needs Somebody to Love","The Blues Brothers","","yes","13100386","",""
"Songs from Movies","Free","The Blues Brothers","Think","The Blues Brothers","","yes","13100388","",""
"Songs from Movies","Free","The Cardigans","Lovefool","Romeo + Juliet","","yes","910474","",""
"Songs from Movies","Free","The Clash","Rock the Casbah (Remastered)","The Royal Tenenbaums","","yes","69962765","",""
"Songs from Movies","Free","The Contours","Do You Love Me (Mono Single)","Dirty Dancing","","yes","909565","",""
"Songs from Movies","Free","The Cure","Just like Heaven (2006 Remaster)","Just Like Heaven","","yes","14618872","",""
"Songs from Movies","Free","The Dream Academy","The Edge of Forever","Ferris Bueller's Day Off","","yes","675718","",""
"Songs from Movies","Free","The Go-Go's","We Got The Beat (2011 Remaster)","Fast Times at Ridgemont High","","yes","11233716","",""
"Songs from Movies","Free","The Goo Goo Dolls","Iris","City of Angels","","yes","4290138","",""
"Songs from Movies","Free","The Isley Brothers","Shout","Animal House","","yes","450043572","",""
"Songs from Movies","Free","The Knack","My Sharona","Reality Bites","","yes","3248376","",""
"Songs from Movies","Free","The Proclaimers","I'm Gonna Be (500 Miles)","Benny & Joon","","yes","3111030","",""
"Songs from Movies","Free","The Psychedelic Furs","Pretty In Pink","Pretty in Pink","","yes","548743","",""
"Songs from Movies","Free","The Righteous Brothers","Unchained Melody","Ghost","","yes","468253402","",""
"Songs from Movies","Free","The Righteous Brothers","You've Lost That Lovin' Feelin' (Single Version)","Top Gun","","yes","2534041","",""
"Songs from Movies","Free","The Ronettes","Be My Baby","Dirty Dancing","","yes","12809317","",""
"Songs from Movies","Free","The Temptations","My Girl","My Girl","","yes","538643262","",""
"Songs from Movies","Free","The Time","Jungle Love","Purple Rain","","yes","6635013","",""
"Songs from Movies","Free","The Weeknd","Earned It (Fifty Shades Of Grey) (From The ""Fifty Shades Of Grey"" Soundtrack)","Fifty Shades of Grey","","yes","92826786","",""
"Songs from Movies","Free","The Weeknd","Pray For Me","Black Panther","YES","no - explicit","456011702","",""
"Songs from Movies","Free","The Wonders","That Thing You Do!","That Thing You Do!","","yes","1032839","",""
"Songs from Movies","Free","Tina Turner","Goldeneye","GoldenEye","","yes","3147390","",""
"Songs from Movies","Free","Tina Turner","We Don't Need Another Hero (Thunderdome)","Mad Max Beyond Thunderdome","","yes","102271990","",""
"Songs from Movies","Free","Tom Petty And The Heartbreakers","American Girl","The Silence of the Lambs","","yes","588236252","",""
"Songs from Movies","Free","Twenty One Pilots","Heathens","Suicide Squad","","yes","126884459","",""
"Songs from Movies","Free","U2","I Still Haven't Found What I'm Looking For","Sing 2","","yes","366440301","",""
"Songs from Movies","Free","Urge Overkill","Girl, You'll Be a Woman Soon","Pulp Fiction","","yes","125978155","",""
"Songs from Movies","Free","Van Halen","Jump (2015 Remaster)","Ready Player One","","yes","97098410","",""
"Songs from Movies","Free","Vanessa Carlton","A Thousand Miles","White Chicks","","yes","983832","",""
"Songs from Movies","Free","Wang Chung","Fire In The Twilight","The Breakfast Club","","yes","2514040","",""
"Songs from Movies","Free","Wham!","Wake Me Up Before You Go-Go","Zoolander","","yes","15194531","",""
"Songs from Movies","Free","When In Rome","The Promise","Napoleon Dynamite","","yes","3218408","",""
"Songs from Movies","Free","Whitney Houston","I Will Always Love You","The Bodyguard","","yes","7675403","",""
"Songs from Movies","Free","Will Ferrell","Husavik (My Hometown)","Eurovision Song Contest: The Story of Fire Saga","","yes","1001004222","",""
"Songs from Movies","Free","Will Smith","Men In Black (From ""Men In Black"" Soundtrack)","Men in Black","","yes","626417","",""
"Songs from Movies","Free","Willie Nelson","On the Road Again","Forrest Gump","","yes","17479920","",""
"Songs from Movies","Free","Wiz Khalifa","See You Again (feat. Charlie Puth)","Furious 7","","yes","95813354","",""
"Songs from Movies","Free","Zac Efron","Rewrite The Stars","The Greatest Showman","","yes","435175522","",""
"Songs from Movies","Free","ZAYN","I Don’t Wanna Live Forever (Fifty Shades Darker)","Fifty Shades Darker","","yes","595112162","",""
"Wedding","Free","A Taste Of Honey","Boogie Oogie Oogie (Remastered 2004)","","","yes","13530467","",""
"Wedding","Free","a-ha","Take on Me","","","yes","664107","",""
"Wedding","Free","ABBA","Dancing Queen","","","yes","884025","",""
"Wedding","Free","ABBA","Gimme! Gimme! Gimme! (A Man After Midnight)","","","yes","884041","",""
"Wedding","Free","AC/DC","Whole Lotta Rosie","","","yes","92722980","",""
"Wedding","Free","Adele","Lovesong","","","yes","1174603082","",""
"Wedding","Free","Adele","Make You Feel My Love","","","yes","512575682","",""
"Wedding","Free","Aerosmith","I Don't Want to Miss a Thing (From ""Armageddon"" Soundtrack)","","","yes","70631608","",""
"Wedding","Free","Al Green","Let's Stay Together","","","yes","97095572","",""
"Wedding","Free","Alex Warren","Carry You Home","","","yes","2793154812","",""
"Wedding","Free","Alex Warren","Ordinary (Wedding Version)","","","yes","3284089461","",""
"Wedding","Free","Alicia Keys","If I Ain't Got You","","","yes","629466","",""
"Wedding","Free","American Authors","Best Day Of My Life","","","yes","75711295","",""
"Wedding","Free","Arctic Monkeys","Baby I'm Yours","","","yes","4637218","",""
"Wedding","Free","Aretha Franklin","Respect","","","yes","904732","",""
"Wedding","Free","Ava Max","My Head & My Heart","","","yes","1145593552","",""
"Wedding","Free","Avicii","Addicted To You","","","yes","70266759","",""
"Wedding","Free","Ben E. King","Stand By Me","","","yes","136710424","",""
"Wedding","Free","Benson Boone","Beautiful Things (Acoustic)","","","yes","2674548842","",""
"Wedding","Free","Bette Midler","Wind Beneath My Wings","","","yes","3616256","",""
"Wedding","Free","Beyoncé","Love On Top","","","yes","66190255","",""
"Wedding","Free","Billy Joel","Piano Man","","","yes","14333215","",""
"Wedding","Free","Billy Joel","Uptown Girl","","","yes","1025659","",""
"Wedding","Free","Birdy","Skinny Love","","","yes","14340428","",""
"Wedding","Free","Blake Shelton","God Gave Me You","","","yes","12785896","",""
"Wedding","Free","Bob Carlisle","Butterfly Kisses","","","yes","6090455","",""
"Wedding","Free","Bob Seger & The Silver Bullet Band","Old Time Rock & Roll","","","yes","2548061582","",""
"Wedding","Free","Bon Jovi","Livin' On A Prayer","","","yes","538660022","",""
"Wedding","Free","Boyz II Men","A Song For Mama","","","yes","649771332","",""
"Wedding","Free","Brad Paisley","She's Everything","","","yes","572461","",""
"Wedding","Free","Brad Paisley","Then","","","yes","3959050","",""
"Wedding","Free","Bread","Make It with You","","","yes","675093","",""
"Wedding","Free","Britney Spears","Womanizer","","","yes","82199332","",""
"Wedding","Free","Bruno Mars","24K Magic","","","yes","136336110","",""
"Wedding","Free","Bruno Mars","Just the Way You Are","","","yes","7216935","",""
"Wedding","Free","Bruno Mars","Locked out of Heaven","","","yes","62724015","",""
"Wedding","Free","Bruno Mars","Marry You","","","yes","7216939","",""
"Wedding","Free","Bruno Mars","That's What I Like","","","yes","136336116","",""
"Wedding","Free","Bryan Adams","(Everything I Do) I Do It For You","","","yes","457273802","",""
"Wedding","Free","Calum Scott","You Are The Reason","","","yes","468232742","",""
"Wedding","Free","Calvin Harris","Feel So Close (Radio Edit)","","","yes","13040252","",""
"Wedding","Free","Calvin Harris","Under Control (feat. Hurts)","","","yes","71294452","",""
"Wedding","Free","Cardi B","I Like It","","YES","no - explicit","482986842","",""
"Wedding","Free","Céline Dion","Because You Loved Me (Theme from ""Up Close and Personal"")","","","yes","14552288","",""
"Wedding","Free","Chaka Khan","Ain't Nobody","","","yes","776220","",""
"Wedding","Free","Cher","Believe","","","yes","786717","",""
"Wedding","Free","Chris de Burgh","The Lady In Red","","","yes","522720742","",""
"Wedding","Free","Chris Stapleton","Tennessee Whiskey","","","yes","98975170","",""
"Wedding","Free","Christina Perri","a thousand years","","","yes","14499484","",""
"Wedding","Free","Clean Bandit","Rockabye (feat. Sean Paul & Anne-Marie)","","","yes","134527024","",""
"Wedding","Free","Cobra Starship","You Make Me Feel... (feat. Sabi)","","","yes","14172440","",""
"Wedding","Free","Coldplay","Green Eyes","","","yes","3098843","",""
"Wedding","Free","Coldplay","Magic","","","yes","75716617","",""
"Wedding","Free","Coldplay","Sparks","","","yes","3128095","",""
"Wedding","Free","Coldplay","The Scientist","","","yes","3098840","",""
"Wedding","Free","Coldplay","Yellow","","","yes","3128096","",""
"Wedding","Free","Cupid","Cupid Shuffle","","","yes","2680799","",""
"Wedding","Free","Curtis Mayfield","Move on Up (Single Edit)","","","yes","115195420","",""
"Wedding","Free","Cyndi Lauper","Girls Just Want to Have Fun","","","yes","72194071","",""
"Wedding","Free","Daft Punk","Get Lucky (Radio Edit - feat. Pharrell Williams and Nile Rodgers)","","","yes","66609426","",""
"Wedding","Free","Dan + Shay","From the Ground Up (Single Version)","","","yes","118326058","",""
"Wedding","Free","Dan + Shay","Speechless","","","yes","499632732","",""
"Wedding","Free","Darius Rucker","Wagon Wheel","","","yes","67351232","",""
"Wedding","Free","Daryl Hall & John Oates","You Make My Dreams (Come True)","","","yes","546004","",""
"Wedding","Free","David Bowie","Modern Love (2018 Remaster)","","","yes","730342582","",""
"Wedding","Free","Dean Martin","Ain't That A Kick In The Head (Remastered 1997)","","","yes","13796353","",""
"Wedding","Free","Deee-Lite","Groove Is in the Heart","","","yes","75070408","",""
"Wedding","Free","Dexys Midnight Runners","Come On Eileen (Single Edit)","","","yes","4255658","",""
"Wedding","Free","Dido","Thank You","","","yes","962173","",""
"Wedding","Free","DJ Casper","Cha Cha Slide (Original Live Platinum Band Mix)","","","yes","1675120927","",""
"Wedding","Free","DNCE","Cake By The Ocean","","YES","no - explicit","136341758","",""
"Wedding","Free","Don Omar","Danza Kuduro","","","yes","7600267","",""
"Wedding","Free","Donna Lewis","I Love You Always Forever","","","yes","846048","",""
"Wedding","Free","Dua Lipa","Dance The Night (From Barbie The Album)","","","yes","2299840635","",""
"Wedding","Free","Dua Lipa","Don't Start Now","","","yes","1124841652","",""
"Wedding","Free","Dua Lipa","Levitating (feat. DaBaby)","","","yes","1093313332","",""
"Wedding","Free","Earth, Wind & Fire","Boogie Wonderland (with The Emotions)","","","yes","27533081","",""
"Wedding","Free","Earth, Wind & Fire","September","","","yes","487484142","",""
"Wedding","Free","Ed Sheeran","Kiss Me","","","yes","13651712","",""
"Wedding","Free","Ed Sheeran","Perfect","","","yes","142986206","",""
"Wedding","Free","Ed Sheeran","Shape of You","","","yes","139470659","",""
"Wedding","Free","Ed Sheeran","Tenerife Sea","","","yes","79875058","",""
"Wedding","Free","Ed Sheeran","Thinking out Loud","","","yes","79875064","",""
"Wedding","Free","Ella Fitzgerald","Cheek To Cheek","","","yes","350019441","",""
"Wedding","Free","Ellie Goulding","Still Falling For You (From ""Bridget Jones's Baby"")","","","yes","130495956","",""
"Wedding","Free","Ellie Goulding","Your Song (Bonus Track)","","","yes","7667355","",""
"Wedding","Free","Elton John","Your Song","","","yes","880181","",""
"Wedding","Free","Elvis Crespo","Suavemente","","","yes","13211608","",""
"Wedding","Free","Elvis Presley","Can't Help Falling In Love","","","yes","551383","",""
"Wedding","Free","Enrique Iglesias","Bailando (Spanish Version)","","","yes","765849012","",""
"Wedding","Free","Eric Clapton","Wonderful Tonight","","","yes","62497876","",""
"Wedding","Free","Etta James","At Last","","","yes","2171224","",""
"Wedding","Free","Extreme","More Than Words","","","yes","1579730","",""
"Wedding","Free","First Aid Kit","My Silver Lining","","","yes","78956229","",""
"Wedding","Free","Fleetwood Mac","Don't Stop (2004 Remaster)","","","yes","63480989","",""
"Wedding","Free","Flo Rida","Good Feeling","","","yes","13671892","",""
"Wedding","Free","Florence + The Machine","Dog Days Are Over","","","yes","7561772","",""
"Wedding","Free","Florida Georgia Line","H.O.L.Y.","","","yes","130935374","",""
"Wedding","Free","Foo Fighters","Best of You","","","yes","4311595","",""
"Wedding","Free","Foreigner","I Want to Know What Love Is (1999 Remaster)","","","yes","675818","",""
"Wedding","Free","Frank Sinatra","Fly Me To The Moon (2008 Remastered)","","","yes","71483067","",""
"Wedding","Free","Frank Sinatra","It Had To Be You (2009 Remaster)","","","yes","74078709","",""
"Wedding","Free","Frank Sinatra","The Way You Look Tonight (2008 Remastered)","","","yes","71483062","",""
"Wedding","Free","Frankie Valli","Can't Take My Eyes off You","","","yes","725689","",""
"Wedding","Free","fun.","We Are Young (feat. Janelle Monáe)","","","yes","16501728","",""
"Wedding","Free","George Michael","Careless Whisper","","","yes","14525086","",""
"Wedding","Free","George Strait","I Cross My Heart (Pure Country Soundtrack Version)","","","yes","890375","",""
"Wedding","Free","George Strait","You Look So Good In Love","","","yes","890353","",""
"Wedding","Free","Green Day","Good Riddance (Time of Your Life)","","YES","no - explicit","778429","",""
"Wedding","Free","Grover Washington, Jr.","Just the Two of Us (feat. Bill Withers)","","","yes","3085246","",""
"Wedding","Free","Harry Styles","Adore You","","","yes","830336932","",""
"Wedding","Free","Harry Styles","As It Was","","","yes","1703487577","",""
"Wedding","Free","Harry Styles","Watermelon Sugar","","","yes","830336922","",""
"Wedding","Free","Heartland","I Loved Her First","","","yes","65925370","",""
"Wedding","Free","Hunter Hayes","Wanted","","","yes","67959012","",""
"Wedding","Free","Jack Johnson","Better Together","","","yes","1086628","",""
"Wedding","Free","James Arthur","Say You Won't Let Go","","","yes","131742260","",""
"Wedding","Free","James Blunt","You're Beautiful","","YES","no - explicit","2659940","",""
"Wedding","Free","James Brown","I Got You (I Feel Good)","","","yes","598055772","",""
"Wedding","Free","James Vincent McMorrow","Higher Love","","","yes","2618796202","",""
"Wedding","Free","Jason Derülo","Take You Dancing","","","yes","1030654822","",""
"Wedding","Free","Jason Derülo","Want to Want Me","","","yes","100598482","",""
"Wedding","Free","Jason Mraz","I Won't Give Up","","","yes","17827563","",""
"Wedding","Free","Jason Mraz","I'm Yours","","","yes","2686140","",""
"Wedding","Free","Jason Mraz","Lucky","","","yes","845910","",""
"Wedding","Free","Jennifer Lopez","On The Floor (Radio Edit)","","","yes","8930372","",""
"Wedding","Free","Jim Croce","Time in a Bottle","","","yes","3785935112","",""
"Wedding","Free","Joe Cocker","You Are So Beautiful","","","yes","548862532","",""
"Wedding","Free","Joel Corry","Head & Heart (feat. MNEK)","","","yes","1006845912","",""
"Wedding","Free","John Legend","All of Me","","","yes","70079770","",""
"Wedding","Free","John Mayer","Daughters","","","yes","70196430","",""
"Wedding","Free","Journey","Don't Stop Believin'","","","yes","625643","",""
"Wedding","Free","Justin Timberlake","CAN'T STOP THE FEELING! (from DreamWorks Animation's ""TROLLS"")","","","yes","132635814","",""
"Wedding","Free","Katrina & The Waves","Walking On Sunshine","","","yes","3166724","",""
"Wedding","Free","KC & The Sunshine Band","Get Down Tonight","","","yes","3616207","",""
"Wedding","Free","Kenny Loggins","Footloose (From ""Footloose"" Soundtrack)","","","yes","134012978","",""
"Wedding","Free","Kings Of Leon","Use Somebody","","","yes","2924841","",""
"Wedding","Free","Kodaline","The One","","","yes","94065898","",""
"Wedding","Free","Kylie Minogue","Padam Padam","","","yes","3788156152","",""
"Wedding","Free","Lady A","Just A Kiss","","","yes","842130852","",""
"Wedding","Free","Lady Gaga","Die With A Smile","","","yes","2947516331","",""
"Wedding","Free","LeAnn Rimes","How Do I Live","","","yes","75778882","",""
"Wedding","Free","Lifehouse","You And Me","","","yes","366451791","",""
"Wedding","Free","Lil Jon & The East Side Boyz","Get Low","","YES","no - explicit","2591105","",""
"Wedding","Free","Lily Allen","Somewhere Only We Know","","","yes","72516638","",""
"Wedding","Free","Lionel Richie & Diana Ross","Endless Love 無盡的愛","","","yes","1347341222","",""
"Wedding","Free","LMFAO","Party Rock Anthem","","","yes","12660659","",""
"Wedding","Free","Lonestar","Amazed","","","yes","580441","",""
"Wedding","Free","Los Del Río","Macarena","","","yes","994491","",""
"Wedding","Free","Los Lobos","La Bamba","","","yes","3819736","",""
"Wedding","Free","Louis Armstrong","What A Wonderful World","","","yes","62347641","",""
"Wedding","Free","Luis Fonsi","Despacito","","","yes","623698142","",""
"Wedding","Free","Lynyrd Skynyrd","Simple Man","","","yes","1559695","",""
"Wedding","Free","Lynyrd Skynyrd","Sweet Home Alabama","","","yes","24949681","",""
"Wedding","Free","Madonna","Crazy for You (Edit)","","","yes","723867","",""
"Wedding","Free","Marc Anthony","Vivir Mi Vida","","","yes","68771815","",""
"Wedding","Free","Marcia Griffiths","Electric Boogie","","","yes","63398597","",""
"Wedding","Free","Mark Ronson","Uptown Funk (feat. Bruno Mars)","","","yes","92734438","",""
"Wedding","Free","Maroon 5","She Will Be Loved","","","yes","1165303","",""
"Wedding","Free","Maroon 5","Sunday Morning","","","yes","1165307","",""
"Wedding","Free","Marvin Gaye","Ain't No Mountain High Enough","","","yes","646327092","",""
"Wedding","Free","Marvin Gaye","How Sweet It Is (To Be Loved By You)","","","yes","540215322","",""
"Wedding","Free","Miami Sound Machine","Conga!","","","yes","565055","",""
"Wedding","Free","Michael Bublé","Crazy Love","","","yes","4311271","",""
"Wedding","Free","Michael Bublé","Everything","","","yes","680660","",""
"Wedding","Free","Michael Jackson","Love Never Felt So Good","","","yes","78213551","",""
"Wedding","Free","Miguel","Sure Thing","","","yes","7675649","",""
"Wedding","Free","Miley Cyrus","Flowers","","","yes","2105158337","",""
"Wedding","Free","Nat King Cole","L-O-V-E","","","yes","3158377","",""
"Wedding","Free","Natalie Cole","Unforgettable","","","yes","1444376692","",""
"Wedding","Free","Ne-Yo","Time of Our Lives","","YES","no - explicit","89597767","",""
"Wedding","Free","Neil Diamond","Sweet Caroline","","","yes","145434430","",""
"Wedding","Free","Nickelback","Rockstar","","","yes","71828725","",""
"Wedding","Free","Otis Redding","My Girl","","","yes","793226","",""
"Wedding","Free","OutKast","Hey Ya!","","YES","no - explicit","628266","",""
"Wedding","Free","Panic! At The Disco","High Hopes","","","yes","516351532","",""
"Wedding","Free","Paolo Nutini","Last Request","","","yes","3657960","",""
"Wedding","Free","Paul McCartney","My Valentine","","","yes","16136658","",""
"Wedding","Free","Paul Simon","You Can Call Me Al","","","yes","6599483","",""
"Wedding","Free","Paula Cole","I Don't Want to Wait","","","yes","3667834","",""
"Wedding","Free","Percy Sledge","When a Man Loves a Woman","","","yes","727540","",""
"Wedding","Free","Pitbull","Fireball (feat. John Ryan)","","","yes","81768004","",""
"Wedding","Free","Pitbull","Give Me Everything (feat. Nayer)","","","yes","12270340","",""
"Wedding","Free","Pitbull","Hotel Room Service","","","yes","4097308","",""
"Wedding","Free","Prince","Purple Rain (7"" Single Edit; 2017 Remaster)","","","yes","374283241","",""
"Wedding","Free","Queen","Bohemian Rhapsody (2011 Remaster)","","","yes","568115892","",""
"Wedding","Free","Queen","Don't Stop Me Now","","","yes","1045832272","",""
"Wedding","Free","R. Kelly","Ignition (Remix)","","","yes","576455","",""
"Wedding","Free","Randy Travis","Forever and Ever, Amen","","","yes","7172209","",""
"Wedding","Free","Rascal Flatts","Bless The Broken Road","","","yes","3059588","",""
"Wedding","Free","Rascal Flatts","My Wish","","","yes","13661336","",""
"Wedding","Free","Ray Charles","I've Got a Woman","","","yes","670897","",""
"Wedding","Free","Ray Lamontagne","You Are the Best Thing","","","yes","1225182222","",""
"Wedding","Free","Rednex","Cotton Eye Joe (Mastered 1994)","","","yes","674051382","",""
"Wedding","Free","Richard Marx","Right Here Waiting","","","yes","3168937","",""
"Wedding","Free","Rihanna","We Found Love (Album Version)","","","yes","14525574","",""
"Wedding","Free","Robbie Williams","Angels","","","yes","3138729","",""
"Wedding","Free","Roberta Flack","The First Time Ever I Saw Your Face","","","yes","14615239","",""
"Wedding","Free","Rod Stewart","Have I Told You Lately (2008 Remaster)","","","yes","2550674","",""
"Wedding","Free","Sabrina Carpenter","Espresso","","YES","no - explicit","2743578151","",""
"Wedding","Free","Savage Garden","Truly Madly Deeply","","","yes","15177682","",""
"Wedding","Free","Seal","Kiss from a Rose","","","yes","730428","",""
"Wedding","Free","Shakira","Waka Waka (This Time for Africa) [The Official 2010 FIFA World Cup (TM) Song] (feat. Freshlyground) (Single)","","","yes","6121149","",""
"Wedding","Free","Shania Twain","You're Still The One","","","yes","731732292","",""
"Wedding","Free","Sia","Cheap Thrills (feat. Sean Paul)","","","yes","118986142","",""
"Wedding","Free","Simply Red","Stars","","","yes","6636947","",""
"Wedding","Free","Sister Sledge","We Are Family (1995 Remaster)","","","yes","846327","",""
"Wedding","Free","Sixpence None The Richer","Kiss Me (Radio Edit)","","","yes","134116990","",""
"Wedding","Free","Snow Patrol","Chasing Cars","","","yes","607028642","",""
"Wedding","Free","Spandau Ballet","True (Single Edit)","","","yes","3130319","",""
"Wedding","Free","Starship","Nothing's Gonna Stop Us Now","","","yes","602137932","",""
"Wedding","Free","Steven Curtis Chapman","Cinderella","","","yes","3139752","",""
"Wedding","Free","Stevie Wonder","For Once In My Life","","","yes","6821064","",""
"Wedding","Free","Stevie Wonder","Isn't She Lovely","","","yes","538709352","",""
"Wedding","Free","Stevie Wonder","Signed, Sealed, Delivered (I'm Yours)","","","yes","788643242","",""
"Wedding","Free","Stevie Wonder","Superstition","","","yes","596034702","",""
"Wedding","Free","SZA","Kill Bill","","","yes","2055292027","",""
"Wedding","Free","T.I.","Live Your Life","","","yes","383741911","",""
"Wedding","Free","Taio Cruz","Dynamite","","","yes","7063920","",""
"Wedding","Free","Taylor Swift","Cruel Summer","","","yes","737967292","",""
"Wedding","Free","Taylor Swift","Lover","","","yes","737967302","",""
"Wedding","Free","The Beach Boys","God Only Knows (Mono)","","","yes","3102931","",""
"Wedding","Free","The Beach Boys","Wouldn't It Be Nice (Mono)","","","yes","3102924","",""
"Wedding","Free","The Beatles","Come Together (Remastered 2009)","","","yes","116348452","",""
"Wedding","Free","The Beatles","Hey Jude (Remastered 2015)","","","yes","116348632","",""
"Wedding","Free","The Beatles","I Will (Remastered 2009)","","","yes","116348222","",""
"Wedding","Free","The Beatles","Twist And Shout (Remastered 2009)","","","yes","116348340","",""
"Wedding","Free","The Black Eyed Peas","I Gotta Feeling (FMIF Remix; Edit)","","","yes","2531104231","",""
"Wedding","Free","The Blues Brothers","Sweet Home Chicago","","","yes","13100391","",""
"Wedding","Free","The Cure","Friday I'm in Love","","","yes","409670382","",""
"Wedding","Free","The Drifters","Save the Last Dance for Me (2009 Remaster)","","","yes","7045523","",""
"Wedding","Free","The Flamingos","I Only Have Eyes for You","","","yes","140044655","",""
"Wedding","Free","The Foundations","Build Me Up Buttercup","","","yes","3813135572","",""
"Wedding","Free","The Goo Goo Dolls","Come to Me","","","yes","67754733","",""
"Wedding","Free","The Goo Goo Dolls","Iris","","","yes","4290138","",""
"Wedding","Free","The Isley Brothers","Shout, Pts. 1 & 2","","","yes","851871","",""
"Wedding","Free","The Killers","Mr. Brightside","","","yes","71955234","",""
"Wedding","Free","The Proclaimers","I'm Gonna Be (500 Miles)","","","yes","3111030","",""
"Wedding","Free","The Righteous Brothers","Unchained Melody","","","yes","468253402","",""
"Wedding","Free","The Rocky Horror Show Original Cast","Time Warp","","","yes","68852406","",""
"Wedding","Free","The Script","Hall of Fame (feat. will.i.am)","","","yes","55848051","",""
"Wedding","Free","The Walters","I Love You So","","","yes","1526991462","",""
"Wedding","Free","The Weeknd","Blinding Lights","","","yes","908604612","",""
"Wedding","Free","Thomas Rhett","Die A Happy Man","","","yes","134950894","",""
"Wedding","Free","Tim McGraw","My Best Friend","","","yes","75765356","",""
"Wedding","Free","Tina Turner","The Best (Edit)","","","yes","3167295","",""
"Wedding","Free","Tom Odell","Real Love (From the John Lewis Christmas Advert 2014)","","","yes","89701999","",""
"Wedding","Free","Tones And I","Dance Monkey","","","yes","739870792","",""
"Wedding","Free","Toto","Africa","","","yes","1079668","",""
"Wedding","Free","Tracy Chapman","Baby Can I Hold You","","","yes","2271566","",""
"Wedding","Free","Tracy Chapman","Fast Car","","","yes","2271563","",""
"Wedding","Free","Train","Marry Me","","","yes","578072512","",""
"Wedding","Free","U2","One","","","yes","14343282","",""
"Wedding","Free","USHER","Yeah! (feat. Lil Jon & Ludacris)","","","yes","13783449","",""
"Wedding","Free","V.I.C.","Wobble (Radio Version)","","","yes","1127836","",""
"Wedding","Free","Van Morrison","Brown-Eyed Girl","","","yes","71647249","",""
"Wedding","Free","Van Morrison","Crazy Love (2013 Remaster)","","","yes","71433038","",""
"Wedding","Free","Vanessa Carlton","A Thousand Miles","","","yes","983832","",""
"Wedding","Free","Village People","Y.M.C.A.","","","yes","436646702","",""
"Wedding","Free","WALK THE MOON","Shut Up and Dance","","","yes","90326361","",""
"Wedding","Free","Weezer","Island In The Sun","","","yes","2544628","",""
"Wedding","Free","Whitney Houston","I Have Nothing","","","yes","7675404","",""
"Wedding","Free","Whitney Houston","I Wanna Dance with Somebody (Who Loves Me)","","","yes","75981528","",""
"Wedding","Free","Whitney Houston","I Will Always Love You","","","yes","7675403","",""
"Wedding","Free","Whitney Houston","I'm Every Woman","","","yes","7675405","",""
"Wedding","Free","Wild Cherry","Play That Funky Music","","","yes","1067076","",""
"Wedding","Free","Zac Brown Band","Chicken Fried","","","yes","1488795132","",""
