Position,Title,Artist,Album,DeezerId,Rank,PopularityTier,ArtistCount,ArtistOverRepresented,DurationSec,HasPreview,Explicit,IsExactDup,NearDupOfPosition,Recommendation,Reason,PreviewUrl
"41","Take on Me","a-ha","Hunting High and Low","664107","988080","Top 25%","2","false","227","true","false","false","","Auto-keep","Top 25% by popularity — defining track for the era","https://cdnt-preview.dzcdn.net/api/1/1/b/1/9/0/b19c969e9d7193a3fa7e5880fed2aefb.mp3?hdnea=exp=1781147012~acl=/api/1/1/b/1/9/0/b19c969e9d7193a3fa7e5880fed2aefb.mp3*~data=user_id=0,application_id=42~hmac=283882f401477d292958b6532ec1efd4187d6fd81a3bda7d510d201cdfcec1ef"
"181","Thriller","Michael Jackson","Thriller 25 Super Deluxe Edition","555639","973665","Top 25%","8","false","358","true","false","false","","Auto-keep","Top 25% by popularity — defining track for the era","https://cdnt-preview.dzcdn.net/api/1/1/3/8/3/0/3832b349ee4d8b66f6022bc99dcca300.mp3?hdnea=exp=1781147012~acl=/api/1/1/3/8/3/0/3832b349ee4d8b66f6022bc99dcca300.mp3*~data=user_id=0,application_id=42~hmac=de915b9f235891c7d376ed589911abfa6afe80df29a22d37c8f4d14b969a4d81"
"9","Billie Jean","Michael Jackson","Michael Jackson's This Is It","4603408","971418","Top 25%","8","false","293","true","false","false","","Auto-keep","Top 25% by popularity — defining track for the era","https://cdnt-preview.dzcdn.net/api/1/1/e/6/e/0/e6e0f8717b1e6353e2abf797c6849889.mp3?hdnea=exp=1781147012~acl=/api/1/1/e/6/e/0/e6e0f8717b1e6353e2abf797c6849889.mp3*~data=user_id=0,application_id=42~hmac=d8787f666dfc7a2093fd02cd7e5ed7a71166f8cdeb88e3b76001d08770d69810"
"29","Back In Black","AC/DC","Back In Black","92720046","966294","Top 25%","5","false","253","true","false","false","","Auto-keep","Top 25% by popularity — defining track for the era","https://cdnt-preview.dzcdn.net/api/1/1/8/2/b/0/82be918b42c3d26093b20d01e97e4a03.mp3?hdnea=exp=1781147012~acl=/api/1/1/8/2/b/0/82be918b42c3d26093b20d01e97e4a03.mp3*~data=user_id=0,application_id=42~hmac=b049ef8f53dbed33e1e646bd748dfcc874223e665411594859a307b2687c1c35"
"17","Sweet Dreams (Are Made of This) (2005 Remaster)","Eurythmics","Sweet Dreams (Are Made Of This)","561836","963940","Top 25%","3","false","216","true","false","false","","Auto-keep","Top 25% by popularity — defining track for the era","https://cdnt-preview.dzcdn.net/api/1/1/c/7/6/0/c762b853f6084e40164035a67f8c2e67.mp3?hdnea=exp=1781147012~acl=/api/1/1/c/7/6/0/c762b853f6084e40164035a67f8c2e67.mp3*~data=user_id=0,application_id=42~hmac=bbbc4aedd16e5f17095dbb9701c1c7fbfe8242c1bafea4ac6a98f656c06b0492"
"238","Enjoy the Silence","Depeche Mode","The Singles 86-98","68515055","963501","Top 25%","5","false","255","true","false","false","","Auto-keep","Top 25% by popularity — defining track for the era","https://cdnt-preview.dzcdn.net/api/1/1/3/1/8/0/31846ff196abfab51bc630657b6524f7.mp3?hdnea=exp=1781147013~acl=/api/1/1/3/1/8/0/31846ff196abfab51bc630657b6524f7.mp3*~data=user_id=0,application_id=42~hmac=458de61a59427c07a64b530f02cc53e1bb5ab1ab9c5b55434f758ee4584794f8"
"143","Dancing Queen","ABBA","ABBA Gold","884025","954438","Top 25%","2","false","231","true","false","false","","Auto-keep","Top 25% by popularity — defining track for the era","https://cdnt-preview.dzcdn.net/api/1/1/9/1/6/0/916f7137187790e999bc66e6460c07b2.mp3?hdnea=exp=1781147012~acl=/api/1/1/9/1/6/0/916f7137187790e999bc66e6460c07b2.mp3*~data=user_id=0,application_id=42~hmac=da825118cb7c2179b5d6ce2134ea379c7f5aab54695a82eb40da12fdfcd6ba55"
"62","Thunderstruck","AC/DC","The Razors Edge","92720102","950981","Top 25%","5","false","292","true","false","false","","Auto-keep","Top 25% by popularity — defining track for the era","https://cdnt-preview.dzcdn.net/api/1/1/1/1/1/0/1117489d36f3a1a80c8815c1137747a9.mp3?hdnea=exp=1781147012~acl=/api/1/1/1/1/1/0/1117489d36f3a1a80c8815c1137747a9.mp3*~data=user_id=0,application_id=42~hmac=2d3ae7dc50d758548c55c44ad0a09a2788e8f44f2b495f7ecf86f3bf86f0baed"
"15","Everybody Wants To Rule The World","Tears For Fears","Classic 80's","2234314","946302","Top 25%","6","false","251","true","false","false","","Auto-keep","Top 25% by popularity — defining track for the era","https://cdnt-preview.dzcdn.net/api/1/1/f/2/a/0/f2af6fb99f6ccecb8df79b4a06bd6aab.mp3?hdnea=exp=1781147012~acl=/api/1/1/f/2/a/0/f2af6fb99f6ccecb8df79b4a06bd6aab.mp3*~data=user_id=0,application_id=42~hmac=1647fa44d678a7051218b753b7f169ad7ba130a9dac81621ea578aa543e5bbaf"
"215","La Isla Bonita","Madonna","True Blue","678372","943913","Top 25%","13","false","242","true","false","false","","Auto-keep","Top 25% by popularity — defining track for the era","https://cdnt-preview.dzcdn.net/api/1/1/5/1/f/0/51f71747bb538c3d878471af19512df2.mp3?hdnea=exp=1781147013~acl=/api/1/1/5/1/f/0/51f71747bb538c3d878471af19512df2.mp3*~data=user_id=0,application_id=42~hmac=1680dff414d03811f82cd46af481c7f141fc559796e95e7fa18c250cd8e23c5a"
"78","With Or Without You (Remastered 2007)","U2","The Joshua Tree","912486","942091","Top 25%","6","false","295","true","false","false","","Auto-keep","Top 25% by popularity — defining track for the era","https://cdnt-preview.dzcdn.net/api/1/1/0/8/e/0/08ee0283f63e8754d8be41fda4274717.mp3?hdnea=exp=1781147012~acl=/api/1/1/0/8/e/0/08ee0283f63e8754d8be41fda4274717.mp3*~data=user_id=0,application_id=42~hmac=00c2167ca0ada8166f44bc53518755eb3cb4c1cc9e51348fbd107448795d1070"
"520","I'm Still Standing","Elton John","Too Low For Zero","1171163","941588","Top 25%","3","false","183","true","false","false","","Auto-keep","Top 25% by popularity — defining track for the era","https://cdnt-preview.dzcdn.net/api/1/1/4/c/7/0/4c73011f100bfabc80faf753149058b4.mp3?hdnea=exp=1781147015~acl=/api/1/1/4/c/7/0/4c73011f100bfabc80faf753149058b4.mp3*~data=user_id=0,application_id=42~hmac=6185abbfa914cf983fac538e84216853b533e1ac21e332d1600fd0ff79d36c4d"
"2","Africa","Toto","Toto IV","1079668","933968","Top 25%","2","false","296","true","false","false","","Auto-keep","Top 25% by popularity — defining track for the era","https://cdnt-preview.dzcdn.net/api/1/1/d/4/6/0/d46762f2025f13175f2fd2c062b46182.mp3?hdnea=exp=1781147012~acl=/api/1/1/d/4/6/0/d46762f2025f13175f2fd2c062b46182.mp3*~data=user_id=0,application_id=42~hmac=3e2c7e52e5a19c4b531efe806da7f2d1e1eb948f7c5f219b8e4eacc9fda7a48f"
"45","Livin' On A Prayer","Bon Jovi","Slippery When Wet","538660022","933844","Top 25%","2","false","249","true","false","false","","Auto-keep","Top 25% by popularity — defining track for the era","https://cdnt-preview.dzcdn.net/api/1/1/7/c/1/0/7c1d95d2fe6ad479f66d912db049df50.mp3?hdnea=exp=1781147012~acl=/api/1/1/7/c/1/0/7c1d95d2fe6ad479f66d912db049df50.mp3*~data=user_id=0,application_id=42~hmac=86a337b21f9575cb334c60f9b5bc5c2db78323f03495a5e7cc64ccbeaa380ffd"
"124","Rock with You (Single Version)","Michael Jackson","Off the Wall","15586286","925116","Top 25%","8","false","220","true","false","false","","Auto-keep","Top 25% by popularity — defining track for the era","https://cdnt-preview.dzcdn.net/api/1/1/b/6/c/0/b6c28146ba0e1c1f1cc4b59d02bed47c.mp3?hdnea=exp=1781147012~acl=/api/1/1/b/6/c/0/b6c28146ba0e1c1f1cc4b59d02bed47c.mp3*~data=user_id=0,application_id=42~hmac=33bc69aa1e246aa772e91622e8cab290dbdced7833bfc7a40a212d6e6d194dcd"
"117","I'm So Excited","The Pointer Sisters","So Excited! (Expanded Edition)","346967941","925088","Top 25%","2","false","233","true","false","false","","Auto-keep","Top 25% by popularity — defining track for the era","https://cdnt-preview.dzcdn.net/api/1/1/0/1/8/0/0180f5cbd3bf8885c44687dfc39d1d08.mp3?hdnea=exp=1781147012~acl=/api/1/1/0/1/8/0/0180f5cbd3bf8885c44687dfc39d1d08.mp3*~data=user_id=0,application_id=42~hmac=67699e68619fda39d4b4248ee1ced85ffcec873a0c95b42c28896ae6bad88702"
"267","Another Day in Paradise (2016 Remaster)","Phil Collins","The Singles (Expanded)","134036248","917508","Top 25%","9","false","323","true","false","false","","Auto-keep","Top 25% by popularity — defining track for the era","https://cdnt-preview.dzcdn.net/api/1/1/8/5/4/0/8547b51819497fa97d31034d511a2d65.mp3?hdnea=exp=1781147013~acl=/api/1/1/8/5/4/0/8547b51819497fa97d31034d511a2d65.mp3*~data=user_id=0,application_id=42~hmac=20d2b9477ee49230cd82874fdd71e972dded0aa380c5ecf2ff8f12dd403d1b9a"
"26","Should I Stay or Should I Go (Remastered)","The Clash","Combat Rock (Remastered)","69962764","916917","Top 25%","2","false","186","true","false","false","","Auto-keep","Top 25% by popularity — defining track for the era","https://cdnt-preview.dzcdn.net/api/1/1/f/8/5/0/f85fc630b231b9a7d9365c5939358474.mp3?hdnea=exp=1781147012~acl=/api/1/1/f/8/5/0/f85fc630b231b9a7d9365c5939358474.mp3*~data=user_id=0,application_id=42~hmac=337a5518ce24aa884761278b09bb77e22bdfbd42e735b2d0b4aa3e7b9239a963"
"286","Money For Nothing","Dire Straits","The Best Of Dire Straits & Mark Knopfler - Private Investigations","2514681","904705","Top 25%","3","false","505","true","false","false","","Auto-keep","Top 25% by popularity — defining track for the era","https://cdnt-preview.dzcdn.net/api/1/1/c/5/f/0/c5f865af55f5175bbf201fa4624761e9.mp3?hdnea=exp=1781147013~acl=/api/1/1/c/5/f/0/c5f865af55f5175bbf201fa4624761e9.mp3*~data=user_id=0,application_id=42~hmac=7775aa246ea94723b37f459e3bb638d30ab138702cf4ccba90f910bea33acfdb"
"11","Total Eclipse of the Heart","Bonnie Tyler","Heaven & Hell","532349","900667","Top 25%","2","false","267","true","false","false","","Auto-keep","Top 25% by popularity — defining track for the era","https://cdnt-preview.dzcdn.net/api/1/1/4/e/d/0/4ed3a7fbb98730781ae3c6d85ca75fab.mp3?hdnea=exp=1781147012~acl=/api/1/1/4/e/d/0/4ed3a7fbb98730781ae3c6d85ca75fab.mp3*~data=user_id=0,application_id=42~hmac=7d13e3947092d57e2eb6628d4e82809caddcdf574d8d115a51eaf0683a893e00"
"208","Bette Davis Eyes","Kim Carnes","Gypsy Honeymoon: The Best Of Kim Carnes","3153065","897454","Top 25%","1","false","224","true","false","false","","Auto-keep","Top 25% by popularity — defining track for the era","https://cdnt-preview.dzcdn.net/api/1/1/9/1/4/0/914e316431b8f170cc514948cea067db.mp3?hdnea=exp=1781147013~acl=/api/1/1/9/1/4/0/914e316431b8f170cc514948cea067db.mp3*~data=user_id=0,application_id=42~hmac=70ed57f373ac0c95dead0b7b625a3103507aad2e43266b2246390a8c02964cb1"
"158","Tainted Love","Soft Cell","The Very Best Of Soft Cell","1173622","896841","Top 25%","1","false","160","true","false","false","","Auto-keep","Top 25% by popularity — defining track for the era","https://cdnt-preview.dzcdn.net/api/1/1/6/4/c/0/64c7f0ad48610384343c8a57e0209491.mp3?hdnea=exp=1781147012~acl=/api/1/1/6/4/c/0/64c7f0ad48610384343c8a57e0209491.mp3*~data=user_id=0,application_id=42~hmac=b6f7637333a9af353507fec2a1fb662e81734a688f64d64e23b63bfc0a3a69a1"
"147","Stayin Alive","Bee Gees","The Ultimate Bee Gees","139138743","891301","Top 25%","2","false","284","true","false","false","","Auto-keep","Top 25% by popularity — defining track for the era","https://cdnt-preview.dzcdn.net/api/1/1/0/0/c/0/00cbbfd60789be479675f35af6277af0.mp3?hdnea=exp=1781147012~acl=/api/1/1/0/0/c/0/00cbbfd60789be479675f35af6277af0.mp3*~data=user_id=0,application_id=42~hmac=a1ea63de7fc29b4e062e930b3f3f6c6000a2dad43a4924ad25bdaa03b9f05604"
"50","Welcome To The Jungle","Guns N' Roses","Appetite For Destruction (Super Deluxe Edition)","518458092","887607","Top 25%","3","false","271","true","true","false","","Auto-keep","Top 25% by popularity — defining track for the era","https://cdnt-preview.dzcdn.net/api/1/1/e/3/b/0/e3bdd797ec36df3068f8288688889ef2.mp3?hdnea=exp=1781147012~acl=/api/1/1/e/3/b/0/e3bdd797ec36df3068f8288688889ef2.mp3*~data=user_id=0,application_id=42~hmac=6685ab6df6f1cf5c1b2a499f91c2297cb60e1ae736c9d6835739891548393733"
"14","Wake Me Up Before You Go-Go","Wham!","Make It Big","15194531","885514","Top 25%","5","false","230","true","false","false","","Auto-keep","Top 25% by popularity — defining track for the era","https://cdnt-preview.dzcdn.net/api/1/1/b/6/b/0/b6b916879db11a5fcf980c6261c46b54.mp3?hdnea=exp=1781147012~acl=/api/1/1/b/6/b/0/b6b916879db11a5fcf980c6261c46b54.mp3*~data=user_id=0,application_id=42~hmac=ad02bb17a61eb2f31da0ed4984d58c7ce3ec12f142ed4eadf4710a87d30a7de0"
"18","You Shook Me All Night Long","AC/DC","Back In Black","92720048","872302","Top 25%","5","false","208","true","false","false","","Auto-keep","Top 25% by popularity — defining track for the era","https://cdnt-preview.dzcdn.net/api/1/1/2/1/a/0/21af9bde7aacee934f02c9df8c931bdf.mp3?hdnea=exp=1781147012~acl=/api/1/1/2/1/a/0/21af9bde7aacee934f02c9df8c931bdf.mp3*~data=user_id=0,application_id=42~hmac=1b9c04ac4b66d8e0595989e3d424d0743ec3e567026b1488e3a88d9021ecc71b"
"36","Hells Bells","AC/DC","Back In Black","92720036","871564","Top 25%","5","false","309","true","false","false","","Auto-keep","Top 25% by popularity — defining track for the era","https://cdnt-preview.dzcdn.net/api/1/1/f/8/b/0/f8b4a04d91b5736c17265e681687fe52.mp3?hdnea=exp=1781147012~acl=/api/1/1/f/8/b/0/f8b4a04d91b5736c17265e681687fe52.mp3*~data=user_id=0,application_id=42~hmac=51107432917a3f7233dabb5e5843b53034a491ccc58ab8eeae332197fc6f7d36"
"322","Walk Of Life","Dire Straits","The Best Of Dire Straits & Mark Knopfler - Private Investigations","2514683","870026","Top 25%","3","false","247","true","false","false","","Auto-keep","Top 25% by popularity — defining track for the era","https://cdnt-preview.dzcdn.net/api/1/1/6/7/f/0/67f7b76ac2904fa2b1f4c3d317f7e5ea.mp3?hdnea=exp=1781147013~acl=/api/1/1/6/7/f/0/67f7b76ac2904fa2b1f4c3d317f7e5ea.mp3*~data=user_id=0,application_id=42~hmac=f4b92ad9047a61d9742e6f880cb8115f4a685f3e7006670f90d7afa206bf0afb"
"250","I Still Haven't Found What I'm Looking For (Remastered 2007)","U2","The Joshua Tree","912481","865572","Top 25%","6","false","277","true","false","false","","Auto-keep","Top 25% by popularity — defining track for the era","https://cdnt-preview.dzcdn.net/api/1/1/1/a/7/0/1a70244bccfc064bb1663e854afcd872.mp3?hdnea=exp=1781147013~acl=/api/1/1/1/a/7/0/1a70244bccfc064bb1663e854afcd872.mp3*~data=user_id=0,application_id=42~hmac=da26903e4f6ce2a355ac30b097b5bdd608e970ddb7905eafe68705b8b37d61d9"
"157","Jump (2015 Remaster)","Van Halen","1984 (Remastered)","97098410","859192","Top 25%","1","false","241","true","false","false","","Auto-keep","Top 25% by popularity — defining track for the era","https://cdnt-preview.dzcdn.net/api/1/1/4/5/6/0/4564585fd721c9bf1df04fbf95f2ba9a.mp3?hdnea=exp=1781147012~acl=/api/1/1/4/5/6/0/4564585fd721c9bf1df04fbf95f2ba9a.mp3*~data=user_id=0,application_id=42~hmac=a65544bd053af58b1e1dbafa2d2ebd3505ff43c2ef1db627a906e5b3082e6cb8"
"178","Believe","Cher","Believe","786717","855313","Top 25%","2","false","239","true","false","false","","Auto-keep","Top 25% by popularity — defining track for the era","https://cdnt-preview.dzcdn.net/api/1/1/c/f/e/0/cfe5600eb3b0f8b50ff351ae46129e07.mp3?hdnea=exp=1781147012~acl=/api/1/1/c/f/e/0/cfe5600eb3b0f8b50ff351ae46129e07.mp3*~data=user_id=0,application_id=42~hmac=56325c067f280e5dbf9be266247b95f06f7ba93a517f4ea14a35e0f63488a0de"
"182","Call Me","Blondie","Atomic/Atomix","3104486","854839","Top 25%","3","false","212","true","false","false","","Auto-keep","Top 25% by popularity — defining track for the era","https://cdnt-preview.dzcdn.net/api/1/1/0/1/e/0/01e2c63b1987196fc7ca4cf928a53980.mp3?hdnea=exp=1781147012~acl=/api/1/1/0/1/e/0/01e2c63b1987196fc7ca4cf928a53980.mp3*~data=user_id=0,application_id=42~hmac=3e11b7ce9ca19842cfb8e8bb026763caecee486062c5a7eb030a24615ddb5dba"
"13","Maneater","Daryl Hall & John Oates","The Essential Daryl Hall & John Oates","569561","854432","Top 25%","5","false","272","true","false","false","","Auto-keep","Top 25% by popularity — defining track for the era","https://cdnt-preview.dzcdn.net/api/1/1/2/a/a/0/2aa05af73a00e68c2180ba49686398b6.mp3?hdnea=exp=1781147012~acl=/api/1/1/2/a/a/0/2aa05af73a00e68c2180ba49686398b6.mp3*~data=user_id=0,application_id=42~hmac=fdd95a70db7d6e969dc8a4348c9b57ea327f3fc46dd8549b5eadd850e88bb005"
"449","It Must Have Been Love (From the Film ""Pretty Woman"")","Roxette","The Ballad Hits","3098301","851456","Top 25%","3","false","259","true","false","false","","Auto-keep","Top 25% by popularity — defining track for the era","https://cdnt-preview.dzcdn.net/api/1/1/0/6/6/0/066aae449406b6ea3addfb6ad51a6ded.mp3?hdnea=exp=1781147014~acl=/api/1/1/0/6/6/0/066aae449406b6ea3addfb6ad51a6ded.mp3*~data=user_id=0,application_id=42~hmac=2d955706ffcaec562c5d8a87d2f3ba37603bc9495150f5956615d63babc2a49c"
"6","Let's Groove","Earth, Wind & Fire","Raise!","27533911","850548","Top 25%","1","false","336","true","false","false","","Auto-keep","Top 25% by popularity — defining track for the era","https://cdnt-preview.dzcdn.net/api/1/1/1/2/6/0/1261a47c60b38c09ffecde72d7ee331e.mp3?hdnea=exp=1781147012~acl=/api/1/1/1/2/6/0/1261a47c60b38c09ffecde72d7ee331e.mp3*~data=user_id=0,application_id=42~hmac=9dd0c85a4914f1229c1c6ac88e0fdec5b6bf0f3929a80305844d75dfcf228e0d"
"317","Self Control","Laura Branigan","Self Control","4288159","847859","Top 25%","2","false","246","true","false","false","","Auto-keep","Top 25% by popularity — defining track for the era","https://cdnt-preview.dzcdn.net/api/1/1/e/2/5/0/e25daf61bbf49a1275cd5d7c547ded7a.mp3?hdnea=exp=1781147013~acl=/api/1/1/e/2/5/0/e25daf61bbf49a1275cd5d7c547ded7a.mp3*~data=user_id=0,application_id=42~hmac=9b0fc360dcd9be5b2b8b1aaecdb6be010acf81fda2f44da698636091446abb09"
"552","Fast Car","Tracy Chapman","Tracy Chapman","2271563","846640","Top 25%","1","false","296","true","false","false","","Auto-keep","Top 25% by popularity — defining track for the era","https://cdnt-preview.dzcdn.net/api/1/1/0/0/0/0/0009cabc4816aa3e3f10fa9e26bceace.mp3?hdnea=exp=1781147015~acl=/api/1/1/0/0/0/0/0009cabc4816aa3e3f10fa9e26bceace.mp3*~data=user_id=0,application_id=42~hmac=c110f52a1d2efb14e4f4f58b38eaeae61360c76fe39e0521eb5f305b4bf86d03"
"316","The Best","Tina Turner","Tina!","3142379","842682","Top 25%","3","false","333","true","false","false","","Auto-keep","Top 25% by popularity — defining track for the era","https://cdnt-preview.dzcdn.net/api/1/1/0/5/f/0/05f1d27c201e3a70166ff29de70138bc.mp3?hdnea=exp=1781147013~acl=/api/1/1/0/5/f/0/05f1d27c201e3a70166ff29de70138bc.mp3*~data=user_id=0,application_id=42~hmac=4a7acf305a1ea9dc9f97e1fd2dc69ad6e3df78ce16335c101192488c25666912"
"65","I Want To Break Free (Remastered 2011)","Queen","Greatest Hits II (2011 Remaster)","7868651","841328","Top 25%","6","false","259","true","false","false","","Auto-keep","Top 25% by popularity — defining track for the era","https://cdnt-preview.dzcdn.net/api/1/1/3/4/3/0/343f88492dc7c04a947257afa48f5a5d.mp3?hdnea=exp=1781147012~acl=/api/1/1/3/4/3/0/343f88492dc7c04a947257afa48f5a5d.mp3*~data=user_id=0,application_id=42~hmac=c8e355bf782f9402cc26dda08433da38d8999cfce7ff2dafe281d297195117d5"
"19","Uptown Girl","Billy Joel","An Innocent Man","1025659","840982","Top 25%","3","false","195","true","false","false","","Auto-keep","Top 25% by popularity — defining track for the era","https://cdnt-preview.dzcdn.net/api/1/1/7/f/a/0/7fa78b96031968e12d31af61bcc5d361.mp3?hdnea=exp=1781147012~acl=/api/1/1/7/f/a/0/7fa78b96031968e12d31af61bcc5d361.mp3*~data=user_id=0,application_id=42~hmac=3417bf550e8fdc31f91c7ea135ba220da73f0623fa97b0335fe309b196e2c10f"
"499","Kiss","Prince","Parade - Music from the Motion Picture Under the Cherry Moon","664178","839151","Top 25%","9","false","226","true","false","false","","Auto-keep","Top 25% by popularity — defining track for the era","https://cdnt-preview.dzcdn.net/api/1/1/8/c/3/0/8c392a4f7618e60d22cac844b0315e36.mp3?hdnea=exp=1781147014~acl=/api/1/1/8/c/3/0/8c392a4f7618e60d22cac844b0315e36.mp3*~data=user_id=0,application_id=42~hmac=53e25395764e53652426a653c59cc2b005f9a759006407873ba99b4463309acf"
"75","Radio Ga Ga (Remastered 2011)","Queen","Greatest Hits II (2011 Remaster)","7868649","837120","Top 25%","6","false","343","true","false","false","","Auto-keep","Top 25% by popularity — defining track for the era","https://cdnt-preview.dzcdn.net/api/1/1/e/5/7/0/e57331a9e106501c873d169226650966.mp3?hdnea=exp=1781147012~acl=/api/1/1/e/5/7/0/e57331a9e106501c873d169226650966.mp3*~data=user_id=0,application_id=42~hmac=ce7f8ce20c34b69abbf88c2445c6978a14e8f7b09bde062975ea5313d45997e3"
"220","Don't Dream It's Over","Crowded House","Crowded House","133577580","835668","Top 25%","2","false","233","true","false","false","","Auto-keep","Top 25% by popularity — defining track for the era","https://cdnt-preview.dzcdn.net/api/1/1/9/e/c/0/9ec277814e39b8aa7ad9dbe58d4c05e1.mp3?hdnea=exp=1781147013~acl=/api/1/1/9/e/c/0/9ec277814e39b8aa7ad9dbe58d4c05e1.mp3*~data=user_id=0,application_id=42~hmac=78abf87b6714b73244df5c7255dcab45b8d0a0538a8b49a865162d7d2ae2762e"
"91","Take My Breath Away (Love Theme from ""Top Gun"")","Berlin","Top Gun - Motion Picture Soundtrack (Special Expanded Edition)","7675055","835297","Top 25%","1","false","255","true","false","false","","Auto-keep","Top 25% by popularity — defining track for the era","https://cdnt-preview.dzcdn.net/api/1/1/3/c/9/0/3c960fe30ef964a95f5d64a5e0bd4626.mp3?hdnea=exp=1781147012~acl=/api/1/1/3/c/9/0/3c960fe30ef964a95f5d64a5e0bd4626.mp3*~data=user_id=0,application_id=42~hmac=dd9d5b9aa3a982b8518a3dece82895cfb0032e7ab978eece47668a6743a53a39"
"33","Dancing In the Dark","Bruce Springsteen","Born In The U.S.A.","15586246","833702","Top 25%","4","false","241","true","false","false","","Auto-keep","Top 25% by popularity — defining track for the era","https://cdnt-preview.dzcdn.net/api/1/1/8/9/f/0/89fa971ce8594abd29d87e7891cb03b8.mp3?hdnea=exp=1781147012~acl=/api/1/1/8/9/f/0/89fa971ce8594abd29d87e7891cb03b8.mp3*~data=user_id=0,application_id=42~hmac=e2be19ed51b669509004c418c0fa156c2fc1c3f4d97882a621b257295c8ebb06"
"301","In the Air Tonight (2015 Remaster)","Phil Collins","The Singles (Expanded)","134036212","831239","Top 25%","9","false","335","true","false","false","","Auto-keep","Top 25% by popularity — defining track for the era","https://cdnt-preview.dzcdn.net/api/1/1/7/a/e/0/7ae98a206f52ed24eb6166804b9fb797.mp3?hdnea=exp=1781147013~acl=/api/1/1/7/a/e/0/7ae98a206f52ed24eb6166804b9fb797.mp3*~data=user_id=0,application_id=42~hmac=c66d33f71f4ca25d86ac80fa40debd889a90978a1648fc3b921d09042adb730b"
"521","Red Red Wine","UB40","The Very Best Of UB40","3129568","828771","Top 25%","2","false","182","true","false","false","","Auto-keep","Top 25% by popularity — defining track for the era","https://cdnt-preview.dzcdn.net/api/1/1/3/c/6/0/3c6baf8bc8a93e9fac3fd2be9d972d9e.mp3?hdnea=exp=1781147015~acl=/api/1/1/3/c/6/0/3c6baf8bc8a93e9fac3fd2be9d972d9e.mp3*~data=user_id=0,application_id=42~hmac=8089ef354f7663bcea54959a032cc37980136aa415d28b5be58535de2f2c789f"
"38","Beat It","Michael Jackson","Thriller 25 Super Deluxe Edition","555640","824907","Top 25%","8","false","258","true","false","false","","Auto-keep","Top 25% by popularity — defining track for the era","https://cdnt-preview.dzcdn.net/api/1/1/a/7/b/0/a7b72478be04fb6d75ed6fd296efd096.mp3?hdnea=exp=1781147012~acl=/api/1/1/a/7/b/0/a7b72478be04fb6d75ed6fd296efd096.mp3*~data=user_id=0,application_id=42~hmac=df4969c19be2669616dc61f91fe3d4b30a5070f5a0ff6fc7f8b1ffcacbf664fa"
"164","Black or White (Single Version)","Michael Jackson","Number Ones","13129208","821006","Top 25%","8","false","203","true","false","false","","Auto-keep","Top 25% by popularity — defining track for the era","https://cdnt-preview.dzcdn.net/api/1/1/7/d/f/0/7df31fbf27460bbbb0d72b2910cee82e.mp3?hdnea=exp=1781147012~acl=/api/1/1/7/d/f/0/7df31fbf27460bbbb0d72b2910cee82e.mp3*~data=user_id=0,application_id=42~hmac=4e62ad821e3adb7aa7422e63998ccf8af02a6d83a26349353bb425a8311cf64e"
"126","Beds Are Burning (Remastered)","Midnight Oil","Diesel And Dust","13158212","819387","Top 25%","1","false","255","true","false","false","","Auto-keep","Top 25% by popularity — defining track for the era","https://cdnt-preview.dzcdn.net/api/1/1/2/9/6/0/2966f12d6b7272838e04eda3c9b8dee8.mp3?hdnea=exp=1781147012~acl=/api/1/1/2/9/6/0/2966f12d6b7272838e04eda3c9b8dee8.mp3*~data=user_id=0,application_id=42~hmac=148776f9947ac32d34d00eac9986cabf506943a71c00bc7e4cb234a92edce805"
"218","Pump Up The Jam","Technotronic","Pump Up The Jam","2961498","813203","Top 25%","2","false","320","true","false","false","","Auto-keep","Top 25% by popularity — defining track for the era","https://cdnt-preview.dzcdn.net/api/1/1/2/a/e/0/2aecc8b287853fe365e22a80310d90dc.mp3?hdnea=exp=1781147013~acl=/api/1/1/2/a/e/0/2aecc8b287853fe365e22a80310d90dc.mp3*~data=user_id=0,application_id=42~hmac=d826928893d3b426d74fe2ba6f977c4d32aa1b51e3c80bd20a83ce33b6651bd2"
"61","Faith (Remastered)","George Michael","Faith","8146779","806749","Top 25%","4","false","193","true","false","false","","Auto-keep","Top 25% by popularity — defining track for the era","https://cdnt-preview.dzcdn.net/api/1/1/2/2/d/0/22def5a92d50b2c872abfca893f53260.mp3?hdnea=exp=1781147012~acl=/api/1/1/2/2/d/0/22def5a92d50b2c872abfca893f53260.mp3*~data=user_id=0,application_id=42~hmac=63ecb86df629c220feca9603ff7e974b3e17319c9fefb221905195fe8c1044b6"
"142","(I've Had) The Time Of My Life (From ""Dirty Dancing"" Soundtrack)","Bill Medley","Dirty Dancing (Original Motion Picture Soundtrack)","13128250","800948","Top 25%","1","false","287","true","false","false","","Auto-keep","Top 25% by popularity — defining track for the era","https://cdnt-preview.dzcdn.net/api/1/1/7/f/3/0/7f397fb764da99ef77dfcf22d9eac6db.mp3?hdnea=exp=1781147012~acl=/api/1/1/7/f/3/0/7f397fb764da99ef77dfcf22d9eac6db.mp3*~data=user_id=0,application_id=42~hmac=b5221bf476bbf3fd32073c431d86fd304b2e66ead29610c2353d8007c7a86f0a"
"277","The Power Of Love","Huey Lewis & The News","Greatest Hits: Huey Lewis And The News","3116046","800464","Top 25%","3","false","234","true","false","false","","Auto-keep","Top 25% by popularity — defining track for the era","https://cdnt-preview.dzcdn.net/api/1/1/1/5/b/0/15bb215926ab0bd14776916ec0291652.mp3?hdnea=exp=1781147013~acl=/api/1/1/1/5/b/0/15bb215926ab0bd14776916ec0291652.mp3*~data=user_id=0,application_id=42~hmac=9196d69427ea111c586e3c237c71f64a18266832abf354c6a522d9bf3a4cdab4"
"313","All Night Long (All Night)","Lionel Richie","Can't Slow Down","920062","798485","Top 25%","4","false","260","true","false","false","","Auto-keep","Top 25% by popularity — defining track for the era","https://cdnt-preview.dzcdn.net/api/1/1/f/1/8/0/f18be05d355637d2f0ae646201740027.mp3?hdnea=exp=1781147013~acl=/api/1/1/f/1/8/0/f18be05d355637d2f0ae646201740027.mp3*~data=user_id=0,application_id=42~hmac=f3c42957f3f00bcef9d8c681f62ce1a4f1fab1235c9404880626be27058f7917"
"110","Who Can It Be Now?","Men At Work","Business As Usual","72191377","797551","Top 25%","2","false","202","true","false","false","","Auto-keep","Top 25% by popularity — defining track for the era","https://cdnt-preview.dzcdn.net/api/1/1/8/b/f/0/8bf9fd32e7787297a927531b4df97f99.mp3?hdnea=exp=1781147012~acl=/api/1/1/8/b/f/0/8bf9fd32e7787297a927531b4df97f99.mp3*~data=user_id=0,application_id=42~hmac=9e98661ce9067de58f9d7cbcc51a9e6f3c2abc0dc1322295f98fa17b57e4b148"
"310","Against All Odds (Take a Look at Me Now) (2016 Remaster)","Phil Collins","The Singles","134036426","796675","Top 25%","9","false","205","true","false","false","","Auto-keep","Top 25% by popularity — defining track for the era","https://cdnt-preview.dzcdn.net/api/1/1/7/e/0/0/7e0e95d8f63673d97524c86726248195.mp3?hdnea=exp=1781147013~acl=/api/1/1/7/e/0/0/7e0e95d8f63673d97524c86726248195.mp3*~data=user_id=0,application_id=42~hmac=7ddb5d7adcffcecb1334990eaaaf9ecb9f3de649a48f4480dff96e633f728fc2"
"378","You Can't Hurry Love (2016 Remaster)","Phil Collins","The Singles (Expanded)","134036220","796418","Top 25%","9","false","174","true","false","false","","Auto-keep","Top 25% by popularity — defining track for the era","https://cdnt-preview.dzcdn.net/api/1/1/3/a/c/0/3ac395bbb91a92d92bc0b6c7d3be36fe.mp3?hdnea=exp=1781147013~acl=/api/1/1/3/a/c/0/3ac395bbb91a92d92bc0b6c7d3be36fe.mp3*~data=user_id=0,application_id=42~hmac=bbcf275126217d60c26bdf225a1de755d67619ce5c509a69bf143566abef837d"
"287","The Look","Roxette","The Pop Hits","3092167","794792","Top 25%","3","false","237","true","false","false","","Auto-keep","Top 25% by popularity — defining track for the era","https://cdnt-preview.dzcdn.net/api/1/1/1/4/4/0/144e628893ceca652e7f5300722f6c32.mp3?hdnea=exp=1781147013~acl=/api/1/1/1/4/4/0/144e628893ceca652e7f5300722f6c32.mp3*~data=user_id=0,application_id=42~hmac=4f0936b437de399867ea66d87efb8aea2cb6e9ac5da670e0290ad7985af397ff"
"291","Owner of a Lonely Heart","Yes","90125 (Deluxe Version)","3613215","793167","Top 25%","1","false","268","true","false","false","","Auto-keep","Top 25% by popularity — defining track for the era","https://cdnt-preview.dzcdn.net/api/1/1/3/2/a/0/32a72db166b5035d2ab5d993099e82c1.mp3?hdnea=exp=1781147013~acl=/api/1/1/3/2/a/0/32a72db166b5035d2ab5d993099e82c1.mp3*~data=user_id=0,application_id=42~hmac=39a2f5bdc874e70ac4eb4dd57d11ee3d14b90368c55cfb4a8350fe8b52c13f64"
"364","Baby Jane (2008 Remaster)","Rod Stewart","Some Guys Have All the Luck","2550611","791019","Top 25%","3","false","283","true","false","false","","Auto-keep","Top 25% by popularity — defining track for the era","https://cdnt-preview.dzcdn.net/api/1/1/8/b/6/0/8b65df04c86e0e01739ccd6e78f2de52.mp3?hdnea=exp=1781147013~acl=/api/1/1/8/b/6/0/8b65df04c86e0e01739ccd6e78f2de52.mp3*~data=user_id=0,application_id=42~hmac=017bff6f606e779b4b0f94f086ade1f4342926e66c140cbdfaf796ff3962c8e5"
"439","She's Like the Wind (feat. Wendy Fraser) (From ""Dirty Dancing"" Soundtrack)","Patrick Swayze","Dirty Dancing (Original Motion Picture Soundtrack)","13128241","788638","Top 25%","1","false","231","true","false","false","","Auto-keep","Top 25% by popularity — defining track for the era","https://cdnt-preview.dzcdn.net/api/1/1/8/8/3/0/883edefba6e5ee8801d664c13438e9d2.mp3?hdnea=exp=1781147014~acl=/api/1/1/8/8/3/0/883edefba6e5ee8801d664c13438e9d2.mp3*~data=user_id=0,application_id=42~hmac=52a819b870c85ab92438ddc7e7c50a6309a7009be261d8924f2520f45867c96d"
"228","Woman In Chains","Tears For Fears","Rule The World: The Greatest Hits","424565902","787284","Top 25%","6","false","390","true","false","false","","Auto-keep","Top 25% by popularity — defining track for the era","https://cdnt-preview.dzcdn.net/api/1/1/7/8/a/0/78a3157de288be9d2e04f49eab7aba04.mp3?hdnea=exp=1781147013~acl=/api/1/1/7/8/a/0/78a3157de288be9d2e04f49eab7aba04.mp3*~data=user_id=0,application_id=42~hmac=b066943f016c65bfebf3fb6b9e517ab5c4b2815c9a0e8a128516da1d223b8087"
"219","I'm On Fire","Bruce Springsteen","Born In The U.S.A.","15586369","785010","Top 25%","4","false","156","true","false","false","","Auto-keep","Top 25% by popularity — defining track for the era","https://cdnt-preview.dzcdn.net/api/1/1/c/1/d/0/c1d3383d0ec604498bdf2a2a1ace4c6e.mp3?hdnea=exp=1781147013~acl=/api/1/1/c/1/d/0/c1d3383d0ec604498bdf2a2a1ace4c6e.mp3*~data=user_id=0,application_id=42~hmac=fa94f2bfe11ea643d9e9d183716bab7a3464b5e893de1bdef19e856a3c20c368"
"42","Smalltown Boy","Bronski Beat","The Age of Consent","428690122","784912","Top 25%","1","false","302","true","false","false","","Auto-keep","Top 25% by popularity — defining track for the era","https://cdnt-preview.dzcdn.net/api/1/1/0/b/d/0/0bd67a2e97f0fd8a55101393279e8276.mp3?hdnea=exp=1781147012~acl=/api/1/1/0/b/d/0/0bd67a2e97f0fd8a55101393279e8276.mp3*~data=user_id=0,application_id=42~hmac=1404ce98c97714e739f10647f0f2488810491afaeae248840c997b5feae6e847"
"306","Holding Back the Years (2008 Remaster)","Simply Red","Picture Book (Expanded Version)","2477001","784858","Top 25%","3","false","269","true","false","false","","Auto-keep","Top 25% by popularity — defining track for the era","https://cdnt-preview.dzcdn.net/api/1/1/4/5/4/0/4549456bf8d5d0ca779344ceed0f393c.mp3?hdnea=exp=1781147013~acl=/api/1/1/4/5/4/0/4549456bf8d5d0ca779344ceed0f393c.mp3*~data=user_id=0,application_id=42~hmac=126e69cb9800a39c285db09c8def595ee00204c1bead1f3d79dd0e0cbf99d2a6"
"152","Tarzan Boy","Baltimora","Living In The Background","3389903","784501","Top 25%","1","false","378","true","false","false","","Auto-keep","Top 25% by popularity — defining track for the era","https://cdnt-preview.dzcdn.net/api/1/1/9/6/f/0/96f9bb021411836210e8c21f64a82f0f.mp3?hdnea=exp=1781147012~acl=/api/1/1/9/6/f/0/96f9bb021411836210e8c21f64a82f0f.mp3*~data=user_id=0,application_id=42~hmac=c0e5a315359010aa06d25127a3fec4bae58eadbf33703a425aacc3a8f013c763"
"112","Sexual Healing","Marvin Gaye","The Best Of","536979","783598","Top 25%","2","false","239","true","false","false","","Auto-keep","Top 25% by popularity — defining track for the era","https://cdnt-preview.dzcdn.net/api/1/1/2/1/5/0/2157ea243624648574fd9dde1d080611.mp3?hdnea=exp=1781147012~acl=/api/1/1/2/1/5/0/2157ea243624648574fd9dde1d080611.mp3*~data=user_id=0,application_id=42~hmac=0461fa78e86b2bfcaf72fb86e444c8f87e7b0f85ddfc59fbf87e2a3fbc4d48c8"
"23","Eye of the Tiger","Survivor","Eye Of The Tiger","963098","782743","Top 25%","3","false","245","true","false","false","","Auto-keep","Top 25% by popularity — defining track for the era","https://cdnt-preview.dzcdn.net/api/1/1/3/6/a/0/36a3a63c89bcb68c28c57f6dc0b17110.mp3?hdnea=exp=1781147012~acl=/api/1/1/3/6/a/0/36a3a63c89bcb68c28c57f6dc0b17110.mp3*~data=user_id=0,application_id=42~hmac=4f6042252f56ce7efbe923676236bef9ead87e9c48979bd6c8ff0d992663a277"
"527","The Sun Always Shines on T.V.","a-ha","Hunting High and Low","664115","780496","Top 25%","2","false","302","true","false","false","","Auto-keep","Top 25% by popularity — defining track for the era","https://cdnt-preview.dzcdn.net/api/1/1/7/6/b/0/76b1410b908184bccd0bce2cf9ec406f.mp3?hdnea=exp=1781147015~acl=/api/1/1/7/6/b/0/76b1410b908184bccd0bce2cf9ec406f.mp3*~data=user_id=0,application_id=42~hmac=d8e9f72ccbf5a0d6350a8520ca54999c0920f8bedd1ca95503cdfeb277cdeeb4"
"314","Never Ending Story","Limahl","The Very Best Of Kajagoogoo","3518231","780154","Top 25%","1","false","210","true","false","false","","Auto-keep","Top 25% by popularity — defining track for the era","https://cdnt-preview.dzcdn.net/api/1/1/3/0/2/0/302a4ef6741ffe4d549e6b7bf869cd9c.mp3?hdnea=exp=1781147013~acl=/api/1/1/3/0/2/0/302a4ef6741ffe4d549e6b7bf869cd9c.mp3*~data=user_id=0,application_id=42~hmac=a87bffb26b3a40a81fc7e00998a006a704c98b250bd52a6d46dee9ee2f21753d"
"271","Pride (In The Name Of Love) (Remastered 2009)","U2","The Unforgettable Fire (Remastered)","4587261","778502","Top 25%","6","false","228","true","false","false","","Auto-keep","Top 25% by popularity — defining track for the era","https://cdnt-preview.dzcdn.net/api/1/1/4/2/6/0/426cf9401d6beb5c55c805edb5f9c420.mp3?hdnea=exp=1781147013~acl=/api/1/1/4/2/6/0/426cf9401d6beb5c55c805edb5f9c420.mp3*~data=user_id=0,application_id=42~hmac=102ef42532169821b7fd34847ea300ef7c98580d1b9f61782d3a9acce02790b7"
"52","The Final Countdown","Europe","Rock The Night - The Very Best Of Europe","619310","776625","Top 25%","1","false","310","true","false","false","","Auto-keep","Top 25% by popularity — defining track for the era","https://cdnt-preview.dzcdn.net/api/1/1/7/6/2/0/7626fba38c65e5dfc73242566f962705.mp3?hdnea=exp=1781147012~acl=/api/1/1/7/6/2/0/7626fba38c65e5dfc73242566f962705.mp3*~data=user_id=0,application_id=42~hmac=5be2c61abab8d40fa873e81333c6304accd3781086602792480aae481cc9a47a"
"197","It's My Life (1997 Remaster)","Talk Talk","It's My Life","3257507","771334","Top 25%","1","false","232","true","false","false","","Auto-keep","Top 25% by popularity — defining track for the era","https://cdnt-preview.dzcdn.net/api/1/1/1/a/9/0/1a9bd11cb47c2a161433c21d1cbffd9c.mp3?hdnea=exp=1781147012~acl=/api/1/1/1/a/9/0/1a9bd11cb47c2a161433c21d1cbffd9c.mp3*~data=user_id=0,application_id=42~hmac=2cb13772908f93b44e1177c1645828a6988aa1ec097e551cdd7d2b707afcee08"
"246","Ain't Nobody","Chaka Khan","Epiphany: The Best of Chaka Khan, Vol. 1","776220","768052","Top 25%","2","false","280","true","false","false","","Auto-keep","Top 25% by popularity — defining track for the era","https://cdnt-preview.dzcdn.net/api/1/1/0/1/6/0/016f347156484c43810cacd9aff8f66e.mp3?hdnea=exp=1781147013~acl=/api/1/1/0/1/6/0/016f347156484c43810cacd9aff8f66e.mp3*~data=user_id=0,application_id=42~hmac=c634bd9dc50311db88c40f368b2f24d0b61b736d40eef202adbd398bae8c43c4"
"7","Girls Just Want to Have Fun","Cyndi Lauper","She's So Unusual: A 30th Anniversary Celebration (Deluxe Edition)","76057844","766563","Top 25%","3","false","235","true","false","false","","Auto-keep","Top 25% by popularity — defining track for the era","https://cdnt-preview.dzcdn.net/api/1/1/8/0/2/0/8029ee36f2638c65b196f42a2b884dc1.mp3?hdnea=exp=1781147012~acl=/api/1/1/8/0/2/0/8029ee36f2638c65b196f42a2b884dc1.mp3*~data=user_id=0,application_id=42~hmac=7202bc54a885c69c9881d825e6c5132de805db003301bfe0b294c4f2f896f051"
"104","Walking On Sunshine","Katrina & The Waves","Katrina & The Waves","3166724","760630","Top 25%","1","false","238","true","false","false","","Auto-keep","Top 25% by popularity — defining track for the era","https://cdnt-preview.dzcdn.net/api/1/1/7/3/3/0/73334a7574876bdf8e20a302a08fa960.mp3?hdnea=exp=1781147012~acl=/api/1/1/7/3/3/0/73334a7574876bdf8e20a302a08fa960.mp3*~data=user_id=0,application_id=42~hmac=437b84f1308ba225b5702b58e640e415019b40a8f5106e146a4e1b61535af6ca"
"140","Burning Heart (From ""Rocky IV"" Soundtrack)","Survivor","Rocky IV","576423","759514","Top 25%","3","false","231","true","false","false","","Auto-keep","Top 25% by popularity — defining track for the era","https://cdnt-preview.dzcdn.net/api/1/1/9/7/4/0/97415dee2c4b93aac66d60fc9b97e555.mp3?hdnea=exp=1781147012~acl=/api/1/1/9/7/4/0/97415dee2c4b93aac66d60fc9b97e555.mp3*~data=user_id=0,application_id=42~hmac=7cf795412129c9a22bb7ade7b462e0a9189615f6cf9f3aca98206899d5d97d0e"
"533","Last Christmas","Wham!","LAST CHRISTMAS","1036586","757398","Top 25%","5","false","264","true","false","false","","Auto-keep","Top 25% by popularity — defining track for the era","https://cdnt-preview.dzcdn.net/api/1/1/3/6/8/0/3681d220b05d2975e18799dedfa0c2cc.mp3?hdnea=exp=1781147015~acl=/api/1/1/3/6/8/0/3681d220b05d2975e18799dedfa0c2cc.mp3*~data=user_id=0,application_id=42~hmac=113efef7956588bdad18c69d06a7ed918f2bf4dfb3cc0beb094561e658d484ef"
"167","Take A Chance On Me","ABBA","ABBA Gold","884028","756409","Top 25%","2","false","243","true","false","false","","Auto-keep","Top 25% by popularity — defining track for the era","https://cdnt-preview.dzcdn.net/api/1/1/9/6/a/0/96a4f8f3fdc72bc05043e4e4896bebac.mp3?hdnea=exp=1781147012~acl=/api/1/1/9/6/a/0/96a4f8f3fdc72bc05043e4e4896bebac.mp3*~data=user_id=0,application_id=42~hmac=f6fcea288b57b594311441fc2b311f0148268bae83f2344bade0f4bc04af1f89"
"184","Like a Virgin","Madonna","Like a Virgin","678336","754763","Top 25%","13","false","218","true","false","false","","Auto-keep","Top 25% by popularity — defining track for the era","https://cdnt-preview.dzcdn.net/api/1/1/2/5/f/0/25fbaf464b037d6c6fefd78a9ef1c115.mp3?hdnea=exp=1781147012~acl=/api/1/1/2/5/f/0/25fbaf464b037d6c6fefd78a9ef1c115.mp3*~data=user_id=0,application_id=42~hmac=f67d6a1f2ab8bb48bd4a21392e69d76a7ad527583abb8749c990f11e9c6ec1a4"
"80","You Can Call Me Al","Paul Simon","The Essential Paul Simon","6599483","754732","Top 25%","1","false","281","true","false","false","","Auto-keep","Top 25% by popularity — defining track for the era","https://cdnt-preview.dzcdn.net/api/1/1/7/3/7/0/737569121a2da36b5b72bb3c13b22835.mp3?hdnea=exp=1781147012~acl=/api/1/1/7/3/7/0/737569121a2da36b5b72bb3c13b22835.mp3*~data=user_id=0,application_id=42~hmac=0285a0d54863a83471a9d6f59f1d36caa3b5ae986a87fa9833b1e338ffaf7891"
"170","Hooked On A Feeling","Blue Swede","Hooked On A Feeling","3402413","754339","Top 25%","1","false","173","true","false","false","","Auto-keep","Top 25% by popularity — defining track for the era","https://cdnt-preview.dzcdn.net/api/1/1/f/7/8/0/f78d5d95e7afc503acf224edb8d65d89.mp3?hdnea=exp=1781147012~acl=/api/1/1/f/7/8/0/f78d5d95e7afc503acf224edb8d65d89.mp3*~data=user_id=0,application_id=42~hmac=3d828eefcbbf8df55f01b5173298fdbcdcbeeac7a8db334e032cca9dd6d4b857"
"87","Break My Stride","Matthew Wilder","I Don't Speak The Language","5503498","753968","Top 25%","1","false","184","true","false","false","","Auto-keep","Top 25% by popularity — defining track for the era","https://cdnt-preview.dzcdn.net/api/1/1/a/8/9/0/a893c0ec5a8908a7a3b0aefd2ba9e086.mp3?hdnea=exp=1781147012~acl=/api/1/1/a/8/9/0/a893c0ec5a8908a7a3b0aefd2ba9e086.mp3*~data=user_id=0,application_id=42~hmac=c6812841537a4409883a5b2e6a54be16e33e54d77a7c82347ad4d6ebd69e3f7b"
"162","I'm Gonna Be (500 Miles)","The Proclaimers","The Best Of","3109247","753961","Top 25%","1","false","219","true","false","false","","Auto-keep","Top 25% by popularity — defining track for the era","https://cdnt-preview.dzcdn.net/api/1/1/e/d/1/0/ed178dc1475c336eda755d3c17461ed2.mp3?hdnea=exp=1781147012~acl=/api/1/1/e/d/1/0/ed178dc1475c336eda755d3c17461ed2.mp3*~data=user_id=0,application_id=42~hmac=05fab453188ce5f02e35fe31b36a2a18850f894e26fc1e1dc988f87aaa86716d"
"541","Black Velvet","Alannah Myles","Alannah Myles","674958","753703","Top 25%","1","false","287","true","false","false","","Auto-keep","Top 25% by popularity — defining track for the era","https://cdnt-preview.dzcdn.net/api/1/1/3/e/a/0/3eaa53bc90f8e5a39cc2b75f2690bda1.mp3?hdnea=exp=1781147015~acl=/api/1/1/3/e/a/0/3eaa53bc90f8e5a39cc2b75f2690bda1.mp3*~data=user_id=0,application_id=42~hmac=a6aff614dec15c884bf0084c2a36acad4f49c895b512ff06ee3fc69b07a7392e"
"57","I Want to Know What Love Is (1999 Remaster)","Foreigner","Agent Provocateur","675818","753671","Top 25%","2","false","304","true","false","false","","Auto-keep","Top 25% by popularity — defining track for the era","https://cdnt-preview.dzcdn.net/api/1/1/6/3/f/0/63f32f7f3247341d42d18f1b4cc6d92e.mp3?hdnea=exp=1781147012~acl=/api/1/1/6/3/f/0/63f32f7f3247341d42d18f1b4cc6d92e.mp3*~data=user_id=0,application_id=42~hmac=a060e1b6ad63839aae57395f62f5cb69f046cd4aff88c75c5e6c326081af9860"
"209","Cruel Summer","Bananarama","The Greatest Hits Collection (Collector Edition)","421388782","749171","Top 25%","3","false","215","true","false","false","","Auto-keep","Top 25% by popularity — defining track for the era","https://cdnt-preview.dzcdn.net/api/1/1/7/7/c/0/77c96fe09f15cf910bae669ba8acde4c.mp3?hdnea=exp=1781147013~acl=/api/1/1/7/7/c/0/77c96fe09f15cf910bae669ba8acde4c.mp3*~data=user_id=0,application_id=42~hmac=4e5d4e3b0f4e62a81e3fe7aed36ae6e4fedd14aaf00111e55b89afc9f257ff34"
"40","Rock the Casbah (Remastered)","The Clash","Combat Rock (Remastered)","69962765","748538","Top 25%","2","false","223","true","false","false","","Auto-keep","Top 25% by popularity — defining track for the era","https://cdnt-preview.dzcdn.net/api/1/1/0/4/0/0/040a22b2915d8144b9a0b69847b5d994.mp3?hdnea=exp=1781147012~acl=/api/1/1/0/4/0/0/040a22b2915d8144b9a0b69847b5d994.mp3*~data=user_id=0,application_id=42~hmac=e7e4dd54a00dcbfabd0df7b74cbf0a251b88dd0a43df51eaefbe3552b51d3e1f"
"3","I Wanna Dance with Somebody (Who Loves Me)","Whitney Houston","Masters Series - 80's Club Party","4945407","747266","Top 25%","5","false","293","true","false","false","","Auto-keep","Top 25% by popularity — defining track for the era","https://cdnt-preview.dzcdn.net/api/1/1/c/2/9/0/c290c93cc53de913cf181d3f028abc0f.mp3?hdnea=exp=1781147012~acl=/api/1/1/c/2/9/0/c290c93cc53de913cf181d3f028abc0f.mp3*~data=user_id=0,application_id=42~hmac=f7fef5f737de5ba7db71ff419c43c2ff551160867eca04ac688a103348e1bbc8"
"534","Ride on Time","Black Box","Dreamland","70051871","747097","Top 25%","1","false","272","true","false","false","","Auto-keep","Top 25% by popularity — defining track for the era","https://cdnt-preview.dzcdn.net/api/1/1/d/f/e/0/dfed4536c297a3933c7c3d348ea01d37.mp3?hdnea=exp=1781147015~acl=/api/1/1/d/f/e/0/dfed4536c297a3933c7c3d348ea01d37.mp3*~data=user_id=0,application_id=42~hmac=6b108fd2fa9d5183cc851b39cb3dc7003b0dd691f7e1a83d38b9c63e76d4f5d2"
"30","Don't You Want Me","The Human League","Dare!","3092940","746675","Top 25%","2","false","236","true","false","false","","Auto-keep","Top 25% by popularity — defining track for the era","https://cdnt-preview.dzcdn.net/api/1/1/7/e/a/0/7ea8a26b25552e6667c5c1e79a4e37bd.mp3?hdnea=exp=1781147012~acl=/api/1/1/7/e/a/0/7ea8a26b25552e6667c5c1e79a4e37bd.mp3*~data=user_id=0,application_id=42~hmac=d3c10cc359df6c7b8098c578388656156479ddcaff719c4079dce5425dc55507"
"195","Got My Mind Set on You","George Harrison","Cloud Nine","3164587","741905","Top 25%","1","false","232","true","false","false","","Auto-keep","Top 25% by popularity — defining track for the era","https://cdnt-preview.dzcdn.net/api/1/1/d/4/9/0/d4944104d7af1fc99312f2cb55444a86.mp3?hdnea=exp=1781147012~acl=/api/1/1/d/4/9/0/d4944104d7af1fc99312f2cb55444a86.mp3*~data=user_id=0,application_id=42~hmac=b9285faba4ef31faf69b76d232e4499e8db9e6e46ce86d6294dd87aa2764f61d"
"320","Alone","Heart","Bad Animals","3127630","740927","Top 25%","4","false","218","true","false","false","","Auto-keep","Top 25% by popularity — defining track for the era","https://cdnt-preview.dzcdn.net/api/1/1/2/f/9/0/2f9bf282efccca1cb2b5806315c8a807.mp3?hdnea=exp=1781147013~acl=/api/1/1/2/f/9/0/2f9bf282efccca1cb2b5806315c8a807.mp3*~data=user_id=0,application_id=42~hmac=74e3e53d3635a260b2aa46766f2e36a0df7cc8f2b011dc6dcd81dda7f21a2d10"
"433","Every Time You Go Away (Radio Edit)","Paul Young","From Time To Time - The Singles Collection","10157132","740901","Top 25%","1","false","267","true","false","false","","Auto-keep","Top 25% by popularity — defining track for the era","https://cdnt-preview.dzcdn.net/api/1/1/6/5/2/0/6525c248627334ea4fc1761be23eecbf.mp3?hdnea=exp=1781147014~acl=/api/1/1/6/5/2/0/6525c248627334ea4fc1761be23eecbf.mp3*~data=user_id=0,application_id=42~hmac=6dfd63bf724f260e520c95e530f36716b7feb8cedad3770a942d30adb7264019"
"216","Gypsy","Fleetwood Mac","Greatest Hits","664445","739077","Top 25%","6","false","264","true","false","false","","Auto-keep","Top 25% by popularity — defining track for the era","https://cdnt-preview.dzcdn.net/api/1/1/6/5/a/0/65a59cebf8f704f320e21a6689cfcb48.mp3?hdnea=exp=1781147013~acl=/api/1/1/6/5/a/0/65a59cebf8f704f320e21a6689cfcb48.mp3*~data=user_id=0,application_id=42~hmac=6b481109024a30f61fa4b926700667cf34f72c1d9e0c4e22f5af2a3e9bb2e519"
"47","Crazy Little Thing Called Love","Queen","Bohemian Rhapsody (The Original Soundtrack)","568121002","734267","Top 25%","6","false","164","true","false","false","","Auto-keep","Top 25% by popularity — defining track for the era","https://cdnt-preview.dzcdn.net/api/1/1/e/8/4/0/e84ca26dc530e3f1170d17a5bdd5afef.mp3?hdnea=exp=1781147012~acl=/api/1/1/e/8/4/0/e84ca26dc530e3f1170d17a5bdd5afef.mp3*~data=user_id=0,application_id=42~hmac=1a820eb74a94391fb528a21427e97d1039c5f35bb883115755b0c378fe6389d7"
"12","Father Figure (Remastered)","George Michael","Faith","8146780","733859","Top 25%","4","false","341","true","false","false","","Auto-keep","Top 25% by popularity — defining track for the era","https://cdnt-preview.dzcdn.net/api/1/1/b/4/9/0/b49977495be746a2684154595dd4c01b.mp3?hdnea=exp=1781147012~acl=/api/1/1/b/4/9/0/b49977495be746a2684154595dd4c01b.mp3*~data=user_id=0,application_id=42~hmac=bcc00d59b804756b0a08575b355e803066885d93ed14d28b8797c23947fd9a8d"
"22","We Didn't Start the Fire","Billy Joel","Storm Front","626123","732111","Top 25%","3","false","288","true","false","false","","Auto-keep","Top 25% by popularity — defining track for the era","https://cdnt-preview.dzcdn.net/api/1/1/3/c/2/0/3c217db98586cfe1f9e923b0bde7db96.mp3?hdnea=exp=1781147012~acl=/api/1/1/3/c/2/0/3c217db98586cfe1f9e923b0bde7db96.mp3*~data=user_id=0,application_id=42~hmac=0d48c61a528fee585cfb9ebd667b542094807f3c1b2ab15e10a9f0b0789eb9db"
"155","What A Feeling","Irene Cara","What A Feeling","1434081","731386","Top 25%","1","false","244","true","false","false","","Auto-keep","Top 25% by popularity — defining track for the era","https://cdnt-preview.dzcdn.net/api/1/1/2/1/2/0/2128364f3c452b0a72646c60d9c7e642.mp3?hdnea=exp=1781147012~acl=/api/1/1/2/1/2/0/2128364f3c452b0a72646c60d9c7e642.mp3*~data=user_id=0,application_id=42~hmac=3bc8ce91f2e8dfcd0d396a5b162d418d4d74d7fd9ab9bdcfe8000c9a3543281d"
"8","Danger Zone (From ""Top Gun"" Original Soundtrack)","Kenny Loggins","Top Gun - Motion Picture Soundtrack (Special Expanded Edition)","7675051","731017","Top 25%","3","false","216","true","false","false","","Auto-keep","Top 25% by popularity — defining track for the era","https://cdnt-preview.dzcdn.net/api/1/1/b/c/c/0/bcc0d5e2b54fc68c89a011a16752f2eb.mp3?hdnea=exp=1781147012~acl=/api/1/1/b/c/c/0/bcc0d5e2b54fc68c89a011a16752f2eb.mp3*~data=user_id=0,application_id=42~hmac=6e1480ba294f0467f4e75306a821d266311b598aeb4ecaa78807ece770a7e905"
"253","Drive","The Cars","Complete Greatest Hits","674711","730475","Top 25%","5","false","237","true","false","false","","Auto-keep","Top 25% by popularity — defining track for the era","https://cdnt-preview.dzcdn.net/api/1/1/2/c/0/0/2c09d36b4ad8dcde11de5119a7dea00b.mp3?hdnea=exp=1781147013~acl=/api/1/1/2/c/0/0/2c09d36b4ad8dcde11de5119a7dea00b.mp3*~data=user_id=0,application_id=42~hmac=62dafef4611da645f48cdb1d1d9a486f12481f5ba533a57d301a2cd1c9c45118"
"108","Rosanna","Toto","Toto IV","1079628","727881","Top 25%","2","false","331","true","false","false","","Auto-keep","Top 25% by popularity — defining track for the era","https://cdnt-preview.dzcdn.net/api/1/1/5/4/7/0/5479434824d3313fc41a95f3a54524a3.mp3?hdnea=exp=1781147012~acl=/api/1/1/5/4/7/0/5479434824d3313fc41a95f3a54524a3.mp3*~data=user_id=0,application_id=42~hmac=595d7a273019ec558cb0fca2aac64541f602b4916ae3efaf5b945f0d9331e290"
"525","Glory of Love","Peter Cetera","Solitude / Solitaire","2627636","727874","Top 25%","1","false","258","true","false","false","","Auto-keep","Top 25% by popularity — defining track for the era","https://cdnt-preview.dzcdn.net/api/1/1/f/1/7/0/f174bc3005a02a510f101dd5e27424e3.mp3?hdnea=exp=1781147015~acl=/api/1/1/f/1/7/0/f174bc3005a02a510f101dd5e27424e3.mp3*~data=user_id=0,application_id=42~hmac=ce9c5ad04fa466ea2579f703a8f3e7848b64efc1910bfbfa068c444c8b5193b3"
"340","A View to a Kill","Duran Duran","Greatest","3130429","725653","Top 25%","7","false","217","true","false","false","","Auto-keep","Top 25% by popularity — defining track for the era","https://cdnt-preview.dzcdn.net/api/1/1/d/9/9/0/d99afbf5023925e91aa33dced65d0b26.mp3?hdnea=exp=1781147013~acl=/api/1/1/d/9/9/0/d99afbf5023925e91aa33dced65d0b26.mp3*~data=user_id=0,application_id=42~hmac=c55ffceeeabc73380233c055db4d7659ebd940e0e6256ac01b43de6dbd3230a9"
"212","The Boys Of Summer","Don Henley","The Very Best Of","3977905","725326","Top 25%","1","false","287","true","false","false","","Auto-keep","Top 25% by popularity — defining track for the era","https://cdnt-preview.dzcdn.net/api/1/1/1/d/9/0/1d996a7a67991def36c8b625dbbbcdb8.mp3?hdnea=exp=1781147013~acl=/api/1/1/1/d/9/0/1d996a7a67991def36c8b625dbbbcdb8.mp3*~data=user_id=0,application_id=42~hmac=5edbfafbea3c06283d005c08c6bbb218dd03684974937bffff577aba981752f6"
"193","My Sharona","The Knack","Get The Knack","3248376","724568","Top 25%","1","false","295","true","false","false","","Auto-keep","Top 25% by popularity — defining track for the era","https://cdnt-preview.dzcdn.net/api/1/1/c/3/d/0/c3d9ab379dee520c7a297fc144d326cb.mp3?hdnea=exp=1781147012~acl=/api/1/1/c/3/d/0/c3d9ab379dee520c7a297fc144d326cb.mp3*~data=user_id=0,application_id=42~hmac=1f7d885f5573169a2c55cf1d79eb303249489660c984f93e592a0eb0034a27e9"
"128","Never Too Much","Luther Vandross","Never Too Much","608507","721755","Top 25%","1","false","230","true","false","false","","Auto-keep","Top 25% by popularity — defining track for the era","https://cdnt-preview.dzcdn.net/api/1/1/3/3/3/0/3335ab5b4a9039013cc4d125da59d7ac.mp3?hdnea=exp=1781147012~acl=/api/1/1/3/3/3/0/3335ab5b4a9039013cc4d125da59d7ac.mp3*~data=user_id=0,application_id=42~hmac=883b3ddb1dbe094e7fa5796b63cf3c7898361aaabdb4248533ccefe11cce5970"
"102","West End Girls","Pet Shop Boys","Discography - Complete Singles Collection","3122969","719303","Top 25%","8","false","240","true","false","false","","Auto-keep","Top 25% by popularity — defining track for the era","https://cdnt-preview.dzcdn.net/api/1/1/0/1/d/0/01db1fc01f6ef047414b1369f112473f.mp3?hdnea=exp=1781147012~acl=/api/1/1/0/1/d/0/01db1fc01f6ef047414b1369f112473f.mp3*~data=user_id=0,application_id=42~hmac=d356671a46236afbffc9c4a71bb8027c9002fe12fd4ad28acd1096e516d4ad60"
"144","Every Breath You Take (Remastered 2003)","The Police","The Police","1177883","717838","Top 25%","3","false","254","true","false","false","","Auto-keep","Top 25% by popularity — defining track for the era","https://cdnt-preview.dzcdn.net/api/1/1/c/3/1/0/c31a16379c70e8193c3193b3c1d172c9.mp3?hdnea=exp=1781147012~acl=/api/1/1/c/3/1/0/c31a16379c70e8193c3193b3c1d172c9.mp3*~data=user_id=0,application_id=42~hmac=821a6c83fea1c772609cd43b3737a5feb306a22a0826222396beae2dba4f0552"
"4","Under Pressure","Queen","Bohemian Rhapsody (The Original Soundtrack)","568121052","716292","Top 25%","6","false","247","true","false","false","","Auto-keep","Top 25% by popularity — defining track for the era","https://cdnt-preview.dzcdn.net/api/1/1/b/a/e/0/bae65d938e2cac3e858b6d76ee21d2fd.mp3?hdnea=exp=1781147012~acl=/api/1/1/b/a/e/0/bae65d938e2cac3e858b6d76ee21d2fd.mp3*~data=user_id=0,application_id=42~hmac=0a5071f0e5a40b28a016ed68c2f87b154b85b84768abec771b05d21192c49303"
"489","One Moment in Time (Remastered)","Whitney Houston","The Ultimate Collection","2795612","714692","Top 25%","5","false","284","true","false","false","","Auto-keep","Top 25% by popularity — defining track for the era","https://cdnt-preview.dzcdn.net/api/1/1/b/c/b/0/bcb13e6536c55d14209174896d85ef73.mp3?hdnea=exp=1781147014~acl=/api/1/1/b/c/b/0/bcb13e6536c55d14209174896d85ef73.mp3*~data=user_id=0,application_id=42~hmac=34586f54bb8bca55451075d5c4e072b88538675d5a39817d1b0d67c749cc12ce"
"116","Never Let Me Down Again","Depeche Mode","Music for the Masses (Deluxe)","136334622","707144","Top 25%","5","false","288","true","false","false","","Auto-keep","Top 25% by popularity — defining track for the era","https://cdnt-preview.dzcdn.net/api/1/1/d/8/e/0/d8e268efbf105c80a7215eb8973eba2e.mp3?hdnea=exp=1781147012~acl=/api/1/1/d/8/e/0/d8e268efbf105c80a7215eb8973eba2e.mp3*~data=user_id=0,application_id=42~hmac=108d3a4b7953aac9931853b1190a8b1ea4cff9d8db9b9c1a55f6c393d1e01d6c"
"32","You Make My Dreams (Come True)","Daryl Hall & John Oates","Voices","546004","706405","Top 25%","5","false","190","true","false","false","","Auto-keep","Top 25% by popularity — defining track for the era","https://cdnt-preview.dzcdn.net/api/1/1/5/a/b/0/5ab6be12931c10e91df8515094790923.mp3?hdnea=exp=1781147012~acl=/api/1/1/5/a/b/0/5ab6be12931c10e91df8515094790923.mp3*~data=user_id=0,application_id=42~hmac=2685ba5305acb3da56a39380758da636d252c003634167e75b02387fabfad2c8"
"20","Careless Whisper","George Michael","Ladies & Gentlemen","10392072","706267","Top 25%","4","false","300","true","false","false","","Auto-keep","Top 25% by popularity — defining track for the era","https://cdnt-preview.dzcdn.net/api/1/1/0/d/3/0/0d3f3811d395d542796b226921015c71.mp3?hdnea=exp=1781147012~acl=/api/1/1/0/d/3/0/0d3f3811d395d542796b226921015c71.mp3*~data=user_id=0,application_id=42~hmac=c894819122bbb1ff6b4fe758c726d7b40342515ff1573a828a2489d26a6ac9dd"
"292","Sledgehammer","Peter Gabriel","So (Remastered)","540503442","704205","Top 25%","2","false","313","true","false","false","","Auto-keep","Top 25% by popularity — defining track for the era","https://cdnt-preview.dzcdn.net/api/1/1/2/b/6/0/2b69a1deb5c38c1dd63efacf7f1d8a33.mp3?hdnea=exp=1781147013~acl=/api/1/1/2/b/6/0/2b69a1deb5c38c1dd63efacf7f1d8a33.mp3*~data=user_id=0,application_id=42~hmac=06e18a37fe6d831aeff0d2b95d83f67855a542a1452760e1db441c00f768bfc3"
"114","All Out of Love","Air Supply","Collections","546790","703567","Top 25%","2","false","241","true","false","false","","Auto-keep","Top 25% by popularity — defining track for the era","https://cdnt-preview.dzcdn.net/api/1/1/2/a/1/0/2a1851738532a3e0e7dd2e3650b584f8.mp3?hdnea=exp=1781147012~acl=/api/1/1/2/a/1/0/2a1851738532a3e0e7dd2e3650b584f8.mp3*~data=user_id=0,application_id=42~hmac=723d9f5bd21aca2159ec15f01f88c6920600b7b2fa187af26b8e7f8d42e7212f"
"248","Broken Wings","Mr. Mister","Welcome To The Real World","15391705","702935","Top 25%","2","false","345","true","false","false","","Auto-keep","Top 25% by popularity — defining track for the era","https://cdnt-preview.dzcdn.net/api/1/1/f/5/d/0/f5d55e7f243326cf7b82f8669f7c580f.mp3?hdnea=exp=1781147013~acl=/api/1/1/f/5/d/0/f5d55e7f243326cf7b82f8669f7c580f.mp3*~data=user_id=0,application_id=42~hmac=b957b2617c7bd531fa6e44d09bb55aa108395099134221f738b5912361456861"
"417","Forget Me Nots (Remastered)","Patrice Rushen","Straight From The Heart","434614222","702477","Top 25%","1","false","284","true","false","false","","Auto-keep","Top 25% by popularity — defining track for the era","https://cdnt-preview.dzcdn.net/api/1/1/2/0/a/0/20ab7570b71579db3ab9eaa6f4b4ac8f.mp3?hdnea=exp=1781147014~acl=/api/1/1/2/0/a/0/20ab7570b71579db3ab9eaa6f4b4ac8f.mp3*~data=user_id=0,application_id=42~hmac=dfe48bc6a78b3089c82ff7c623c2759b938c26f19379983b134d6456e3faeb4a"
"429","Waiting for a Girl like You","Foreigner","4 (Expanded)","2814886","702137","Top 25%","2","false","292","true","false","false","","Auto-keep","Top 25% by popularity — defining track for the era","https://cdnt-preview.dzcdn.net/api/1/1/e/8/5/0/e85d0680ead1783df9bfb151c0b8af0f.mp3?hdnea=exp=1781147014~acl=/api/1/1/e/8/5/0/e85d0680ead1783df9bfb151c0b8af0f.mp3*~data=user_id=0,application_id=42~hmac=4ea694a90878dc7d0c667e1e42a6b4642623351ddad1a4e2f492ba25b070c125"
"174","Always on My Mind","Pet Shop Boys","Discography - Complete Singles Collection","3122976","701346","Top 25%","8","false","234","true","false","false","","Auto-keep","Top 25% by popularity — defining track for the era","https://cdnt-preview.dzcdn.net/api/1/1/9/b/b/0/9bb1aa0d6cfd12786bebb80b3e7b84d1.mp3?hdnea=exp=1781147012~acl=/api/1/1/9/b/b/0/9bb1aa0d6cfd12786bebb80b3e7b84d1.mp3*~data=user_id=0,application_id=42~hmac=cad5ea974776fff53ab488f80762d9c175124ce250f2fc1213e4bf9be3259a09"
"84","Hungry Heart","Bruce Springsteen","The River","15177141","700397","Top 25%","4","false","199","true","false","false","","Auto-keep","Top 25% by popularity — defining track for the era","https://cdnt-preview.dzcdn.net/api/1/1/d/8/0/0/d8072b0d5ea737c983762c57f8991fae.mp3?hdnea=exp=1781147012~acl=/api/1/1/d/8/0/0/d8072b0d5ea737c983762c57f8991fae.mp3*~data=user_id=0,application_id=42~hmac=a78b546f3f64fdbeed69b71483a68a4ffc35781ed031e8545bf5c798ab1a6a2b"
"105","Caribbean Queen (No More Love on the Run)","Billy Ocean","The Best Of... / REVOKED NEW -> G010001877208R","2168095","700014","Top 25%","3","false","244","true","false","false","","Auto-keep","Top 25% by popularity — defining track for the era","https://cdnt-preview.dzcdn.net/api/1/1/d/4/9/0/d498b3de15c1d28fd2b2feb343cf1a9d.mp3?hdnea=exp=1781147012~acl=/api/1/1/d/4/9/0/d498b3de15c1d28fd2b2feb343cf1a9d.mp3*~data=user_id=0,application_id=42~hmac=6174d94c1d78faec41238d427515f7d6710d998b670f402e1c043c0aa211aeb8"
"70","Hungry Eyes (From ""Dirty Dancing"" Soundtrack)","Eric Carmen","The Definitive Collection","1043544","698831","Top 25%","2","false","251","true","false","false","","Auto-keep","Top 25% by popularity — defining track for the era","https://cdnt-preview.dzcdn.net/api/1/1/c/6/2/0/c62494ffbdc4aeee2f3f6f2700b30f9b.mp3?hdnea=exp=1781147012~acl=/api/1/1/c/6/2/0/c62494ffbdc4aeee2f3f6f2700b30f9b.mp3*~data=user_id=0,application_id=42~hmac=ac2c70ebe1359dc963ea083abf1c82777c5e00bd5d5101755323a0daa2aaa16e"
"421","Stuck On You","Lionel Richie","Can't Slow Down","920067","697149","Top 25%","4","false","190","true","false","false","","Auto-keep","Top 25% by popularity — defining track for the era","https://cdnt-preview.dzcdn.net/api/1/1/b/d/c/0/bdc6385b031a9876dfa389c16c583474.mp3?hdnea=exp=1781147014~acl=/api/1/1/b/d/c/0/bdc6385b031a9876dfa389c16c583474.mp3*~data=user_id=0,application_id=42~hmac=95e6de5479da5cb4abf7145b4b8d615449f48daa3c6d5e48c19dc0323af1f2fa"
"200","Don't Stop The Dance","Bryan Ferry","Boys And Girls","3135078","695431","Top 25%","2","false","259","true","false","false","","Auto-keep","Top 25% by popularity — defining track for the era","https://cdnt-preview.dzcdn.net/api/1/1/a/6/a/0/a6a26006ef3149bb731926bbc9d610f9.mp3?hdnea=exp=1781147012~acl=/api/1/1/a/6/a/0/a6a26006ef3149bb731926bbc9d610f9.mp3*~data=user_id=0,application_id=42~hmac=45ab84b833cc9e878395860a71323bac8889fc96104174e422bbb087f93acdc2"
"173","Rivers of Babylon","Boney M.","Rivers Of Babylon","968798","695338","Top 25%","1","false","262","true","false","false","","Auto-keep","Top 25% by popularity — defining track for the era","https://cdnt-preview.dzcdn.net/api/1/1/0/2/1/0/021ea95d7fdd138c63ad77b45d1eab5d.mp3?hdnea=exp=1781147012~acl=/api/1/1/0/2/1/0/021ea95d7fdd138c63ad77b45d1eab5d.mp3*~data=user_id=0,application_id=42~hmac=d2c83314d6fd91ecbc84411cd7951e0bebc2758a9a48591c992ff9f34aaadf8a"
"297","Gloria","Laura Branigan","The Best of Branigan","675801","693623","Top 25%","2","false","295","true","false","false","","Auto-keep","Top 25% by popularity — defining track for the era","https://cdnt-preview.dzcdn.net/api/1/1/1/5/4/0/154b6033b75763f55610f633936e7088.mp3?hdnea=exp=1781147013~acl=/api/1/1/1/5/4/0/154b6033b75763f55610f633936e7088.mp3*~data=user_id=0,application_id=42~hmac=0f5fb4171e08942345b200ee6dd770025c51038a8ba04b283b72b1332adc9bbd"
"163","Don't Stop Believin'","Journey","The Essential Journey","625643","916669","Top 25%","7","false","249","true","false","false","1","Manual review","Likely duplicate of position 1 (different version)","https://cdnt-preview.dzcdn.net/api/1/1/d/2/0/0/d2075fdf5e55ef0a8f8383cefd6fc51b.mp3?hdnea=exp=1781147012~acl=/api/1/1/d/2/0/0/d2075fdf5e55ef0a8f8383cefd6fc51b.mp3*~data=user_id=0,application_id=42~hmac=09371be2cfb208466cd97936a1b55d0c48ffdc2b8ed652dc2f087c7740fc84bc"
"261","Like a Prayer","Madonna","Like a Prayer","664507","911457","Top 25%","13","false","340","true","false","false","10","Manual review","Likely duplicate of position 10 (different version)","https://cdnt-preview.dzcdn.net/api/1/1/8/3/5/0/83568d6e8eab5d7d29effe9bf3a473ce.mp3?hdnea=exp=1781147013~acl=/api/1/1/8/3/5/0/83568d6e8eab5d7d29effe9bf3a473ce.mp3*~data=user_id=0,application_id=42~hmac=44fa1f4b261cf7f4ede9c5769c32c7c412a9bcc28155e779e332bccc4452027d"
"543","Everywhere","Fleetwood Mac","Greatest Hits","664444","889605","Top 25%","6","false","222","true","false","false","103","Manual review","Likely duplicate of position 103 (different version)","https://cdnt-preview.dzcdn.net/api/1/1/c/b/4/0/cb40dd3924ff107d4b85cc74a066706f.mp3?hdnea=exp=1781147015~acl=/api/1/1/c/b/4/0/cb40dd3924ff107d4b85cc74a066706f.mp3*~data=user_id=0,application_id=42~hmac=9492e441fd094fd19534a61cf308c3eaf4f68eef3803de2971cb7d4c0edc21d8"
"304","Your Love","The Outfield","Super Hits","856124","874404","Top 25%","2","false","222","true","false","false","5","Manual review","Likely duplicate of position 5 (different version)","https://cdnt-preview.dzcdn.net/api/1/1/8/6/2/0/862e739a66cb2b0af566bfabec350377.mp3?hdnea=exp=1781147013~acl=/api/1/1/8/6/2/0/862e739a66cb2b0af566bfabec350377.mp3*~data=user_id=0,application_id=42~hmac=90b3da9bc0b9d3f66f0448c6ae1399fffe61e293ad7c5426ec36cce31fc93352"
"457","Footloose (From ""Footloose"" Soundtrack)","Kenny Loggins","Footloose (Original Motion Picture Soundtrack)","134012978","848372","Top 25%","3","false","226","true","false","false","71","Manual review","Likely duplicate of position 71 (different version)","https://cdnt-preview.dzcdn.net/api/1/1/9/4/7/0/947a7df828e2fd9c5be9083683efe572.mp3?hdnea=exp=1781147014~acl=/api/1/1/9/4/7/0/947a7df828e2fd9c5be9083683efe572.mp3*~data=user_id=0,application_id=42~hmac=b6cbda1de3da6bdf8607b6b346e7bc86241c64859f19a140e37e375a0d641a55"
"547","Need You Tonight","INXS","Kick (Remastered 2011)","11282931","805998","Top 25%","6","false","184","true","false","false","260","Manual review","Likely duplicate of position 260 (different version)","https://cdnt-preview.dzcdn.net/api/1/1/3/7/3/0/373ff74139f27e8641df2bed1a1d3743.mp3?hdnea=exp=1781147015~acl=/api/1/1/3/7/3/0/373ff74139f27e8641df2bed1a1d3743.mp3*~data=user_id=0,application_id=42~hmac=cef659e13404e60cf6504394766422c85b9591c10861aa19d7341c76c5a5c46a"
"536","You Spin Me Round (Like A Record) (Original 7"" Mix)","Dead Or Alive","You Spin Me Round Promo CD","958021","797171","Top 25%","2","false","196","true","false","false","43","Manual review","Likely duplicate of position 43 (different version)","https://cdnt-preview.dzcdn.net/api/1/1/2/5/e/0/25e6f50fae1c1263eed13800eb5af687.mp3?hdnea=exp=1781147015~acl=/api/1/1/2/5/e/0/25e6f50fae1c1263eed13800eb5af687.mp3*~data=user_id=0,application_id=42~hmac=9ae4083ca009bec30a380fdffee5f88ca06f4e61b19be0bf74d80563471ebf47"
"481","Blue Monday '88","New Order","The Best of New Order","706051","779067","Top 25%","5","false","244","true","false","false","244","Manual review","Likely duplicate of position 244 (different version)","https://cdnt-preview.dzcdn.net/api/1/1/7/a/e/0/7aea8a4ca1d9900292e76da306cf1692.mp3?hdnea=exp=1781147014~acl=/api/1/1/7/a/e/0/7aea8a4ca1d9900292e76da306cf1692.mp3*~data=user_id=0,application_id=42~hmac=29fef63c9227da83a6efa91df2a73722026fc96843b8e9767a737223998d9f5a"
"537","Hungry Eyes (From ""Dirty Dancing"" Soundtrack)","Eric Carmen","Dirty Dancing (Original Motion Picture Soundtrack)","13128242","770294","Top 25%","2","false","246","true","false","false","70","Manual review","Likely duplicate of position 70 (different version)","https://cdnt-preview.dzcdn.net/api/1/1/5/5/5/0/55504ce436582641246668649e4f401a.mp3?hdnea=exp=1781147015~acl=/api/1/1/5/5/5/0/55504ce436582641246668649e4f401a.mp3*~data=user_id=0,application_id=42~hmac=fc036955e8d54bca965d5809a29beadfc2ccf1212902e12b333b4485dcb4820e"
"502","Don't Get Me Wrong","Pretenders","The Singles","661228","729015","Top 25%","2","false","226","true","false","false","283","Manual review","Likely duplicate of position 283 (different version)","https://cdnt-preview.dzcdn.net/api/1/1/a/c/b/0/acb8d21eecb1b7e2d136b529295cfbaa.mp3?hdnea=exp=1781147015~acl=/api/1/1/a/c/b/0/acb8d21eecb1b7e2d136b529295cfbaa.mp3*~data=user_id=0,application_id=42~hmac=3f45c91271757e1885c198a54e7f0b9b76e8ca2e7dcfaa1af8de9d95f9a7cd8f"
"391","Where The Streets Have No Name","U2","The Best Of 1980-1990 & B-Sides","347363351","713409","Top 25%","6","false","275","true","false","false","227","Manual review","Likely duplicate of position 227 (different version)","https://cdnt-preview.dzcdn.net/api/1/1/0/6/6/0/066dc7660801e3e410e7f9d55bc54895.mp3?hdnea=exp=1781147013~acl=/api/1/1/0/6/6/0/066dc7660801e3e410e7f9d55bc54895.mp3*~data=user_id=0,application_id=42~hmac=69a9d84018cf6447b5d83850d9e3d2b02bb9abcd4ff701e76fd9dc188b942246"
"399","Pour Some Sugar On Me","Def Leppard","Hysteria","447552822","711936","Top 25%","4","false","265","true","false","false","380","Manual review","Likely duplicate of position 380 (different version)","https://cdnt-preview.dzcdn.net/api/1/1/5/b/8/0/5b87fbdb6487f201b23d37e7e2adea41.mp3?hdnea=exp=1781147013~acl=/api/1/1/5/b/8/0/5b87fbdb6487f201b23d37e7e2adea41.mp3*~data=user_id=0,application_id=42~hmac=d744a16a71e1eab96fccc26bd4a2c0d6696570e6de22a028c81580bda64ccb11"
"232","West End Girls (2018 Remaster)","Pet Shop Boys","Please: Further Listening 1984 - 1986 (2018 Remaster)","462775272","705918","Top 25%","8","false","285","true","false","false","102","Manual review","Likely duplicate of position 102 (different version)","https://cdnt-preview.dzcdn.net/api/1/1/5/9/2/0/592f17e245c51005e307fe9dd55f5015.mp3?hdnea=exp=1781147013~acl=/api/1/1/5/9/2/0/592f17e245c51005e307fe9dd55f5015.mp3*~data=user_id=0,application_id=42~hmac=4f90c99c336ddf5ca596eb462c240addfd4b12887d2750198bfc1fdfce05bdaa"
"508","Alive And Kicking (Remastered 2002)","Simple Minds","Once Upon A Time","3087756","690543","Top 25%","3","false","326","true","false","false","","Manual review","Mid-tier popularity — listen to preview and decide","https://cdnt-preview.dzcdn.net/api/1/1/f/c/0/0/fc0a9e74fc09b4e724b7df3a6a749349.mp3?hdnea=exp=1781147015~acl=/api/1/1/f/c/0/0/fc0a9e74fc09b4e724b7df3a6a749349.mp3*~data=user_id=0,application_id=42~hmac=b9ad653e733e5a669b6d0f54b29cd7ef5bedb34974f2b6b8ca554040f357f142"
"76","Walk This Way (feat. Aerosmith)","Run DMC","RUN DMC ""High Profile: The Original Rhymes""","994702","690471","Top 25%","2","false","311","true","false","false","","Manual review","Mid-tier popularity — listen to preview and decide","https://cdnt-preview.dzcdn.net/api/1/1/1/6/4/0/164c60643af282c023bab02d37cc4e4b.mp3?hdnea=exp=1781147012~acl=/api/1/1/1/6/4/0/164c60643af282c023bab02d37cc4e4b.mp3*~data=user_id=0,application_id=42~hmac=36ab6eebc0b584aec4707253fad2bfccfc6db5530b96375a348d4b9e8ffe3a95"
"326","This Must Be the Place (Naive Melody) (2005 Remaster)","Talking Heads","Speaking in Tongues (Deluxe Version)","3614317","688093","Top 25%","3","false","296","true","false","false","","Manual review","Mid-tier popularity — listen to preview and decide","https://cdnt-preview.dzcdn.net/api/1/1/f/5/c/0/f5c81cac57b39d1edb9b43ff44adf6fa.mp3?hdnea=exp=1781147013~acl=/api/1/1/f/5/c/0/f5c81cac57b39d1edb9b43ff44adf6fa.mp3*~data=user_id=0,application_id=42~hmac=1f8cb2306fd66c9521ecd7dca53aa1adb79b7c053e827488715536060be3bf16"
"25","Talking In Your Sleep","The Romantics","Super Hits","1030263","687915","Top 25%","2","false","236","true","false","false","","Manual review","Mid-tier popularity — listen to preview and decide","https://cdnt-preview.dzcdn.net/api/1/1/2/d/4/0/2d417a2ecd29c27a653164d9f1c70264.mp3?hdnea=exp=1781147012~acl=/api/1/1/2/d/4/0/2d417a2ecd29c27a653164d9f1c70264.mp3*~data=user_id=0,application_id=42~hmac=b1bc18b8b0cf300a02c8ef374360cd245694fa3627efe0d837bd240890c50e9c"
"460","Conga!","Miami Sound Machine","The Essential Gloria Estefan","565055","685729","Top 25%","1","false","252","true","false","false","","Manual review","Mid-tier popularity — listen to preview and decide","https://cdnt-preview.dzcdn.net/api/1/1/b/c/e/0/bceb0e7eaa15257db70014a33323b2d8.mp3?hdnea=exp=1781147014~acl=/api/1/1/b/c/e/0/bceb0e7eaa15257db70014a33323b2d8.mp3*~data=user_id=0,application_id=42~hmac=3a26e805eb0d7b2f4f81d19b2fac4b1695430b1dc9e514697bb00e13b605ad14"
"539","Papa Don't Preach","Madonna","True Blue","678363","683597","Top 25%","13","false","268","true","false","false","","Manual review","Mid-tier popularity — listen to preview and decide","https://cdnt-preview.dzcdn.net/api/1/1/6/1/0/0/610822f9e6c2546c6c392990684e13d1.mp3?hdnea=exp=1781147015~acl=/api/1/1/6/1/0/0/610822f9e6c2546c6c392990684e13d1.mp3*~data=user_id=0,application_id=42~hmac=c4019d33d212720e09f4cc2db950d4178b71b61b29d3196285f677857f6a1d03"
"107","Cum on Feel the Noize","Quiet Riot","Super Hits","626119","681290","Top 25%","1","false","287","true","false","false","","Manual review","Mid-tier popularity — listen to preview and decide","https://cdnt-preview.dzcdn.net/api/1/1/0/3/9/0/039e78aa6cd99d697d1ec7f9af9be155.mp3?hdnea=exp=1781147012~acl=/api/1/1/0/3/9/0/039e78aa6cd99d697d1ec7f9af9be155.mp3*~data=user_id=0,application_id=42~hmac=b370787355d3d66c7a43e99b07ea6d357ed6464b6f5399fbacdb8dea8ec17b08"
"100","Learning to Fly","Pink Floyd","A Momentary Lapse of Reason","116914166","680547","Top 25%","1","false","292","true","false","false","","Manual review","Mid-tier popularity — listen to preview and decide","https://cdnt-preview.dzcdn.net/api/1/1/4/6/f/0/46f34e8673de8c2881074dffd5733a8c.mp3?hdnea=exp=1781147012~acl=/api/1/1/4/6/f/0/46f34e8673de8c2881074dffd5733a8c.mp3*~data=user_id=0,application_id=42~hmac=20a9bf391039389be12077ceff77576f306997d166df5586bace03979202ddfb"
"351","Don't Stand So Close To Me","The Police","Zenyatta Mondatta (Remastered 2003)","665711142","678517","Top 25%","3","false","242","true","false","false","","Manual review","Mid-tier popularity — listen to preview and decide","https://cdnt-preview.dzcdn.net/api/1/1/5/5/9/0/55912c333a242149cb0c810cadef8604.mp3?hdnea=exp=1781147013~acl=/api/1/1/5/5/9/0/55912c333a242149cb0c810cadef8604.mp3*~data=user_id=0,application_id=42~hmac=83b44f69ffece20fba9420362896309e4053ed8c43aa78d25081b6116e1039e8"
"466","Endless Love (From ""The Endless Love"" Soundtrack)","Lionel Richie","'80s Pop #1's","906584","676845","Top 25%","4","false","268","true","false","false","","Manual review","Mid-tier popularity — listen to preview and decide","https://cdnt-preview.dzcdn.net/api/1/1/b/d/2/0/bd21fdf1495c3d81fe2ef4c75ee36113.mp3?hdnea=exp=1781147014~acl=/api/1/1/b/d/2/0/bd21fdf1495c3d81fe2ef4c75ee36113.mp3*~data=user_id=0,application_id=42~hmac=f6a40d4c62d1d92be6d84e26170d5a57cdfaa8391e86022a7dba7710a84ecdf8"
"231","Hysteria","Def Leppard","Hysteria","447552872","673559","Top 25%","4","false","354","true","false","false","","Manual review","Mid-tier popularity — listen to preview and decide","https://cdnt-preview.dzcdn.net/api/1/1/c/e/a/0/cea11fa1d3ec874aa25b1ea8bda2f75d.mp3?hdnea=exp=1781147013~acl=/api/1/1/c/e/a/0/cea11fa1d3ec874aa25b1ea8bda2f75d.mp3*~data=user_id=0,application_id=42~hmac=af35ad582a93a79daad7a3a1feb12cd16a45fafb5eb61e97d24eeef3e4ca0b48"
"437","Close To Me","The Cure","The Head On The Door","909884","671991","Top 25%","6","false","204","true","false","false","296","Manual review","Likely duplicate of position 296 (different version)","https://cdnt-preview.dzcdn.net/api/1/1/e/c/2/0/ec2626c3f868d427915c4389dc79c9ab.mp3?hdnea=exp=1781147014~acl=/api/1/1/e/c/2/0/ec2626c3f868d427915c4389dc79c9ab.mp3*~data=user_id=0,application_id=42~hmac=ba0f1525542e453da3249e781bf7ee3016c4a3a7b7dead92856435f97a91a753"
"529","Suicide Blonde","INXS","X (Remastered)","11289087","670711","Top 25%","6","false","229","true","false","false","","Manual review","Mid-tier popularity — listen to preview and decide","https://cdnt-preview.dzcdn.net/api/1/1/d/d/8/0/dd8557f359742e0388cafcd1d28dac72.mp3?hdnea=exp=1781147015~acl=/api/1/1/d/d/8/0/dd8557f359742e0388cafcd1d28dac72.mp3*~data=user_id=0,application_id=42~hmac=f68ea5b3b9fc9dc0d324aeee40862642558a69e6635bc9a3dd84682a833087a2"
"28","Down Under","Men At Work","Business As Usual","1069257","670573","Top 25%","2","false","224","true","false","false","","Manual review","Mid-tier popularity — listen to preview and decide","https://cdnt-preview.dzcdn.net/api/1/1/7/6/d/0/76d5e452c54a89541658a1b2340fbaec.mp3?hdnea=exp=1781147012~acl=/api/1/1/7/6/d/0/76d5e452c54a89541658a1b2340fbaec.mp3*~data=user_id=0,application_id=42~hmac=2adf2b5f1363f7baad9bd0645c3eeb6e98db6e3714f4203d4081fa24a3e21105"
"79","Can't Fight This Feeling","REO Speedwagon","The Essential REO Speedwagon","581533","664121","Top 25%","2","false","294","true","false","false","","Manual review","Mid-tier popularity — listen to preview and decide","https://cdnt-preview.dzcdn.net/api/1/1/2/0/2/0/2022a8385b03ee3f5f1a09845c100764.mp3?hdnea=exp=1781147012~acl=/api/1/1/2/0/2/0/2022a8385b03ee3f5f1a09845c100764.mp3*~data=user_id=0,application_id=42~hmac=a6451af97ef10ee31f063a6cd331c9f65ee5f885b427b23ab539a734e29cd228"
"133","You Got It","Roy Orbison","The Soul of Rock And Roll","3570745","661429","Top 25%","1","false","210","true","false","false","","Manual review","Mid-tier popularity — listen to preview and decide","https://cdnt-preview.dzcdn.net/api/1/1/2/a/c/0/2ac0077d4e2802544b35b101b995548e.mp3?hdnea=exp=1781147012~acl=/api/1/1/2/a/c/0/2ac0077d4e2802544b35b101b995548e.mp3*~data=user_id=0,application_id=42~hmac=8243a52a30bc7e14f56da163092b6793d0da59188727b5305eca415522532499"
"503","Manic Monday","The Bangles","The Essential Bangles","608749","659854","Top 25%","3","false","185","true","false","false","374","Manual review","Likely duplicate of position 374 (different version)","https://cdnt-preview.dzcdn.net/api/1/1/a/d/d/0/adddf33dc05bcb53beb51b6c2f857d94.mp3?hdnea=exp=1781147015~acl=/api/1/1/a/d/d/0/adddf33dc05bcb53beb51b6c2f857d94.mp3*~data=user_id=0,application_id=42~hmac=a31c42984c7992a2c7d3f3c601c276774ecdf907ea0a2b64acab21ed3452d7dc"
"410","Never Knew Love Like This Before","Stephanie Mills","Gold","2288314","658045","Top 25%","1","false","327","true","false","false","","Manual review","Mid-tier popularity — listen to preview and decide","https://cdnt-preview.dzcdn.net/api/1/1/1/7/a/0/17a87912b76550c771ca8be417b987ba.mp3?hdnea=exp=1781147014~acl=/api/1/1/1/7/a/0/17a87912b76550c771ca8be417b987ba.mp3*~data=user_id=0,application_id=42~hmac=e531a9d9ad132ea0f4a1a78ddccdc74218006507e1276867408ef37e06c836cb"
"548","Two Hearts (2016 Remaster)","Phil Collins","The Singles","134036390","654472","Top 25%","9","false","204","true","false","false","","Manual review","Mid-tier popularity — listen to preview and decide","https://cdnt-preview.dzcdn.net/api/1/1/1/b/1/0/1b1010a7eefb5a737b00e9c03d16f1f6.mp3?hdnea=exp=1781147015~acl=/api/1/1/1/b/1/0/1b1010a7eefb5a737b00e9c03d16f1f6.mp3*~data=user_id=0,application_id=42~hmac=b813d59e3022d06c1988858022b023aabdf71a09469f5eeb2b2c2c183a537715"
"443","(I Can't Help) Falling In Love With You","UB40","The Very Best Of UB40","3129579","653235","Top 25%","2","false","204","true","false","false","","Manual review","Mid-tier popularity — listen to preview and decide","https://cdnt-preview.dzcdn.net/api/1/1/b/8/d/0/b8d438ae04d366eb0494a6506c3e34f9.mp3?hdnea=exp=1781147014~acl=/api/1/1/b/8/d/0/b8d438ae04d366eb0494a6506c3e34f9.mp3*~data=user_id=0,application_id=42~hmac=77564284138e96a0ce9846acd4a743a4790a447768f841dde767813d44aedd80"
"507","Money's Too Tight (To Mention) (2008 Remaster)","Simply Red","Picture Book (Expanded Version)","2476999","652255","Top 25%","3","false","252","true","false","false","","Manual review","Mid-tier popularity — listen to preview and decide","https://cdnt-preview.dzcdn.net/api/1/1/f/4/0/0/f40a80f83b1655e9109b1a1446726371.mp3?hdnea=exp=1781147015~acl=/api/1/1/f/4/0/0/f40a80f83b1655e9109b1a1446726371.mp3*~data=user_id=0,application_id=42~hmac=dc0cfdcc2943b4d8dd42a928af4ccba2e705b07469b4cf3dc281ce53d04e565e"
"241","Got To Give It Up (Pt. 1)","Marvin Gaye","Boogie Nights / Music From The Original Motion Picture","4760900","646793","Top 25%","2","false","253","true","false","false","","Manual review","Mid-tier popularity — listen to preview and decide","https://cdnt-preview.dzcdn.net/api/1/1/8/b/c/0/8bc7d1c8079bf4b3edb2a5533ba284b6.mp3?hdnea=exp=1781147013~acl=/api/1/1/8/b/c/0/8bc7d1c8079bf4b3edb2a5533ba284b6.mp3*~data=user_id=0,application_id=42~hmac=7b64d74c3a25b8cf866c240caaa7c8f7615008d0258a2be45c044d293579a40a"
"450","Fight For Your Right","Beastie Boys","Licensed To Ill","1085495","644556","Top 25%","1","false","207","true","false","false","","Manual review","Mid-tier popularity — listen to preview and decide","https://cdnt-preview.dzcdn.net/api/1/1/6/3/e/0/63eafb433c526beea2eb4d8c8d166fd7.mp3?hdnea=exp=1781147014~acl=/api/1/1/6/3/e/0/63eafb433c526beea2eb4d8c8d166fd7.mp3*~data=user_id=0,application_id=42~hmac=80862e80f0616cbaa199aa080e86bf9d304bfbb4df441a8a1e73e6cc4c9afa3d"
"265","I Can't Go for That (No Can Do)","Daryl Hall & John Oates","The Essential Daryl Hall & John Oates","569559","644139","Top 25%","5","false","307","true","false","false","","Manual review","Mid-tier popularity — listen to preview and decide","https://cdnt-preview.dzcdn.net/api/1/1/4/c/6/0/4c68421980ec8241f157e79c6537e7ac.mp3?hdnea=exp=1781147013~acl=/api/1/1/4/c/6/0/4c68421980ec8241f157e79c6537e7ac.mp3*~data=user_id=0,application_id=42~hmac=57086c33a1c3997f06f6f7eb2b7f330d451500a787761a1e73c56c9b882ce11c"
"237","Missing You","John Waite","No Brakes","4216602","643654","Top 25%","1","false","269","true","false","false","","Manual review","Mid-tier popularity — listen to preview and decide","https://cdnt-preview.dzcdn.net/api/1/1/4/f/2/0/4f2697ce84ccf26efe53fc36f8e06829.mp3?hdnea=exp=1781147013~acl=/api/1/1/4/f/2/0/4f2697ce84ccf26efe53fc36f8e06829.mp3*~data=user_id=0,application_id=42~hmac=afd9e589134e6ba979310efaf11e3f5c754c1221dd712d546850bbc18d6b871f"
"150","Smooth Criminal (2012 Remaster)","Michael Jackson","Bad 25th Anniversary","59509621","642829","Top 25%","8","false","251","true","false","false","","Manual review","Mid-tier popularity — listen to preview and decide","https://cdnt-preview.dzcdn.net/api/1/1/4/5/b/0/45b7fe5ee8a6dd29d28146400a020ebd.mp3?hdnea=exp=1781147012~acl=/api/1/1/4/5/b/0/45b7fe5ee8a6dd29d28146400a020ebd.mp3*~data=user_id=0,application_id=42~hmac=48a8753b5d1c21dc5bceb630031c7291018cebe7a33904d1a597ccc395c547e6"
"500","When the Going Gets Tough, The Tough Get Going","Billy Ocean","The Very Best of Billy Ocean","6071028","640844","Top 25%","3","false","245","true","false","false","","Manual review","Mid-tier popularity — listen to preview and decide","https://cdnt-preview.dzcdn.net/api/1/1/b/4/0/0/b400f3da3fd86893ce94ee1a2d2eab5c.mp3?hdnea=exp=1781147014~acl=/api/1/1/b/4/0/0/b400f3da3fd86893ce94ee1a2d2eab5c.mp3*~data=user_id=0,application_id=42~hmac=848bd0b77740b951e9aa2244a80bd0b0a41933d59b32f35652a819ff875caa61"
"34","Everything She Wants","Wham!","Make It Big","15189062","640601","Top 25%","5","false","302","true","false","false","","Manual review","Mid-tier popularity — listen to preview and decide","https://cdnt-preview.dzcdn.net/api/1/1/b/4/8/0/b48c380cee9e3bea4687120f06f7df42.mp3?hdnea=exp=1781147012~acl=/api/1/1/b/4/8/0/b48c380cee9e3bea4687120f06f7df42.mp3*~data=user_id=0,application_id=42~hmac=9e5f8cdf37116f5ed898f39ddd51b01967c525084de23fcea5a482e9b4c98716"
"411","Gold","Spandau Ballet","Gold - The Best of Spandau Ballet","3130318","640289","Top 25%","3","false","231","true","false","false","","Manual review","Mid-tier popularity — listen to preview and decide","https://cdnt-preview.dzcdn.net/api/1/1/c/8/f/0/c8f6ba0bf79baec74057da235757595b.mp3?hdnea=exp=1781147014~acl=/api/1/1/c/8/f/0/c8f6ba0bf79baec74057da235757595b.mp3*~data=user_id=0,application_id=42~hmac=8c681d5b868442c82e30c8e9658e27132c2d991bcca5fe29375925ffbcb0ccc8"
"462","I Feel for You","Chaka Khan","I Feel for You","685227","638512","Top 25%","2","false","343","true","false","false","","Manual review","Mid-tier popularity — listen to preview and decide","https://cdnt-preview.dzcdn.net/api/1/1/8/9/8/0/898d0c2f6cb3242a6291d62b037ff3ed.mp3?hdnea=exp=1781147014~acl=/api/1/1/8/9/8/0/898d0c2f6cb3242a6291d62b037ff3ed.mp3*~data=user_id=0,application_id=42~hmac=dac7ed0bb1b0ce98a5b3be08e2a37f7859d4d56c007d87990e1e42eb913a287d"
"21","Another One Bites The Dust (Remastered 2011)","Queen","Greatest Hits (Remastered)","67503793","638205","Top 25%","6","false","217","true","false","false","","Manual review","Mid-tier popularity — listen to preview and decide","https://cdnt-preview.dzcdn.net/api/1/1/b/f/d/0/bfd666256f73f856e9b8cd4ecdc90559.mp3?hdnea=exp=1781147012~acl=/api/1/1/b/f/d/0/bfd666256f73f856e9b8cd4ecdc90559.mp3*~data=user_id=0,application_id=42~hmac=243bc0241553acba8ac3a829718e6810095a1c7037dcba441c86286095cce148"
"205","If I Could Turn Back Time","Cher","Heart Of Stone","2307289","638166","Top 25%","2","false","241","true","false","false","","Manual review","Mid-tier popularity — listen to preview and decide","https://cdnt-preview.dzcdn.net/api/1/1/b/1/6/0/b160a7db6f1780ff335b5ad47972ed9d.mp3?hdnea=exp=1781147013~acl=/api/1/1/b/1/6/0/b160a7db6f1780ff335b5ad47972ed9d.mp3*~data=user_id=0,application_id=42~hmac=55523e22067d790298af27007bc6ec2da2bb34aeffdc66578ac173cac84fd18e"
"546","Pump Up The Jam (Edit)","Technotronic","Best Of","16652776","637271","Top 25%","2","false","216","true","false","false","218","Manual review","Likely duplicate of position 218 (different version)","https://cdnt-preview.dzcdn.net/api/1/1/3/f/e/0/3fe598a9c95b6b5ea08b10682118fb74.mp3?hdnea=exp=1781147015~acl=/api/1/1/3/f/e/0/3fe598a9c95b6b5ea08b10682118fb74.mp3*~data=user_id=0,application_id=42~hmac=1ed8f5a78cb245945333a3b0721f326e35c449d062e24ba2c1dab5bbc2108c1c"
"145","Karma Chameleon (Remastered 2002)","Culture Club","Colour By Numbers (Remastered / Expanded Edition)","3090499","632248","Top 25%","2","false","252","true","false","false","","Manual review","Mid-tier popularity — listen to preview and decide","https://cdnt-preview.dzcdn.net/api/1/1/4/2/8/0/42837917bfea49d8671bb27cac41cf57.mp3?hdnea=exp=1781147012~acl=/api/1/1/4/2/8/0/42837917bfea49d8671bb27cac41cf57.mp3*~data=user_id=0,application_id=42~hmac=f8a547cf52268a4a6e29a4e73930481536c9bb2b6dac97959c72820a1d039830"
"118","Glory Days","Bruce Springsteen","Born In The U.S.A.","15586215","631953","Top 25%","4","false","255","true","false","false","","Manual review","Mid-tier popularity — listen to preview and decide","https://cdnt-preview.dzcdn.net/api/1/1/b/5/b/0/b5b8d78a3208983eea7eaf1681aed7d5.mp3?hdnea=exp=1781147012~acl=/api/1/1/b/5/b/0/b5b8d78a3208983eea7eaf1681aed7d5.mp3*~data=user_id=0,application_id=42~hmac=4a13b429316de22c8a67e8cb54a8e0838384aee0d97b43e08fa4716bcd18a747"
"194","Come On Eileen (Single Edit)","Dexys Midnight Runners","Come On Eileen / Dubious","4255658","627298","Top 25%","3","false","208","true","false","false","","Manual review","Mid-tier popularity — listen to preview and decide","https://cdnt-preview.dzcdn.net/api/1/1/c/1/8/0/c182e2a6f6ba24782cf2ceac508bac13.mp3?hdnea=exp=1781147012~acl=/api/1/1/c/1/8/0/c182e2a6f6ba24782cf2ceac508bac13.mp3*~data=user_id=0,application_id=42~hmac=521cb9309b1edefc6364368ea23f22dfc9439bd2afe6f2c9820510ae2171ea9f"
"389","Cars","Gary Numan","The Pleasure Principle","938553","625817","Top 25%","1","false","238","true","false","false","","Manual review","Mid-tier popularity — listen to preview and decide","https://cdnt-preview.dzcdn.net/api/1/1/f/8/a/0/f8a979518b631cb448092aa88ec42767.mp3?hdnea=exp=1781147013~acl=/api/1/1/f/8/a/0/f8a979518b631cb448092aa88ec42767.mp3*~data=user_id=0,application_id=42~hmac=ebfdf1c54cef3f477991bbf976dbc05b7dd0f2ce12519800384ad01d9bf5855e"
"53","Just Can't Get Enough","Depeche Mode","Speak and Spell (Deluxe)","68511564","622266","Top 25%","5","false","224","true","false","false","","Manual review","Mid-tier popularity — listen to preview and decide","https://cdnt-preview.dzcdn.net/api/1/1/5/7/6/0/576cf92c69bb03af371009790433dab8.mp3?hdnea=exp=1781147012~acl=/api/1/1/5/7/6/0/576cf92c69bb03af371009790433dab8.mp3*~data=user_id=0,application_id=42~hmac=00b7ca1b74c38e0c9c134d780f0202b4e91bf5769d5c4de80b8cf18c10bb36db"
"251","Holiday","Madonna","Madonna","781018","621644","Top 25%","13","false","370","true","false","false","","Manual review","Mid-tier popularity — listen to preview and decide","https://cdnt-preview.dzcdn.net/api/1/1/8/0/3/0/803d1321066d39557eb877e0ba17f65d.mp3?hdnea=exp=1781147013~acl=/api/1/1/8/0/3/0/803d1321066d39557eb877e0ba17f65d.mp3*~data=user_id=0,application_id=42~hmac=df95613773dbd76ecf4b42e64e68adb7da3d713934676dd6079a947b1e2b02f4"
"81","It's Still Rock and Roll to Me","Billy Joel","Glass Houses","625836","618710","Top 25%","3","false","176","true","false","false","","Manual review","Mid-tier popularity — listen to preview and decide","https://cdnt-preview.dzcdn.net/api/1/1/d/e/9/0/de92c1f65f10d1eb099401f909ef4004.mp3?hdnea=exp=1781147012~acl=/api/1/1/d/e/9/0/de92c1f65f10d1eb099401f909ef4004.mp3*~data=user_id=0,application_id=42~hmac=6e6709e9fe298110d772dc426bf8fa7f2cdfd539cb4df75ad38ef03d50d09ffe"
"279","Nightshift","Commodores","Soul Legends","1101960","616666","Top 25%","1","false","304","true","false","false","","Manual review","Mid-tier popularity — listen to preview and decide","https://cdnt-preview.dzcdn.net/api/1/1/f/5/1/0/f51ad0cf9fbea4f28b45578cf37df70b.mp3?hdnea=exp=1781147013~acl=/api/1/1/f/5/1/0/f51ad0cf9fbea4f28b45578cf37df70b.mp3*~data=user_id=0,application_id=42~hmac=80dc33bb9ba5b9944b954250cdbf33e87cbb7dd87e49e3a131b0067bde9caa11"
"361","Sara","Starship","Knee Deep In The Hoopla","602137982","614668","Top 25%","3","false","292","true","false","false","","Manual review","Mid-tier popularity — listen to preview and decide","https://cdnt-preview.dzcdn.net/api/1/1/6/5/3/0/6538d8e2e27ef401694eb96ee116415b.mp3?hdnea=exp=1781147013~acl=/api/1/1/6/5/3/0/6538d8e2e27ef401694eb96ee116415b.mp3*~data=user_id=0,application_id=42~hmac=f3fc590055aa7c3051e99d8911ab46dbd56f77b266e426a8cb0cf13259e1afdf"
"431","There Must Be an Angel (Playing with My Heart)","Eurythmics","Be Yourself Tonight","561785","610822","Top 25%","3","false","282","true","false","false","","Manual review","Mid-tier popularity — listen to preview and decide","https://cdnt-preview.dzcdn.net/api/1/1/d/5/d/0/d5d76363e9bcddc71a8b7627234e13db.mp3?hdnea=exp=1781147014~acl=/api/1/1/d/5/d/0/d5d76363e9bcddc71a8b7627234e13db.mp3*~data=user_id=0,application_id=42~hmac=49e8d5d469e639da5fec62091c2cd17456b3cb1401b65af67891c59c02d998f8"
"58","Let's Dance (2018 Remaster)","David Bowie","Let's Dance (2018 Remaster)","730342602","609480","Top 25%","3","false","457","true","false","false","","Manual review","Mid-tier popularity — listen to preview and decide","https://cdnt-preview.dzcdn.net/api/1/1/0/f/c/0/0fcb9fc3dd201346ac3740aef88d07c1.mp3?hdnea=exp=1781147012~acl=/api/1/1/0/f/c/0/0fcb9fc3dd201346ac3740aef88d07c1.mp3*~data=user_id=0,application_id=42~hmac=71114370e6dd2dde7ad60d97e0561d6ffada838a6316157d38d158ec6800f00f"
"356","I Guess That's Why They Call It The Blues","Elton John","Love Songs","44586871","607094","Top 25%","3","false","283","true","false","false","","Manual review","Mid-tier popularity — listen to preview and decide","https://cdnt-preview.dzcdn.net/api/1/1/f/5/0/0/f5091d526bdd3b8f35683dfc996d348f.mp3?hdnea=exp=1781147013~acl=/api/1/1/f/5/0/0/f5091d526bdd3b8f35683dfc996d348f.mp3*~data=user_id=0,application_id=42~hmac=03ef6fd5813f91673d8b0d34d759e05cfd547fcf98689d4938e58f11e34577c4"
"558","Who's That Girl","Madonna","Who's That Girl Soundtrack","4094775","606523","Top 25%","13","false","239","true","false","false","","Manual review","Mid-tier popularity — listen to preview and decide","https://cdnt-preview.dzcdn.net/api/1/1/0/8/0/0/0803bed8338e66d0dd7bc479fa3db917.mp3?hdnea=exp=1781147015~acl=/api/1/1/0/8/0/0/0803bed8338e66d0dd7bc479fa3db917.mp3*~data=user_id=0,application_id=42~hmac=1bbb142010b0fec636dd86cbb8c8815e160bc55d967a21c0416026df11bde7e9"
"156","We Built This City","Starship","Knee Deep In The Hoopla","602137972","605651","Top 25%","3","false","296","true","false","false","","Manual review","Mid-tier popularity — listen to preview and decide","https://cdnt-preview.dzcdn.net/api/1/1/a/0/5/0/a05dbd2a2bd6f42181f4d6841fa67756.mp3?hdnea=exp=1781147012~acl=/api/1/1/a/0/5/0/a05dbd2a2bd6f42181f4d6841fa67756.mp3*~data=user_id=0,application_id=42~hmac=64c93ba0c5c2d2139e0565fd5b96bc21f72630765466d18a5b0dd5f309da21a7"
"121","Lost In Love","Air Supply","Collections","546793","603929","Top 25%","2","false","234","true","false","false","","Manual review","Mid-tier popularity — listen to preview and decide","https://cdnt-preview.dzcdn.net/api/1/1/c/1/f/0/c1f4eccec51facab5d1df5babd4e633a.mp3?hdnea=exp=1781147012~acl=/api/1/1/c/1/f/0/c1f4eccec51facab5d1df5babd4e633a.mp3*~data=user_id=0,application_id=42~hmac=85176e9dc99f7374dd7acd09ce5d45eab4ca0b32d4cfba271b5e59a932926067"
"353","Head Over Heels","Tears For Fears","Songs From The Big Chair (Deluxe)","88845919","603785","Top 25%","6","false","302","true","false","false","","Manual review","Mid-tier popularity — listen to preview and decide","https://cdnt-preview.dzcdn.net/api/1/1/7/7/0/0/7701ebc9e79817f70e01ffe3bbe5d520.mp3?hdnea=exp=1781147013~acl=/api/1/1/7/7/0/0/7701ebc9e79817f70e01ffe3bbe5d520.mp3*~data=user_id=0,application_id=42~hmac=6be46b4cf113123aca7b0f961cde391de045c50f10aef6e5a069a8fa099683eb"
"473","Right Here Waiting","Richard Marx","Greatest Hits","3087499","601450","Top 25%","1","false","263","true","false","false","","Manual review","Mid-tier popularity — listen to preview and decide","https://cdnt-preview.dzcdn.net/api/1/1/4/8/4/0/4849b2c0a7baad40cabb591f8c71a0f2.mp3?hdnea=exp=1781147014~acl=/api/1/1/4/8/4/0/4849b2c0a7baad40cabb591f8c71a0f2.mp3*~data=user_id=0,application_id=42~hmac=6f589c63f6de95c0ce1a4acf979111ab0d0d1cf3faede388427d786001c2a095"
"276","Save a Prayer (2009 Remaster)","Duran Duran","Rio (Collector's Edition)","4127469","597982","Top 25%","7","false","333","true","false","false","","Manual review","Mid-tier popularity — listen to preview and decide","https://cdnt-preview.dzcdn.net/api/1/1/3/8/6/0/3863a7dc8937f7d8a1dd02bc8b5cbe18.mp3?hdnea=exp=1781147013~acl=/api/1/1/3/8/6/0/3863a7dc8937f7d8a1dd02bc8b5cbe18.mp3*~data=user_id=0,application_id=42~hmac=8cb108e16c325a892d2cac3cba23fd0db80cb6e82792a5bd4c1f85f9effcea79"
"416","One More Night","Phil Collins","Love Songs (A Compilation Old and New)","4290175","595280","Top 25%","9","false","292","true","false","false","","Manual review","Mid-tier popularity — listen to preview and decide","https://cdnt-preview.dzcdn.net/api/1/1/3/0/e/0/30e60037e4e5dd3f2849c68c59c63dd0.mp3?hdnea=exp=1781147014~acl=/api/1/1/3/0/e/0/30e60037e4e5dd3f2849c68c59c63dd0.mp3*~data=user_id=0,application_id=42~hmac=5f4bdbf08c8aabb761f959802c34348aa3ff0b2eb21d922fc986fb15e8ba6036"
"103","Everywhere (2017 Remaster)","Fleetwood Mac","Tango in the Night (2017 Remaster)","341017531","595110","Top 25%","6","false","226","true","false","false","","Manual review","Mid-tier popularity — listen to preview and decide","https://cdnt-preview.dzcdn.net/api/1/1/e/4/6/0/e46138e6d65ddaab234f5d31caf73909.mp3?hdnea=exp=1781147012~acl=/api/1/1/e/4/6/0/e46138e6d65ddaab234f5d31caf73909.mp3*~data=user_id=0,application_id=42~hmac=28f7055405465eec3b1d8b2ed214915c247d187419e10364384534bf541cd0fe"
"225","She Drives Me Crazy","Fine Young Cannibals","The Raw & The Cooked","428850812","594452","Top 25%","3","false","215","true","false","false","","Manual review","Mid-tier popularity — listen to preview and decide","https://cdnt-preview.dzcdn.net/api/1/1/5/8/8/0/588f82eaff03f50270e7d77062e6e2cb.mp3?hdnea=exp=1781147013~acl=/api/1/1/5/8/8/0/588f82eaff03f50270e7d77062e6e2cb.mp3*~data=user_id=0,application_id=42~hmac=94a15a79e28a6fb7af43e4a4afc98f7c22e463d1180ff72f58f8086617e45754"
"331","Drive (2017 Remaster)","The Cars","Heartbeat City (Expanded Edition)","474178182","593846","Top 25%","5","false","234","true","false","false","253","Manual review","Likely duplicate of position 253 (different version)","https://cdnt-preview.dzcdn.net/api/1/1/0/6/6/0/066349ab5981ceb3386309996da3b3bd.mp3?hdnea=exp=1781147013~acl=/api/1/1/0/6/6/0/066349ab5981ceb3386309996da3b3bd.mp3*~data=user_id=0,application_id=42~hmac=b3bb5e631fb03a1250d9a071de4ac0b6adfbefb2a9ebfb9ee92cd20ff7e7cfbb"
"95","Club Tropicana","Wham!","Fantastic","1073437","591310","Top 25%","5","false","267","true","false","false","","Manual review","Mid-tier popularity — listen to preview and decide","https://cdnt-preview.dzcdn.net/api/1/1/c/c/8/0/cc832d89fdf127f47c4577dc39593d35.mp3?hdnea=exp=1781147012~acl=/api/1/1/c/c/8/0/cc832d89fdf127f47c4577dc39593d35.mp3*~data=user_id=0,application_id=42~hmac=e5dc8d1dfaf34864db8b51aa1b58ac1835793ed203fcd2a477789ca19a6e253d"
"169","One Way Or Another (Remastered 2001)","Blondie","Parallel Lines (Remastered)","3100596","590830","Top 25%","3","false","214","true","false","false","","Manual review","Mid-tier popularity — listen to preview and decide","https://cdnt-preview.dzcdn.net/api/1/1/e/1/a/0/e1aca9c8f62acd4acf2b7f52b013d789.mp3?hdnea=exp=1781147012~acl=/api/1/1/e/1/a/0/e1aca9c8f62acd4acf2b7f52b013d789.mp3*~data=user_id=0,application_id=42~hmac=bb1bd50076a72fb2d10130bdebfc012a8d30bda6d985dc48faf8784b592d7f78"
"207","The Power of Love","Jennifer Rush","The Power Of Love: The Best Of Jennifer Rush","581807","590413","Top 25%","1","false","270","true","false","false","","Manual review","Mid-tier popularity — listen to preview and decide","https://cdnt-preview.dzcdn.net/api/1/1/0/9/1/0/09130e8979074682c8bbc3a842d174c9.mp3?hdnea=exp=1781147013~acl=/api/1/1/0/9/1/0/09130e8979074682c8bbc3a842d174c9.mp3*~data=user_id=0,application_id=42~hmac=804117cd5c8ecf439affe6176d4ac2813e0025452e78785f580ab38007849091"
"125","It's Tricky","Run DMC","RUN DMC ""High Profile: The Original Rhymes""","994699","590295","Top 25%","2","false","183","true","false","false","","Manual review","Mid-tier popularity — listen to preview and decide","https://cdnt-preview.dzcdn.net/api/1/1/b/d/4/0/bd43394731f7486872797705777450bc.mp3?hdnea=exp=1781147012~acl=/api/1/1/b/d/4/0/bd43394731f7486872797705777450bc.mp3*~data=user_id=0,application_id=42~hmac=f454f31b53498da5754746bd17d916192e07778b2ae9c05fec9ae2703ae76f8d"
"339","Let's Go Crazy (2015 Paisley Park Remaster)","Prince","Purple Rain (Deluxe Expanded Edition)","374282981","589330","Top 25%","9","false","278","true","false","false","","Manual review","Mid-tier popularity — listen to preview and decide","https://cdnt-preview.dzcdn.net/api/1/1/0/c/d/0/0cd5db64323af145a2824ead420b8d69.mp3?hdnea=exp=1781147013~acl=/api/1/1/0/c/d/0/0cd5db64323af145a2824ead420b8d69.mp3*~data=user_id=0,application_id=42~hmac=de18ec037f6a9f8d9e7031fadcd3a131a9d13c9993f40136c15d74db3729b63f"
"425","Together In Electric Dreams","Philip Oakey","The Greatest Hits","3152093","588269","Top 25%","2","false","232","true","false","false","299","Manual review","Likely duplicate of position 299 (different version)","https://cdnt-preview.dzcdn.net/api/1/1/d/0/e/0/d0e41b10e021200e60c8a36a760540c2.mp3?hdnea=exp=1781147014~acl=/api/1/1/d/0/e/0/d0e41b10e021200e60c8a36a760540c2.mp3*~data=user_id=0,application_id=42~hmac=db461398d5f42e18edc9f229dfcb92bcd4730a0cd49fb1326682bfb77a34b42b"
"307","Love Changes (Everything)","Climie Fisher","Everything","3147082","585311","Top 25%","1","false","268","true","false","false","","Manual review","Mid-tier popularity — listen to preview and decide","https://cdnt-preview.dzcdn.net/api/1/1/7/2/8/0/728e8e06f6614709cc57ca5fbcaf1158.mp3?hdnea=exp=1781147013~acl=/api/1/1/7/2/8/0/728e8e06f6614709cc57ca5fbcaf1158.mp3*~data=user_id=0,application_id=42~hmac=359520fe6ac5bcd3d94c6379dd76a1be2a87208cb014576366695173e4cd0da6"
"394","Shoot to Thrill","AC/DC","Iron Man 2","92722890","578884","Top 25%","5","false","314","true","false","false","","Manual review","Mid-tier popularity — listen to preview and decide","https://cdnt-preview.dzcdn.net/api/1/1/1/4/1/0/14170f6ab4a3fbc8717acc0b88994384.mp3?hdnea=exp=1781147013~acl=/api/1/1/1/4/1/0/14170f6ab4a3fbc8717acc0b88994384.mp3*~data=user_id=0,application_id=42~hmac=54da6beffbe65b390467f7242900818473f9fa3d7b9ec8b41fb15381b6d3c251"
"312","Give It Up","KC & The Sunshine Band","The Definitive 80's (eighties)","541998","575308","Top 25%","1","false","253","true","false","false","","Manual review","Mid-tier popularity — listen to preview and decide","https://cdnt-preview.dzcdn.net/api/1/1/a/0/d/0/a0d1642ea5cf34333343fdd8d2338c28.mp3?hdnea=exp=1781147013~acl=/api/1/1/a/0/d/0/a0d1642ea5cf34333343fdd8d2338c28.mp3*~data=user_id=0,application_id=42~hmac=eec85983cfcbc7513328fc27df0f68eba0914927857d023bc5e620b3185a813f"
"240","You're the Voice","John Farnham","Collections","2221501","574432","Top 25%","1","false","304","true","false","false","","Manual review","Mid-tier popularity — listen to preview and decide","https://cdnt-preview.dzcdn.net/api/1/1/b/8/3/0/b837ee52967891e25e21fae57d76f68f.mp3?hdnea=exp=1781147013~acl=/api/1/1/b/8/3/0/b837ee52967891e25e21fae57d76f68f.mp3*~data=user_id=0,application_id=42~hmac=7d20454b987ce3ed48fd353b95e77952efc7cb4435fee833b89bd696b09a715f"
"309","True","Spandau Ballet","Mega 50 - Die 80er Jahre","5150053","573830","Top 25%","3","false","329","true","false","false","83","Manual review","Likely duplicate of position 83 (different version)","https://cdnt-preview.dzcdn.net/api/1/1/b/8/8/0/b88dc99b29ef49b3ab9ad3b1a6c8988d.mp3?hdnea=exp=1781147013~acl=/api/1/1/b/8/8/0/b88dc99b29ef49b3ab9ad3b1a6c8988d.mp3*~data=user_id=0,application_id=42~hmac=64e15ff40acb9ea80001b48c49e9e448c982b8065f08aefd71d07420c539ad3c"
"93","Any Way You Want It (2024 Remaster)","Journey","Greatest Hits (2024 Remaster)","534466","573756","Top 25%","7","false","203","true","false","false","","Manual review","Mid-tier popularity — listen to preview and decide","https://cdnt-preview.dzcdn.net/api/1/1/4/0/6/0/40697248065acdbda5ab31eb6fd476d1.mp3?hdnea=exp=1781147012~acl=/api/1/1/4/0/6/0/40697248065acdbda5ab31eb6fd476d1.mp3*~data=user_id=0,application_id=42~hmac=d5c1b90b26e6a8875c563ec0f963840fd47e62271baffab7d429ec69d7fd8606"
"400","Animal","Def Leppard","Hysteria","447552802","573310","Top 25%","4","false","244","true","false","false","","Manual review","Mid-tier popularity — listen to preview and decide","https://cdnt-preview.dzcdn.net/api/1/1/a/d/4/0/ad44257bfe1f1c448b403cbf5a605eda.mp3?hdnea=exp=1781147013~acl=/api/1/1/a/d/4/0/ad44257bfe1f1c448b403cbf5a605eda.mp3*~data=user_id=0,application_id=42~hmac=5c5545a8f8a5de89ea3e3993ae4cb0f783d4e236b72e6552f9d81fad9ab96a07"
"210","Crockett's Theme (From ""Miami Vice II"" Soundtrack)","Jan Hammer","Escape From Television","2277678","569959","Top 25%","1","false","209","true","false","false","","Manual review","Mid-tier popularity — listen to preview and decide","https://cdnt-preview.dzcdn.net/api/1/1/8/6/0/0/86024a99acc2cfa80bc03a115cb1369f.mp3?hdnea=exp=1781147013~acl=/api/1/1/8/6/0/0/86024a99acc2cfa80bc03a115cb1369f.mp3*~data=user_id=0,application_id=42~hmac=2b4073107cdcd47b276a42e989f024e99acbfe30a6d84586c7abc5be11f73672"
"37","Hungry Like the Wolf (2009 Remaster)","Duran Duran","Rio (Collector's Edition)","4127465","569153","Top 25%","7","false","220","true","false","false","","Manual review","Mid-tier popularity — listen to preview and decide","https://cdnt-preview.dzcdn.net/api/1/1/6/5/2/0/652c7be4ebcc5220a7f49863cfc6e75f.mp3?hdnea=exp=1781147012~acl=/api/1/1/6/5/2/0/652c7be4ebcc5220a7f49863cfc6e75f.mp3*~data=user_id=0,application_id=42~hmac=b8fda68b44f0f2e7e9075030f6119eb0d699b929b2cbf015f53b622e2c38f374"
"256","St. Elmos Fire (Man in Motion)","John Parr","St. Elmo's Fire - Music From The Original Motion Picture Soundtrack","6410074","568286","Top 25%","1","false","251","true","false","false","","Manual review","Mid-tier popularity — listen to preview and decide","https://cdnt-preview.dzcdn.net/api/1/1/f/a/8/0/fa868ba8be811d658c888b4d1856067e.mp3?hdnea=exp=1781147013~acl=/api/1/1/f/a/8/0/fa868ba8be811d658c888b4d1856067e.mp3*~data=user_id=0,application_id=42~hmac=b270106ef71cf6edebe8dd692ac2fb9a71e436581c533f7b121c1cb9d6d7d4af"
"141","True Colors","Cyndi Lauper","The Essential Cyndi Lauper","608820","567736","Top 25%","3","false","226","true","false","false","","Manual review","Mid-tier popularity — listen to preview and decide","https://cdnt-preview.dzcdn.net/api/1/1/0/4/2/0/0422b70b5ce8d3583d9e27508d9f04cd.mp3?hdnea=exp=1781147012~acl=/api/1/1/0/4/2/0/0422b70b5ce8d3583d9e27508d9f04cd.mp3*~data=user_id=0,application_id=42~hmac=2437a241f23c7137c7c818bac67aa71dc48e3b65ae716651a602e2b07aa87c24"
"396","All I Wanna Do Is Make Love To You","Heart","Brigade","3482138","567618","Top 25%","4","false","310","true","false","false","","Manual review","Mid-tier popularity — listen to preview and decide","https://cdnt-preview.dzcdn.net/api/1/1/3/3/a/0/33a05ea1ab647393273ea3849946abe2.mp3?hdnea=exp=1781147013~acl=/api/1/1/3/3/a/0/33a05ea1ab647393273ea3849946abe2.mp3*~data=user_id=0,application_id=42~hmac=221be1801b859ec2934cc16a27de7acb1600397b1a9053fc382038ea820d1304"
"538","Thriller (2003 Edit)","Michael Jackson","Number Ones","13129201","565737","Top 25%","8","false","312","true","false","false","181","Manual review","Likely duplicate of position 181 (different version)","https://cdnt-preview.dzcdn.net/api/1/1/6/2/b/0/62b85ea79ac5045061200e21d3bcdcea.mp3?hdnea=exp=1781147015~acl=/api/1/1/6/2/b/0/62b85ea79ac5045061200e21d3bcdcea.mp3*~data=user_id=0,application_id=42~hmac=5d87809a1670a753a2e6bff780770a5239e4b1ad3ef0f2330716744a4382989c"
"342","Just What I Needed","The Cars","The Cars (Deluxe Edition)","404618712","564153","Top 25%","5","false","225","true","false","false","","Manual review","Mid-tier popularity — listen to preview and decide","https://cdnt-preview.dzcdn.net/api/1/1/7/7/3/0/7734f8df16724bdbc7103f1c1ab2f8af.mp3?hdnea=exp=1781147013~acl=/api/1/1/7/7/3/0/7734f8df16724bdbc7103f1c1ab2f8af.mp3*~data=user_id=0,application_id=42~hmac=3bfb3119dd4889143684173a8f6b58ef6a383e36d3400d5bea213257af51f4a1"
"454","Bad","Michael Jackson","HIStory - PAST, PRESENT AND FUTURE - BOOK I","8164631","560036","Top 25%","8","false","247","true","false","false","","Manual review","Mid-tier popularity — listen to preview and decide","https://cdnt-preview.dzcdn.net/api/1/1/e/9/7/0/e9750b1d5f9777ff753252a07d2c4b99.mp3?hdnea=exp=1781147014~acl=/api/1/1/e/9/7/0/e9750b1d5f9777ff753252a07d2c4b99.mp3*~data=user_id=0,application_id=42~hmac=6414578cadef1bc223c3d4f202f04f8c23dfa454a1f16bb8d02ee9bc269fad50"
"487","Orinoco Flow","Enya","Paint the Sky with Stars","65728152","559425","Top 25%","2","false","266","true","false","false","223","Manual review","Likely duplicate of position 223 (different version)","https://cdnt-preview.dzcdn.net/api/1/1/4/5/1/0/4518235d1a61e03144dffe98451cf3ec.mp3?hdnea=exp=1781147014~acl=/api/1/1/4/5/1/0/4518235d1a61e03144dffe98451cf3ec.mp3*~data=user_id=0,application_id=42~hmac=5bfb00e933ca30c53242d90c1d3926c764ce3e9dcd072056c8fb02d06035164a"
"227","Where The Streets Have No Name (Remastered)","U2","The Joshua Tree","912476","556001","Top 25%","6","false","336","true","false","false","","Manual review","Mid-tier popularity — listen to preview and decide","https://cdnt-preview.dzcdn.net/api/1/1/b/c/4/0/bc4cf6789adb37c549e94ec0afdc8388.mp3?hdnea=exp=1781147013~acl=/api/1/1/b/c/4/0/bc4cf6789adb37c549e94ec0afdc8388.mp3*~data=user_id=0,application_id=42~hmac=3c74aee3d7ab76be3a03f541463ff69fae4056107a4189755e567669d465f8f4"
"512","1999","Prince","1999","690101","555470","Top 25%","9","false","379","true","false","false","","Manual review","Mid-tier popularity — listen to preview and decide","https://cdnt-preview.dzcdn.net/api/1/1/7/c/9/0/7c9f4eb78331cd2c994cced9694d6634.mp3?hdnea=exp=1781147015~acl=/api/1/1/7/c/9/0/7c9f4eb78331cd2c994cced9694d6634.mp3*~data=user_id=0,application_id=42~hmac=4ce349965833cee9b36cd40d519f485e8ec353797f1fd4ae6e5dc7b74e22425a"
"359","Nothin' But A Good Time (Remastered 2006)","Poison","The Best Of - 20 Years Of Rock","3119140","553776","Top 25%","1","false","224","true","false","false","","Manual review","Mid-tier popularity — listen to preview and decide","https://cdnt-preview.dzcdn.net/api/1/1/a/2/f/0/a2f2059ce1a61e544a935707bd4d2e4f.mp3?hdnea=exp=1781147013~acl=/api/1/1/a/2/f/0/a2f2059ce1a61e544a935707bd4d2e4f.mp3*~data=user_id=0,application_id=42~hmac=82445379947074579740917581bbef8a1cd7a13e9444c223d2ed9b087bd00990"
"138","The Flame","Cheap Trick","The Essential Cheap Trick","611354","553149","Top 25%","1","false","338","true","false","false","","Manual review","Mid-tier popularity — listen to preview and decide","https://cdnt-preview.dzcdn.net/api/1/1/0/2/d/0/02daea5bad6ef1e6d077d6b7babab3c7.mp3?hdnea=exp=1781147012~acl=/api/1/1/0/2/d/0/02daea5bad6ef1e6d077d6b7babab3c7.mp3*~data=user_id=0,application_id=42~hmac=0c50fe6125f167d3780c150b5d4a7f95e51d9916f968b8e6349785b013346054"
"444","You're the Inspiration (2006 Remaster)","Chicago","Chicago 17 (Expanded & Remastered)","674282","552940","Top 25%","2","false","229","true","false","false","","Manual review","Mid-tier popularity — listen to preview and decide","https://cdnt-preview.dzcdn.net/api/1/1/4/a/f/0/4af052eaeec43b96816eccf5d55717d7.mp3?hdnea=exp=1781147014~acl=/api/1/1/4/a/f/0/4af052eaeec43b96816eccf5d55717d7.mp3*~data=user_id=0,application_id=42~hmac=f351a9c762f7884a499ad7eaa45a7b1640b184f6c80b3a5d8012dd6f3a6ee6f2"
"479","Buffalo Stance","Neneh Cherry","Raw Like Sushi","3324536","548954","Top 25%","1","false","342","true","false","false","","Manual review","Mid-tier popularity — listen to preview and decide","https://cdnt-preview.dzcdn.net/api/1/1/f/3/4/0/f34af61c9b4aef462d7bb0e309d232b7.mp3?hdnea=exp=1781147014~acl=/api/1/1/f/3/4/0/f34af61c9b4aef462d7bb0e309d232b7.mp3*~data=user_id=0,application_id=42~hmac=41fb46b37f97df65ce7b5687468e9685297a43faa4452ba3483785f9e22acd04"
"461","Rhythm Of The Night","DeBarge","Rhythm Of The Night","75392184","548953","Top 25%","1","false","228","true","false","false","","Manual review","Mid-tier popularity — listen to preview and decide","https://cdnt-preview.dzcdn.net/api/1/1/f/3/7/0/f37dcdb83951e7733d33884407e5a913.mp3?hdnea=exp=1781147014~acl=/api/1/1/f/3/7/0/f37dcdb83951e7733d33884407e5a913.mp3*~data=user_id=0,application_id=42~hmac=2f6d2eba8258f4033d160c26a4d35151320f4dfd77639ab9f1551760535a4624"
"319","Upside Down","Diana Ross","'80s Pop #1's","906582","545045","Top 25%","2","false","244","true","false","false","","Manual review","Mid-tier popularity — listen to preview and decide","https://cdnt-preview.dzcdn.net/api/1/1/e/d/a/0/edac8da550e89eadf15ba179631d2ccf.mp3?hdnea=exp=1781147013~acl=/api/1/1/e/d/a/0/edac8da550e89eadf15ba179631d2ccf.mp3*~data=user_id=0,application_id=42~hmac=c17ee4a63627228e244366c60d44b57125bc86a2f4025db3a0fe4187a1f21610"
"89","A Kind Of Magic (Remastered 2011)","Queen","A Kind Of Magic (Deluxe Edition 2011 Remaster)","13499039","544776","Top 25%","6","false","263","true","false","false","","Manual review","Mid-tier popularity — listen to preview and decide","https://cdnt-preview.dzcdn.net/api/1/1/c/9/2/0/c923f2902e4af434fd03156466809251.mp3?hdnea=exp=1781147012~acl=/api/1/1/c/9/2/0/c923f2902e4af434fd03156466809251.mp3*~data=user_id=0,application_id=42~hmac=b7583a45c55b61f56fb5d3ab7a2bac116f70df28194cc27733dbed4666f0f6ec"
"131","You've Got Another Thing Comin'","Judas Priest","Screaming For Vengeance","870942","544313","Top 25%","1","false","310","true","false","false","","Manual review","Mid-tier popularity — listen to preview and decide","https://cdnt-preview.dzcdn.net/api/1/1/c/d/e/0/cde913b5af191dad5c4d8a062b732f61.mp3?hdnea=exp=1781147012~acl=/api/1/1/c/d/e/0/cde913b5af191dad5c4d8a062b732f61.mp3*~data=user_id=0,application_id=42~hmac=d3ca70e2a3a7a687b68b5a3be452fdb22b6c70f917e72ef5328a1c7d1d6b81f4"
"66","Strangelove","Depeche Mode","Music for the Masses (Deluxe)","136334626","544201","Top 25%","5","false","296","true","false","false","","Manual review","Mid-tier popularity — listen to preview and decide","https://cdnt-preview.dzcdn.net/api/1/1/5/3/e/0/53e5f26a8b45b616c786f1a0d5a7c32f.mp3?hdnea=exp=1781147012~acl=/api/1/1/5/3/e/0/53e5f26a8b45b616c786f1a0d5a7c32f.mp3*~data=user_id=0,application_id=42~hmac=e8d2eb8a75c8ab435d5cc3cd7c76fe55a86349bf3deab879f408668f8000e03f"
"484","When Will I Be Famous?","Bros","The Best Of Bros","619346","540325","Top 25%","2","false","239","true","false","false","","Manual review","Mid-tier popularity — listen to preview and decide","https://cdnt-preview.dzcdn.net/api/1/1/3/4/c/0/34c29cea90d67427d785afd6881635d8.mp3?hdnea=exp=1781147014~acl=/api/1/1/3/4/c/0/34c29cea90d67427d785afd6881635d8.mp3*~data=user_id=0,application_id=42~hmac=0773ae6c0dd8ddaae3c58d16f12dea6100318e2bc00e243273463ce905e6e550"
"553","Tell It to My Heart","Taylor Dayne","Tell It to My Heart (Expanded Edition)","444738122","537418","Top 25%","1","false","197","true","false","false","","Manual review","Mid-tier popularity — listen to preview and decide","https://cdnt-preview.dzcdn.net/api/1/1/4/8/0/0/4807cc96b6d9720827b2218123d1a191.mp3?hdnea=exp=1781147015~acl=/api/1/1/4/8/0/0/4807cc96b6d9720827b2218123d1a191.mp3*~data=user_id=0,application_id=42~hmac=7f3133d8cef9eb4445231d7ccf45a59b4218e456e5f07bd30417fc681083dbc9"
"148","Celebration","Kool & The Gang","Dance #1's","906568","537064","Top 25%","2","false","298","true","false","false","","Manual review","Mid-tier popularity — listen to preview and decide","https://cdnt-preview.dzcdn.net/api/1/1/7/b/5/0/7b52cf6cc92897e31f6ac250f032cc17.mp3?hdnea=exp=1781147012~acl=/api/1/1/7/b/5/0/7b52cf6cc92897e31f6ac250f032cc17.mp3*~data=user_id=0,application_id=42~hmac=35f6e245d135f1faad08811a29dd8acf69e3304957357206a2c55897f6005234"
"328","Bizarre Love Triangle","New Order","Brotherhood (Collector's Edition)","2481156","536191","Top 25%","5","false","263","true","false","false","","Manual review","Mid-tier popularity — listen to preview and decide","https://cdnt-preview.dzcdn.net/api/1/1/1/e/2/0/1e27c8cd27b2453d2e2880e2f701d199.mp3?hdnea=exp=1781147013~acl=/api/1/1/1/e/2/0/1e27c8cd27b2453d2e2880e2f701d199.mp3*~data=user_id=0,application_id=42~hmac=254ef28b7b3f6c1d94af6e2d93af3e49885e224ebb7bb3c5ad5402da1581f8d2"
"514","Shout (7"" Edit)","Tears For Fears","Rule The World: The Greatest Hits","424565842","535191","Top 25%","6","false","291","true","false","false","245","Manual review","Likely duplicate of position 245 (different version)","https://cdnt-preview.dzcdn.net/api/1/1/1/5/1/0/151f50d6867d52445e044f86d7c7097d.mp3?hdnea=exp=1781147015~acl=/api/1/1/1/5/1/0/151f50d6867d52445e044f86d7c7097d.mp3*~data=user_id=0,application_id=42~hmac=66904a3f999f51ab323dd1376f5fbf7ae2a51cde7dcf2633e533dc718e8624ce"
"69","Separate Ways (Worlds Apart) [2024 Remaster]","Journey","Greatest Hits (2024 Remaster)","534469","533952","Top 25%","7","false","326","true","false","false","","Manual review","Mid-tier popularity — listen to preview and decide","https://cdnt-preview.dzcdn.net/api/1/1/9/a/f/0/9af8f99ef95bb9cf2b92a2dceb3013a7.mp3?hdnea=exp=1781147012~acl=/api/1/1/9/a/f/0/9af8f99ef95bb9cf2b92a2dceb3013a7.mp3*~data=user_id=0,application_id=42~hmac=4be0f3f12039d00f0ad667ab1fbb1a9c69a79bb8de9a177a648853ac01c7c9ff"
"321","All Around the World (Remastered)","Lisa Stansfield","The Boxset Collection","598222","526823","Top 25%","1","false","265","true","false","false","","Manual review","Mid-tier popularity — listen to preview and decide","https://cdnt-preview.dzcdn.net/api/1/1/8/e/7/0/8e7a4afd3c3c777082c50324685e479a.mp3?hdnea=exp=1781147013~acl=/api/1/1/8/e/7/0/8e7a4afd3c3c777082c50324685e479a.mp3*~data=user_id=0,application_id=42~hmac=3405a10a8af16c7b234ee750b3b80aa8f86e0d2f7fc6ffd7605976724cbb24da"
"113","How Will I Know","Whitney Houston","Whitney Houston","1131192","526074","Top 25%","5","false","275","true","false","false","","Manual review","Mid-tier popularity — listen to preview and decide","https://cdnt-preview.dzcdn.net/api/1/1/2/2/8/0/22875876c763ab4f2c5f3ca8f3a20365.mp3?hdnea=exp=1781147012~acl=/api/1/1/2/2/8/0/22875876c763ab4f2c5f3ca8f3a20365.mp3*~data=user_id=0,application_id=42~hmac=a6931a83e2fe0f6738341b437a5fe781fb7cce7b33cc14bec7d80306cf1cf971"
"530","Mustang Sally","The Commitments","The Commitments","890307","525434","Top 25%","1","false","241","true","false","false","","Manual review","Mid-tier popularity — listen to preview and decide","https://cdnt-preview.dzcdn.net/api/1/1/e/f/d/0/efdf0ce25210a9749839987b907b4c46.mp3?hdnea=exp=1781147015~acl=/api/1/1/e/f/d/0/efdf0ce25210a9749839987b907b4c46.mp3*~data=user_id=0,application_id=42~hmac=050245c3738bcbe88ae776f47e1b84c86197b20ada79716bb9349b7f02bc7214"
"332","Modern Love (2018 Remaster)","David Bowie","Loving the Alien (1983 - 1988)","565655082","524455","Top 25%","3","false","288","true","false","false","","Manual review","Mid-tier popularity — listen to preview and decide","https://cdnt-preview.dzcdn.net/api/1/1/a/3/4/0/a34432d3c61d086fb842ed5202338e95.mp3?hdnea=exp=1781147013~acl=/api/1/1/a/3/4/0/a34432d3c61d086fb842ed5202338e95.mp3*~data=user_id=0,application_id=42~hmac=8d159ea75ca30db20c8aed20b6acec4bb696bb4bea4b4ab3e100c72168b5b7c2"
"513","A Good Heart","Feargal Sharkey","Feargal Sharkey","3156940","522654","Top 25%","1","false","281","true","false","false","","Manual review","Mid-tier popularity — listen to preview and decide","https://cdnt-preview.dzcdn.net/api/1/1/9/7/7/0/977e37ac205d7201e81fa473340371f4.mp3?hdnea=exp=1781147015~acl=/api/1/1/9/7/7/0/977e37ac205d7201e81fa473340371f4.mp3*~data=user_id=0,application_id=42~hmac=21d919998281aacdf766fa78b42c679480f6e122f84f0ae14d3e40b9b871c72f"
"408","Sweet Little Mystery","Wet Wet Wet","Step By Step The Greatest Hits","72370373","516914","Top 25%","1","false","224","true","false","false","","Manual review","Mid-tier popularity — listen to preview and decide","https://cdnt-preview.dzcdn.net/api/1/1/1/4/4/0/144426ab0387972f1ff1e3863c5cca82.mp3?hdnea=exp=1781147014~acl=/api/1/1/1/4/4/0/144426ab0387972f1ff1e3863c5cca82.mp3*~data=user_id=0,application_id=42~hmac=0ba19e680c479c648d1038a2e7f5afd8a89f8dec96ce8ec3cb210a1312ceb7ba"
"283","Don't Get Me Wrong (2007 Remaster)","Pretenders","Get Close (Expanded & Remastered)","740198","514690","Top 25%","2","false","227","true","false","false","","Manual review","Mid-tier popularity — listen to preview and decide","https://cdnt-preview.dzcdn.net/api/1/1/b/7/0/0/b70e4d8d311745ff3604492b5a4964e4.mp3?hdnea=exp=1781147013~acl=/api/1/1/b/7/0/0/b70e4d8d311745ff3604492b5a4964e4.mp3*~data=user_id=0,application_id=42~hmac=a9299abc2e0d93596f69ba9b8a4548e983c701b5ed10996207d4271661e08e6b"
"175","Dancing On The Ceiling","Lionel Richie","Dancing On The Ceiling (Expanded Edition)","905690","510378","Top 25%","4","false","270","true","false","false","","Manual review","Mid-tier popularity — listen to preview and decide","https://cdnt-preview.dzcdn.net/api/1/1/5/0/2/0/502136a27e2fbc627b1da2f2f6a9b8c7.mp3?hdnea=exp=1781147012~acl=/api/1/1/5/0/2/0/502136a27e2fbc627b1da2f2f6a9b8c7.mp3*~data=user_id=0,application_id=42~hmac=12cda47153097364907effa9451d29e39ad9c4d7b8496d92f238a9c941ec64be"
"354","What I Like About You","The Romantics","What I Like About You (And Other Romantic Hits)","1066565","509058","Top 25%","2","false","175","true","false","false","","Manual review","Mid-tier popularity — listen to preview and decide","https://cdnt-preview.dzcdn.net/api/1/1/d/b/c/0/dbcbf87aa65344e0a10d9f7184e792bd.mp3?hdnea=exp=1781147013~acl=/api/1/1/d/b/c/0/dbcbf87aa65344e0a10d9f7184e792bd.mp3*~data=user_id=0,application_id=42~hmac=cefc04fbe4d23952f6d24f12192bd532127ded26c01eefeb2aa1942a3163eea9"
"185","West End Girls (2001 Remaster)","Pet Shop Boys","Ultimate","7460096","506592","Top 25%","8","false","245","true","false","false","102","Manual review","Likely duplicate of position 102 (different version)","https://cdnt-preview.dzcdn.net/api/1/1/9/3/b/0/93bdb039d55c2d244c9e3552c0aa51ff.mp3?hdnea=exp=1781147012~acl=/api/1/1/9/3/b/0/93bdb039d55c2d244c9e3552c0aa51ff.mp3*~data=user_id=0,application_id=42~hmac=0ab4c5786ec0bde917b426ca3b6a9a1f54466487f900a3f8771650c7dc1fbae2"
"401","Every Little Step","Bobby Brown","Don't Be Cruel (Expanded Edition)","921945612","505814","Top 25%","3","false","239","true","false","false","","Manual review","Mid-tier popularity — listen to preview and decide","https://cdnt-preview.dzcdn.net/api/1/1/5/1/c/0/51cb780487260710c7089601b86b306c.mp3?hdnea=exp=1781147014~acl=/api/1/1/5/1/c/0/51cb780487260710c7089601b86b306c.mp3*~data=user_id=0,application_id=42~hmac=21d2a0f422fd6180c35f9871cd391a49fc6f8bbbad52744ad6e8a74e9e6d2565"
"55","There Is a Light That Never Goes Out (2011 Remaster)","The Smiths","Complete","13776537","502604","Top 25%","2","false","244","true","false","false","","Manual review","Mid-tier popularity — listen to preview and decide","https://cdnt-preview.dzcdn.net/api/1/1/3/0/a/0/30a370e058281fdda3cb8cc9c96f7aa4.mp3?hdnea=exp=1781147012~acl=/api/1/1/3/0/a/0/30a370e058281fdda3cb8cc9c96f7aa4.mp3*~data=user_id=0,application_id=42~hmac=8401e78adf2428d4c8b427e67d8b801994a046e6d50838b605db44c291f1a0a3"
"476","Wild Thing","Tone-Loc","Loc-ed After Dark","84364029","501908","Top 25%","1","false","263","true","false","false","","Manual review","Mid-tier popularity — listen to preview and decide","https://cdnt-preview.dzcdn.net/api/1/1/3/0/3/0/3039895ff6c9f57a2bc88dca6c16c9c5.mp3?hdnea=exp=1781147014~acl=/api/1/1/3/0/3/0/3039895ff6c9f57a2bc88dca6c16c9c5.mp3*~data=user_id=0,application_id=42~hmac=b9aef0463e22310d13cc04e12d6589adb685e18292f8c425032bccf3d6e24fc7"
"213","Good Life","Inner City","Paradise","3133684","501637","Top 25%","2","false","244","true","false","false","","Manual review","Mid-tier popularity — listen to preview and decide","https://cdnt-preview.dzcdn.net/api/1/1/9/8/2/0/9821cfe34e851cfcdf90ff20edd9ff00.mp3?hdnea=exp=1781147013~acl=/api/1/1/9/8/2/0/9821cfe34e851cfcdf90ff20edd9ff00.mp3*~data=user_id=0,application_id=42~hmac=4467b4bec0fc296174ee899c739148cc6f08b409260e096d8639466c39cb273c"
"480","Big Fun","Inner City","Paradise","3133682","501481","Top 25%","2","false","206","true","false","false","","Manual review","Mid-tier popularity — listen to preview and decide","https://cdnt-preview.dzcdn.net/api/1/1/7/d/3/0/7d366268f31d8486f64de9823715674e.mp3?hdnea=exp=1781147014~acl=/api/1/1/7/d/3/0/7d366268f31d8486f64de9823715674e.mp3*~data=user_id=0,application_id=42~hmac=93b2386b5a94cb8776a2dd13e4edbde91720c25adf9ede10fac3612e2c7a1f17"
"496","Higher Love (Single Version)","Steve Winwood","'80s Pop #1's","906593","501164","Top 25%","3","false","253","true","false","false","329","Manual review","Likely duplicate of position 329 (different version)","https://cdnt-preview.dzcdn.net/api/1/1/b/0/e/0/b0e1f7ceb0b195346ad81497da1bdd21.mp3?hdnea=exp=1781147014~acl=/api/1/1/b/0/e/0/b0e1f7ceb0b195346ad81497da1bdd21.mp3*~data=user_id=0,application_id=42~hmac=8ad9960d687f1a52d2d3aa68d176c416a0fddde056420ddbebebaeb146422a9f"
"63","Dixieland Delight","Alabama","The Closer You Get...","4761728","501020","Top 25%","1","false","323","true","false","false","","Manual review","Mid-tier popularity — listen to preview and decide","https://cdnt-preview.dzcdn.net/api/1/1/c/9/7/0/c97a11768bcface6c036fd2965bd9076.mp3?hdnea=exp=1781147012~acl=/api/1/1/c/9/7/0/c97a11768bcface6c036fd2965bd9076.mp3*~data=user_id=0,application_id=42~hmac=4cbf54bedf5bccf825539294c78d31d85371f60f16db2111ed4e0f84a58d50c8"
"550","Waiting for a Star to Fall","Boy Meets Girl","80s 100 Hits","5404589","499950","Mid 50%","2","false","271","true","false","false","222","Manual review","Likely duplicate of position 222 (different version)","https://cdnt-preview.dzcdn.net/api/1/1/a/9/f/0/a9f1d52612f7242b53a9f94b1b23f5b4.mp3?hdnea=exp=1781147015~acl=/api/1/1/a/9/f/0/a9f1d52612f7242b53a9f94b1b23f5b4.mp3*~data=user_id=0,application_id=42~hmac=b0c536255145eab90aa13b83238631bcd83ee60f9c90d3dd2ccf13ee02d5f4c7"
"85","Private Eyes","Daryl Hall & John Oates","Private Eyes (Expanded Edition)","13165885","499015","Mid 50%","5","false","217","true","false","false","","Manual review","Mid-tier popularity — listen to preview and decide","https://cdnt-preview.dzcdn.net/api/1/1/a/7/f/0/a7f75524d89d49fa19a5928ff6f3e70c.mp3?hdnea=exp=1781147012~acl=/api/1/1/a/7/f/0/a7f75524d89d49fa19a5928ff6f3e70c.mp3*~data=user_id=0,application_id=42~hmac=57f60fd70266ea001d5a12dbb6dc462bb3bdbcfb3bece3efc021cc294950f0c6"
"363","Stuck With You","Huey Lewis & The News","Fore!","3121964","498891","Mid 50%","3","false","268","true","false","false","","Manual review","Mid-tier popularity — listen to preview and decide","https://cdnt-preview.dzcdn.net/api/1/1/a/0/2/0/a02fed6c32981e1ad99c97e3a8a087ed.mp3?hdnea=exp=1781147013~acl=/api/1/1/a/0/2/0/a02fed6c32981e1ad99c97e3a8a087ed.mp3*~data=user_id=0,application_id=42~hmac=f05f63c03a517d8b724c865c1db8b60ceb10363588c2824c8e568c5fe006ce3b"
"68","9 to 5","Dolly Parton","Deadpool 2 (Original Motion Picture Soundtrack)","499737922","494587","Mid 50%","1","false","165","true","false","false","","Manual review","Mid-tier popularity — listen to preview and decide","https://cdnt-preview.dzcdn.net/api/1/1/a/6/6/0/a66f9794f50a96c13a003e144d5a961f.mp3?hdnea=exp=1781147012~acl=/api/1/1/a/6/6/0/a66f9794f50a96c13a003e144d5a961f.mp3*~data=user_id=0,application_id=42~hmac=2737caa2b2e6e5c75a498f0319035fc17ab79d83b83a906765949bd84a975f99"
"561","We Don't Have To Take Our Clothes Off","Jermaine Stewart","Frantic Romantic","9968997","494465","Mid 50%","1","false","293","true","false","false","","Manual review","Mid-tier popularity — listen to preview and decide","https://cdnt-preview.dzcdn.net/api/1/1/a/5/9/0/a596688ae129b1397c9f21f5078f653a.mp3?hdnea=exp=1781147015~acl=/api/1/1/a/5/9/0/a596688ae129b1397c9f21f5078f653a.mp3*~data=user_id=0,application_id=42~hmac=f9f33d9cab3c6752733d2b75d6a3747e9d0ad0d7d863aad3cea210a2d98eed31"
"360","Mr. Roboto","Styx","Kilroy Was Here","952547","493868","Mid 50%","1","false","328","true","false","false","","Manual review","Mid-tier popularity — listen to preview and decide","https://cdnt-preview.dzcdn.net/api/1/1/7/c/8/0/7c8ce2473c639fd04ca61dc44fd35cf8.mp3?hdnea=exp=1781147013~acl=/api/1/1/7/c/8/0/7c8ce2473c639fd04ca61dc44fd35cf8.mp3*~data=user_id=0,application_id=42~hmac=8451c734e6ce8874e3deb055b3fb64d892c0fbe9030b72a282d68543ee68660c"
"556","I Think We're Alone Now","Tiffany","'80s Pop #1's","906597","493041","Mid 50%","1","false","227","true","false","false","","Manual review","Mid-tier popularity — listen to preview and decide","https://cdnt-preview.dzcdn.net/api/1/1/4/c/d/0/4cd21dbb704b768c58bb1d55d5a7b8d4.mp3?hdnea=exp=1781147015~acl=/api/1/1/4/c/d/0/4cd21dbb704b768c58bb1d55d5a7b8d4.mp3*~data=user_id=0,application_id=42~hmac=785ca0e564a01dc231d26f2d4064abe739f0bfe900501a8b595f111c59646a9f"
"475","Straight Up","Paula Abdul","Forever Your Girl","3311528","491803","Mid 50%","1","false","222","true","false","false","","Manual review","Mid-tier popularity — listen to preview and decide","https://cdnt-preview.dzcdn.net/api/1/1/c/b/e/0/cbe4f6f7d58aad30475bcdf615f858b2.mp3?hdnea=exp=1781147014~acl=/api/1/1/c/b/e/0/cbe4f6f7d58aad30475bcdf615f858b2.mp3*~data=user_id=0,application_id=42~hmac=695166ec8825c4161377da499861840711bcf1e43f08f2b516d1547f445fca70"
"435","Suburbia","Pet Shop Boys","Discography - Complete Singles Collection","3122972","487969","Mid 50%","8","false","244","true","false","false","","Manual review","Mid-tier popularity — listen to preview and decide","https://cdnt-preview.dzcdn.net/api/1/1/d/0/a/0/d0a71a35dda83817e98bfb66c5520a4a.mp3?hdnea=exp=1781147014~acl=/api/1/1/d/0/a/0/d0a71a35dda83817e98bfb66c5520a4a.mp3*~data=user_id=0,application_id=42~hmac=33b960ba049b379e23dd432019a8fceab54d1b2e641a391a4c0deed33b8eaa86"
"282","Enola Gay (Remastered 2003)","Orchestral Manoeuvres In The Dark","Organisation","3091948","486892","Mid 50%","1","false","214","true","false","false","","Manual review","Mid-tier popularity — listen to preview and decide","https://cdnt-preview.dzcdn.net/api/1/1/4/6/2/0/4621c4a3738042ff165fa83648375a06.mp3?hdnea=exp=1781147013~acl=/api/1/1/4/6/2/0/4621c4a3738042ff165fa83648375a06.mp3*~data=user_id=0,application_id=42~hmac=63353d26b8ae5771a56c25021fed165d527f014fe7384ebe37f38213e34f9922"
"135","The Way It Is","Bruce Hornsby & The Range","Haynes DAD - Ultimate Guide To Rock","13130295","486602","Mid 50%","1","false","297","true","false","false","","Manual review","Mid-tier popularity — listen to preview and decide","https://cdnt-preview.dzcdn.net/api/1/1/6/6/1/0/661c2c1d57c53b1f631b6fe428492d9f.mp3?hdnea=exp=1781147012~acl=/api/1/1/6/6/1/0/661c2c1d57c53b1f631b6fe428492d9f.mp3*~data=user_id=0,application_id=42~hmac=4e66cb916f543cbf1e8fadcb45e6ed1a742d8b0d810cf386889c04ef604db59a"
"372","Hip To Be Square","Huey Lewis & The News","Fore!","3121967","484365","Mid 50%","3","false","243","true","false","false","","Manual review","Mid-tier popularity — listen to preview and decide","https://cdnt-preview.dzcdn.net/api/1/1/1/b/f/0/1bf2c590997e1dfd087a45a7ed597f70.mp3?hdnea=exp=1781147013~acl=/api/1/1/1/b/f/0/1bf2c590997e1dfd087a45a7ed597f70.mp3*~data=user_id=0,application_id=42~hmac=28407b923461c754b39548ef7024a83fae5ef7b9d5cae5127ecb04b240cf6aa8"
"426","Human","The Human League","Crash","3248719","478215","Mid 50%","2","false","264","true","false","false","","Manual review","Mid-tier popularity — listen to preview and decide","https://cdnt-preview.dzcdn.net/api/1/1/c/7/f/0/c7fff7bf8e53cdd1f83faab5529564bb.mp3?hdnea=exp=1781147014~acl=/api/1/1/c/7/f/0/c7fff7bf8e53cdd1f83faab5529564bb.mp3*~data=user_id=0,application_id=42~hmac=988adf7e39ec35afeafa08c43c7027ba438f27999f5bdfd14be7a7ed97b07bc0"
"94","Keep on Loving You","REO Speedwagon","Hi Infidelity (30th Anniversary Edition)","12754208","477758","Mid 50%","2","false","200","true","false","false","","Manual review","Mid-tier popularity — listen to preview and decide","https://cdnt-preview.dzcdn.net/api/1/1/9/a/3/0/9a3289ee9d4126f615cb66d61c4d1c36.mp3?hdnea=exp=1781147012~acl=/api/1/1/9/a/3/0/9a3289ee9d4126f615cb66d61c4d1c36.mp3*~data=user_id=0,application_id=42~hmac=23c325c6d88144f90f2f7b4d21129b6e4c947f3077122cfe5500c8c631a9eba2"
"559","China In Your Hand (Single Version)","T'Pau","Hits","3166614","474370","Mid 50%","1","false","248","true","false","false","","Manual review","Mid-tier popularity — listen to preview and decide","https://cdnt-preview.dzcdn.net/api/1/1/2/e/6/0/2e63548aa2fb5b65a6f1b536c16a20a3.mp3?hdnea=exp=1781147015~acl=/api/1/1/2/e/6/0/2e63548aa2fb5b65a6f1b536c16a20a3.mp3*~data=user_id=0,application_id=42~hmac=66160efea39a1823b56c39439236b97f80f7f9660fc01a1690615302345d7027"
"134","People Are People","Depeche Mode","Some Great Reward (Deluxe)","68515278","473789","Mid 50%","5","false","232","true","false","false","","Manual review","Mid-tier popularity — listen to preview and decide","https://cdnt-preview.dzcdn.net/api/1/1/e/b/d/0/ebdee4234cb13041dd7664b44743dce2.mp3?hdnea=exp=1781147012~acl=/api/1/1/e/b/d/0/ebdee4234cb13041dd7664b44743dce2.mp3*~data=user_id=0,application_id=42~hmac=4e0123574675d8e1311d66dcdac51e8f374049d12c02afdb45517cffcf7d023d"
"272","Slave To Love","Bryan Ferry","Boys And Girls","3135077","472947","Mid 50%","2","false","264","true","false","false","","Manual review","Mid-tier popularity — listen to preview and decide","https://cdnt-preview.dzcdn.net/api/1/1/7/5/3/0/7536cf6d67af86d2263e3726c4d6f6b3.mp3?hdnea=exp=1781147013~acl=/api/1/1/7/5/3/0/7536cf6d67af86d2263e3726c4d6f6b3.mp3*~data=user_id=0,application_id=42~hmac=4589bd6ae041ac86a7c167038edd76235615eab169c66c7de88f7d1f69192e63"
"229","More Than This","Roxy Music","More Than This - The Best Of Bryan Ferry And Roxy Music","3152112","470974","Mid 50%","1","false","249","true","false","false","","Manual review","Mid-tier popularity — listen to preview and decide","https://cdnt-preview.dzcdn.net/api/1/1/1/c/0/0/1c0ffb77ac0b0b359e2e8e8cdfef7b9d.mp3?hdnea=exp=1781147013~acl=/api/1/1/1/c/0/0/1c0ffb77ac0b0b359e2e8e8cdfef7b9d.mp3*~data=user_id=0,application_id=42~hmac=18e64668dc445e56c11d63b9598b313a6131c95d7ba418e9149b858cd6ce1799"
"492","You Win Again","Bee Gees","E.S.P.","348129241","464331","Mid 50%","2","false","241","true","false","false","","Manual review","Mid-tier popularity — listen to preview and decide","https://cdnt-preview.dzcdn.net/api/1/1/8/8/d/0/88d6ad135ce0c0184dc5bbe9b5433f89.mp3?hdnea=exp=1781147014~acl=/api/1/1/8/8/d/0/88d6ad135ce0c0184dc5bbe9b5433f89.mp3*~data=user_id=0,application_id=42~hmac=f9b5fb797da92e5ea393525c13e707f61df9a897034f4bfcdce01ade04923cf4"
"438","Love Is A Battlefield","Pat Benatar","Best Shots","3122115","463435","Mid 50%","3","false","321","true","false","false","259","Manual review","Likely duplicate of position 259 (different version)","https://cdnt-preview.dzcdn.net/api/1/1/4/9/4/0/494383d0aa38990eefbc3bc8cfcf9570.mp3?hdnea=exp=1781147014~acl=/api/1/1/4/9/4/0/494383d0aa38990eefbc3bc8cfcf9570.mp3*~data=user_id=0,application_id=42~hmac=ae364f25cd74ce3cef6cffda136b62ebe13799a74d1d2b212c69c70bc5fe4908"
"211","Dance Hall Days","Wang Chung","Music For Eighties","907794","462527","Mid 50%","1","false","238","true","false","false","","Manual review","Mid-tier popularity — listen to preview and decide","https://cdnt-preview.dzcdn.net/api/1/1/9/a/d/0/9ad4ba327daa8095e151f3c2fd8ffac5.mp3?hdnea=exp=1781147013~acl=/api/1/1/9/a/d/0/9ad4ba327daa8095e151f3c2fd8ffac5.mp3*~data=user_id=0,application_id=42~hmac=897cfa2d9ae62c2a04a049357b48a9ab15f703bcb3ae235eeff1e6e96ec15106"
"99","Let's Hear It for the Boy (From ""Footloose"" Original Soundtrack)","Deniece Williams","Essential - 80's Love","10357261","462435","Mid 50%","1","false","258","true","false","false","","Manual review","Mid-tier popularity — listen to preview and decide","https://cdnt-preview.dzcdn.net/api/1/1/6/9/0/0/690b2f25d6cf3e878f182a7eb96b0aa1.mp3?hdnea=exp=1781147012~acl=/api/1/1/6/9/0/0/690b2f25d6cf3e878f182a7eb96b0aa1.mp3*~data=user_id=0,application_id=42~hmac=1395c3d848a02f3f6ff145a093c578863b7e982e0ea2a6bd1f5ef5a8cd21f721"
"516","What's Love Got to Do with It","Tina Turner","Tina!","3142371","460127","Mid 50%","3","false","226","true","false","false","","Manual review","Mid-tier popularity — listen to preview and decide","https://cdnt-preview.dzcdn.net/api/1/1/f/1/c/0/f1c1926281c90b9715ecc7804febea03.mp3?hdnea=exp=1781147015~acl=/api/1/1/f/1/c/0/f1c1926281c90b9715ecc7804febea03.mp3*~data=user_id=0,application_id=42~hmac=eaa176ff391efb3b39e831b42cde99092b4e0dedf45e0a78ba3c4d1d4e21f82a"
"106","Poison","Alice Cooper","Alice Cooper Classicks","626178","456610","Mid 50%","1","false","267","true","false","false","","Manual review","Mid-tier popularity — listen to preview and decide","https://cdnt-preview.dzcdn.net/api/1/1/0/6/0/0/060465cc9c32f30c1e3ff4cff7086c2e.mp3?hdnea=exp=1781147012~acl=/api/1/1/0/6/0/0/060465cc9c32f30c1e3ff4cff7086c2e.mp3*~data=user_id=0,application_id=42~hmac=36a95212ab550f5e6d93c8dbe948ff7267363ec81b5645415d78746ce2b15633"
"385","Love in the First Degree","Bananarama","The Greatest Hits Collection (Collector Edition)","421388702","456438","Mid 50%","3","false","211","true","false","false","","Manual review","Mid-tier popularity — listen to preview and decide","https://cdnt-preview.dzcdn.net/api/1/1/e/4/d/0/e4d5d0ce79efc0b4149d52e49246fbbb.mp3?hdnea=exp=1781147013~acl=/api/1/1/e/4/d/0/e4d5d0ce79efc0b4149d52e49246fbbb.mp3*~data=user_id=0,application_id=42~hmac=bb8c76c91e44cbceb1d2f76f9f9ded1a328c354f8b38b7c5bc5ac399be6575b7"
"302","Nothing's Gonna Stop Us Now","Starship","Platinum & Gold Collection","13139973","455570","Mid 50%","3","false","269","true","false","false","","Manual review","Mid-tier popularity — listen to preview and decide","https://cdnt-preview.dzcdn.net/api/1/1/1/6/d/0/16d8ed04517ae11d714692eb6932ff12.mp3?hdnea=exp=1781147013~acl=/api/1/1/1/6/d/0/16d8ed04517ae11d714692eb6932ff12.mp3*~data=user_id=0,application_id=42~hmac=a3a5feb9ecbf69b00a6740144e75c3982037893b5fb6522a87a3ee4e0194ba9a"
"305","Love Will Tear Us Apart (2020 Remaster)","Joy Division","Love Will Tear Us Apart (2020 Digital Remaster)","1021196842","447282","Mid 50%","1","false","208","true","false","false","","Manual review","Mid-tier popularity — listen to preview and decide","https://cdnt-preview.dzcdn.net/api/1/1/1/9/8/0/1989bc08f87afbc168475719810dbfc9.mp3?hdnea=exp=1781147013~acl=/api/1/1/1/9/8/0/1989bc08f87afbc168475719810dbfc9.mp3*~data=user_id=0,application_id=42~hmac=c4a6197e0b4a9a0873f4eb74f927965053e030c91729a32df7e42d3f0674e0d8"
"414","First Time","Robin Beck","Music For Girls Night Out","907667","446517","Mid 50%","1","false","197","true","false","false","","Manual review","Mid-tier popularity — listen to preview and decide","https://cdnt-preview.dzcdn.net/api/1/1/8/9/c/0/89c1e89061ccbd5ac13fa04c79b8e4fa.mp3?hdnea=exp=1781147014~acl=/api/1/1/8/9/c/0/89c1e89061ccbd5ac13fa04c79b8e4fa.mp3*~data=user_id=0,application_id=42~hmac=9f9834197a33881a31a611bb58f477e5c5e781ac2dc71e061d20be9bf4a4609f"
"390","Dignity","Deacon Blue","Dignity - The Best Of","3016837","443587","Mid 50%","2","false","240","true","false","false","","Manual review","Mid-tier popularity — listen to preview and decide","https://cdnt-preview.dzcdn.net/api/1/1/3/8/f/0/38fc5661d7a0caee132e813a2dc25827.mp3?hdnea=exp=1781147013~acl=/api/1/1/3/8/f/0/38fc5661d7a0caee132e813a2dc25827.mp3*~data=user_id=0,application_id=42~hmac=1afd541e491eac4f1603bacf272101bc41a2c9d214b21263509da5b2de65afd3"
"49","Girl You Know It's True","Milli Vanilli","80s 100 Hits","5404583","442176","Mid 50%","3","false","252","true","false","false","","Manual review","Mid-tier popularity — listen to preview and decide","https://cdnt-preview.dzcdn.net/api/1/1/6/7/8/0/678c24262ed93c379d3fe3ef2f1020af.mp3?hdnea=exp=1781147012~acl=/api/1/1/6/7/8/0/678c24262ed93c379d3fe3ef2f1020af.mp3*~data=user_id=0,application_id=42~hmac=961922c58f8cbc9dfdb4c8e6f8db82348edd22ce96721512e37ba53374fda4ef"
"73","Easy Lover","Philip Bailey","Chinese Wall","15178034","436516","Mid 50%","1","false","304","true","false","false","","Manual review","Mid-tier popularity — listen to preview and decide","https://cdnt-preview.dzcdn.net/api/1/1/8/5/1/0/851b9a92b9ebc86d0e64192c3fa5c720.mp3?hdnea=exp=1781147012~acl=/api/1/1/8/5/1/0/851b9a92b9ebc86d0e64192c3fa5c720.mp3*~data=user_id=0,application_id=42~hmac=d4d8d035b93ef1fff1ab58fab70c5b56d1f187b2604598cebf23ce9de6a041ce"
"226","Edge of Seventeen (2016 Remaster)","Stevie Nicks","Bella Donna (Deluxe Edition)","135376666","436147","Mid 50%","1","false","329","true","false","false","","Manual review","Mid-tier popularity — listen to preview and decide","https://cdnt-preview.dzcdn.net/api/1/1/a/1/f/0/a1f1e546027242301d6f99004c06cc1f.mp3?hdnea=exp=1781147013~acl=/api/1/1/a/1/f/0/a1f1e546027242301d6f99004c06cc1f.mp3*~data=user_id=0,application_id=42~hmac=bde17e37c73e03800325463d70d74755952e1e44a6f67026d849cbc3b1c0ce0d"
"358","Whip It","Devo","Freedom of Choice","4382923","436097","Mid 50%","1","false","161","true","false","false","","Manual review","Mid-tier popularity — listen to preview and decide","https://cdnt-preview.dzcdn.net/api/1/1/b/8/9/0/b8982542a8911f67ad9c77d643f8b511.mp3?hdnea=exp=1781147013~acl=/api/1/1/b/8/9/0/b8982542a8911f67ad9c77d643f8b511.mp3*~data=user_id=0,application_id=42~hmac=6f0b647fe738af2d3ae20cf9e07c17be1e0d7fe30cb135cb8d9b7d75fa9377d9"
"434","If You Don't Know Me by Now (2008 Remaster)","Simply Red","The Greatest Hits","75814729","435239","Mid 50%","3","false","206","true","false","false","","Manual review","Mid-tier popularity — listen to preview and decide","https://cdnt-preview.dzcdn.net/api/1/1/1/e/a/0/1ea628075d071785b7270899165d27db.mp3?hdnea=exp=1781147014~acl=/api/1/1/1/e/a/0/1ea628075d071785b7270899165d27db.mp3*~data=user_id=0,application_id=42~hmac=9e0d85c7aeeaa286ff78b52aa0d12c5e6a94e9ff9d5125783241c2fa0783ae05"
"343","Young Turks","Rod Stewart","Tonight I'm Yours","2550685","433385","Mid 50%","3","false","303","true","false","false","","Manual review","Mid-tier popularity — listen to preview and decide","https://cdnt-preview.dzcdn.net/api/1/1/2/8/2/0/282e4be3761d85ea9043f7f8edceb63f.mp3?hdnea=exp=1781147013~acl=/api/1/1/2/8/2/0/282e4be3761d85ea9043f7f8edceb63f.mp3*~data=user_id=0,application_id=42~hmac=8a938338a59e9b16e182121a06a95786fab35e56dc4da3e32792301e24867ddc"
"355","Good Times Roll","The Cars","The Cars","6490170","431571","Mid 50%","5","false","225","true","false","false","","Manual review","Mid-tier popularity — listen to preview and decide","https://cdnt-preview.dzcdn.net/api/1/1/7/2/d/0/72dfbf2dd07b7631fc3d51680fdf4e69.mp3?hdnea=exp=1781147013~acl=/api/1/1/7/2/d/0/72dfbf2dd07b7631fc3d51680fdf4e69.mp3*~data=user_id=0,application_id=42~hmac=1a2a4bb1ad53a4939bdb446ef327ed10b7320006739433e250b5e7cc64760540"
"494","If You Let Me Stay","Sananda Maitreya","Introducing The Hardline According To Sananda Maitreya","1082502","428797","Mid 50%","1","false","193","true","false","false","","Manual review","Mid-tier popularity — listen to preview and decide","https://cdnt-preview.dzcdn.net/api/1/1/5/8/6/0/586036c0582a3b3d5689397e86e2bb03.mp3?hdnea=exp=1781147014~acl=/api/1/1/5/8/6/0/586036c0582a3b3d5689397e86e2bb03.mp3*~data=user_id=0,application_id=42~hmac=b1929e23421db4725c83e180130bfe227697dd25e5e81697ee31d0af49fc2cd8"
"341","Sussudio (2016 Remaster)","Phil Collins","The Singles (Expanded)","134036234","424485","Mid 50%","9","false","263","true","false","false","","Manual review","Mid-tier popularity — listen to preview and decide","https://cdnt-preview.dzcdn.net/api/1/1/6/0/d/0/60d9f0ae21fbd59b71e2691f0a7a3ca1.mp3?hdnea=exp=1781147013~acl=/api/1/1/6/0/d/0/60d9f0ae21fbd59b71e2691f0a7a3ca1.mp3*~data=user_id=0,application_id=42~hmac=648cca2313ff33272b4bea3111936fc638361dec0b0bfd011c210153c8b38ecb"
"477","Baby I Don't Care","Transvision Vamp","Baby I Don't Care - The Collection","2179183","421541","Mid 50%","1","false","279","true","false","false","","Manual review","Mid-tier popularity — listen to preview and decide","https://cdnt-preview.dzcdn.net/api/1/1/c/0/0/0/c00daea491485effb6f892fcd7604c26.mp3?hdnea=exp=1781147014~acl=/api/1/1/c/0/0/0/c00daea491485effb6f892fcd7604c26.mp3*~data=user_id=0,application_id=42~hmac=40a3c18abc3c19b89b5f75d3ca9c3ff07321efe8b0e3f935ecc6e75eef82edcc"
"380","Pour Some Sugar On Me (Remastered 2017)","Def Leppard","Hysteria (Super Deluxe)","447558052","421111","Mid 50%","4","false","267","true","false","false","","Manual review","Mid-tier popularity — listen to preview and decide","https://cdnt-preview.dzcdn.net/api/1/1/a/4/0/0/a40925f4bed0d788c789ed1a9aeb3bf9.mp3?hdnea=exp=1781147013~acl=/api/1/1/a/4/0/0/a40925f4bed0d788c789ed1a9aeb3bf9.mp3*~data=user_id=0,application_id=42~hmac=6f4e955fb937c853e2f4a559cf7f5850706c851b861bf0d23fc1a2cb5c6ef19d"
"395","Rush Hour","Jane Wiedlin","The Very Best Of Jane Wiedlin","3146828","421077","Mid 50%","1","false","243","true","false","false","","Manual review","Mid-tier popularity — listen to preview and decide","https://cdnt-preview.dzcdn.net/api/1/1/8/d/8/0/8d86c03c31d0aa85c54dcbecc47d2bb2.mp3?hdnea=exp=1781147013~acl=/api/1/1/8/d/8/0/8d86c03c31d0aa85c54dcbecc47d2bb2.mp3*~data=user_id=0,application_id=42~hmac=2e28e0e9cd463f0c5da4b9fe4a77b0c6b19ebb81696bfcc7e5da8f0d1795f100"
"490","Push It","Salt-N-Pepa","Girls' Night Out","4255591","419711","Mid 50%","1","false","268","true","false","false","","Manual review","Mid-tier popularity — listen to preview and decide","https://cdnt-preview.dzcdn.net/api/1/1/d/2/d/0/d2d145cee84041d04e05eb0bd15b2a65.mp3?hdnea=exp=1781147014~acl=/api/1/1/d/2/d/0/d2d145cee84041d04e05eb0bd15b2a65.mp3*~data=user_id=0,application_id=42~hmac=1f01fd271cdb1f42f1a5ffb5a162ad56d0e17091eeffd2fa6c3ba8ce8a1a677b"
"308","Any Way You Want It","Journey","Captured","534811","418615","Mid 50%","7","false","201","true","false","false","93","Manual review","Likely duplicate of position 93 (different version)","https://cdnt-preview.dzcdn.net/api/1/1/8/d/1/0/8d11ec5c39bc116368e416ba95a6af2b.mp3?hdnea=exp=1781147013~acl=/api/1/1/8/d/1/0/8d11ec5c39bc116368e416ba95a6af2b.mp3*~data=user_id=0,application_id=42~hmac=156e8cb73bbfb54c3e2d33ec6b5ce04ef710b5af9820c29608c3725b19cda2c3"
"223","Orinoco Flow (2009 Remaster)","Enya","Watermark (2009 Remaster)","14685717","416457","Mid 50%","2","false","266","true","false","false","","Manual review","Mid-tier popularity — listen to preview and decide","https://cdnt-preview.dzcdn.net/api/1/1/5/f/e/0/5fe4d15df94bf8eebbf6444ffb3d7ffb.mp3?hdnea=exp=1781147013~acl=/api/1/1/5/f/e/0/5fe4d15df94bf8eebbf6444ffb3d7ffb.mp3*~data=user_id=0,application_id=42~hmac=dd8f268548b4dbf7b9ee0ca5e4a83c3e492aec43927d562a6a9e6a65bf2ea4eb"
"196","The Reflex (2010 Remaster)","Duran Duran","Seven and the Ragged Tiger (Deluxe Edition)","5593850","416359","Mid 50%","7","false","329","true","false","false","","Manual review","Mid-tier popularity — listen to preview and decide","https://cdnt-preview.dzcdn.net/api/1/1/6/e/a/0/6eade34043193a5baff10d66a67cee9c.mp3?hdnea=exp=1781147012~acl=/api/1/1/6/e/a/0/6eade34043193a5baff10d66a67cee9c.mp3*~data=user_id=0,application_id=42~hmac=8fa7a179b5c9d8f2fd68a570dbfb07f1d4458b3cd8fa9a1eaab2fdaf0b4b181c"
"334","Gypsy (2016 Remaster)","Fleetwood Mac","Mirage (2016 Remaster)","133064282","414864","Mid 50%","6","false","267","true","false","false","216","Manual review","Likely duplicate of position 216 (different version)","https://cdnt-preview.dzcdn.net/api/1/1/c/3/2/0/c32fe882a675bc0729862e6efe1d7b50.mp3?hdnea=exp=1781147013~acl=/api/1/1/c/3/2/0/c32fe882a675bc0729862e6efe1d7b50.mp3*~data=user_id=0,application_id=42~hmac=67868267fd506ddba445396bd145774d0fee6aee29d4c2385607c64dd2a88452"
"96","I'm Gonna Miss You","Milli Vanilli","Greatest Hits","13160829","413562","Mid 50%","3","false","238","true","false","false","","Manual review","Mid-tier popularity — listen to preview and decide","https://cdnt-preview.dzcdn.net/api/1/1/f/9/c/0/f9c6ca71f715d14a3b652041a421d64c.mp3?hdnea=exp=1781147012~acl=/api/1/1/f/9/c/0/f9c6ca71f715d14a3b652041a421d64c.mp3*~data=user_id=0,application_id=42~hmac=282d77562fe0f2b6a2f3dcdc1660e067e85e16d93192a86ca74000ffaf3114f8"
"285","The Heat Is On (From ""Beverly Hills Cop"" Soundtrack)","Glenn Frey","The Heat Is On","471585092","410826","Mid 50%","1","false","226","true","false","false","","Manual review","Mid-tier popularity — listen to preview and decide","https://cdnt-preview.dzcdn.net/api/1/1/0/2/a/0/02aa02796b4af05be72e8c3e71cd7981.mp3?hdnea=exp=1781147013~acl=/api/1/1/0/2/a/0/02aa02796b4af05be72e8c3e71cd7981.mp3*~data=user_id=0,application_id=42~hmac=a422123dcadeefc45194e91e615a30b469cca4533517b779b46f841dc7e0b227"
"1","Don't Stop Believin'","Journey","80s 100 Hits","5404539","410264","Mid 50%","7","false","249","true","false","false","","Manual review","Mid-tier popularity — listen to preview and decide","https://cdnt-preview.dzcdn.net/api/1/1/f/3/5/0/f3547cca00530ed82e406a1cae56863a.mp3?hdnea=exp=1781147012~acl=/api/1/1/f/3/5/0/f3547cca00530ed82e406a1cae56863a.mp3*~data=user_id=0,application_id=42~hmac=eed688de94145b31103f4de2b7e836aa8920a51ecc3d7cd3669630489f3249e7"
"177","Freedom","Wham!","Make It Big","15189070","409184","Mid 50%","5","false","301","true","false","false","","Manual review","Mid-tier popularity — listen to preview and decide","https://cdnt-preview.dzcdn.net/api/1/1/f/8/8/0/f882c0bde5a5bf49a3fc58bcac763b31.mp3?hdnea=exp=1781147012~acl=/api/1/1/f/8/8/0/f882c0bde5a5bf49a3fc58bcac763b31.mp3*~data=user_id=0,application_id=42~hmac=e0c3398b5fd5dc41bf92eedbdfcadb602d83d23bc8263429c2a4980e60bfef9a"
"252","Never Tear Us Apart","INXS","Kick","14636764","407670","Mid 50%","6","false","185","true","false","false","","Manual review","Mid-tier popularity — listen to preview and decide","https://cdnt-preview.dzcdn.net/api/1/1/4/a/e/0/4aebbe3a0cda5662d383e4c06c6feee5.mp3?hdnea=exp=1781147013~acl=/api/1/1/4/a/e/0/4aebbe3a0cda5662d383e4c06c6feee5.mp3*~data=user_id=0,application_id=42~hmac=090462f636dce0761f3bf43c7e2e10d8274a1fe84c6995d98c8bb7bfc9171570"
"257","How Soon Is Now? (2011 Remaster)","The Smiths","Complete","13776567","404930","Mid 50%","2","false","408","true","false","false","","Manual review","Mid-tier popularity — listen to preview and decide","https://cdnt-preview.dzcdn.net/api/1/1/e/c/d/0/ecd3e480af18f6bc7e256e626b0d6b30.mp3?hdnea=exp=1781147013~acl=/api/1/1/e/c/d/0/ecd3e480af18f6bc7e256e626b0d6b30.mp3*~data=user_id=0,application_id=42~hmac=126241e9847d63a9e6f805130366547de3ccd7c865af18efa2ba0d619e7b935f"
"402","On Our Own","Bobby Brown","Ghostbusters II","83939081","403701","Mid 50%","3","false","293","true","false","false","","Manual review","Mid-tier popularity — listen to preview and decide","https://cdnt-preview.dzcdn.net/api/1/1/8/7/6/0/876df1cbe2191aa2d64b46f193e4aaed.mp3?hdnea=exp=1781147014~acl=/api/1/1/8/7/6/0/876df1cbe2191aa2d64b46f193e4aaed.mp3*~data=user_id=0,application_id=42~hmac=e172a2ce287e56f7656a6abc90f58ed9c63c7a8c09591a68fdea92ac196d36f9"
"383","Dude (Looks Like A Lady)","Aerosmith","Big Ones","1105721","403446","Mid 50%","2","false","263","true","false","false","","Manual review","Mid-tier popularity — listen to preview and decide","https://cdnt-preview.dzcdn.net/api/1/1/c/d/d/0/cdd9d1f1a643ab10af77aebd0fd59dcc.mp3?hdnea=exp=1781147013~acl=/api/1/1/c/d/d/0/cdd9d1f1a643ab10af77aebd0fd59dcc.mp3*~data=user_id=0,application_id=42~hmac=ac66eecb518679065f6daa2199221781faf9b3ed1f466c7f96f95fe37830a354"
"393","Big in Japan (2019 Remaster)","Alphaville","Forever Young (Super Deluxe Edition; 2019 Remaster)","647871542","401571","Mid 50%","1","false","284","true","false","false","","Manual review","Mid-tier popularity — listen to preview and decide","https://cdnt-preview.dzcdn.net/api/1/1/0/a/8/0/0a87d0772217ddbb6eb9d87435c82251.mp3?hdnea=exp=1781147013~acl=/api/1/1/0/a/8/0/0a87d0772217ddbb6eb9d87435c82251.mp3*~data=user_id=0,application_id=42~hmac=d2c3d3d8bca2796c1099d3454f3ded6af36685eda16fcc1ceb7252c456929a17"
"176","Crocodile Rock","Elton John","Music For Seventies","907749","400496","Mid 50%","3","false","236","true","false","false","","Manual review","Mid-tier popularity — listen to preview and decide","https://cdnt-preview.dzcdn.net/api/1/1/2/4/9/0/249a9aaf54df64fff9fe12887a73aa97.mp3?hdnea=exp=1781147012~acl=/api/1/1/2/4/9/0/249a9aaf54df64fff9fe12887a73aa97.mp3*~data=user_id=0,application_id=42~hmac=65a9220ee0d0cb7186e1d3de4bc6cdaf07ae3ad05023892c52d59dc06a28c678"
"82","Stand and Deliver","Adam & The Ants","The Very Best Of","564953","394871","Mid 50%","1","false","213","true","false","false","","Manual review","Mid-tier popularity — listen to preview and decide","https://cdnt-preview.dzcdn.net/api/1/1/e/3/7/0/e373d69191f4cc42ca75a95584843df0.mp3?hdnea=exp=1781147012~acl=/api/1/1/e/3/7/0/e373d69191f4cc42ca75a95584843df0.mp3*~data=user_id=0,application_id=42~hmac=5aed48262a442f0aa5d787902e416c15ab1462590a5fe72c8b13b042159497c8"
"415","Cuddly Toy","Roachford","The Very Best Of Roachford","2280831","391389","Mid 50%","1","false","230","true","false","false","","Manual review","Mid-tier popularity — listen to preview and decide","https://cdnt-preview.dzcdn.net/api/1/1/7/5/0/0/75027511c3afcf74d91f8fca826368aa.mp3?hdnea=exp=1781147014~acl=/api/1/1/7/5/0/0/75027511c3afcf74d91f8fca826368aa.mp3*~data=user_id=0,application_id=42~hmac=74f41e28f2408b09f393849bfc7bfdcc913baaf00d017e0e3de87961040259cf"
"445","Hard to Say I'm Sorry (2007 Remaster)","Chicago","The Best of Chicago, 40th Anniversary Edition","2680908","385467","Mid 50%","2","false","223","true","false","false","","Manual review","Mid-tier popularity — listen to preview and decide","https://cdnt-preview.dzcdn.net/api/1/1/b/a/9/0/ba9e2b975b8f4bd130987da115bc0e62.mp3?hdnea=exp=1781147014~acl=/api/1/1/b/a/9/0/ba9e2b975b8f4bd130987da115bc0e62.mp3*~data=user_id=0,application_id=42~hmac=b72c061b7ced64644a646f01aba8bd3f8a1dd25a90c5ef8f875b64210908c993"
"233","A Little Respect","Erasure","The Innocents","85561690","375679","Mid 50%","3","false","213","true","false","false","","Manual review","Mid-tier popularity — listen to preview and decide","https://cdnt-preview.dzcdn.net/api/1/1/7/a/0/0/7a0fd5028bcf5598ff26a3a44e1b2290.mp3?hdnea=exp=1781147013~acl=/api/1/1/7/a/0/0/7a0fd5028bcf5598ff26a3a44e1b2290.mp3*~data=user_id=0,application_id=42~hmac=cc309f17a6f9a7aa8b107043e5d901216b6b4de3830d4305c7b909c66dab3182"
"300","We Don't Need Another Hero (Thunderdome)","Tina Turner","Simply the Best","3167306","375496","Mid 50%","3","false","255","true","false","false","","Manual review","Mid-tier popularity — listen to preview and decide","https://cdnt-preview.dzcdn.net/api/1/1/f/7/1/0/f7100f400af217bccbd8804a81f58e90.mp3?hdnea=exp=1781147013~acl=/api/1/1/f/7/1/0/f7100f400af217bccbd8804a81f58e90.mp3*~data=user_id=0,application_id=42~hmac=a58a2efea0346f64d38d15f51c48046f4a677d769a1050e4476c16f02ba6f816"
"531","Weather With You","Crowded House","Woodface (Deluxe)","135371886","375344","Mid 50%","2","false","221","true","false","false","","Manual review","Mid-tier popularity — listen to preview and decide","https://cdnt-preview.dzcdn.net/api/1/1/1/2/6/0/126214707e979f20d7a139a1e1548bce.mp3?hdnea=exp=1781147015~acl=/api/1/1/1/2/6/0/126214707e979f20d7a139a1e1548bce.mp3*~data=user_id=0,application_id=42~hmac=f116a3fabf0c2a1ad3d8572920badec0533f0309d970fbdbff147e1dc9754876"
"345","Don't Lose My Number (2016 Remaster)","Phil Collins","The Singles (Expanded)","134036238","374771","Mid 50%","9","false","288","true","false","false","","Manual review","Mid-tier popularity — listen to preview and decide","https://cdnt-preview.dzcdn.net/api/1/1/5/9/6/0/596da9e15791faa7521e975f9b213a8e.mp3?hdnea=exp=1781147013~acl=/api/1/1/5/9/6/0/596da9e15791faa7521e975f9b213a8e.mp3*~data=user_id=0,application_id=42~hmac=d1f312286ac4af37553e76ebb62068b323e0112be9e8533dd2484524d991c1f2"
"83","True","Spandau Ballet","The Twelve Inch Mixes","3166637","370382","Mid 50%","3","false","365","true","false","false","","Manual review","Mid-tier popularity — listen to preview and decide","https://cdnt-preview.dzcdn.net/api/1/1/b/b/2/0/bb2ef1c1b5dd25d558b14c1739a801ad.mp3?hdnea=exp=1781147012~acl=/api/1/1/b/b/2/0/bb2ef1c1b5dd25d558b14c1739a801ad.mp3*~data=user_id=0,application_id=42~hmac=c638d972c4cafd36ad858fb5f815e08e7f7e98ba7f76baaca79e9f30b566e3c9"
"469","Town Called Malice","The Jam","Lost & Found: The Jam","907843","367408","Mid 50%","2","false","175","true","false","false","","Manual review","Mid-tier popularity — listen to preview and decide","https://cdnt-preview.dzcdn.net/api/1/1/a/7/1/0/a71d476816d140d9a5d9615b2fcc6b95.mp3?hdnea=exp=1781147014~acl=/api/1/1/a/7/1/0/a71d476816d140d9a5d9615b2fcc6b95.mp3*~data=user_id=0,application_id=42~hmac=9dea49d1d24cde97c0eab6b4a2944138c421e71d90d984982040f222e870ffec"
"86","Raspberry Beret","Prince","The Very Best of Prince","4858207","364161","Mid 50%","9","false","215","true","false","false","","Manual review","Mid-tier popularity — listen to preview and decide","https://cdnt-preview.dzcdn.net/api/1/1/d/0/3/0/d0325b069a454e90f74cb07b6f8c6a92.mp3?hdnea=exp=1781147012~acl=/api/1/1/d/0/3/0/d0325b069a454e90f74cb07b6f8c6a92.mp3*~data=user_id=0,application_id=42~hmac=fdb435e8e5189b2d9d2c335d26a323a4b9791e698592e4a92596eabc60ba3b07"
"281","We Belong","Pat Benatar","Ultimate Collection","3140693","363996","Mid 50%","3","false","219","true","false","false","","Manual review","Mid-tier popularity — listen to preview and decide","https://cdnt-preview.dzcdn.net/api/1/1/0/b/a/0/0bac0df8a830dc38e319b4cece135bf2.mp3?hdnea=exp=1781147013~acl=/api/1/1/0/b/a/0/0bac0df8a830dc38e319b4cece135bf2.mp3*~data=user_id=0,application_id=42~hmac=eabc0db06c447d4d552378b6dac7655484856de8595f493afd7d6ddb7df9f8e5"
"330","Just like Heaven (2006 Remaster)","The Cure","Kiss Me Kiss Me Kiss Me","14618872","361998","Mid 50%","6","false","212","true","false","false","27","Manual review","Likely duplicate of position 27 (different version)","https://cdnt-preview.dzcdn.net/api/1/1/f/9/d/0/f9d01ba09278546d167a0743736a9bb5.mp3?hdnea=exp=1781147013~acl=/api/1/1/f/9/d/0/f9d01ba09278546d167a0743736a9bb5.mp3*~data=user_id=0,application_id=42~hmac=1b4184cdecca032773e958c0f8ed9b9cb13ad759b28494e04d3dcb6a79f0a9b3"
"98","Take Me Home Tonight","Eddie Money","Can't Hold Back","1081064","360689","Mid 50%","1","false","210","true","false","false","","Manual review","Mid-tier popularity — listen to preview and decide","https://cdnt-preview.dzcdn.net/api/1/1/6/6/e/0/66e18e2c78cd660d6987ded9b67c01bc.mp3?hdnea=exp=1781147012~acl=/api/1/1/6/6/e/0/66e18e2c78cd660d6987ded9b67c01bc.mp3*~data=user_id=0,application_id=42~hmac=c2dc589d2a8769a3bd7db4ecd3f28c62e9d7b6d4b3d144abc7af6b2510894831"
"290","(I'll Never Be) Maria Magdalena (Single Verison)","Sandra","Ten On One","3282348","357460","Mid 50%","1","false","238","true","false","false","","Manual review","Mid-tier popularity — listen to preview and decide","https://cdnt-preview.dzcdn.net/api/1/1/9/f/5/0/9f5e65968ed98a61d78dbf42a187bf64.mp3?hdnea=exp=1781147013~acl=/api/1/1/9/f/5/0/9f5e65968ed98a61d78dbf42a187bf64.mp3*~data=user_id=0,application_id=42~hmac=45b15e30cad158ee372bbf33eb3e243c91bd992a97f244592de0e92aef34d58c"
"60","Blame It on the Rain","Milli Vanilli","4 Hits: Milli Vanilli","13020397","354880","Mid 50%","3","false","234","true","false","false","","Manual review","Mid-tier popularity — listen to preview and decide","https://cdnt-preview.dzcdn.net/api/1/1/6/b/b/0/6bbe07d9caa720bf665b773422075c5d.mp3?hdnea=exp=1781147012~acl=/api/1/1/6/b/b/0/6bbe07d9caa720bf665b773422075c5d.mp3*~data=user_id=0,application_id=42~hmac=468fb4ef3db9c19d736cd9143474217508c0ef0ca9b87901a39fc2da491785fc"
"551","Real Gone Kid","Deacon Blue","Our Town - The Greatest Hits","1037287","352542","Mid 50%","2","false","244","true","false","false","","Manual review","Mid-tier popularity — listen to preview and decide","https://cdnt-preview.dzcdn.net/api/1/1/b/2/f/0/b2ffe94a5cfa90c3e49b9d0a04a3758d.mp3?hdnea=exp=1781147015~acl=/api/1/1/b/2/f/0/b2ffe94a5cfa90c3e49b9d0a04a3758d.mp3*~data=user_id=0,application_id=42~hmac=5a352b21c56776bf47a4763e91fa258f9ed578b4042d9c8d5641df4dded5753e"
"418","Going Back to My Roots (Single Version)","Odyssey","80s 100 Hits","5495627","349210","Mid 50%","1","false","204","true","false","false","","Manual review","Mid-tier popularity — listen to preview and decide","https://cdnt-preview.dzcdn.net/api/1/1/b/9/c/0/b9cee2119e829e1c97c50693814cdd4a.mp3?hdnea=exp=1781147014~acl=/api/1/1/b/9/c/0/b9cee2119e829e1c97c50693814cdd4a.mp3*~data=user_id=0,application_id=42~hmac=66e927f00517d45fafc3263b60738bb2773527f179859b570c4f8639fdbb03a3"
"335","Out of Touch","Daryl Hall & John Oates","The Singles","11219664","346202","Mid 50%","5","false","235","true","false","false","","Manual review","Mid-tier popularity — listen to preview and decide","https://cdnt-preview.dzcdn.net/api/1/1/8/f/7/0/8f7a59fc3e57b3f1c8d8189a433989d9.mp3?hdnea=exp=1781147013~acl=/api/1/1/8/f/7/0/8f7a59fc3e57b3f1c8d8189a433989d9.mp3*~data=user_id=0,application_id=42~hmac=eaa67df7730a4789a6a27eabe33a637408407db0164fdbf07417ae5abeefbb11"
"324","In Your Eyes (Remastered)","Peter Gabriel","So (Special Edition)","540506322","343116","Mid 50%","2","false","325","true","false","false","","Manual review","Mid-tier popularity — listen to preview and decide","https://cdnt-preview.dzcdn.net/api/1/1/4/b/b/0/4bb5e067155fd39bd99dc1c5a3f1ce59.mp3?hdnea=exp=1781147013~acl=/api/1/1/4/b/b/0/4bb5e067155fd39bd99dc1c5a3f1ce59.mp3*~data=user_id=0,application_id=42~hmac=48f77138182d50abc595872f100365af1a4e97a427992e92613ba90a296bd454"
"498","Word Up","Cameo","Music For Partying","907924","340624","Mid 50%","1","false","253","true","false","false","","Manual review","Mid-tier popularity — listen to preview and decide","https://cdnt-preview.dzcdn.net/api/1/1/3/1/0/0/310ce9a959269857e1f6da900b626bd1.mp3?hdnea=exp=1781147014~acl=/api/1/1/3/1/0/0/310ce9a959269857e1f6da900b626bd1.mp3*~data=user_id=0,application_id=42~hmac=e6b28ab20ab867f805b314518c8dfb13a5b6044d5e1342e856093bd7ef3e634f"
"506","Sisters Are Doin' It for Themselves (Remastered)","Eurythmics","Ultimate Collection","576109","339921","Mid 50%","3","false","293","true","false","false","","Manual review","Mid-tier popularity — listen to preview and decide","https://cdnt-preview.dzcdn.net/api/1/1/d/f/a/0/dfa8d7953b8f596fb6a84d768cf1e531.mp3?hdnea=exp=1781147015~acl=/api/1/1/d/f/a/0/dfa8d7953b8f596fb6a84d768cf1e531.mp3*~data=user_id=0,application_id=42~hmac=dc3b639f942153e3bf18ab5d33aaba1c375a8245ea6092789e39b1be9c2cc3b6"
"456","Goody Two Shoes","Adam Ant","The Very Best Of","564952","337361","Mid 50%","1","false","209","true","false","false","","Manual review","Mid-tier popularity — listen to preview and decide","https://cdnt-preview.dzcdn.net/api/1/1/4/5/3/0/453d442107b7016395efca66d8c0d31c.mp3?hdnea=exp=1781147014~acl=/api/1/1/4/5/3/0/453d442107b7016395efca66d8c0d31c.mp3*~data=user_id=0,application_id=42~hmac=f709431ba429840859e7fcb603aea4c81c7745589033c70a8aa280257174acff"
"289","Back To Life","Soul II Soul","Club Classics Vol. One","3134893","334851","Mid 50%","1","false","219","true","false","false","","Manual review","Mid-tier popularity — listen to preview and decide","https://cdnt-preview.dzcdn.net/api/1/1/b/e/d/0/bed4149f5c60e993a9f40591cc2d9758.mp3?hdnea=exp=1781147013~acl=/api/1/1/b/e/d/0/bed4149f5c60e993a9f40591cc2d9758.mp3*~data=user_id=0,application_id=42~hmac=a9eefed790f1a93548358e316b636351a2409e25c65cccf3032e01aca39155de"
"273","Don't Go","Yaz","Upstairs At Eric's","14619290","334147","Mid 50%","2","false","191","true","false","false","","Manual review","Mid-tier popularity — listen to preview and decide","https://cdnt-preview.dzcdn.net/api/1/1/2/2/a/0/22a49769eb1710cfd939f983a9a4bc0c.mp3?hdnea=exp=1781147013~acl=/api/1/1/2/2/a/0/22a49769eb1710cfd939f983a9a4bc0c.mp3*~data=user_id=0,application_id=42~hmac=9f8a5d4450ac379d5fe2d09d0442ac4e04606b26fd6c251d28f80007784c9294"
"471","Do You Really Want To Hurt Me (Remastered 2002)","Culture Club","Greatest Hits","3138155","330444","Mid 50%","2","false","261","true","false","false","","Manual review","Mid-tier popularity — listen to preview and decide","https://cdnt-preview.dzcdn.net/api/1/1/0/7/c/0/07ccd0c19a68cbb33e97dfe5bc810c35.mp3?hdnea=exp=1781147014~acl=/api/1/1/0/7/c/0/07ccd0c19a68cbb33e97dfe5bc810c35.mp3*~data=user_id=0,application_id=42~hmac=c51ef1fbb9be8833dc0dabc1bd8dffa4b65545e6528c69ffca8ccfe6ea394d4e"
"280","New Sensation","INXS","Kick","14636758","328557","Mid 50%","6","false","219","true","false","false","","Manual review","Mid-tier popularity — listen to preview and decide","https://cdnt-preview.dzcdn.net/api/1/1/3/7/5/0/375a077133388d0c312b78cf568a3b5a.mp3?hdnea=exp=1781147013~acl=/api/1/1/3/7/5/0/375a077133388d0c312b78cf568a3b5a.mp3*~data=user_id=0,application_id=42~hmac=05a3e2e7e3caff15632ef669082f6db5a3cd22ccff890f0a58e76a5e90da23c4"
"336","I Would Die 4 U (2015 Paisley Park Remaster)","Prince","Purple Rain (Deluxe Expanded Edition)","374283041","328195","Mid 50%","9","false","169","true","false","false","","Manual review","Mid-tier popularity — listen to preview and decide","https://cdnt-preview.dzcdn.net/api/1/1/7/4/7/0/747653db7e819b56499d1996b83c9e99.mp3?hdnea=exp=1781147013~acl=/api/1/1/7/4/7/0/747653db7e819b56499d1996b83c9e99.mp3*~data=user_id=0,application_id=42~hmac=4de7626f414d63bcd0125ba41c271376c77c5b98e39961d1cfeb049d36f88387"
"455","Let's Go Crazy","Prince","The Very Best of Prince","4858202","325960","Mid 50%","9","false","279","true","false","false","339","Manual review","Likely duplicate of position 339 (different version)","https://cdnt-preview.dzcdn.net/api/1/1/1/3/7/0/137e156f20d11821a7bbbf496dcb40c4.mp3?hdnea=exp=1781147014~acl=/api/1/1/1/3/7/0/137e156f20d11821a7bbbf496dcb40c4.mp3*~data=user_id=0,application_id=42~hmac=1b1423ac0a61430de74f97893cc4a2c3e65b37f21d020c93a71f57bedcd0fbe2"
"404","Love In An Elevator (Single Version)","Aerosmith","Tough Love: Best Of The Ballads (International Version)","11288905","322482","Mid 50%","2","false","322","true","false","false","","Manual review","Mid-tier popularity — listen to preview and decide","https://cdnt-preview.dzcdn.net/api/1/1/1/1/b/0/11bc61c199aae7c9c1e9f9cfce94cf1d.mp3?hdnea=exp=1781147014~acl=/api/1/1/1/1/b/0/11bc61c199aae7c9c1e9f9cfce94cf1d.mp3*~data=user_id=0,application_id=42~hmac=26fdefd80b3a6a06b5916ac968ac614553559cb4bc11bb6021302da5825b7774"
"544","New Sensation","INXS","Kick 25 (Deluxe Edition)","60713229","320933","Mid 50%","6","false","217","true","false","false","280","Manual review","Likely duplicate of position 280 (different version)","https://cdnt-preview.dzcdn.net/api/1/1/8/b/5/0/8b5ab27952c6e411238c31603f842a28.mp3?hdnea=exp=1781147015~acl=/api/1/1/8/b/5/0/8b5ab27952c6e411238c31603f842a28.mp3*~data=user_id=0,application_id=42~hmac=38ee1770b0ce2f7e2f6700d7912f3852305541ee567bbb63ca413e92b7eba932"
"92","Closer to Fine","Indigo Girls","Retrospective","626284","320033","Mid 50%","1","false","242","true","false","false","","Manual review","Mid-tier popularity — listen to preview and decide","https://cdnt-preview.dzcdn.net/api/1/1/f/d/8/0/fd85eab885f2b7d111d6d5af708aad79.mp3?hdnea=exp=1781147012~acl=/api/1/1/f/d/8/0/fd85eab885f2b7d111d6d5af708aad79.mp3*~data=user_id=0,application_id=42~hmac=bbd329a455dffa898aebede6fa474919d0737bcaf0209e6b1a2719cd049017f2"
"88","One Summer","Daryl Braithwaite","Edge","15852646","319222","Mid 50%","1","false","223","true","false","false","","Manual review","Mid-tier popularity — listen to preview and decide","https://cdnt-preview.dzcdn.net/api/1/1/4/6/1/0/461797153742099565613fa8d2d50662.mp3?hdnea=exp=1781147012~acl=/api/1/1/4/6/1/0/461797153742099565613fa8d2d50662.mp3*~data=user_id=0,application_id=42~hmac=34f4889d6ca74041db5f7ea0839c164a3bbbbdb9ce69bee9f201622b9c24dec8"
"303","Lovesong (2010 Remaster)","The Cure","Disintegration (Deluxe Edition)","14637327","319206","Mid 50%","6","false","209","true","false","false","","Manual review","Mid-tier popularity — listen to preview and decide","https://cdnt-preview.dzcdn.net/api/1/1/d/c/7/0/dc7cec742232a9abf840ab025e79ef99.mp3?hdnea=exp=1781147013~acl=/api/1/1/d/c/7/0/dc7cec742232a9abf840ab025e79ef99.mp3*~data=user_id=0,application_id=42~hmac=ba22eba91103e34bed3bb195b6820bacf0e8c51c1e91c31321b4dd4db89b0fa9"
"557","The Only Way Is Up","Yazz","Totally 80's For Kids (International Version)","4189317","316304","Mid 50%","1","false","266","true","false","false","","Manual review","Mid-tier popularity — listen to preview and decide","https://cdnt-preview.dzcdn.net/api/1/1/0/3/d/0/03dcf9b30766be55747154ba29aafb59.mp3?hdnea=exp=1781147015~acl=/api/1/1/0/3/d/0/03dcf9b30766be55747154ba29aafb59.mp3*~data=user_id=0,application_id=42~hmac=d8c56a034184f825430ece13a20b66644efaf3c75f58ce5fd86bd1d283a02c45"
"236","Jump (Original Mix)","The Pointer Sisters","Break Out (1983 Version - Expanded Edition)","348307831","314764","Mid 50%","2","false","242","true","false","false","","Manual review","Mid-tier popularity — listen to preview and decide","https://cdnt-preview.dzcdn.net/api/1/1/0/6/5/0/0653d1b8f3c2f75f9785b7a13ee9818b.mp3?hdnea=exp=1781147013~acl=/api/1/1/0/6/5/0/0653d1b8f3c2f75f9785b7a13ee9818b.mp3*~data=user_id=0,application_id=42~hmac=81be347c25e65144100ba6c807f5742b53f545e53b2eaccbc20e4da65a16723e"
"129","Open Arms (2024 Remaster)","Journey","Greatest Hits (2024 Remaster)","534472","313786","Mid 50%","7","false","198","true","false","false","","Manual review","Mid-tier popularity — listen to preview and decide","https://cdnt-preview.dzcdn.net/api/1/1/d/2/a/0/d2ab6df4ca8ee7952b9e7c6ed244fa2c.mp3?hdnea=exp=1781147012~acl=/api/1/1/d/2/a/0/d2ab6df4ca8ee7952b9e7c6ed244fa2c.mp3*~data=user_id=0,application_id=42~hmac=e6154faf902f34c003b502048dca8b014807b0c208c28465d5277c07a4872cec"
"239","Always on My Mind (2003 Remaster)","Pet Shop Boys","PopArt: The Hits","3147744","312829","Mid 50%","8","false","237","true","false","false","174","Manual review","Likely duplicate of position 174 (different version)","https://cdnt-preview.dzcdn.net/api/1/1/e/1/8/0/e18f4a6d45c89c690452cb95fb5cbb57.mp3?hdnea=exp=1781147013~acl=/api/1/1/e/1/8/0/e18f4a6d45c89c690452cb95fb5cbb57.mp3*~data=user_id=0,application_id=42~hmac=816fa5bd4c22c2b0d1ceb357256746a249be35f07f0e840fd5167c25b2ac3710"
"430","Love Come Down (Single Version)","Evelyn ""Champagne"" King","The Best Of Evelyn ""Champagne"" King","1082491","310884","Mid 50%","1","false","216","true","false","false","","Manual review","Mid-tier popularity — listen to preview and decide","https://cdnt-preview.dzcdn.net/api/1/1/4/3/c/0/43ce07d466dc78d3cdaa98dfdda55c28.mp3?hdnea=exp=1781147014~acl=/api/1/1/4/3/c/0/43ce07d466dc78d3cdaa98dfdda55c28.mp3*~data=user_id=0,application_id=42~hmac=f56d49275d66ee3e6c57807420698a86151fb0d73e4cd8a1908c4a235c8f9c08"
"373","Head Over Heels","Go-Go's","Return To The Valley Of The Go-Go's","3361322","309235","Mid 50%","1","false","217","true","false","false","","Manual review","Mid-tier popularity — listen to preview and decide","https://cdnt-preview.dzcdn.net/api/1/1/e/3/3/0/e33843f05be8e9e7f645a81274884126.mp3?hdnea=exp=1781147013~acl=/api/1/1/e/3/3/0/e33843f05be8e9e7f645a81274884126.mp3*~data=user_id=0,application_id=42~hmac=02f78ee2b0c38694eefb1a8163944d2adfcb645ff4c7d612984f4bd711994cf9"
"555","Perfect","Fairground Attraction","80s 100 Hits","5404572","307271","Mid 50%","1","false","218","true","false","false","","Manual review","Mid-tier popularity — listen to preview and decide","https://cdnt-preview.dzcdn.net/api/1/1/c/8/d/0/c8d674d4a02dd96c3f34da90c53956c6.mp3?hdnea=exp=1781147015~acl=/api/1/1/c/8/d/0/c8d674d4a02dd96c3f34da90c53956c6.mp3*~data=user_id=0,application_id=42~hmac=6be32e52bc35007c0596befd4ed7926ed25362064f0b733f2f6c4dfb3cd3ffd7"
"350","Sister Christian","Night Ranger","Boogie Nights / Music From The Original Motion Picture","4760905","305812","Mid 50%","1","false","299","true","false","false","","Manual review","Mid-tier popularity — listen to preview and decide","https://cdnt-preview.dzcdn.net/api/1/1/4/b/c/0/4bc3896962f1aaf9349941af8419cd02.mp3?hdnea=exp=1781147013~acl=/api/1/1/4/b/c/0/4bc3896962f1aaf9349941af8419cd02.mp3*~data=user_id=0,application_id=42~hmac=e8d71b0e3ec8b857c61d5e744081cdb531fe0bb4e7666a027d58fb97fc532b16"
"259","Love Is A Battlefield","Pat Benatar","Premium Gold Collection","3105189","295923","Mid 50%","3","false","250","true","false","false","","Manual review","Mid-tier popularity — listen to preview and decide","https://cdnt-preview.dzcdn.net/api/1/1/8/3/d/0/83d3e8b9fb28810f408f4782d5fe59a1.mp3?hdnea=exp=1781147013~acl=/api/1/1/8/3/d/0/83d3e8b9fb28810f408f4782d5fe59a1.mp3*~data=user_id=0,application_id=42~hmac=6303f956bd7fb797c324ffb400193cc8197d84562c3042e97ee0e710c1debacb"
"27","Just like Heaven","The Cure","Galore","14611554","295648","Mid 50%","6","false","212","true","false","false","","Manual review","Mid-tier popularity — listen to preview and decide","https://cdnt-preview.dzcdn.net/api/1/1/3/a/0/0/3a0ca8a41f9c4e8978e361e18a30988f.mp3?hdnea=exp=1781147012~acl=/api/1/1/3/a/0/0/3a0ca8a41f9c4e8978e361e18a30988f.mp3*~data=user_id=0,application_id=42~hmac=86876d2ea6be61f995333962d61b0584a0bdc56dd6524ea865f5586c789923f7"
"260","Need You Tonight","INXS","Kick","14636760","295129","Mid 50%","6","false","180","true","false","false","","Manual review","Mid-tier popularity — listen to preview and decide","https://cdnt-preview.dzcdn.net/api/1/1/8/2/7/0/827ee2a2ae5e2af54b3f7680bbeaa5dc.mp3?hdnea=exp=1781147013~acl=/api/1/1/8/2/7/0/827ee2a2ae5e2af54b3f7680bbeaa5dc.mp3*~data=user_id=0,application_id=42~hmac=1904eb4ca32aab923028d16e0baec0576aea9eb79ce920396195492a263b79fc"
"268","Coming Around Again (Remastered 2004)","Carly Simon","Reflections Carly Simon's Greatest Hits","598064","293941","Mid 50%","1","false","222","true","false","false","","Manual review","Mid-tier popularity — listen to preview and decide","https://cdnt-preview.dzcdn.net/api/1/1/0/5/d/0/05db702b147e73f1e3882913a85724fb.mp3?hdnea=exp=1781147013~acl=/api/1/1/0/5/d/0/05db702b147e73f1e3882913a85724fb.mp3*~data=user_id=0,application_id=42~hmac=791ab05fe1ffd0578f20b141e9345124a829403ea242d25ef885a83da9811670"
"222","Waiting for a Star to Fall","Boy Meets Girl","The Definitive 80's (eighties)","542000","293876","Mid 50%","2","false","274","true","false","false","","Manual review","Mid-tier popularity — listen to preview and decide","https://cdnt-preview.dzcdn.net/api/1/1/e/b/f/0/ebfd3aa86a8d2657ca5f31efb507ac52.mp3?hdnea=exp=1781147013~acl=/api/1/1/e/b/f/0/ebfd3aa86a8d2657ca5f31efb507ac52.mp3*~data=user_id=0,application_id=42~hmac=3e6ed3090ee3a0e65a3499e6bf529121590d00b7292a23b75fe981e6558589aa"
"563","Happy Hour","The Housemartins","Soup","914424","291410","Mid 50%","1","false","142","true","false","false","","Manual review","Mid-tier popularity — listen to preview and decide","https://cdnt-preview.dzcdn.net/api/1/1/a/0/2/0/a0229865b3eb3b1473c8d5b13c107256.mp3?hdnea=exp=1781147015~acl=/api/1/1/a/0/2/0/a0229865b3eb3b1473c8d5b13c107256.mp3*~data=user_id=0,application_id=42~hmac=cb8a274c69d57eb9fdca20a1c352cfa8dac31aa820192bca9b62c2214695230a"
"295","It's a Sin (2018 Remaster)","Pet Shop Boys","Actually: Further Listening 1987 - 1988 (2018 Remaster)","462784272","275954","Mid 50%","8","false","299","true","false","false","","Manual review","Mid-tier popularity — listen to preview and decide","https://cdnt-preview.dzcdn.net/api/1/1/f/c/e/0/fce12e4397b06b062fe727a0e152bfa3.mp3?hdnea=exp=1781147013~acl=/api/1/1/f/c/e/0/fce12e4397b06b062fe727a0e152bfa3.mp3*~data=user_id=0,application_id=42~hmac=40c21a77eecb2b0243f32883111c55885bdf0d73bf433f1ec0f01cd5f9aa5155"
"409","With Or Without You","U2","U218 Singles","1574131","274502","Mid 50%","6","false","293","true","false","false","78","Manual review","Likely duplicate of position 78 (different version)","https://cdnt-preview.dzcdn.net/api/1/1/2/a/b/0/2abbe0855b4d0b29b0fe66ed081d5144.mp3?hdnea=exp=1781147014~acl=/api/1/1/2/a/b/0/2abbe0855b4d0b29b0fe66ed081d5144.mp3*~data=user_id=0,application_id=42~hmac=88836274e5d1dcf0c7926bd4eb1ab08d5507b35aac4f4f339bb5bf8ce86e5115"
"375","Some Guys Have All the Luck","Rod Stewart","Camouflage","2550718","268571","Mid 50%","3","false","274","true","false","false","","Manual review","Mid-tier popularity — listen to preview and decide","https://cdnt-preview.dzcdn.net/api/1/1/0/c/2/0/0c234cd36c6c0ddbd0fd526481af7172.mp3?hdnea=exp=1781147013~acl=/api/1/1/0/c/2/0/0c234cd36c6c0ddbd0fd526481af7172.mp3*~data=user_id=0,application_id=42~hmac=40a5eea7b1369ee2aa3d3b55c5d31ee6f60b1f5672155885cfa03559ae85a63a"
"64","This Is the Day","The The","Soul Mining","15858498","263794","Mid 50%","1","false","297","true","false","false","","Manual review","Mid-tier popularity — listen to preview and decide","https://cdnt-preview.dzcdn.net/api/1/1/a/5/7/0/a577b73e98fc6f2cbd04bc57b55fc2e7.mp3?hdnea=exp=1781147012~acl=/api/1/1/a/5/7/0/a577b73e98fc6f2cbd04bc57b55fc2e7.mp3*~data=user_id=0,application_id=42~hmac=510469b787de119ca3c560859fd6c1d4e4b8fa515b7ccbdfffcf8ef9a5242a91"
"203","Material Girl (2024 Remaster)","Madonna","Material Girl (2024 Remaster)","2626770792","260682","Mid 50%","13","false","242","true","false","false","165","Manual review","Likely duplicate of position 165 (different version)","https://cdnt-preview.dzcdn.net/api/1/1/6/2/b/0/62babaeec7c337872249df85048aa9a6.mp3?hdnea=exp=1781147013~acl=/api/1/1/6/2/b/0/62babaeec7c337872249df85048aa9a6.mp3*~data=user_id=0,application_id=42~hmac=5ca742a5a9486c8079e423858a50cecd88ce2fd153efbe03e58dc12c15073031"
"269","The Look Of Love, Pt.1","ABC","Music For Eighties","907796","259488","Mid 50%","2","false","207","true","false","false","","Manual review","Mid-tier popularity — listen to preview and decide","https://cdnt-preview.dzcdn.net/api/1/1/a/5/4/0/a547fc640dc3ca9085264c013bdee148.mp3?hdnea=exp=1781147013~acl=/api/1/1/a/5/4/0/a547fc640dc3ca9085264c013bdee148.mp3*~data=user_id=0,application_id=42~hmac=c7c03d42b591e23b7eb7458671e965f693c2fb14cd31adebf1c0a8f09dbefd2b"
"349","We Got The Beat","The Go-Go's","Beauty And The Beat","2113414","258572","Mid 50%","3","false","152","true","false","false","","Manual review","Mid-tier popularity — listen to preview and decide","https://cdnt-preview.dzcdn.net/api/1/1/f/7/7/0/f779b9b77ff9927409a369fdd7fbb765.mp3?hdnea=exp=1781147013~acl=/api/1/1/f/7/7/0/f779b9b77ff9927409a369fdd7fbb765.mp3*~data=user_id=0,application_id=42~hmac=3f94a8f817124b02df8949590e100b8d6c1a7b4f7557bfb3e89f77d25d8e0e87"
"467","Girls on Film","Duran Duran","The Singles 81-85","4304778","255605","Mid 50%","7","false","210","true","false","false","","Manual review","Mid-tier popularity — listen to preview and decide","https://cdnt-preview.dzcdn.net/api/1/1/a/e/c/0/aec4d1e9865419705f6037e69cf953ca.mp3?hdnea=exp=1781147014~acl=/api/1/1/a/e/c/0/aec4d1e9865419705f6037e69cf953ca.mp3*~data=user_id=0,application_id=42~hmac=84c1adfdc66f28bf0dbfb8df49c6316200e32959d7fdd7d08cc5977f7271ca68"
"464","Atomic (Remastered 2001)","Blondie","Blondie Singles Collection: 1977-1982","4305113","254356","Mid 50%","3","false","275","true","false","false","","Manual review","Mid-tier popularity — listen to preview and decide","https://cdnt-preview.dzcdn.net/api/1/1/9/8/1/0/981ee9d524005982eef7bc94f27add54.mp3?hdnea=exp=1781147014~acl=/api/1/1/9/8/1/0/981ee9d524005982eef7bc94f27add54.mp3*~data=user_id=0,application_id=42~hmac=ae5153096fa605f1bda550f2b5b0bfe2e7bf400d2607211a37a27228bc493276"
"388","Mary's Prayer","Danny Wilson","The Best Of Danny Wilson","3362498","247679","Mid 50%","1","false","234","true","false","false","","Manual review","Mid-tier popularity — listen to preview and decide","https://cdnt-preview.dzcdn.net/api/1/1/6/0/a/0/60a257c5f10aa16f32062734d9418054.mp3?hdnea=exp=1781147013~acl=/api/1/1/6/0/a/0/60a257c5f10aa16f32062734d9418054.mp3*~data=user_id=0,application_id=42~hmac=a452ca033281b8c2b5266b880079a019b897eb868ec6e9cc3780d9ca921ee4a9"
"517","The Reflex (Single Version; 2010 Remaster)","Duran Duran","Seven and the Ragged Tiger (Deluxe Edition)","5593864","245909","Mid 50%","7","false","267","true","false","false","196","Manual review","Likely duplicate of position 196 (different version)","https://cdnt-preview.dzcdn.net/api/1/1/4/9/4/0/494a6edeecb9699568d8ac97e2e72dfb.mp3?hdnea=exp=1781147015~acl=/api/1/1/4/9/4/0/494a6edeecb9699568d8ac97e2e72dfb.mp3*~data=user_id=0,application_id=42~hmac=238be482278d73b23dc7bb494afa3ea4a4e416a4a47dfdc4598eefd1d3d744dc"
"97","Voices Carry","'Til Tuesday","Pure... Alternative 80s","13816300","244029","Mid 50%","1","false","261","true","false","false","","Manual review","Mid-tier popularity — listen to preview and decide","https://cdnt-preview.dzcdn.net/api/1/1/4/1/2/0/412501b567098242f4bbc43fd72da245.mp3?hdnea=exp=1781147012~acl=/api/1/1/4/1/2/0/412501b567098242f4bbc43fd72da245.mp3*~data=user_id=0,application_id=42~hmac=3bf7c5abce227f2716c0651aea27360f423306effb862043a210f5e0d1e46456"
"244","Blue Monday '88 (2015 Remaster)","New Order","Singles (2016 Remaster)","131744086","243255","Mid 50%","5","false","252","true","false","false","","Manual review","Mid-tier popularity — listen to preview and decide","https://cdnt-preview.dzcdn.net/api/1/1/3/5/9/0/3595e1aa144e7569adda855fe7ba2d6c.mp3?hdnea=exp=1781147013~acl=/api/1/1/3/5/9/0/3595e1aa144e7569adda855fe7ba2d6c.mp3*~data=user_id=0,application_id=42~hmac=a581c03e3d1e88d4bef0138728a66282bf4835fe7367b24d370810995d145e04"
"505","Trapped","Colonel Abrams","Legs, Leggings & Lycra","10092873","242448","Mid 50%","1","false","250","true","false","false","","Manual review","Mid-tier popularity — listen to preview and decide","https://cdnt-preview.dzcdn.net/api/1/1/6/5/b/0/65be1b0975ae3d1ba070898f7aeaf4f6.mp3?hdnea=exp=1781147015~acl=/api/1/1/6/5/b/0/65be1b0975ae3d1ba070898f7aeaf4f6.mp3*~data=user_id=0,application_id=42~hmac=462c9cdb8f73fa99b2d4d2b52453f89da79e19ab8d6633ca2d41605a5b28488e"
"488","I Owe You Nothing","Bros","Push (Deluxe Edition)","71732794","235970","Mid 50%","2","false","216","true","false","false","","Manual review","Mid-tier popularity — listen to preview and decide","https://cdnt-preview.dzcdn.net/api/1/1/9/1/a/0/91a355b9cd58607a69ecdf6f1f8de093.mp3?hdnea=exp=1781147014~acl=/api/1/1/9/1/a/0/91a355b9cd58607a69ecdf6f1f8de093.mp3*~data=user_id=0,application_id=42~hmac=916a691f60c78395200ea541f0a8209434a574be2d1c8ed04d1c9e0de4e7ee6a"
"371","Kyrie (Single Version)","Mr. Mister","LOVE","2847598","235233","Mid 50%","2","false","256","true","false","false","","Manual review","Mid-tier popularity — listen to preview and decide","https://cdnt-preview.dzcdn.net/api/1/1/4/b/e/0/4be61eb6502ee5eb063a83a33dfd65ad.mp3?hdnea=exp=1781147013~acl=/api/1/1/4/b/e/0/4be61eb6502ee5eb063a83a33dfd65ad.mp3*~data=user_id=0,application_id=42~hmac=a7f716cf1e9249450083bedc829b9e245aaa48269560fc4ebd45b0c2e91288ae"
"379","You Might Think","The Cars","Heartbeat City (Expanded Edition)","474178202","231355","Mid 50%","5","false","184","true","false","false","","Manual review","Mid-tier popularity — listen to preview and decide","https://cdnt-preview.dzcdn.net/api/1/1/2/5/1/0/25142a561a2054b4eb7a114a39092748.mp3?hdnea=exp=1781147013~acl=/api/1/1/2/5/1/0/25142a561a2054b4eb7a114a39092748.mp3*~data=user_id=0,application_id=42~hmac=898627cd9d0d1b14a014db193b9c267447327d0dfd3dbc780599490e4fd46286"
"123","The Warrior","Patty Smyth","Patty Smyth's Greatest Hits Featuring Scandal","70641893","213922","Mid 50%","1","false","238","true","false","false","","Manual review","Mid-tier popularity — listen to preview and decide","https://cdnt-preview.dzcdn.net/api/1/1/5/3/0/0/53059017ebfa1c1aa0c1ce7e6d07f5da.mp3?hdnea=exp=1781147012~acl=/api/1/1/5/3/0/0/53059017ebfa1c1aa0c1ce7e6d07f5da.mp3*~data=user_id=0,application_id=42~hmac=d6c4d4c78a7e86207016f0ff9473c1bc4ffca07100b0320992f1e7c4b18ffe21"
"5","Your Love","The Outfield","Playlist: The Very Best '80s Radio Hits","4253016","210260","Mid 50%","2","false","216","true","false","false","","Manual review","Mid-tier popularity — listen to preview and decide","https://cdnt-preview.dzcdn.net/api/1/1/3/c/7/0/3c731d5e9b4dbb33c082745b340ae7ad.mp3?hdnea=exp=1781147012~acl=/api/1/1/3/c/7/0/3c731d5e9b4dbb33c082745b340ae7ad.mp3*~data=user_id=0,application_id=42~hmac=526d079c3a6de45ed7a4149ce8e1c577bb4b14b970cdeeb4de88ff7f95ff4c71"
"448","Killer","Adamski","90's Pop Pre-Cleared Comp","6030237","209665","Mid 50%","1","false","250","true","false","false","","Manual review","Mid-tier popularity — listen to preview and decide","https://cdnt-preview.dzcdn.net/api/1/1/6/e/d/0/6ed3313afcdd085532e1a4e9912b09d9.mp3?hdnea=exp=1781147014~acl=/api/1/1/6/e/d/0/6ed3313afcdd085532e1a4e9912b09d9.mp3*~data=user_id=0,application_id=42~hmac=263e9e5ee9f84609bcbf92446164adb9c1ac3c6fb93a1a6e7598554068e4de0d"
"428","Anything for You","Gloria Estefan and Miami Sound Machine","Anything For You","1082680","207382","Mid 50%","2","false","226","true","false","false","","Manual review","Mid-tier popularity — listen to preview and decide","https://cdnt-preview.dzcdn.net/api/1/1/a/6/9/0/a692796ba7ce8f1783042c5385dc196f.mp3?hdnea=exp=1781147014~acl=/api/1/1/a/6/9/0/a692796ba7ce8f1783042c5385dc196f.mp3*~data=user_id=0,application_id=42~hmac=fa44722265d99abf32de5d0693761a2d5716770806bee551e1d841546e442dff"
"407","Only You","Yazoo","The Best Of","6638658","203807","Mid 50%","2","false","194","true","false","false","","Manual review","Mid-tier popularity — listen to preview and decide","https://cdnt-preview.dzcdn.net/api/1/1/d/6/a/0/d6afee002937bc0e8c24ee6185b3345b.mp3?hdnea=exp=1781147014~acl=/api/1/1/d/6/a/0/d6afee002937bc0e8c24ee6185b3345b.mp3*~data=user_id=0,application_id=42~hmac=bcc77a121155e6ee9ce49417e12079ef7d01903bdb323180085f3440a3fb0b30"
"368","Little Red Corvette (2019 Remaster)","Prince","1999 (Super Deluxe Edition)","819557562","196999","Bottom 25%","9","false","303","true","true","false","","Manual review","Mid-tier popularity — listen to preview and decide","https://cdnt-preview.dzcdn.net/api/1/1/1/2/c/0/12ce83aebcd05fa5f53ad7b17e7f2e43.mp3?hdnea=exp=1781147013~acl=/api/1/1/1/2/c/0/12ce83aebcd05fa5f53ad7b17e7f2e43.mp3*~data=user_id=0,application_id=42~hmac=94aba54b1a5b5bf42e554c2d122e794b58db1daf185491b6b9d4538e66e11e9c"
"344","In Between Days (2006 Remaster)","The Cure","The Head on the Door (Deluxed Edition)","14618836","194440","Bottom 25%","6","false","178","true","false","false","","Manual review","Mid-tier popularity — listen to preview and decide","https://cdnt-preview.dzcdn.net/api/1/1/4/4/f/0/44fd15856185ca4c13e12dc8f59460f1.mp3?hdnea=exp=1781147013~acl=/api/1/1/4/4/f/0/44fd15856185ca4c13e12dc8f59460f1.mp3*~data=user_id=0,application_id=42~hmac=c365d931c9f991a80d12b06f2c35ad96377ba8355bce04fd4da4bc7f121ff9c6"
"387","The King of Rock 'N' Roll","Prefab Sprout","From Langley Park to Memphis","733350952","187465","Bottom 25%","1","false","262","true","false","false","","Manual review","Mid-tier popularity — listen to preview and decide","https://cdnt-preview.dzcdn.net/api/1/1/2/2/f/0/22f7bcaec0cb9c6551b5bab63fb9b9a1.mp3?hdnea=exp=1781147013~acl=/api/1/1/2/2/f/0/22f7bcaec0cb9c6551b5bab63fb9b9a1.mp3*~data=user_id=0,application_id=42~hmac=e894e66613d5062484890c327d68c0e56d8ac7a051413a0752d0af4b7200ff3b"
"376","Roam","The B-52's","Time Capsule","14637458","186675","Bottom 25%","2","false","292","true","false","false","","Manual review","Mid-tier popularity — listen to preview and decide","https://cdnt-preview.dzcdn.net/api/1/1/0/9/0/0/0909ebf54a48d60c475a119361d42e25.mp3?hdnea=exp=1781147013~acl=/api/1/1/0/9/0/0/0909ebf54a48d60c475a119361d42e25.mp3*~data=user_id=0,application_id=42~hmac=540beffb3633e7fb52ef01538838352425fd8dd9f2318a945777a24d86796e4c"
"432","Is This Love?","Alison Moyet","Singles","10307814","180558","Bottom 25%","1","false","241","true","false","false","","Manual review","Mid-tier popularity — listen to preview and decide","https://cdnt-preview.dzcdn.net/api/1/1/2/0/e/0/20e4bbc3113cc95cfe37e97f1e245b82.mp3?hdnea=exp=1781147014~acl=/api/1/1/2/0/e/0/20e4bbc3113cc95cfe37e97f1e245b82.mp3*~data=user_id=0,application_id=42~hmac=f350944b2cde4a3e33df0030e465bae188562e5f29a888e33e7bbf6179fd191f"
"263","What Have I Done to Deserve This? (with Dusty Springfield) (2018 Remaster)","Pet Shop Boys","Actually: Further Listening 1987 - 1988 (2018 Remaster)","462784222","170855","Bottom 25%","8","false","263","true","false","false","","Manual review","Mid-tier popularity — listen to preview and decide","https://cdnt-preview.dzcdn.net/api/1/1/1/d/1/0/1d1be06834a3a7c53bec1f3ff8cc1a09.mp3?hdnea=exp=1781147013~acl=/api/1/1/1/d/1/0/1d1be06834a3a7c53bec1f3ff8cc1a09.mp3*~data=user_id=0,application_id=42~hmac=d239dbe3c2af260c6f36986ca90547756299cc4e6113a9f2641b9c840eeeb168"
"377","Our House","Madness","Totally '80s For Kids","87768889","168483","Bottom 25%","5","false","199","true","false","false","","Manual review","Mid-tier popularity — listen to preview and decide","https://cdnt-preview.dzcdn.net/api/1/1/e/8/5/0/e8595c174f7cd69956e575c63a76a8f7.mp3?hdnea=exp=1781147013~acl=/api/1/1/e/8/5/0/e8595c174f7cd69956e575c63a76a8f7.mp3*~data=user_id=0,application_id=42~hmac=069e7685dc3a2df689284e4292ad160319801550a9e0e6dfe02829b04a92b2cf"
"296","Close to Me (2006 Remaster)","The Cure","The Head on the Door","14639560","166709","Bottom 25%","6","false","203","true","false","false","","Manual review","Mid-tier popularity — listen to preview and decide","https://cdnt-preview.dzcdn.net/api/1/1/7/5/0/0/7504f22f4b17b88c7a5b0a5e452c86e3.mp3?hdnea=exp=1781147013~acl=/api/1/1/7/5/0/0/7504f22f4b17b88c7a5b0a5e452c86e3.mp3*~data=user_id=0,application_id=42~hmac=5ac30352cb68c639c4d58cde2ef347ae70818e89567ed88ba044953ec2577848"
"333","The Warrior (feat. Patty Smyth)","Scandal","'80s Pop Hits","72004658","162597","Bottom 25%","1","false","235","true","false","false","","Manual review","Mid-tier popularity — listen to preview and decide","https://cdnt-preview.dzcdn.net/api/1/1/0/5/5/0/0552f9c665b2566963d32ad2a9ade815.mp3?hdnea=exp=1781147013~acl=/api/1/1/0/5/5/0/0552f9c665b2566963d32ad2a9ade815.mp3*~data=user_id=0,application_id=42~hmac=f74135acea5aa4560828d4e93767c523562d6aad2a9018f8e01b117a986ea748"
"446","Rhythm Is Gonna Get You","Gloria Estefan and Miami Sound Machine","80s 100 Hits - Volume 2","10287111","147094","Bottom 25%","2","false","235","true","false","false","","Manual review","Mid-tier popularity — listen to preview and decide","https://cdnt-preview.dzcdn.net/api/1/1/e/5/d/0/e5d8e3fecd52337ff559c59c2bc0d699.mp3?hdnea=exp=1781147014~acl=/api/1/1/e/5/d/0/e5d8e3fecd52337ff559c59c2bc0d699.mp3*~data=user_id=0,application_id=42~hmac=c986e1adfdee1c2af685eba8342822aac1399edd397afb9f02bdca1e363cffd4"
"362","Pretty in Pink","The Psychedelic Furs","Greatest Hits","625979","54997","Bottom 25%","1","false","237","true","false","false","","Manual review","Mid-tier popularity — listen to preview and decide","https://cdnt-preview.dzcdn.net/api/1/1/8/1/2/0/812f4124043127bb947ff01d84cf0d67.mp3?hdnea=exp=1781147013~acl=/api/1/1/8/1/2/0/812f4124043127bb947ff01d84cf0d67.mp3*~data=user_id=0,application_id=42~hmac=9db0a5e1011c107f7d6daf31876457ee37c6f3badcbb1b4f183d6dac753ce69f"
"202","Disconnected","Retrofile","Disconnected","2984010081","40417","Bottom 25%","14","false","255","true","false","false","","Manual review","Mid-tier popularity — listen to preview and decide","https://cdnt-preview.dzcdn.net/api/1/1/2/3/7/0/2378fd80424740e1a79c4bd5d0960586.mp3?hdnea=exp=1781147013~acl=/api/1/1/2/3/7/0/2378fd80424740e1a79c4bd5d0960586.mp3*~data=user_id=0,application_id=42~hmac=480ced8117e81ba9f45533855b621cee37f03a80230e5973d0966f8521b8a17b"
"191","This","Vita Chino","Murphy","917555552","38215","Bottom 25%","1","false","202","true","false","false","","Manual review","Mid-tier popularity — listen to preview and decide","https://cdnt-preview.dzcdn.net/api/1/1/a/d/5/0/ad5b39ac60da47f1ea7a1c37610b91af.mp3?hdnea=exp=1781147012~acl=/api/1/1/a/d/5/0/ad5b39ac60da47f1ea7a1c37610b91af.mp3*~data=user_id=0,application_id=42~hmac=5b5d8d78215e52b9a8cd0bd41c76a63480b3b60fbff31c1a420a73819bb1c32a"
"398","Labour Of Love","Hue & Cry","Methods Of Dance (Electronica & Leftfield ‘73-‘87)","71700927","37371","Bottom 25%","1","false","212","true","false","false","","Manual review","Mid-tier popularity — listen to preview and decide","https://cdnt-preview.dzcdn.net/api/1/1/d/0/1/0/d0183061662079d6087ca3cc2ba77790.mp3?hdnea=exp=1781147013~acl=/api/1/1/d/0/1/0/d0183061662079d6087ca3cc2ba77790.mp3*~data=user_id=0,application_id=42~hmac=ba2d7130e9802c5b1d02a59b100efd543e84f5cdf98ea1d5e0c859b05b8174c0"
"549","I Should Be so Lucky","Kylie Minogue","Kylie","53639821","32886","Bottom 25%","3","false","240","true","false","false","","Manual review","Mid-tier popularity — listen to preview and decide","https://cdnt-preview.dzcdn.net/api/1/1/0/6/4/0/0645388cc3dbe49310ca825b88478de1.mp3?hdnea=exp=1781147015~acl=/api/1/1/0/6/4/0/0645388cc3dbe49310ca825b88478de1.mp3*~data=user_id=0,application_id=42~hmac=45429986d43274f99be18bb9598099c8748e9e549ac8ce8f6c5ee068a6f64098"
"495","Alone","Heart","Greatest Hits","3102828","28559","Bottom 25%","4","false","217","false","false","false","320","Manual review","Likely duplicate of position 320 (different version)",""
"382","The Whole Of The Moon","The Waterboys","The Best Of The Waterboys","3151400","27419","Bottom 25%","2","false","299","false","false","false","242","Manual review","Likely duplicate of position 242 (different version)",""
"545","A Little Respect (Remastered 2009)","Erasure","The Innocents (21st Anniversary Edition)","68925713","27040","Bottom 25%","3","false","214","false","false","false","233","Manual review","Likely duplicate of position 233 (different version)",""
"511","Running Up That Hill (A Deal With God)","Kate Bush","The Whole Story","11221319","25149","Bottom 25%","3","false","298","false","false","false","46","Manual review","Likely duplicate of position 46 (different version)",""
"542","Don't You (Forget About Me)","Simple Minds","Celebrate (Greatest Hits)","65039246","24963","Bottom 25%","3","false","260","false","false","false","168","Manual review","Likely duplicate of position 168 (different version)",""
"288","Golden Brown","The Stranglers","The Very Best Of","563464","22405","Bottom 25%","1","false","206","true","false","false","","Manual review","Mid-tier popularity — listen to preview and decide","https://cdnt-preview.dzcdn.net/api/1/1/f/5/7/0/f57d2e8b2eeffa195a9f31adb0e942fc.mp3?hdnea=exp=1781147013~acl=/api/1/1/f/5/7/0/f57d2e8b2eeffa195a9f31adb0e942fc.mp3*~data=user_id=0,application_id=42~hmac=21ad76c3b4e955e9acf20ea3512fb9c2c56f06c861c9485bd509ec4fb3f190ef"
"519","Let's Dance (1999 Remaster)","David Bowie","Let's Dance (1999 Remaster)","3103847","21835","Bottom 25%","3","false","457","false","false","false","58","Manual review","Likely duplicate of position 58 (different version)",""
"338","Separate Ways (Worlds Apart)","Journey","Frontiers","534670","21539","Bottom 25%","7","false","326","false","false","false","69","Manual review","Likely duplicate of position 69 (different version)",""
"472","Come On Eileen","Dexys Midnight Runners","Cool - One Hit Wonders","4585682","20938","Bottom 25%","3","false","245","false","false","false","194","Manual review","Likely duplicate of position 194 (different version)",""
"190","Holding Out for a Hero (From ""Footloose"" Soundtrack)","Bonnie Tyler","Book Of Lies Soundtrack","82299358","18805","Bottom 25%","2","false","349","true","false","false","","Manual review","Bottom 25% by popularity — probably deeper cut, listen and decide","https://cdnt-preview.dzcdn.net/api/1/1/7/a/c/0/7ac51221d6317b79f9279621e19ef66c.mp3?hdnea=exp=1781147012~acl=/api/1/1/7/a/c/0/7ac51221d6317b79f9279621e19ef66c.mp3*~data=user_id=0,application_id=42~hmac=7a2511c176652110cbcd264586bb6cdcca42196ddabb87245209002f8764583d"
"370","Come On Eileen","Dexys Midnight Runners","Too Rye Ay (Deluxe Edition)","1115061","18409","Bottom 25%","3","false","273","false","false","false","194","Manual review","Likely duplicate of position 194 (different version)",""
"560","I Wanna Dance with Somebody (Single Version)","Whitney Houston","Double Best Of","615819","17771","Bottom 25%","5","false","289","false","false","false","3","Manual review","Likely duplicate of position 3 (different version)",""
"491","Heaven Is A Place On Earth","Belinda Carlisle","Greatest Vol.1 - Belinda Carlisle","67539452","15805","Bottom 25%","3","false","246","false","false","false","204","Manual review","Likely duplicate of position 204 (different version)",""
"518","Our House","Madness","Total Madness","8253529","15494","Bottom 25%","5","false","190","false","false","false","377","Manual review","Likely duplicate of position 377 (different version)",""
"337","Hungry Like The Wolf (2001 Remastered Version)","Duran Duran","Rio","3153334","13702","Bottom 25%","7","false","221","false","false","false","37","Manual review","Likely duplicate of position 37 (different version)",""
"515","Against All Odds (Take a Look at Me Now) [From ""Against All Odds""]","Phil Collins","Now That's What I Call Movies","75094696","10212","Bottom 25%","9","false","205","false","false","false","310","Manual review","Likely duplicate of position 310 (different version)",""
"540","The Living Years","Mike + The Mechanics","Living Years","140521373","8907","Bottom 25%","2","false","332","false","false","false","275","Manual review","Likely duplicate of position 275 (different version)",""
"442","Hold Me Now","Thompson Twins","The Definitive 80's (eighties)","541882","3088","Bottom 25%","1","false","287","true","false","false","","Manual review","Bottom 25% by popularity — probably deeper cut, listen and decide","https://cdnt-preview.dzcdn.net/api/1/1/f/5/5/0/f55b6270da869ad60d3a6c0fee200abc.mp3?hdnea=exp=1781147014~acl=/api/1/1/f/5/5/0/f55b6270da869ad60d3a6c0fee200abc.mp3*~data=user_id=0,application_id=42~hmac=940c442fd3c19709b0ae50a4d1a048390f712572da23b35b244248f611f7b91a"
"122","Eye of the Tiger","Survivor","Rock Clássico","651355112","2486","Bottom 25%","3","false","245","false","false","false","23","Manual review","Likely duplicate of position 23 (different version)",""
"325","Our Lips Are Sealed (Single Version)","The Go-Go's","Beauty And The Beat","-2656405662","219394","Mid 50%","3","false","165","false","false","false","","Auto-cut","No preview URL — unplayable in game",""
"127","Eternal Flame","The Bangles","Eternal Flame: The Best Of","3037340","138412","Bottom 25%","3","false","235","false","false","false","","Auto-cut","No preview URL — unplayable in game",""
"347","Road to Nowhere (2005 Remaster)","Talking Heads","Little Creatures (Deluxe Version)","-2648428262","62898","Bottom 25%","3","false","259","false","false","false","","Auto-cut","No preview URL — unplayable in game",""
"266","Every Little Thing She Does Is Magic (Remastered 2003)","The Police","Ghost In The Machine (Remastered)","2304710","26938","Bottom 25%","3","false","260","false","false","false","","Auto-cut","No preview URL — unplayable in game",""
"171","Poster Child","Retrofile","Poster Child","393943972","26710","Bottom 25%","14","false","226","false","false","false","","Auto-cut","No preview URL — unplayable in game",""
"357","Vacation","The Go-Go's","Vacation","17979668","26569","Bottom 25%","3","false","179","false","false","false","","Auto-cut","No preview URL — unplayable in game",""
"465","Baggy Trousers","Madness","Forever Young - The Ska Collection","17014649","26530","Bottom 25%","5","false","148","false","false","false","","Auto-cut","No preview URL — unplayable in game",""
"204","Heaven Is A Place On Earth (Promo 7"" Edit)","Belinda Carlisle","The Very Best of Belinda Carlisle","101663221","26444","Bottom 25%","3","false","234","false","false","false","","Auto-cut","No preview URL — unplayable in game",""
"485","Get Outta My Dreams, Get Into My Car","Billy Ocean","Essential 80s - Classic Eighties Pop And Rock Hits","4253536","26190","Bottom 25%","3","false","283","false","false","false","","Auto-cut","No preview URL — unplayable in game",""
"440","Can't Stay Away from You","Gloria Estefan","Love Songs - 100 Hits: Ballads, sad songs and tear jerkers inc. Beyonce, Michael Jackson and John Legend","70009189","25943","Bottom 25%","1","false","238","false","false","false","","Auto-cut","No preview URL — unplayable in game",""
"56","Love Shack","The B-52's","EGB. La música de una generación","78366182","25900","Bottom 25%","2","false","321","false","false","false","","Auto-cut","No preview URL — unplayable in game",""
"43","You Spin Me Round (Like a Record)","Dead Or Alive","Evolution: The Hits","610914","25271","Bottom 25%","2","false","195","false","false","false","","Auto-cut","No preview URL — unplayable in game",""
"137","Cult of Personality","Living Colour","Vivid (Expanded Edition)","2265737","25270","Bottom 25%","1","false","294","false","false","false","","Auto-cut","No preview URL — unplayable in game",""
"217","Valerie","Steve Winwood","The Finer Things","18060921","25143","Bottom 25%","3","false","249","false","false","false","","Auto-cut","No preview URL — unplayable in game",""
"31","Smooth Operator (Single Version)","Sade","The Best Of Sade","858207","25031","Bottom 25%","4","false","258","false","false","false","","Auto-cut","No preview URL — unplayable in game",""
"90","Blue Monday","New Order","The History Boys Original Soundtrack - Digital EP - Vol 2","732326","24940","Bottom 25%","5","false","448","false","false","false","","Auto-cut","No preview URL — unplayable in game",""
"366","Tempted","Squeeze","Greatest Hits","2289593","24850","Bottom 25%","1","false","238","false","false","false","","Auto-cut","No preview URL — unplayable in game",""
"72","Jessie's Girl","Rick Springfield","We Are The '80s","580060","24163","Bottom 25%","1","false","193","false","false","false","","Auto-cut","No preview URL — unplayable in game",""
"183","Expectations","Retrofile","Expectations","118529988","22976","Bottom 25%","14","false","194","false","false","false","","Auto-cut","No preview URL — unplayable in game",""
"535","Here I Go Again (1987 Version; 2017 Remaster)","Whitesnake","Whitesnake (30th Anniversary Edition)","411553122","22749","Bottom 25%","2","false","275","false","false","false","","Auto-cut","No preview URL — unplayable in game",""
"44","I Love Rock 'N Roll","Joan Jett and the Blackhearts","I Love Rock 'N' Roll (Expanded Edition)","545992732","22482","Bottom 25%","2","false","175","false","false","false","","Auto-cut","No preview URL — unplayable in game",""
"483","Especially for You","Jason Donovan","Especially for You","137197992","22361","Bottom 25%","1","false","240","false","false","false","","Auto-cut","No preview URL — unplayable in game",""
"109","Sweet Jane","Cowboy Junkies","The Trinity Session","13159772","22326","Bottom 25%","1","false","215","false","false","false","","Auto-cut","No preview URL — unplayable in game",""
"346","Sowing The Seeds Of Love","Tears For Fears","The Seeds Of Love (Remastered with bonus tracks)","984565","22318","Bottom 25%","6","false","376","false","false","false","","Auto-cut","No preview URL — unplayable in game",""
"39","Copacabana (At the Copa)","Barry Manilow","Qmusic Top 500 van het Foute Uur (2016)","134706542","22265","Bottom 25%","1","false","236","false","false","false","","Auto-cut","No preview URL — unplayable in game",""
"329","Higher Love (Full Album Version)","Steve Winwood","Back In The High Life","2172103","22192","Bottom 25%","3","false","351","false","false","false","","Auto-cut","No preview URL — unplayable in game",""
"424","On The Wings Of Love","Jeffrey Osborne","Jeffrey Osborne","2327260","22150","Bottom 25%","1","false","241","false","false","false","","Auto-cut","No preview URL — unplayable in game",""
"384","A Night to Remember (Single Version)","Shalamar","The Very Best Of","143028782","22129","Bottom 25%","1","false","211","false","false","false","","Auto-cut","No preview URL — unplayable in game",""
"293","Is This Love (2018 Remaster)","Whitesnake","Whitesnake (2018 Remaster)","576902422","22120","Bottom 25%","2","false","284","false","false","false","","Auto-cut","No preview URL — unplayable in game",""
"187","When Doves Cry","Prince","Purple Rain","2794651","22026","Bottom 25%","9","false","352","false","false","false","","Auto-cut","No preview URL — unplayable in game",""
"24","Time After Time","Cyndi Lauper","The Ultimate Dinner Party Album","4097332","22003","Bottom 25%","3","false","237","false","false","false","","Auto-cut","No preview URL — unplayable in game",""
"274","Dancing with Tears in My Eyes","Ultravox","The Collection","130463716","21997","Bottom 25%","2","false","251","false","false","false","","Auto-cut","No preview URL — unplayable in game",""
"199","Running","Retrofile","Heard It All Before","754509982","21990","Bottom 25%","14","false","227","false","false","false","","Auto-cut","No preview URL — unplayable in game",""
"422","Got to Be Certain","Kylie Minogue","Got to Be Certain","137205110","21970","Bottom 25%","3","false","199","false","false","false","","Auto-cut","No preview URL — unplayable in game",""
"397","Gimme All Your Lovin'","ZZ Top","Eliminator","2133998","21745","Bottom 25%","1","false","241","false","false","false","","Auto-cut","No preview URL — unplayable in game",""
"101","Never Gonna Give You Up","Rick Astley","Love Songs","600629","21674","Bottom 25%","1","false","211","false","false","false","","Auto-cut","No preview URL — unplayable in game",""
"201","Lost In Sound","Retrofile","Lost In Sound","2437823925","21656","Bottom 25%","14","false","243","false","false","false","","Auto-cut","No preview URL — unplayable in game",""
"468","Vienna","Ultravox","Vienna","3151512","21448","Bottom 25%","2","false","278","false","false","false","","Auto-cut","No preview URL — unplayable in game",""
"562","(I Just) Died In Your Arms","Cutting Crew","Now! That'S What I Call 80'S (Volumen 2)","84921729","21436","Bottom 25%","1","false","265","false","false","false","","Auto-cut","No preview URL — unplayable in game",""
"509","We Close Our Eyes","Go West","Playlist: 80s Pop","3158241","21340","Bottom 25%","2","false","222","false","false","false","","Auto-cut","No preview URL — unplayable in game",""
"348","Harden My Heart","Quarterflash","Feeling 80's (Le meilleur des années 80)","97690914","21292","Bottom 25%","1","false","230","false","false","false","","Auto-cut","No preview URL — unplayable in game",""
"367","Abracadabra","Steve Miller Band","Steve Miller Band","82324030","21270","Bottom 25%","1","false","307","false","false","false","","Auto-cut","No preview URL — unplayable in game",""
"532","The King of Wishful Thinking","Go West","Indian Summer","130201450","21210","Bottom 25%","2","false","241","false","false","false","","Auto-cut","No preview URL — unplayable in game",""
"299","Together In Electric Dreams (2003 Remastered Version)","Philip Oakey","Pure Driving Rock","3158770","21106","Bottom 25%","2","false","231","false","false","false","","Auto-cut","No preview URL — unplayable in game",""
"255","Only You","Yaz","From The Heart Classics","14659902","21027","Bottom 25%","2","false","195","false","false","false","","Auto-cut","No preview URL — unplayable in game",""
"423","Get Down On It","Kool & The Gang","The 50 Greatest Songs","1108303","20564","Bottom 25%","2","false","290","false","false","false","","Auto-cut","No preview URL — unplayable in game",""
"298","Wouldn't It Be Good","Nik Kershaw","Guilty Pleasures (International Version)","908430","19787","Bottom 25%","1","false","266","false","false","false","","Auto-cut","No preview URL — unplayable in game",""
"528","Big Love","Fleetwood Mac","Tango In The Night","4094751","18728","Bottom 25%","6","false","218","false","false","false","","Auto-cut","No preview URL — unplayable in game",""
"71","Footloose","Kenny Loggins","Let's Party! 15 Original Party Anthems","88329297","18003","Bottom 25%","3","false","221","false","false","false","","Auto-cut","No preview URL — unplayable in game",""
"48","Summer Of '69","Bryan Adams","So Far So Good","2499247","17739","Bottom 25%","2","false","214","false","false","false","","Auto-cut","No preview URL — unplayable in game",""
"234","Little Lies (Remastered)","Fleetwood Mac","Tango In the Night (Deluxe)","145432522","17096","Bottom 25%","6","false","221","false","false","false","","Auto-cut","No preview URL — unplayable in game",""
"139","Oh Sherrie","Steve Perry","Formel Eins - Disco Rock","87935943","15978","Bottom 25%","1","false","227","false","false","false","","Auto-cut","No preview URL — unplayable in game",""
"254","Invisible Touch (Remastered 2007)","Genesis","Invisible Touch","3145739","15789","Bottom 25%","1","false","209","false","false","false","","Auto-cut","No preview URL — unplayable in game",""
"77","Paradise City","Guns N' Roses","Greatest Hits","882259","15755","Bottom 25%","3","false","406","false","false","false","","Auto-cut","No preview URL — unplayable in game",""
"311","I Can Dream About You","Dan Hartman","Streets Of Fire","893027","15579","Bottom 25%","1","false","252","false","false","false","","Auto-cut","No preview URL — unplayable in game",""
"74","Working for the Weekend","Loverboy","We Are The '80s","1025467","14672","Bottom 25%","2","false","222","false","false","false","","Auto-cut","No preview URL — unplayable in game",""
"224","This Woman's Work (2018 Remaster)","Kate Bush","The Sensual World (2018 Remaster)","666263362","13757","Bottom 25%","3","false","216","false","false","false","","Auto-cut","No preview URL — unplayable in game",""
"262","Teardrops","Womack & Womack","Total Love","5975401","13730","Bottom 25%","1","false","229","false","false","false","","Auto-cut","No preview URL — unplayable in game",""
"451","Theme from S-Express","S'Express","80s FITNESS!","771284752","13310","Bottom 25%","1","false","235","false","false","false","","Auto-cut","No preview URL — unplayable in game",""
"188","Freedom in Your Eyes","Retrofile","Freedom in Your Eyes","1048436772","13268","Bottom 25%","14","false","264","false","false","false","","Auto-cut","No preview URL — unplayable in game",""
"275","The Living Years","Mike + The Mechanics","Pure '80s: #1s","85376046","11634","Bottom 25%","2","false","329","false","false","false","","Auto-cut","No preview URL — unplayable in game",""
"412","Your Love Is King","Sade","The Best Of Sade","858203","11627","Bottom 25%","4","false","219","false","false","false","","Auto-cut","No preview URL — unplayable in game",""
"10","Like a Prayer","Madonna","Celebration (single disc version)","4217498","11587","Bottom 25%","13","false","342","false","false","false","","Auto-cut","No preview URL — unplayable in game",""
"235","Into the Groove","Madonna","Celebration (double disc version)","4209638","11576","Bottom 25%","13","false","285","false","false","false","","Auto-cut","No preview URL — unplayable in game",""
"159","Broke Generation","Retrofile","Broke Generation","2301825555","11566","Bottom 25%","14","false","227","false","false","false","","Auto-cut","No preview URL — unplayable in game",""
"453","Express Yourself","Madonna","Celebration (double disc version)","4209646","11502","Bottom 25%","13","false","239","false","false","false","","Auto-cut","No preview URL — unplayable in game",""
"478","Good Thing","Fine Young Cannibals","The Raw And The Cooked","5094594","11486","Bottom 25%","3","false","201","false","false","false","","Auto-cut","No preview URL — unplayable in game",""
"369","It's the End of the World As We Know It (And I Feel Fine)","R.E.M.","The Best Of R.E.M.","3128067","10922","Bottom 25%","1","false","247","false","false","false","","Auto-cut","No preview URL — unplayable in game",""
"245","Shout","Tears For Fears","Mad World: The Collection","7340211","10763","Bottom 25%","6","false","389","false","false","false","","Auto-cut","No preview URL — unplayable in game",""
"386","Shattered Dreams","Johnny Hates Jazz","This Is... 1987","3159361","10584","Bottom 25%","1","false","205","false","false","false","","Auto-cut","No preview URL — unplayable in game",""
"180","I Remember You","Skid Row","Skid Row","3821880","10353","Bottom 25%","1","false","313","false","false","false","","Auto-cut","No preview URL — unplayable in game",""
"51","You Give Love A Bad Name","Bon Jovi","Bon Jovi Greatest Hits - The Ultimate Collection (Int'l Deluxe Package)","7332936","10325","Bottom 25%","2","false","223","false","false","false","","Auto-cut","No preview URL — unplayable in game",""
"149","Romanticism","Retrofile","Romanticism","567860292","10280","Bottom 25%","14","false","214","false","false","false","","Auto-cut","No preview URL — unplayable in game",""
"146","Two Words","Retrofile","Two Words","363673261","10186","Bottom 25%","14","false","221","false","false","false","","Auto-cut","No preview URL — unplayable in game",""
"318","Maniac","Michael Sembello","Flashdance Original Soundtrack From The Motion Picture","2282841","10153","Bottom 25%","1","false","244","false","false","false","","Auto-cut","No preview URL — unplayable in game",""
"501","The Lady In Red","Chris De Burgh","Into The Light","522699602","10135","Bottom 25%","1","false","254","false","false","false","","Auto-cut","No preview URL — unplayable in game",""
"522","Crazy for You","Madonna","Celebration (double disc version)","4209665","10096","Bottom 25%","13","false","224","false","false","false","","Auto-cut","No preview URL — unplayable in game",""
"46","Running Up That Hill (A Deal With God) (2018 Remaster)","Kate Bush","Hounds of Love (2018 Remaster)","666190862","10084","Bottom 25%","3","false","300","false","false","false","","Auto-cut","No preview URL — unplayable in game",""
"161","Video Killed The Radio Star","The Buggles","Total 70s","6691974","10057","Bottom 25%","1","false","251","false","false","false","","Auto-cut","No preview URL — unplayable in game",""
"198","Rebel Yell","Billy Idol","Essential","13569185","10038","Bottom 25%","3","false","287","false","false","false","","Auto-cut","No preview URL — unplayable in game",""
"504","Something About You","Level 42","Roots Of Rock 80's New Wave","86734877","10031","Bottom 25%","2","false","348","false","false","false","","Auto-cut","No preview URL — unplayable in game",""
"294","Don't Leave Me This Way (with Sarah Jane Morris)","The Communards","Communards","706144","10002","Bottom 25%","1","false","271","false","false","false","","Auto-cut","No preview URL — unplayable in game",""
"221","Run To You","Bryan Adams","So Far So Good","2499253","9741","Bottom 25%","2","false","233","false","false","false","","Auto-cut","No preview URL — unplayable in game",""
"165","Material Girl","Madonna","Celebration (double disc version)","4209658","9195","Bottom 25%","13","false","240","false","false","false","","Auto-cut","No preview URL — unplayable in game",""
"16","Sweet Child O' Mine","Guns N' Roses","Greatest Hits","882257","9009","Bottom 25%","3","false","355","false","false","false","","Auto-cut","No preview URL — unplayable in game",""
"130","I Hate Myself for Loving You","Joan Jett and the Blackhearts","Bad Reputation (Music from the Original Motion Picture)","555257552","9001","Bottom 25%","2","false","246","false","false","false","","Auto-cut","No preview URL — unplayable in game",""
"392","White Wedding (Pt. 1 / Remastered 2002)","Billy Idol","Greatest Hits","3102238","8980","Bottom 25%","3","false","252","false","false","false","","Auto-cut","No preview URL — unplayable in game",""
"154","Kung Fu Fighting","Carl Douglas","The Soul of the Kung Fu Fighter","131285694","8961","Bottom 25%","1","false","197","false","false","false","","Auto-cut","No preview URL — unplayable in game",""
"405","Don't Go","Yazoo","Pure Dance Party","3158714","8955","Bottom 25%","2","false","188","false","false","false","","Auto-cut","No preview URL — unplayable in game",""
"151","You're The One That I Want (From ""Grease"" Original Motion Picture Soundtrack)","John Travolta","Grease (Limited Edition)","1143347","8864","Bottom 25%","1","false","169","false","false","false","","Auto-cut","No preview URL — unplayable in game",""
"67","Crazy Train","Ozzy Osbourne","Blizzard of Ozz (Expanded Edition)","12000038","8857","Bottom 25%","1","false","291","false","false","false","","Auto-cut","No preview URL — unplayable in game",""
"327","Steppin' Out","Joe Jackson","Stepping Out - The Very Best Of Joe Jackson","1095830","8850","Bottom 25%","1","false","264","false","false","false","","Auto-cut","No preview URL — unplayable in game",""
"526","Wicked Game","Chris Isaak","Best of Chris Isaak (Remastered)","70548334","8828","Bottom 25%","1","false","286","false","false","false","","Auto-cut","No preview URL — unplayable in game",""
"243","Relax","Frankie Goes To Hollywood","Welcome To The Pleasuredome","11011566","8826","Bottom 25%","2","false","236","false","false","false","","Auto-cut","No preview URL — unplayable in game",""
"230","The Power of Love","Frankie Goes To Hollywood","Welcome To The Pleasuredome","11011578","8804","Bottom 25%","2","false","332","false","false","false","","Auto-cut","No preview URL — unplayable in game",""
"441","Sometimes","Erasure","The Circus (Remastered)","68926233","8782","Bottom 25%","3","false","219","false","false","false","","Auto-cut","No preview URL — unplayable in game",""
"554","The Loco-Motion","Kylie Minogue","Kylie","137232280","7938","Bottom 25%","3","false","193","false","false","false","","Auto-cut","No preview URL — unplayable in game",""
"132","Eye In The Sky","The Alan Parsons Project","The Very Best Of The Alan Parsons Project","567680","7925","Bottom 25%","2","false","275","false","false","false","","Auto-cut","No preview URL — unplayable in game",""
"523","Purple Rain","Prince","Purple Rain","2794654","7900","Bottom 25%","9","false","520","false","false","false","","Auto-cut","No preview URL — unplayable in game",""
"192","Losing Sleep","Retrofile","Heard It All Before","754509952","7873","Bottom 25%","14","false","216","false","false","false","","Auto-cut","No preview URL — unplayable in game",""
"381","Cherish","Madonna","Celebration (double disc version)","4209683","7855","Bottom 25%","13","false","229","false","false","false","","Auto-cut","No preview URL — unplayable in game",""
"153","Bad Dreams","Retrofile","Bad Dreams","906874252","7840","Bottom 25%","14","false","238","false","false","false","","Auto-cut","No preview URL — unplayable in game",""
"247","Brothers In Arms","Dire Straits","Brothers In Arms","880961","7839","Bottom 25%","3","false","420","false","false","false","","Auto-cut","No preview URL — unplayable in game",""
"54","Could You Be Loved","Bob Marley & The Wailers","Legend (The Definitive Remasters)","2423898","7763","Bottom 25%","1","false","237","false","false","false","","Auto-cut","No preview URL — unplayable in game",""
"474","Leave a Light On","Belinda Carlisle","Runaway Horses (Remastered & Expanded Special Edition)","70029352","7751","Bottom 25%","3","false","278","false","false","false","","Auto-cut","No preview URL — unplayable in game",""
"420","It Must Be Love","Madness","7","143062020","7736","Bottom 25%","5","false","206","false","false","false","","Auto-cut","No preview URL — unplayable in game",""
"111","Venus","Bananarama","30 Years Of Bananarama (The Very Best Of)","40084601","7302","Bottom 25%","3","false","229","false","false","false","","Auto-cut","No preview URL — unplayable in game",""
"524","Criticize (Remix)","Alexander O'Neal","12"" 80s Club Classics","69954016","7264","Bottom 25%","1","false","422","false","false","false","","Auto-cut","No preview URL — unplayable in game",""
"264","You Keep Me Hangin On","Kim Wilde","Another Step","74640929","6958","Bottom 25%","2","false","255","false","false","false","","Auto-cut","No preview URL — unplayable in game",""
"189","Walking On Sunshine (25th Anniversary) (2010 Remaster)","Katrina and the Waves","Walking on Sunshine","355296291","6930","Bottom 25%","1","false","223","false","false","false","","Auto-cut","No preview URL — unplayable in game",""
"179","Dig My Grave","Retrofile","Dig My Grave","1096434512","6901","Bottom 25%","14","false","267","false","false","false","","Auto-cut","No preview URL — unplayable in game",""
"242","The Whole Of The Moon (2004 Remastered Version)","The Waterboys","This Is The Sea","3156298","6689","Bottom 25%","2","false","302","false","false","false","","Auto-cut","No preview URL — unplayable in game",""
"270","I Won't Back Down","Tom Petty","Anthology: Through The Years","2204077","6186","Bottom 25%","2","false","175","false","false","false","","Auto-cut","No preview URL — unplayable in game",""
"436","Once in a Lifetime (2003 Remaster)","Talking Heads","Playlist: New Wave","3158210","6108","Bottom 25%","3","false","259","false","false","false","","Auto-cut","No preview URL — unplayable in game",""
"458","My Prerogative","Bobby Brown","Don't Be Cruel / Bobby","1087366","5422","Bottom 25%","3","false","288","false","false","false","","Auto-cut","No preview URL — unplayable in game",""
"166","Heard It All Before","Retrofile","Heard It All Before","754509962","4880","Bottom 25%","14","false","300","false","false","false","","Auto-cut","No preview URL — unplayable in game",""
"119","Turn Me Loose","Loverboy","We Are The '80s","1025465","4845","Bottom 25%","2","false","337","false","false","false","","Auto-cut","No preview URL — unplayable in game",""
"403","Living On The Ceiling","Blancmange","Happy Families (Extended Version)","13526387","3838","Bottom 25%","1","false","242","false","false","false","","Auto-cut","No preview URL — unplayable in game",""
"206","I'm Coming Out","Diana Ross","Definitive Collection","1183793","3787","Bottom 25%","2","false","319","false","false","false","","Auto-cut","No preview URL — unplayable in game",""
"59","Paradise","Sade","The Best Of Sade","15624920","3380","Bottom 25%","4","false","216","false","false","false","","Auto-cut","No preview URL — unplayable in game",""
"258","Axel F (From ""Beverly Hills Cop"")","Harold Faltermeyer","Totally '80s For Kids","17933254","3093","Bottom 25%","1","false","180","false","false","false","","Auto-cut","No preview URL — unplayable in game",""
"120","Love T.K.O.","Teddy Pendergrass","The Essential Teddy Pendergrass","70226220","3087","Bottom 25%","1","false","298","false","false","false","","Auto-cut","No preview URL — unplayable in game",""
"160","99 Luftballons","Nena","Nur geträumt - Ihre größten Erfolge","863103","3077","Bottom 25%","1","false","231","false","false","false","","Auto-cut","No preview URL — unplayable in game",""
"419","Respectable","Mel & Kim","F.L.M.","367289501","3074","Bottom 25%","1","false","203","false","false","false","","Auto-cut","No preview URL — unplayable in game",""
"168","Don't You (Forget About Me)","Simple Minds","Fantastic 80s","3235453","3073","Bottom 25%","3","false","262","false","false","false","","Auto-cut","No preview URL — unplayable in game",""
"352","Addicted To Love","Robert Palmer","The Universal Masters Collection (Digitally Remastered)","1176177","2771","Bottom 25%","1","false","359","false","false","false","","Auto-cut","No preview URL — unplayable in game",""
"413","Listen To Your Heart","Roxette","Look Sharp! (2009 Version)","4225613","2760","Bottom 25%","3","false","328","false","false","false","","Auto-cut","No preview URL — unplayable in game",""
"323","I Knew You Were Waiting (For Me)","George Michael","Greatest Hits (1980-1994)","564874","2757","Bottom 25%","4","false","234","false","false","false","","Auto-cut","No preview URL — unplayable in game",""
"172","Kids In America","Kim Wilde","The Very Best Of Kim Wilde","3147928","2756","Bottom 25%","2","false","204","false","false","false","","Auto-cut","No preview URL — unplayable in game",""
"115","Sirius","The Alan Parsons Project","The Very Best Of The Alan Parsons Project","567679","2486","Bottom 25%","2","false","117","false","false","false","","Auto-cut","No preview URL — unplayable in game",""
"459","Pump Up The Volume (7"")","M/A/R/R/S","Lilliput","939862","2429","Bottom 25%","1","false","250","false","false","false","","Auto-cut","No preview URL — unplayable in game",""
"315","Jack & Diane (Album Version)","John Mellencamp","Words & Music: John Mellencamp's Greatest Hits (International Version - Brilliant Box Package)","1568074","2396","Bottom 25%","1","false","256","false","false","false","","Auto-cut","No preview URL — unplayable in game",""
"447","Englishman In New York","Sting","Nothing Like The Sun","922102","2008","Bottom 25%","1","false","266","false","false","false","","Auto-cut","No preview URL — unplayable in game",""
"486","Don't Turn Around","Aswad","Foute CD van Q-Music 6","7288695","2002","Bottom 25%","1","false","215","false","false","false","","Auto-cut","No preview URL — unplayable in game",""
"470","House Of Fun","Madness","Complete Madness","8163842","1998","Bottom 25%","5","false","171","false","false","false","","Auto-cut","No preview URL — unplayable in game",""
"278","Free Fallin'","Tom Petty","Greatest Hits","881279","1996","Bottom 25%","2","false","254","false","false","false","","Auto-cut","No preview URL — unplayable in game",""
"510","Johnny Come Home","Fine Young Cannibals","The Platinum Collection","756285","1796","Bottom 25%","3","false","211","false","false","false","","Auto-cut","No preview URL — unplayable in game",""
"35","Kiss of Life","Sade","The Best Of Sade","15624928","1696","Bottom 25%","4","false","250","false","false","false","","Auto-cut","No preview URL — unplayable in game",""
"249","Eyes Without A Face (Remastered 1999)","Billy Idol","Idolize Yourself: The Very Best Of Billy Idol","3140136","1623","Bottom 25%","3","false","298","false","false","false","","Auto-cut","No preview URL — unplayable in game",""
"463","Going Underground","The Jam","The Very Best Of The Jam","1178034","1615","Bottom 25%","2","false","173","false","false","false","","Auto-cut","No preview URL — unplayable in game",""
"186","Peace of Mind (Extended Dance Mix)","Retrofile","Peace of Mind","975301542","1457","Bottom 25%","14","false","257","false","false","false","","Auto-cut","No preview URL — unplayable in game",""
"497","Lessons In Love","Level 42","Gold","932556","1186","Bottom 25%","2","false","245","false","false","false","","Auto-cut","No preview URL — unplayable in game",""
"427","These Dreams","Heart","5 Classic Albums","86100963","1069","Bottom 25%","4","false","254","false","false","false","","Auto-cut","No preview URL — unplayable in game",""
"452","Ghostbusters","Ray Parker Jr.","Now That's What I Call a Million","87172419","928","Bottom 25%","1","false","238","false","false","false","","Auto-cut","No preview URL — unplayable in game",""
"136","Saving All My Love for You","Whitney Houston","Whitney The Greatest Hits","970426","869","Bottom 25%","5","false","234","false","false","false","","Auto-cut","No preview URL — unplayable in game",""
"493","When Smokey Sings","ABC","20th Century Masters: The Millennium Collection: Best Of ABC","17976544","722","Bottom 25%","2","false","260","false","false","false","","Auto-cut","No preview URL — unplayable in game",""
"365","Heat Of The Moment","Asia","Heat Of The Moment: The Very Best Of Asia","2301351","675","Bottom 25%","1","false","232","false","false","false","","Auto-cut","No preview URL — unplayable in game",""
"482","Somewhere in My Heart","Aztec Camera","Made in Scotland","83873795","521","Bottom 25%","1","false","237","false","false","false","","Auto-cut","No preview URL — unplayable in game",""
"284","Safety Dance","Men Without Hats","Joe's Hitarchief Top 2000 Vol. 6","85270118","17","Bottom 25%","1","false","164","false","false","false","","Auto-cut","No preview URL — unplayable in game",""
"406","Knock on Wood","Amii Stewart","Femmes des années 80 : Toutes les chanteuses les plus cultes des années 80 & leurs plus grands tubes (by Hotmixradio)","118031258","17","Bottom 25%","1","false","224","false","false","false","","Auto-cut","No preview URL — unplayable in game",""
"214","True Faith","New Order","Seriously 80's","-2656381102","0","Bottom 25%","5","false","346","false","false","false","","Auto-cut","No preview URL — unplayable in game",""
"374","Manic Monday","The Bangles","Massive Hits! - Eighties","-2656326102","0","Bottom 25%","3","false","184","false","false","false","","Auto-cut","No preview URL — unplayable in game",""
