Position,Title,Artist,Album,DeezerId,Rank,PopularityTier,ArtistCount,ArtistOverRepresented,DurationSec,HasPreview,Explicit,IsExactDup,NearDupOfPosition,Recommendation,Reason,PreviewUrl
"449","Enjoy the Silence","Depeche Mode","The Singles 86-98","68515055","963501","Top 25%","3","false","255","true","false","false","","Auto-keep","Top 25% by popularity — defining track for the era","https://cdnt-preview.dzcdn.net/api/1/1/3/1/8/0/31846ff196abfab51bc630657b6524f7.mp3?hdnea=exp=1780975539~acl=/api/1/1/3/1/8/0/31846ff196abfab51bc630657b6524f7.mp3*~data=user_id=0,application_id=42~hmac=9c057a520b8e5a563cf570a11fd5777191ed9b366d585d490e7cf4acb1fc95ec"
"70","Californication","Red Hot Chili Peppers","Californication (Deluxe Edition)","725274","957783","Top 25%","4","false","329","true","false","false","","Auto-keep","Top 25% by popularity — defining track for the era","https://cdnt-preview.dzcdn.net/api/1/1/2/c/7/0/2c7c12953e487de2983fc0d361992604.mp3?hdnea=exp=1780975537~acl=/api/1/1/2/c/7/0/2c7c12953e487de2983fc0d361992604.mp3*~data=user_id=0,application_id=42~hmac=6e2a45e6ced8ffde2e4ac0120a8349b7b92af8c7c9dae096a6d3c968e54fd089"
"6","...Baby One More Time","Britney Spears","...Baby One More Time (Digital Deluxe Version)","540175","956742","Top 25%","4","false","210","true","false","false","","Auto-keep","Top 25% by popularity — defining track for the era","https://cdnt-preview.dzcdn.net/api/1/1/b/1/7/0/b17b241965ce5ad2fa504f46a8684da8.mp3?hdnea=exp=1780975537~acl=/api/1/1/b/1/7/0/b17b241965ce5ad2fa504f46a8684da8.mp3*~data=user_id=0,application_id=42~hmac=478d6387ac5f8ad673af051fc6ec808c3bf3144cdbc5b5b2929c2020225f4ef0"
"79","Remember the Time","Michael Jackson","Dangerous","15593563","955589","Top 25%","4","false","239","true","false","false","","Auto-keep","Top 25% by popularity — defining track for the era","https://cdnt-preview.dzcdn.net/api/1/1/3/a/a/0/3aa8e58e024bd295afd0ba22a1a0c15a.mp3?hdnea=exp=1780975537~acl=/api/1/1/3/a/a/0/3aa8e58e024bd295afd0ba22a1a0c15a.mp3*~data=user_id=0,application_id=42~hmac=6f85930562a348ca5910d8542db04d89f9dc5ecba90d93051dd91cc666f16084"
"154","Iris","The Goo Goo Dolls","Dizzy up the Girl","4290138","944560","Top 25%","4","false","289","true","false","false","","Auto-keep","Top 25% by popularity — defining track for the era","https://cdnt-preview.dzcdn.net/api/1/1/0/8/d/0/08df029ee8f83c255da889342a4cc863.mp3?hdnea=exp=1780975538~acl=/api/1/1/0/8/d/0/08df029ee8f83c255da889342a4cc863.mp3*~data=user_id=0,application_id=42~hmac=7e84189022d29cf54b74f6a664ff28f07a89115ef5855ca96337fb1685870485"
"62","Losing My Religion","R.E.M.","Out Of Time","136334560","942058","Top 25%","3","false","266","true","false","false","","Auto-keep","Top 25% by popularity — defining track for the era","https://cdnt-preview.dzcdn.net/api/1/1/4/e/f/0/4ef0a38d9159a0f45d5f16399db90862.mp3?hdnea=exp=1780975537~acl=/api/1/1/4/e/f/0/4ef0a38d9159a0f45d5f16399db90862.mp3*~data=user_id=0,application_id=42~hmac=d13ca1b45a76d76fee679cd93938514ca56416f2f6a7564db80632416e297132"
"181","What's Up?","4 Non Blondes","Bigger, Better, Faster, More !","2184743","939032","Top 25%","1","false","295","true","false","false","","Auto-keep","Top 25% by popularity — defining track for the era","https://cdnt-preview.dzcdn.net/api/1/1/b/6/0/0/b6094cd4a5bf36cd534651cdb6ad29e8.mp3?hdnea=exp=1780975538~acl=/api/1/1/b/6/0/0/b6094cd4a5bf36cd534651cdb6ad29e8.mp3*~data=user_id=0,application_id=42~hmac=1b21f5efdf4c9e12d62b7ba6fdf275eeb3f7005c90b82998d14c8c92b80f5ca4"
"253","The Kids Aren't Alright","The Offspring","Americana","137233986","931522","Top 25%","3","false","180","true","false","false","","Auto-keep","Top 25% by popularity — defining track for the era","https://cdnt-preview.dzcdn.net/api/1/1/b/0/3/0/b0384634d586e98fcf6f8613fc22eeb7.mp3?hdnea=exp=1780975538~acl=/api/1/1/b/0/3/0/b0384634d586e98fcf6f8613fc22eeb7.mp3*~data=user_id=0,application_id=42~hmac=cdb813bed4da1af6af198249b554acd02f119f2f32bc8dd7146c4232fb005e4d"
"85","Fade Into You","Mazzy Star","So Tonight That I Might See","3360821","924092","Top 25%","1","false","292","true","false","false","","Auto-keep","Top 25% by popularity — defining track for the era","https://cdnt-preview.dzcdn.net/api/1/1/2/8/b/0/28bba46a2f7f86069f5f287cff70cf1c.mp3?hdnea=exp=1780975537~acl=/api/1/1/2/8/b/0/28bba46a2f7f86069f5f287cff70cf1c.mp3*~data=user_id=0,application_id=42~hmac=cf9bae7300fa49902e41ec47de84cc53ee31d5a1bc62fdb5d03d6c0effdacd74"
"5","Say My Name","Destiny's Child","The Writing's On The Wall","580936","919926","Top 25%","5","false","269","true","false","false","","Auto-keep","Top 25% by popularity — defining track for the era","https://cdnt-preview.dzcdn.net/api/1/1/b/c/0/0/bc0df105bf6fd096d9c77d22f76b7ced.mp3?hdnea=exp=1780975537~acl=/api/1/1/b/c/0/0/bc0df105bf6fd096d9c77d22f76b7ced.mp3*~data=user_id=0,application_id=42~hmac=a0ec3349fff691b5de13b8dd167d17f37838784dc1ba8cef4378c1c8b94c7cd7"
"96","Scar Tissue","Red Hot Chili Peppers","Californication (Deluxe Edition)","725254","914445","Top 25%","4","false","215","true","false","false","","Auto-keep","Top 25% by popularity — defining track for the era","https://cdnt-preview.dzcdn.net/api/1/1/5/8/2/0/5827c9257a749eb955a7dd3ef3c2eb3c.mp3?hdnea=exp=1780975537~acl=/api/1/1/5/8/2/0/5827c9257a749eb955a7dd3ef3c2eb3c.mp3*~data=user_id=0,application_id=42~hmac=a27b937338cece59faccb43e08584ae437c19cc4bdd49312da86d748e0aa9a6c"
"76","Knockin' On Heaven's Door","Guns N' Roses","Use Your Illusion II","505510232","912249","Top 25%","2","false","336","true","false","false","","Auto-keep","Top 25% by popularity — defining track for the era","https://cdnt-preview.dzcdn.net/api/1/1/e/d/f/0/edfb2b7cf4665adcf6e57c038d4cee44.mp3?hdnea=exp=1780975537~acl=/api/1/1/e/d/f/0/edfb2b7cf4665adcf6e57c038d4cee44.mp3*~data=user_id=0,application_id=42~hmac=e2fd3c0af5661a6f51b52a55bb0e010b61d130282d70e61fec674271b9f7f13c"
"183","I Don't Want To Miss A Thing","Aerosmith","Armageddon - The Album","624823","908963","Top 25%","2","false","299","true","false","false","","Auto-keep","Top 25% by popularity — defining track for the era","https://cdnt-preview.dzcdn.net/api/1/1/8/a/0/0/8a037808681ad1ec39fa969694663514.mp3?hdnea=exp=1780975538~acl=/api/1/1/8/a/0/0/8a037808681ad1ec39fa969694663514.mp3*~data=user_id=0,application_id=42~hmac=c48d3777f935af1042953dcadd017acd59e86e6b3f3cde67ed8574704547e802"
"99","Cherry Pie","Warrant","Cherry Pie","594917","907496","Top 25%","1","false","201","true","false","false","","Auto-keep","Top 25% by popularity — defining track for the era","https://cdnt-preview.dzcdn.net/api/1/1/f/b/6/0/fb6c0ec54287c307a4ee9d0fd8c9eb2b.mp3?hdnea=exp=1780975537~acl=/api/1/1/f/b/6/0/fb6c0ec54287c307a4ee9d0fd8c9eb2b.mp3*~data=user_id=0,application_id=42~hmac=630203da6826c8e8030b02a95c9bd7ea44ed9037d1751ad8659a767de071633f"
"239","Killing In The Name","Rage Against the Machine","Rage Against The Machine - XX (20th Anniversary Special Edition)","62082829","903558","Top 25%","3","false","313","true","true","false","","Auto-keep","Top 25% by popularity — defining track for the era","https://cdnt-preview.dzcdn.net/api/1/1/0/1/0/0/010c6f527fdcc5abe6b0764fd5e6eb31.mp3?hdnea=exp=1780975538~acl=/api/1/1/0/1/0/0/010c6f527fdcc5abe6b0764fd5e6eb31.mp3*~data=user_id=0,application_id=42~hmac=d9cac092942f4397e97808102548f109b55a59e154c8e8c0198fef3bea983a59"
"43","Bitter Sweet Symphony (Remastered 2016)","The Verve","Urban Hymns (Remastered 2016)","398570642","903083","Top 25%","3","false","357","true","false","false","","Auto-keep","Top 25% by popularity — defining track for the era","https://cdnt-preview.dzcdn.net/api/1/1/3/4/1/0/341bbcf7cf85b72d242ecee1c7134483.mp3?hdnea=exp=1780975537~acl=/api/1/1/3/4/1/0/341bbcf7cf85b72d242ecee1c7134483.mp3*~data=user_id=0,application_id=42~hmac=92dbe333c66684850b1bc1fdd2491909a5e2df24f0939e16c350d7f5ba90d536"
"505","Freed From Desire","Gala","DIY Loves 90'S Vol. 1","6177415","899480","Top 25%","1","false","213","true","false","false","","Auto-keep","Top 25% by popularity — defining track for the era","https://cdnt-preview.dzcdn.net/api/1/1/9/4/9/0/949b026da19ee8afd7e772b29b08dcb2.mp3?hdnea=exp=1780975540~acl=/api/1/1/9/4/9/0/949b026da19ee8afd7e772b29b08dcb2.mp3*~data=user_id=0,application_id=42~hmac=a29686b5ec39de11f8fa90d67e614d27bc6414689bde146bccb1837be8f3cdcf"
"2","No Scrubs","TLC","Fanmail","1075781","899352","Top 25%","4","false","219","true","false","false","","Auto-keep","Top 25% by popularity — defining track for the era","https://cdnt-preview.dzcdn.net/api/1/1/1/0/8/0/1089b05806068e19ab4d8ebc48c06c8d.mp3?hdnea=exp=1780975537~acl=/api/1/1/1/0/8/0/1089b05806068e19ab4d8ebc48c06c8d.mp3*~data=user_id=0,application_id=42~hmac=c2041bfcbb2e43f11965ee115282a36cb12f747ab01d5d6eaf923970da59505a"
"3","I Want It That Way","Backstreet Boys","Millennium","13141170","884686","Top 25%","3","false","214","true","false","false","","Auto-keep","Top 25% by popularity — defining track for the era","https://cdnt-preview.dzcdn.net/api/1/1/7/1/9/0/71997935a6df8ac013ac4f76fbe7d72e.mp3?hdnea=exp=1780975537~acl=/api/1/1/7/1/9/0/71997935a6df8ac013ac4f76fbe7d72e.mp3*~data=user_id=0,application_id=42~hmac=49a778ede401c3b397d09deee3223a34c7c97250efe0c893771ae2b7fcbe89ce"
"67","Basket Case","Green Day","Dookie","678044","883330","Top 25%","4","false","181","true","false","false","","Auto-keep","Top 25% by popularity — defining track for the era","https://cdnt-preview.dzcdn.net/api/1/1/e/9/2/0/e92e69639b644d52ef79e3ae235c8a91.mp3?hdnea=exp=1780975537~acl=/api/1/1/e/9/2/0/e92e69639b644d52ef79e3ae235c8a91.mp3*~data=user_id=0,application_id=42~hmac=b6a8895966d65b4f728bf9a7ec976ba5dc10330270667acf2a11dc81eede3cc3"
"35","Everlong","Foo Fighters","Greatest Hits","4762041","879352","Top 25%","4","false","250","true","false","false","","Auto-keep","Top 25% by popularity — defining track for the era","https://cdnt-preview.dzcdn.net/api/1/1/9/1/b/0/91b781968e297de2467fe9890893e586.mp3?hdnea=exp=1780975537~acl=/api/1/1/9/1/b/0/91b781968e297de2467fe9890893e586.mp3*~data=user_id=0,application_id=42~hmac=015b51e7c0335a7bbcf44775ed19c40a318358abfe605abd87a10ac143799d46"
"249","Lovefool","The Cardigans","Best Of","910474","878290","Top 25%","3","false","198","true","false","false","","Auto-keep","Top 25% by popularity — defining track for the era","https://cdnt-preview.dzcdn.net/api/1/1/2/a/9/0/2a9ded54b3a618ed0f0f49202192fa40.mp3?hdnea=exp=1780975538~acl=/api/1/1/2/a/9/0/2a9ded54b3a618ed0f0f49202192fa40.mp3*~data=user_id=0,application_id=42~hmac=51edae2e6f6c8ed62f1bc5b424493d37a991358208611640f4e21d0cd2345a37"
"291","Black Hole Sun","Soundgarden","Superunknown (Super Deluxe)","78631539","875146","Top 25%","1","false","318","true","false","false","","Auto-keep","Top 25% by popularity — defining track for the era","https://cdnt-preview.dzcdn.net/api/1/1/d/d/f/0/ddfb8e736d8dc5690ad7498ed26e8251.mp3?hdnea=exp=1780975538~acl=/api/1/1/d/d/f/0/ddfb8e736d8dc5690ad7498ed26e8251.mp3*~data=user_id=0,application_id=42~hmac=dabbf8d3aeb23bd92557426d1cfdcba783c70e15dba5d4de15e4d334ba5b392d"
"316","Lithium","Nirvana","Nevermind (Remastered)","13791934","866064","Top 25%","5","false","255","true","false","false","","Auto-keep","Top 25% by popularity — defining track for the era","https://cdnt-preview.dzcdn.net/api/1/1/1/1/7/0/1174a6c09fbc3fe39c1d01e49de8c85b.mp3?hdnea=exp=1780975539~acl=/api/1/1/1/1/7/0/1174a6c09fbc3fe39c1d01e49de8c85b.mp3*~data=user_id=0,application_id=42~hmac=e4dbb92cbb2a8edde2513edef6410315c7b619f1af80b5df5ee294e82d70c227"
"423","Why Don't You Get A Job","The Offspring","Americana","137234014","863804","Top 25%","3","false","172","true","true","false","","Auto-keep","Top 25% by popularity — defining track for the era","https://cdnt-preview.dzcdn.net/api/1/1/b/5/5/0/b551397cbd6ffb255faf9d5fb20b6eb7.mp3?hdnea=exp=1780975539~acl=/api/1/1/b/5/5/0/b551397cbd6ffb255faf9d5fb20b6eb7.mp3*~data=user_id=0,application_id=42~hmac=80860773ef935a08e03777aa8a25e5e3ebf6b968e7798bb710638f6011ca9082"
"63","November Rain","Guns N' Roses","Use Your Illusion I","1169683","862764","Top 25%","2","false","537","true","false","false","","Auto-keep","Top 25% by popularity — defining track for the era","https://cdnt-preview.dzcdn.net/api/1/1/c/8/4/0/c841da8f662caa4e9b9abcd69471ea41.mp3?hdnea=exp=1780975537~acl=/api/1/1/c/8/4/0/c841da8f662caa4e9b9abcd69471ea41.mp3*~data=user_id=0,application_id=42~hmac=0f8f6d8b822fa3a89e3f1f62e9109a77c926e08318b96804d4d773721b16b670"
"69","Kiss Me","Sixpence None The Richer","Sixpence None The Richer","134116940","857286","Top 25%","2","false","208","true","false","false","","Auto-keep","Top 25% by popularity — defining track for the era","https://cdnt-preview.dzcdn.net/api/1/1/e/3/4/0/e34e7cc5b8cbd7d9e60aa18292d53e80.mp3?hdnea=exp=1780975537~acl=/api/1/1/e/3/4/0/e34e7cc5b8cbd7d9e60aa18292d53e80.mp3*~data=user_id=0,application_id=42~hmac=86840979e11b33b0ac35e87f4bc6008d1cc3a176052d035855839779c41a43e1"
"440","Believe","Cher","Believe","786717","855313","Top 25%","2","false","239","true","false","false","","Auto-keep","Top 25% by popularity — defining track for the era","https://cdnt-preview.dzcdn.net/api/1/1/c/f/e/0/cfe5600eb3b0f8b50ff351ae46129e07.mp3?hdnea=exp=1780975539~acl=/api/1/1/c/f/e/0/cfe5600eb3b0f8b50ff351ae46129e07.mp3*~data=user_id=0,application_id=42~hmac=58e4ac163c6b9ba66950c9d24fb8aa1ab2d19e3e7d9baed292e2a8a201c02559"
"148","Pretty Fly (For A White Guy)","The Offspring","Americana","137233982","853842","Top 25%","3","false","189","true","false","false","","Auto-keep","Top 25% by popularity — defining track for the era","https://cdnt-preview.dzcdn.net/api/1/1/2/8/8/0/288206f008130dfe972fce5af914e585.mp3?hdnea=exp=1780975538~acl=/api/1/1/2/8/8/0/288206f008130dfe972fce5af914e585.mp3*~data=user_id=0,application_id=42~hmac=472e09fa5bd03c3df62da1b6fd30fe5a8ea249059fa9c6c367cfb03c73b0ff39"
"68","It Wasn't Me","Shaggy","The Boombastic Collection - Best Of Shaggy (International Version)","2122532","853436","Top 25%","1","false","227","true","false","false","","Auto-keep","Top 25% by popularity — defining track for the era","https://cdnt-preview.dzcdn.net/api/1/1/a/1/e/0/a1ea994a11e336d87b1ed9f6a6ea1ae7.mp3?hdnea=exp=1780975537~acl=/api/1/1/a/1/e/0/a1ea994a11e336d87b1ed9f6a6ea1ae7.mp3*~data=user_id=0,application_id=42~hmac=b104ee53f28988ab944021e2d34bbb3c8c824a4083e305e22d765877249c6a5a"
"42","It Must Have Been Love (From the Film ""Pretty Woman"")","Roxette","The Ballad Hits","3098301","851456","Top 25%","1","false","259","true","false","false","","Auto-keep","Top 25% by popularity — defining track for the era","https://cdnt-preview.dzcdn.net/api/1/1/0/6/6/0/066aae449406b6ea3addfb6ad51a6ded.mp3?hdnea=exp=1780975537~acl=/api/1/1/0/6/6/0/066aae449406b6ea3addfb6ad51a6ded.mp3*~data=user_id=0,application_id=42~hmac=c9ef488c9de05f1a4aff4d0e3f9fae1cf6cbf1e8bbdaa658434e5550cb01546b"
"88","Mr. Jones","Counting Crows","Films About Ghosts (The Best Of Counting Crows)","1138006","851294","Top 25%","4","false","271","true","false","false","","Auto-keep","Top 25% by popularity — defining track for the era","https://cdnt-preview.dzcdn.net/api/1/1/3/9/b/0/39b57def86ea9dfdbe474c75b22c7dea.mp3?hdnea=exp=1780975537~acl=/api/1/1/3/9/b/0/39b57def86ea9dfdbe474c75b22c7dea.mp3*~data=user_id=0,application_id=42~hmac=fd5bd01a91bb52c115262e6be98db2351e8b2f71b146d87da4c40b8774a0d719"
"556","Macarena","Los Del Río","Hits Of The 90s","994491","849091","Top 25%","1","false","252","true","false","false","","Auto-keep","Top 25% by popularity — defining track for the era","https://cdnt-preview.dzcdn.net/api/1/1/d/d/e/0/ddeba4c53d5b9785f3f0375201bfb422.mp3?hdnea=exp=1780975540~acl=/api/1/1/d/d/e/0/ddeba4c53d5b9785f3f0375201bfb422.mp3*~data=user_id=0,application_id=42~hmac=7e4721b8e4808b705fac68b9e68ff3037a66cfcceb1aca8ce9542ddda986c8f9"
"36","All The Small Things","blink-182","Greatest Hits","127354207","845983","Top 25%","3","false","172","true","false","false","","Auto-keep","Top 25% by popularity — defining track for the era","https://cdnt-preview.dzcdn.net/api/1/1/a/a/4/0/aa45181e0e0f93f03704205b5543ab88.mp3?hdnea=exp=1780975537~acl=/api/1/1/a/a/4/0/aa45181e0e0f93f03704205b5543ab88.mp3*~data=user_id=0,application_id=42~hmac=1c64bbd3ab04db8e7f103de82fa6c2a3d9921fbf14896f794e0a9d8a1082518a"
"158","Barbie Girl","Aqua","Aquarium","1115044","844761","Top 25%","2","false","196","true","false","false","","Auto-keep","Top 25% by popularity — defining track for the era","https://cdnt-preview.dzcdn.net/api/1/1/4/3/7/0/4371d1b1cfd9c181f987a3befea3585b.mp3?hdnea=exp=1780975538~acl=/api/1/1/4/3/7/0/4371d1b1cfd9c181f987a3befea3585b.mp3*~data=user_id=0,application_id=42~hmac=039ae263b0b4a7ee084d59561a147745a79f62b9b471727ed592d50dadb9e184"
"527","It Ain't Over 'Til It's Over","Lenny Kravitz","Mama Said","3151232","843802","Top 25%","3","false","242","true","false","false","","Auto-keep","Top 25% by popularity — defining track for the era","https://cdnt-preview.dzcdn.net/api/1/1/4/d/7/0/4d7f42327c2405ad15593c932e8c754d.mp3?hdnea=exp=1780975540~acl=/api/1/1/4/d/7/0/4d7f42327c2405ad15593c932e8c754d.mp3*~data=user_id=0,application_id=42~hmac=8e6db1d6be5f613c655a394b5ac3cf19e5d6b9c21d4b924b60f72132e476b92f"
"11","Maria Maria (feat. The Product G&B)","Santana","Supernatural (Legacy Edition)","82241406","837844","Top 25%","2","false","261","true","false","false","","Auto-keep","Top 25% by popularity — defining track for the era","https://cdnt-preview.dzcdn.net/api/1/1/8/9/e/0/89e9d7435933b8005a37c90ad0c78388.mp3?hdnea=exp=1780975537~acl=/api/1/1/8/9/e/0/89e9d7435933b8005a37c90ad0c78388.mp3*~data=user_id=0,application_id=42~hmac=5fae37f190abe0890b8b561f9a1dd52854e577be0f2ce400ee76a431525e188e"
"378","Black","Pearl Jam","Ten","7675132","836540","Top 25%","5","false","342","true","false","false","","Auto-keep","Top 25% by popularity — defining track for the era","https://cdnt-preview.dzcdn.net/api/1/1/1/e/7/0/1e72e5ab241aa9f348bd7888b3a81e01.mp3?hdnea=exp=1780975539~acl=/api/1/1/1/e/7/0/1e72e5ab241aa9f348bd7888b3a81e01.mp3*~data=user_id=0,application_id=42~hmac=0438b50dec679086212289ea87a8d38028d8c640baf769aaead5a4dfcb7e15fa"
"84","Thank You","Dido","No Angel","962173","831464","Top 25%","2","false","217","true","false","false","","Auto-keep","Top 25% by popularity — defining track for the era","https://cdnt-preview.dzcdn.net/api/1/1/2/f/c/0/2fc0f322e34f97f4a4e95c507656e9fa.mp3?hdnea=exp=1780975537~acl=/api/1/1/2/f/c/0/2fc0f322e34f97f4a4e95c507656e9fa.mp3*~data=user_id=0,application_id=42~hmac=855f9bd13294bdf713f3e54ba4a4bc1d70b6508ac3d0329e39ad05f856714165"
"218","Are You Gonna Go My Way","Lenny Kravitz","Are You Gonna Go My Way","3107395","831401","Top 25%","3","false","210","true","false","false","","Auto-keep","Top 25% by popularity — defining track for the era","https://cdnt-preview.dzcdn.net/api/1/1/4/2/5/0/425773b389d492d75d1bf57641b23f4d.mp3?hdnea=exp=1780975538~acl=/api/1/1/4/2/5/0/425773b389d492d75d1bf57641b23f4d.mp3*~data=user_id=0,application_id=42~hmac=9434c8197d5198ed3ff57d4362fa7007eb744520f049c4005ef87d20c36a6f8d"
"220","Break Stuff","Limp Bizkit","Significant Other","94613616","830857","Top 25%","3","false","167","true","true","false","","Auto-keep","Top 25% by popularity — defining track for the era","https://cdnt-preview.dzcdn.net/api/1/1/c/4/f/0/c4f2e311d3f1c6be5c4c73f4687a4c04.mp3?hdnea=exp=1780975538~acl=/api/1/1/c/4/f/0/c4f2e311d3f1c6be5c4c73f4687a4c04.mp3*~data=user_id=0,application_id=42~hmac=617eabb5597a6bbd4449edf1f5aff52ca29a66a4362b15ace87cfbf84041f907"
"197","Around the World","Daft Punk","Homework","3129775","830730","Top 25%","1","false","429","true","false","false","","Auto-keep","Top 25% by popularity — defining track for the era","https://cdnt-preview.dzcdn.net/api/1/1/a/4/7/0/a47dbed01e6d9b0ac4e39a134f745ca2.mp3?hdnea=exp=1780975538~acl=/api/1/1/a/4/7/0/a47dbed01e6d9b0ac4e39a134f745ca2.mp3*~data=user_id=0,application_id=42~hmac=e176bba8cbc5b6d67c352510028cc95c52585cfbe846bce1d9f2c009c7fbf041"
"424","Fly Away","Lenny Kravitz","5","3156968","830505","Top 25%","3","false","222","true","false","false","","Auto-keep","Top 25% by popularity — defining track for the era","https://cdnt-preview.dzcdn.net/api/1/1/e/5/f/0/e5fd281450fe56a6347b503a25a8e863.mp3?hdnea=exp=1780975539~acl=/api/1/1/e/5/f/0/e5fd281450fe56a6347b503a25a8e863.mp3*~data=user_id=0,application_id=42~hmac=cebc7cabee4f7e07316f035ea7f41a86f32345141bbe3812f27cec8ce989fda3"
"315","Heart-Shaped Box","Nirvana","In Utero","70466227","827356","Top 25%","5","false","281","true","false","false","","Auto-keep","Top 25% by popularity — defining track for the era","https://cdnt-preview.dzcdn.net/api/1/1/c/3/9/0/c39f01809050b9080daec9ef63c20e9d.mp3?hdnea=exp=1780975539~acl=/api/1/1/c/3/9/0/c39f01809050b9080daec9ef63c20e9d.mp3*~data=user_id=0,application_id=42~hmac=96659bcf50ebdf1ccaff508dad3a9b1ef607362cf6af169b8a5deda21e5d81c6"
"482","Sandstorm","Darude","Before the Storm","11390027","825818","Top 25%","1","false","225","true","false","false","","Auto-keep","Top 25% by popularity — defining track for the era","https://cdnt-preview.dzcdn.net/api/1/1/0/3/5/0/0350d31fdd1b8c626c82f5250ab1afd4.mp3?hdnea=exp=1780975539~acl=/api/1/1/0/3/5/0/0350d31fdd1b8c626c82f5250ab1afd4.mp3*~data=user_id=0,application_id=42~hmac=f901196369b537fdbd97e51237287ec7a2cb64fe46a58f181940fe9ec05fd653"
"1","Bye Bye Bye","*NSYNC","No Strings Attached","632447","824075","Top 25%","3","false","199","true","false","false","","Auto-keep","Top 25% by popularity — defining track for the era","https://cdnt-preview.dzcdn.net/api/1/1/c/b/6/0/cb6e0cf5675a2b309947c4e8a16352c6.mp3?hdnea=exp=1780975537~acl=/api/1/1/c/b/6/0/cb6e0cf5675a2b309947c4e8a16352c6.mp3*~data=user_id=0,application_id=42~hmac=406d75f3c0eaa45bf96168a08bce851cdf015e2fb8c985532c5ad4c67d06ad88"
"90","Learn to Fly","Foo Fighters","Greatest Hits","4311599","821717","Top 25%","4","false","238","true","false","false","","Auto-keep","Top 25% by popularity — defining track for the era","https://cdnt-preview.dzcdn.net/api/1/1/2/d/c/0/2dc3c7e79faaf5cff45c4b797dc95807.mp3?hdnea=exp=1780975537~acl=/api/1/1/2/d/c/0/2dc3c7e79faaf5cff45c4b797dc95807.mp3*~data=user_id=0,application_id=42~hmac=368b6763802252ae35fa36c53333a0db35abe246900c1634c8c0fa8f8a70f807"
"47","Black or White (Single Version)","Michael Jackson","Number Ones","13129208","821006","Top 25%","4","false","203","true","false","false","","Auto-keep","Top 25% by popularity — defining track for the era","https://cdnt-preview.dzcdn.net/api/1/1/7/d/f/0/7df31fbf27460bbbb0d72b2910cee82e.mp3?hdnea=exp=1780975537~acl=/api/1/1/7/d/f/0/7df31fbf27460bbbb0d72b2910cee82e.mp3*~data=user_id=0,application_id=42~hmac=d0499478f56f24b53cb1b981cc86662c12f150ec0685da791df3d8aa35b0b046"
"33","Two Princes","Spin Doctors","Just Go Ahead Now: A Retrospective","831294","819208","Top 25%","2","false","257","true","false","false","","Auto-keep","Top 25% by popularity — defining track for the era","https://cdnt-preview.dzcdn.net/api/1/1/4/9/6/0/4963708cb517dc74953a9f7654d7cd89.mp3?hdnea=exp=1780975537~acl=/api/1/1/4/9/6/0/4963708cb517dc74953a9f7654d7cd89.mp3*~data=user_id=0,application_id=42~hmac=55b40822a6abac19794c4524066d541d0498b0af530a92fa5880d334e5cf1076"
"406","Du hast","Rammstein","Sehnsucht","630595142","818879","Top 25%","1","false","235","true","false","false","","Auto-keep","Top 25% by popularity — defining track for the era","https://cdnt-preview.dzcdn.net/api/1/1/8/2/5/0/825a70167777b61271be768dc54b9a96.mp3?hdnea=exp=1780975539~acl=/api/1/1/8/2/5/0/825a70167777b61271be768dc54b9a96.mp3*~data=user_id=0,application_id=42~hmac=6a236d1d47b69d21c85388c0370d1d923c346bf0abc735a28ba9b4e46375ccd9"
"416","One Of Us","Joan Osborne","Relish","2463249","813729","Top 25%","1","false","321","true","false","false","","Auto-keep","Top 25% by popularity — defining track for the era","https://cdnt-preview.dzcdn.net/api/1/1/f/c/1/0/fc178a2a5322f25f199b9c3740b1a68a.mp3?hdnea=exp=1780975539~acl=/api/1/1/f/c/1/0/fc178a2a5322f25f199b9c3740b1a68a.mp3*~data=user_id=0,application_id=42~hmac=04bd8297d856da46ad7499b5aee8dfcf4c7dfa83fa9a4b53ce3b15a08b1b99c2"
"379","One","U2","Achtung Baby (Deluxe Edition)","14343282","812323","Top 25%","2","false","276","true","false","false","","Auto-keep","Top 25% by popularity — defining track for the era","https://cdnt-preview.dzcdn.net/api/1/1/0/6/c/0/06c5a9b640cf5e5d86344d7f0d892194.mp3?hdnea=exp=1780975539~acl=/api/1/1/0/6/c/0/06c5a9b640cf5e5d86344d7f0d892194.mp3*~data=user_id=0,application_id=42~hmac=84f220de7909ef2d4a9a4f1d484f4cb3825de852ad7f6811d521e4c68f67f894"
"479","Teardrop","Massive Attack","Mezzanine","3129748","807772","Top 25%","2","false","327","true","false","false","","Auto-keep","Top 25% by popularity — defining track for the era","https://cdnt-preview.dzcdn.net/api/1/1/8/9/e/0/89e3e6e63e05cc99657f5f94e958dae7.mp3?hdnea=exp=1780975539~acl=/api/1/1/8/9/e/0/89e3e6e63e05cc99657f5f94e958dae7.mp3*~data=user_id=0,application_id=42~hmac=f5eaccd61292c98ea647f2a9ab5a5e584435e83a552f400af1cffba71287730e"
"55","My Heart Will Go On (Love Theme from ""Titanic"")","Céline Dion","My Love Essential Collection","14552280","801743","Top 25%","6","false","280","true","false","false","","Auto-keep","Top 25% by popularity — defining track for the era","https://cdnt-preview.dzcdn.net/api/1/1/f/b/d/0/fbd59f9121892eed1ed1671730f012bd.mp3?hdnea=exp=1780975537~acl=/api/1/1/f/b/d/0/fbd59f9121892eed1ed1671730f012bd.mp3*~data=user_id=0,application_id=42~hmac=695948c1f06782228ee79d0b7b3d368bf0c2cbae9c7950fe17d2c4b41fe80d97"
"71","All Star","Smash Mouth","All Star Smash Hits","917717","797565","Top 25%","2","false","201","true","false","false","","Auto-keep","Top 25% by popularity — defining track for the era","https://cdnt-preview.dzcdn.net/api/1/1/c/3/9/0/c39b11ed88563f5017876b45b68dd6db.mp3?hdnea=exp=1780975537~acl=/api/1/1/c/3/9/0/c39b11ed88563f5017876b45b68dd6db.mp3*~data=user_id=0,application_id=42~hmac=ef36d896885f5f9038a913266cb4fd8703885ab02c6256ae7921753cf7d80553"
"380","Dreams","The Cranberries","Stars: The Best Of The Cranberries 1992-2002","1176439","794965","Top 25%","3","false","273","true","false","false","","Auto-keep","Top 25% by popularity — defining track for the era","https://cdnt-preview.dzcdn.net/api/1/1/3/b/e/0/3be61c9493630c69905b0b38a6f6370e.mp3?hdnea=exp=1780975539~acl=/api/1/1/3/b/e/0/3be61c9493630c69905b0b38a6f6370e.mp3*~data=user_id=0,application_id=42~hmac=346b0961757c76d653dbd98e0a478c9b25fe466a8f4f1e82f70a4cf2f12bfbed"
"73","Ready or Not","Fugees","Greatest Hits","869547","794619","Top 25%","3","false","227","true","true","false","","Auto-keep","Top 25% by popularity — defining track for the era","https://cdnt-preview.dzcdn.net/api/1/1/2/2/c/0/22cd48e8c868ea265b8ef81ba0083ae8.mp3?hdnea=exp=1780975537~acl=/api/1/1/2/2/c/0/22cd48e8c868ea265b8ef81ba0083ae8.mp3*~data=user_id=0,application_id=42~hmac=4fce7d4ea6103cbb091ae5ec5ef0ada8b38302a802cf2d313743ffc4a3157160"
"317","In Bloom","Nirvana","Nevermind (Remastered)","13791931","794411","Top 25%","5","false","254","true","false","false","","Auto-keep","Top 25% by popularity — defining track for the era","https://cdnt-preview.dzcdn.net/api/1/1/3/2/5/0/325e263266ce02ceac5d0dec47f39754.mp3?hdnea=exp=1780975539~acl=/api/1/1/3/2/5/0/325e263266ce02ceac5d0dec47f39754.mp3*~data=user_id=0,application_id=42~hmac=fc495225fa310f6c54de963f96f6244dbf77fd364507c7369a8daf448c2a1c04"
"509","Ordinary World","Duran Duran","Greatest","3130430","794099","Top 25%","1","false","277","true","false","false","","Auto-keep","Top 25% by popularity — defining track for the era","https://cdnt-preview.dzcdn.net/api/1/1/f/7/d/0/f7dde5ce96c3679ec2125d0544357a12.mp3?hdnea=exp=1780975540~acl=/api/1/1/f/7/d/0/f7dde5ce96c3679ec2125d0544357a12.mp3*~data=user_id=0,application_id=42~hmac=277518a586a7f3613bed9d12e82d33c0b11880362774b2f61569209b4ea9dc8b"
"92","Even Flow","Pearl Jam","Ten","7675129","792202","Top 25%","5","false","294","true","true","false","","Auto-keep","Top 25% by popularity — defining track for the era","https://cdnt-preview.dzcdn.net/api/1/1/3/3/7/0/33745c12797ff41b67c78952050765a0.mp3?hdnea=exp=1780975537~acl=/api/1/1/3/3/7/0/33745c12797ff41b67c78952050765a0.mp3*~data=user_id=0,application_id=42~hmac=5570676e9ee99b2a7743c9a0b3df9a85301d3105c3bd0856da075f31f8dcb3d6"
"243","Give It Away","Red Hot Chili Peppers","Blood Sugar Sex Magik (Deluxe Edition)","725837","789060","Top 25%","4","false","282","true","false","false","","Auto-keep","Top 25% by popularity — defining track for the era","https://cdnt-preview.dzcdn.net/api/1/1/6/3/3/0/633bab1e1a03a676baf98ef3692d9e0b.mp3?hdnea=exp=1780975538~acl=/api/1/1/6/3/3/0/633bab1e1a03a676baf98ef3692d9e0b.mp3*~data=user_id=0,application_id=42~hmac=f11b58183e3af62d550cb11ef11743d3d92cead9612cf12f79d7b1afb8e8d9d3"
"472","Ride on Time","Black Box","Dreamland","70051871","784970","Top 25%","3","false","272","true","false","false","","Auto-keep","Top 25% by popularity — defining track for the era","https://cdnt-preview.dzcdn.net/api/1/1/d/f/e/0/dfed4536c297a3933c7c3d348ea01d37.mp3?hdnea=exp=1780975539~acl=/api/1/1/d/f/e/0/dfed4536c297a3933c7c3d348ea01d37.mp3*~data=user_id=0,application_id=42~hmac=1795c2ffdc00fe2a4b4837694b428b90151187751b8579217e44c90e609394b8"
"176","Good Riddance (Time of Your Life)","Green Day","Nimrod","778429","783800","Top 25%","4","false","153","true","true","false","","Auto-keep","Top 25% by popularity — defining track for the era","https://cdnt-preview.dzcdn.net/api/1/1/d/4/b/0/d4b70a4b6a7803c47839d626e1631288.mp3?hdnea=exp=1780975538~acl=/api/1/1/d/4/b/0/d4b70a4b6a7803c47839d626e1631288.mp3*~data=user_id=0,application_id=42~hmac=815ee6e86240e2e041314bae54244d816c7ea10c7746d724f33fb770b1137d86"
"225","Return of the Mack","Mark Morrison","Return of the Mack","703748","778376","Top 25%","1","false","213","true","false","false","","Auto-keep","Top 25% by popularity — defining track for the era","https://cdnt-preview.dzcdn.net/api/1/1/e/7/0/0/e70f2f54fcdc64c5ed369d1d859ec62e.mp3?hdnea=exp=1780975538~acl=/api/1/1/e/7/0/0/e70f2f54fcdc64c5ed369d1d859ec62e.mp3*~data=user_id=0,application_id=42~hmac=1f82b8a8ddbb5fc5fa1dd9e1a1d159430e2cdd39cd0ef850202678643c8cb9d6"
"282","High and Dry","Radiohead","The Bends","138544261","776015","Top 25%","3","false","257","true","false","false","","Auto-keep","Top 25% by popularity — defining track for the era","https://cdnt-preview.dzcdn.net/api/1/1/a/c/7/0/ac7ac397ec5e419d9349fdfaab2c2b94.mp3?hdnea=exp=1780975538~acl=/api/1/1/a/c/7/0/ac7ac397ec5e419d9349fdfaab2c2b94.mp3*~data=user_id=0,application_id=42~hmac=8e5a011f7f35eee8577c846022e2e0998c0d97656e82b9233ba639fbbd80b445"
"548","'74-'75","The Connells","Ring","84382469","775011","Top 25%","1","false","278","true","false","false","","Auto-keep","Top 25% by popularity — defining track for the era","https://cdnt-preview.dzcdn.net/api/1/1/9/1/3/0/91324d38c670c7f3fb97a5d7d426c3b9.mp3?hdnea=exp=1780975540~acl=/api/1/1/9/1/3/0/91324d38c670c7f3fb97a5d7d426c3b9.mp3*~data=user_id=0,application_id=42~hmac=e2e253818337a9c9409cd594fc7d443cf6cf1622c06b9b157f5dcc4f658dbd40"
"177","No Diggity","Blackstreet","No Diggity: The Very Best Of Blackstreet","916496","774331","Top 25%","1","false","304","true","false","false","","Auto-keep","Top 25% by popularity — defining track for the era","https://cdnt-preview.dzcdn.net/api/1/1/8/8/f/0/88fcefe3f4bb29ae3fcbd4cb8abb0f54.mp3?hdnea=exp=1780975538~acl=/api/1/1/8/8/f/0/88fcefe3f4bb29ae3fcbd4cb8abb0f54.mp3*~data=user_id=0,application_id=42~hmac=6b5cadda0f1d9398e6ac41ec57512d9c115639f1a9a2f7353cded110d641d874"
"466","Shiny Happy People","R.E.M.","Out Of Time (25th Anniversary Edition)","136339500","773498","Top 25%","3","false","224","true","false","false","","Auto-keep","Top 25% by popularity — defining track for the era","https://cdnt-preview.dzcdn.net/api/1/1/6/b/5/0/6b5def4a7cd82c81c7cbf749ba2d8206.mp3?hdnea=exp=1780975539~acl=/api/1/1/6/b/5/0/6b5def4a7cd82c81c7cbf749ba2d8206.mp3*~data=user_id=0,application_id=42~hmac=018e7e20bf82e8084e02dbebfd20a330c0a9a1aa5bb8c4174d24ba134dad6b25"
"539","No Limit","2 Unlimited","No Limits","134706074","773120","Top 25%","1","false","224","true","false","false","","Auto-keep","Top 25% by popularity — defining track for the era","https://cdnt-preview.dzcdn.net/api/1/1/0/e/0/0/0e069806f3fd4760310f801cc96028d8.mp3?hdnea=exp=1780975540~acl=/api/1/1/0/e/0/0/0e069806f3fd4760310f801cc96028d8.mp3*~data=user_id=0,application_id=42~hmac=ae0e82db5998cb9a40309f85076d97e0eaca34f1c84d89f64d36efeb5837e00b"
"458","Insomnia (Radio Edit)","Faithless","Essential - The 90s","7035328","769918","Top 25%","1","false","215","true","false","false","","Auto-keep","Top 25% by popularity — defining track for the era","https://cdnt-preview.dzcdn.net/api/1/1/1/d/3/0/1d30450bd5b1d310f00bb1ef2c14f4b1.mp3?hdnea=exp=1780975539~acl=/api/1/1/1/d/3/0/1d30450bd5b1d310f00bb1ef2c14f4b1.mp3*~data=user_id=0,application_id=42~hmac=c2f6ea82c73277bcb188d5fc84260115228432f3f6ca67b818820004401cb1fa"
"318","Bullet With Butterfly Wings (Remastered 2012)","The Smashing Pumpkins","Mellon Collie And The Infinite Sadness (Deluxe Edition)","62791738","767204","Top 25%","6","false","256","true","false","false","","Auto-keep","Top 25% by popularity — defining track for the era","https://cdnt-preview.dzcdn.net/api/1/1/4/2/b/0/42bd9ec7f7a62ec1fe63b6f650e2c65d.mp3?hdnea=exp=1780975539~acl=/api/1/1/4/2/b/0/42bd9ec7f7a62ec1fe63b6f650e2c65d.mp3*~data=user_id=0,application_id=42~hmac=dadd134ddfdc0e8faa928677fa6342a4c695f032a8dafd40fce564a35f75aa68"
"360","Kiss from a Rose","Seal","Best 1991 - 2004","730428","766601","Top 25%","2","false","288","true","false","false","","Auto-keep","Top 25% by popularity — defining track for the era","https://cdnt-preview.dzcdn.net/api/1/1/8/5/6/0/85655f312ddb53e2583cdbd766a3f84b.mp3?hdnea=exp=1780975539~acl=/api/1/1/8/5/6/0/85655f312ddb53e2583cdbd766a3f84b.mp3*~data=user_id=0,application_id=42~hmac=ddb4432c391e02e785ce06b77ca0aef38b5a3dac662b8ee97e6b9b7093792000"
"124","My Love Is Your Love","Whitney Houston","My Love Is Your Love","962260","764275","Top 25%","4","false","261","true","false","false","","Auto-keep","Top 25% by popularity — defining track for the era","https://cdnt-preview.dzcdn.net/api/1/1/f/6/e/0/f6e4942c0523aba80856f61b3d5d08d0.mp3?hdnea=exp=1780975538~acl=/api/1/1/f/6/e/0/f6e4942c0523aba80856f61b3d5d08d0.mp3*~data=user_id=0,application_id=42~hmac=86354213d6cd15aaf01813b6be8f702b4712ed0d296140c7f76a4be79bf7e89f"
"10","Fantasy","Mariah Carey","Daydream","1013792","764149","Top 25%","5","false","244","true","false","false","","Auto-keep","Top 25% by popularity — defining track for the era","https://cdnt-preview.dzcdn.net/api/1/1/8/0/7/0/8075ab03acadc3f8587fccbbb1b2e7aa.mp3?hdnea=exp=1780975537~acl=/api/1/1/8/0/7/0/8075ab03acadc3f8587fccbbb1b2e7aa.mp3*~data=user_id=0,application_id=42~hmac=834616b54ff8c8880a0ec954262180b29e6bc5a4c0603ccd74a68d48ffd9dffb"
"298","Only Time","Enya","A Day Without Rain","775117","764113","Top 25%","1","false","218","true","false","false","","Auto-keep","Top 25% by popularity — defining track for the era","https://cdnt-preview.dzcdn.net/api/1/1/7/7/e/0/77e737f10c7dc8a62b26b00c093a33c3.mp3?hdnea=exp=1780975538~acl=/api/1/1/7/7/e/0/77e737f10c7dc8a62b26b00c093a33c3.mp3*~data=user_id=0,application_id=42~hmac=a3578cd84f12ffa24a2ca2890829824ebb87b43f86c3e47eab3cddb83d7bbb81"
"287","Thong Song","Sisqo","Unleash The Dragon","2548870","762831","Top 25%","2","false","253","true","true","false","","Auto-keep","Top 25% by popularity — defining track for the era","https://cdnt-preview.dzcdn.net/api/1/1/6/1/c/0/61c85f393d8b704fc230c24d33a8259c.mp3?hdnea=exp=1780975538~acl=/api/1/1/6/1/c/0/61c85f393d8b704fc230c24d33a8259c.mp3*~data=user_id=0,application_id=42~hmac=44b4fcc643d584e383b551143251c868d688464f6e339b02a3b73d6be276d2f2"
"463","Baby, I Love Your Way","Big Mountain","The Best of Big Mountain","846215","761608","Top 25%","1","false","249","true","false","false","","Auto-keep","Top 25% by popularity — defining track for the era","https://cdnt-preview.dzcdn.net/api/1/1/5/d/9/0/5d983fdcf24bf19a5786903df2701907.mp3?hdnea=exp=1780975539~acl=/api/1/1/5/d/9/0/5d983fdcf24bf19a5786903df2701907.mp3*~data=user_id=0,application_id=42~hmac=aaa5d1b4f118dc873420cff5a354b32f19e8041bc954a70b92816ffbbc0af97e"
"112","Runaway Train (2022 Remaster)","Soul Asylum","Grave Dancers Union (2022 Remaster)","1057312","760213","Top 25%","1","false","265","true","false","false","","Auto-keep","Top 25% by popularity — defining track for the era","https://cdnt-preview.dzcdn.net/api/1/1/4/d/d/0/4dd6b71800c5454af9ad0611af50b5e2.mp3?hdnea=exp=1780975538~acl=/api/1/1/4/d/d/0/4dd6b71800c5454af9ad0611af50b5e2.mp3*~data=user_id=0,application_id=42~hmac=df14fd9b5856e006caeb8dc57f0de72c9536dec630f58cb4ccffa7a0d7ea95a1"
"393","I Love You Always Forever","Donna Lewis","Now in a Minute","846048","759412","Top 25%","1","false","239","true","false","false","","Auto-keep","Top 25% by popularity — defining track for the era","https://cdnt-preview.dzcdn.net/api/1/1/a/f/e/0/afe6869f87836ffdcb0f887533ce1ee2.mp3?hdnea=exp=1780975539~acl=/api/1/1/a/f/e/0/afe6869f87836ffdcb0f887533ce1ee2.mp3*~data=user_id=0,application_id=42~hmac=1ef25473efeaea31410f505407af703a2651c9fac38826824d2a7710e3aae437"
"53","Because You Loved Me (Theme from ""Up Close and Personal"")","Céline Dion","My Love Essential Collection","14552288","759301","Top 25%","6","false","273","true","false","false","","Auto-keep","Top 25% by popularity — defining track for the era","https://cdnt-preview.dzcdn.net/api/1/1/1/9/e/0/19eb8f5c639fee10ce3481069540a0ad.mp3?hdnea=exp=1780975537~acl=/api/1/1/1/9/e/0/19eb8f5c639fee10ce3481069540a0ad.mp3*~data=user_id=0,application_id=42~hmac=d92d25503b50a565b2235b74ff23bcb6981b244d43820594101fae17b1625bcd"
"233","You Get What You Give","New Radicals","Maybe You've Been Brainwashed Too","2441438","758499","Top 25%","1","false","300","true","false","false","","Auto-keep","Top 25% by popularity — defining track for the era","https://cdnt-preview.dzcdn.net/api/1/1/7/3/8/0/738b6a1f2e89d5580c07a7628e02a689.mp3?hdnea=exp=1780975538~acl=/api/1/1/7/3/8/0/738b6a1f2e89d5580c07a7628e02a689.mp3*~data=user_id=0,application_id=42~hmac=591ef100b7b8a03350474c32d2c167c1e80f2308474911ddce8a60943ce83f2d"
"179","If It Makes You Happy","Sheryl Crow","Sheryl Crow","922058","756677","Top 25%","3","false","323","true","false","false","","Auto-keep","Top 25% by popularity — defining track for the era","https://cdnt-preview.dzcdn.net/api/1/1/b/9/f/0/b9f619fbb596146091b8960ce8fc33b7.mp3?hdnea=exp=1780975538~acl=/api/1/1/b/9/f/0/b9f619fbb596146091b8960ce8fc33b7.mp3*~data=user_id=0,application_id=42~hmac=5b4c406008d384b640304877a141cbe35d670dc91a77e38e104b406ea63acc51"
"459","Scatman (ski-ba-bop-ba-dop-bop)","Scatman John","Scatman's World","99360002","755922","Top 25%","1","false","215","true","false","false","","Auto-keep","Top 25% by popularity — defining track for the era","https://cdnt-preview.dzcdn.net/api/1/1/a/b/2/0/ab2d1f4f90ecd3a78913b8c055fa960e.mp3?hdnea=exp=1780975539~acl=/api/1/1/a/b/2/0/ab2d1f4f90ecd3a78913b8c055fa960e.mp3*~data=user_id=0,application_id=42~hmac=05113d3ddd2bab64c86b1dd3d1e3e3a129c03331f1ca4c62a4b52f186dd5b7d3"
"255","I'm Gonna Be (500 Miles)","The Proclaimers","The Best Of","3109247","753961","Top 25%","1","false","219","true","false","false","","Auto-keep","Top 25% by popularity — defining track for the era","https://cdnt-preview.dzcdn.net/api/1/1/e/d/1/0/ed178dc1475c336eda755d3c17461ed2.mp3?hdnea=exp=1780975538~acl=/api/1/1/e/d/1/0/ed178dc1475c336eda755d3c17461ed2.mp3*~data=user_id=0,application_id=42~hmac=892cd81aa60f3103287850dda45cd5505807474c9e6ab6b52e73eee8c3dba991"
"93","Insane in the Brain","Cypress Hill","Black Sunday","1015862","752111","Top 25%","2","false","208","true","true","false","","Auto-keep","Top 25% by popularity — defining track for the era","https://cdnt-preview.dzcdn.net/api/1/1/e/1/3/0/e13a2aff674bf9ca9431d10f9f7dd265.mp3?hdnea=exp=1780975537~acl=/api/1/1/e/1/3/0/e13a2aff674bf9ca9431d10f9f7dd265.mp3*~data=user_id=0,application_id=42~hmac=0bea600af9f1017dc2cce3ab613588732d3dd0bb6868e623b1b1ca590db6abf5"
"198","I'll Be Missing You (feat. Faith Evans, 112)","Diddy","Bad Boy's 10th Anniversary- The Hits","2794603","751748","Top 25%","1","false","301","true","false","false","","Auto-keep","Top 25% by popularity — defining track for the era","https://cdnt-preview.dzcdn.net/api/1/1/6/e/3/0/6e39ec0fa01c830a8e89cb9b4467eb27.mp3?hdnea=exp=1780975538~acl=/api/1/1/6/e/3/0/6e39ec0fa01c830a8e89cb9b4467eb27.mp3*~data=user_id=0,application_id=42~hmac=3ad02b09e689ed41c17e79c45d95e3b7906823812a5a67d9fe19707fdf2f2378"
"237","Jeremy","Pearl Jam","Ten","7675133","751418","Top 25%","5","false","318","true","true","false","","Auto-keep","Top 25% by popularity — defining track for the era","https://cdnt-preview.dzcdn.net/api/1/1/1/a/3/0/1a30bdfae3cbfd5fb87c32706221a2ea.mp3?hdnea=exp=1780975538~acl=/api/1/1/1/a/3/0/1a30bdfae3cbfd5fb87c32706221a2ea.mp3*~data=user_id=0,application_id=42~hmac=5ba832467f2a9ea7f5f61a79ab0142304880afdbc3053af9c943726a9b66b076"
"7","Miami","Will Smith","Greatest Hits","626419","749799","Top 25%","3","false","198","true","false","false","","Auto-keep","Top 25% by popularity — defining track for the era","https://cdnt-preview.dzcdn.net/api/1/1/9/3/c/0/93cc0ededaad518a1b0f33cb6b88d152.mp3?hdnea=exp=1780975537~acl=/api/1/1/9/3/c/0/93cc0ededaad518a1b0f33cb6b88d152.mp3*~data=user_id=0,application_id=42~hmac=10e843af3f841dcf07bf1d3fe466d34eaf76350c90e4af78d0cee8d1ff180505"
"174","My Name Is","Eminem","Curtain Call: The Hits","1109729","748192","Top 25%","1","false","268","true","true","false","","Auto-keep","Top 25% by popularity — defining track for the era","https://cdnt-preview.dzcdn.net/api/1/1/b/d/c/0/bdc51623d58600791c11720906bac5b3.mp3?hdnea=exp=1780975538~acl=/api/1/1/b/d/c/0/bdc51623d58600791c11720906bac5b3.mp3*~data=user_id=0,application_id=42~hmac=da485e5e136fe4bf4cda5b8d92d4883fbf010802556d58ea106a74151b47d5c7"
"493","Here With Me","Dido","No Angel","962165","747201","Top 25%","2","false","253","true","false","false","","Auto-keep","Top 25% by popularity — defining track for the era","https://cdnt-preview.dzcdn.net/api/1/1/4/5/c/0/45c19546c2a19d492703208ac1ebc12a.mp3?hdnea=exp=1780975539~acl=/api/1/1/4/5/c/0/45c19546c2a19d492703208ac1ebc12a.mp3*~data=user_id=0,application_id=42~hmac=4966391a9c4122da88cbf050e1466a65c100c58daa1d32dcc61696a7146db70f"
"550","Stars","Simply Red","Stars (Collector's Edition)","6636947","746108","Top 25%","1","false","248","true","false","false","","Auto-keep","Top 25% by popularity — defining track for the era","https://cdnt-preview.dzcdn.net/api/1/1/3/3/1/0/331c13146530e508d7728a61c3975485.mp3?hdnea=exp=1780975540~acl=/api/1/1/3/3/1/0/331c13146530e508d7728a61c3975485.mp3*~data=user_id=0,application_id=42~hmac=71487ed9ef97ceff32e21f47f850d9565f32fa2013fed4e39cb0bc47db2f62b0"
"263","Regulate (Album Version Explicit)","Warren G","Regulate...G Funk Era","2463406","744278","Top 25%","1","false","250","true","false","false","","Auto-keep","Top 25% by popularity — defining track for the era","https://cdnt-preview.dzcdn.net/api/1/1/7/9/1/0/7910ddf3485d04441d3d1d12ee894415.mp3?hdnea=exp=1780975538~acl=/api/1/1/7/9/1/0/7910ddf3485d04441d3d1d12ee894415.mp3*~data=user_id=0,application_id=42~hmac=e9c38f3b59f2550ce34f10977edfec3c541c0a2db5b757db09483387a9705347"
"54","My All","Mariah Carey","Greatest Hits","596046","740713","Top 25%","5","false","231","true","false","false","","Auto-keep","Top 25% by popularity — defining track for the era","https://cdnt-preview.dzcdn.net/api/1/1/9/2/5/0/925ea0837356f64c942bf5df30315de8.mp3?hdnea=exp=1780975537~acl=/api/1/1/9/2/5/0/925ea0837356f64c942bf5df30315de8.mp3*~data=user_id=0,application_id=42~hmac=3ced5e19e553fa82f19e3a8f49ed68f154d50cb46624ed13853ad364ab70a7e6"
"37","Smooth (feat. Rob Thomas)","Santana","Supernatural (Legacy Edition)","82241402","740427","Top 25%","2","false","296","true","false","false","","Auto-keep","Top 25% by popularity — defining track for the era","https://cdnt-preview.dzcdn.net/api/1/1/0/6/6/0/066818622bab6266aa80190fa52124cc.mp3?hdnea=exp=1780975537~acl=/api/1/1/0/6/6/0/066818622bab6266aa80190fa52124cc.mp3*~data=user_id=0,application_id=42~hmac=99c6f8d355805586a8e22a1e9edb1c65c64d4f8402ada6fafb0998405d6cb80e"
"410","My Hero","Foo Fighters","Greatest Hits","4311598","740275","Top 25%","4","false","260","true","false","false","","Auto-keep","Top 25% by popularity — defining track for the era","https://cdnt-preview.dzcdn.net/api/1/1/3/c/d/0/3cdaf44b7e538d0c2daa3b7656850764.mp3?hdnea=exp=1780975539~acl=/api/1/1/3/c/d/0/3cdaf44b7e538d0c2daa3b7656850764.mp3*~data=user_id=0,application_id=42~hmac=d4538c50ffed1c2005a05d94fb76cbe3b8ddc14fc551fad45cb02054ff9a6774"
"293","Plush","Stone Temple Pilots","Core","2794367","739733","Top 25%","2","false","310","true","false","false","","Auto-keep","Top 25% by popularity — defining track for the era","https://cdnt-preview.dzcdn.net/api/1/1/f/5/4/0/f54971627f1bdace3e4c9bb2087322b6.mp3?hdnea=exp=1780975538~acl=/api/1/1/f/5/4/0/f54971627f1bdace3e4c9bb2087322b6.mp3*~data=user_id=0,application_id=42~hmac=81c4f5189d21274eaadd287824dcad792b18df8fefbc9a3be0e8428a704b11c6"
"102","They Don't Care About Us","Michael Jackson","HIStory - PAST, PRESENT AND FUTURE - BOOK I","8164642","739683","Top 25%","4","false","284","true","false","false","","Auto-keep","Top 25% by popularity — defining track for the era","https://cdnt-preview.dzcdn.net/api/1/1/7/a/a/0/7aa2b4079e33bedd3cb6ca0b4372d5c4.mp3?hdnea=exp=1780975538~acl=/api/1/1/7/a/a/0/7aa2b4079e33bedd3cb6ca0b4372d5c4.mp3*~data=user_id=0,application_id=42~hmac=95e91c81b8928204b6a67f742b99391fabaa675fb65900154e5e80a875a3527e"
"510","Frozen","Madonna","Ray of Light","778758","739040","Top 25%","4","false","367","true","false","false","","Auto-keep","Top 25% by popularity — defining track for the era","https://cdnt-preview.dzcdn.net/api/1/1/0/4/9/0/049c2000564f1f32644732401f2108e3.mp3?hdnea=exp=1780975540~acl=/api/1/1/0/4/9/0/049c2000564f1f32644732401f2108e3.mp3*~data=user_id=0,application_id=42~hmac=c624914cdb88b86e0a94fb9e1a2ad83bfb15a6a5bd278db2de3af22c2541ad5d"
"484","Push The Feeling On (Mk Dub Revisited Edit)","Nightcrawlers","Push The Feeling On","105353316","738419","Top 25%","1","false","241","true","false","false","","Auto-keep","Top 25% by popularity — defining track for the era","https://cdnt-preview.dzcdn.net/api/1/1/8/2/6/0/82612cec9134964b5850983826b6d236.mp3?hdnea=exp=1780975539~acl=/api/1/1/8/2/6/0/82612cec9134964b5850983826b6d236.mp3*~data=user_id=0,application_id=42~hmac=81877f31d2b8153d50a46ef0380b6f0ebb25aad257d4fac996dba1833b637a14"
"214","Hard Knock Life (Ghetto Anthem)","JAŸ-Z","Vol.2... Hard Knock Life","377242021","736790","Top 25%","1","false","238","true","true","false","","Auto-keep","Top 25% by popularity — defining track for the era","https://cdnt-preview.dzcdn.net/api/1/1/2/c/6/0/2c60b272d4c06e0e84532c99a19aaf38.mp3?hdnea=exp=1780975538~acl=/api/1/1/2/c/6/0/2c60b272d4c06e0e84532c99a19aaf38.mp3*~data=user_id=0,application_id=42~hmac=3aea59509512ac498a30e5aecbb44f4b59c2be2603b89c74a5020c658b75dd78"
"414","Got the Life","Korn","Follow The Leader","134523754","734687","Top 25%","3","false","228","true","true","false","","Auto-keep","Top 25% by popularity — defining track for the era","https://cdnt-preview.dzcdn.net/api/1/1/7/8/a/0/78afc82ae979066817c62c7e1712e050.mp3?hdnea=exp=1780975539~acl=/api/1/1/7/8/a/0/78afc82ae979066817c62c7e1712e050.mp3*~data=user_id=0,application_id=42~hmac=163c02d83e0117d1956a413a71ee0279a635bca6b98c14385ddca24010917351"
"487","Father Figure (Remastered)","George Michael","Faith","8146780","733859","Top 25%","4","false","341","true","false","false","","Auto-keep","Top 25% by popularity — defining track for the era","https://cdnt-preview.dzcdn.net/api/1/1/b/4/9/0/b49977495be746a2684154595dd4c01b.mp3?hdnea=exp=1780975539~acl=/api/1/1/b/4/9/0/b49977495be746a2684154595dd4c01b.mp3*~data=user_id=0,application_id=42~hmac=160bcb208946c871164abbbb35e7435dbd2f8866c8f6fdfda3a63c47b3e11258"
"541","You'll Be In My Heart","Phil Collins","Tarzan (Original Motion Picture Soundtrack)","561875132","733806","Top 25%","1","false","259","true","false","false","","Auto-keep","Top 25% by popularity — defining track for the era","https://cdnt-preview.dzcdn.net/api/1/1/2/1/3/0/2139586678b734d02d63ef1694720648.mp3?hdnea=exp=1780975540~acl=/api/1/1/2/1/3/0/2139586678b734d02d63ef1694720648.mp3*~data=user_id=0,application_id=42~hmac=08721c17fe2b7b688478c0d8e58acc1f008ad18cb231acd4c43ba7bffe7e8342"
"238","Bulls On Parade","Rage Against the Machine","Evil Empire","7675196","733213","Top 25%","3","false","230","true","true","false","","Auto-keep","Top 25% by popularity — defining track for the era","https://cdnt-preview.dzcdn.net/api/1/1/8/e/3/0/8e38f260bf3eab4e7df45c3ba04938b5.mp3?hdnea=exp=1780975538~acl=/api/1/1/8/e/3/0/8e38f260bf3eab4e7df45c3ba04938b5.mp3*~data=user_id=0,application_id=42~hmac=c99842de788fe4630e8872683e5e07b3b8a880132af98e2a61f1e42ada433641"
"113","Last Kiss","Pearl Jam","Lost Dogs","7675332","731140","Top 25%","5","false","195","true","false","false","","Auto-keep","Top 25% by popularity — defining track for the era","https://cdnt-preview.dzcdn.net/api/1/1/7/b/b/0/7bb34066c8809d567d519697f69536f0.mp3?hdnea=exp=1780975538~acl=/api/1/1/7/b/b/0/7bb34066c8809d567d519697f69536f0.mp3*~data=user_id=0,application_id=42~hmac=d95cc29cb74878f5d6a4126bafaeb7c898c0e52ab71b612b8046b801e41dcd60"
"489","Breathe","The Prodigy","The Fat of the Land - Expanded Edition","62126185","730681","Top 25%","1","false","336","true","false","false","","Auto-keep","Top 25% by popularity — defining track for the era","https://cdnt-preview.dzcdn.net/api/1/1/7/3/6/0/736e804e8a67f9a6af3349e9a811b390.mp3?hdnea=exp=1780975539~acl=/api/1/1/7/3/6/0/736e804e8a67f9a6af3349e9a811b390.mp3*~data=user_id=0,application_id=42~hmac=0f42d14ba3f4ef97cf05637bf44a36b8176b64344de4b9e5246392c40329849b"
"103","Hero","Mariah Carey","Greatest Hits","596015","729648","Top 25%","5","false","257","true","false","false","","Auto-keep","Top 25% by popularity — defining track for the era","https://cdnt-preview.dzcdn.net/api/1/1/f/6/b/0/f6bfb3fc7b37fcaf5d0dc603c2253502.mp3?hdnea=exp=1780975538~acl=/api/1/1/f/6/b/0/f6bfb3fc7b37fcaf5d0dc603c2253502.mp3*~data=user_id=0,application_id=42~hmac=2429baa2b664ac94aa9db7ea71bde723b9fee0c4dec6d873ff5493b9e8a591bd"
"116","Bills, Bills, Bills","Destiny's Child","The Writing's On The Wall","580889","727157","Top 25%","5","false","256","true","false","false","","Auto-keep","Top 25% by popularity — defining track for the era","https://cdnt-preview.dzcdn.net/api/1/1/f/8/d/0/f8d14ec39bee9157d401e065ef488e00.mp3?hdnea=exp=1780975538~acl=/api/1/1/f/8/d/0/f8d14ec39bee9157d401e065ef488e00.mp3*~data=user_id=0,application_id=42~hmac=9f6c32517bf87a8f035815445d0c9461a3d3d5894bfb15276993dc68918e53b6"
"385","That's the Way It Is","Céline Dion","My Love Essential Collection","14552286","726904","Top 25%","6","false","241","true","false","false","","Auto-keep","Top 25% by popularity — defining track for the era","https://cdnt-preview.dzcdn.net/api/1/1/4/f/5/0/4f5972968b5b07aac5fca67c8d3eb9d8.mp3?hdnea=exp=1780975539~acl=/api/1/1/4/f/5/0/4f5972968b5b07aac5fca67c8d3eb9d8.mp3*~data=user_id=0,application_id=42~hmac=addf84a57c9877f94b8a4dcc8af0253ddcc3c3ca7b85d3ff3ed6f0558ce0493f"
"292","Interstate Love Song","Stone Temple Pilots","Thank You","3907803","725210","Top 25%","2","false","193","true","false","false","","Auto-keep","Top 25% by popularity — defining track for the era","https://cdnt-preview.dzcdn.net/api/1/1/7/0/f/0/70f217a9d5e53d0ab5c5359859499055.mp3?hdnea=exp=1780975538~acl=/api/1/1/7/0/f/0/70f217a9d5e53d0ab5c5359859499055.mp3*~data=user_id=0,application_id=42~hmac=a186a6908a2543f3e643cbf33e0ec522f87e34c23f3da24936ad1080ec8bcbf9"
"488","Crazy","Seal","Hits","4688231","721757","Top 25%","2","false","356","true","false","false","","Auto-keep","Top 25% by popularity — defining track for the era","https://cdnt-preview.dzcdn.net/api/1/1/d/d/2/0/dd217eecf4582ab58aab99fc2b69499c.mp3?hdnea=exp=1780975539~acl=/api/1/1/d/d/2/0/dd217eecf4582ab58aab99fc2b69499c.mp3*~data=user_id=0,application_id=42~hmac=267f7cbf8d47f6e6972f1f265f0c64fb18b7658cc0732b1402542097907604f9"
"299","Higher","Creed","Human Clay","80274464","720251","Top 25%","2","false","325","true","false","false","","Auto-keep","Top 25% by popularity — defining track for the era","https://cdnt-preview.dzcdn.net/api/1/1/8/6/d/0/86d828718b7ce7054b5471fdd75bd7bf.mp3?hdnea=exp=1780975538~acl=/api/1/1/8/6/d/0/86d828718b7ce7054b5471fdd75bd7bf.mp3*~data=user_id=0,application_id=42~hmac=93c784102f6a4384101f1fbab83cb2c8e9fb658531256dd10ed61273552f4e2d"
"538","All I Wanna Do","Sheryl Crow","Tuesday Night Music Club","922014","718878","Top 25%","3","false","273","true","false","false","","Auto-keep","Top 25% by popularity — defining track for the era","https://cdnt-preview.dzcdn.net/api/1/1/2/1/2/0/212d75157d85b450179fb749a1074bdc.mp3?hdnea=exp=1780975540~acl=/api/1/1/2/1/2/0/212d75157d85b450179fb749a1074bdc.mp3*~data=user_id=0,application_id=42~hmac=56cc37a4a0b1b288445b78834557ff01f2f461491b201270373c7981cdf8b459"
"106","If I Ruled the World (Imagine That) (feat. Lauryn Hill)","Nas","It Was Written","1015332","717983","Top 25%","2","false","282","true","true","false","","Auto-keep","Top 25% by popularity — defining track for the era","https://cdnt-preview.dzcdn.net/api/1/1/e/a/f/0/eafb752520c0f947eb4ffe7fe01c32ba.mp3?hdnea=exp=1780975538~acl=/api/1/1/e/a/f/0/eafb752520c0f947eb4ffe7fe01c32ba.mp3*~data=user_id=0,application_id=42~hmac=7673eeadc87c9c046da4fc24c9bf5d7ca24dc374f2cefd0135ae0537adc265c4"
"507","A Girl Like You","Edwyn Collins","Gorgeous George","14282849","717238","Top 25%","1","false","236","true","false","false","","Auto-keep","Top 25% by popularity — defining track for the era","https://cdnt-preview.dzcdn.net/api/1/1/d/7/8/0/d78ab4ca67b5db78045df03c69c9cf1a.mp3?hdnea=exp=1780975540~acl=/api/1/1/d/7/8/0/d78ab4ca67b5db78045df03c69c9cf1a.mp3*~data=user_id=0,application_id=42~hmac=500a249b208ce1ebbd46296aecd0f1d58f55e77129a8f8a358b45921d13fdca4"
"21","Brother Louie Mix '98 (feat. Eric Singleton) (Radio Edit)","Modern Talking","Back For Good/2nd","972817","717031","Top 25%","1","false","203","true","false","false","","Auto-keep","Top 25% by popularity — defining track for the era","https://cdnt-preview.dzcdn.net/api/1/1/9/4/c/0/94c81de459b71a6564448d8bc753c7f8.mp3?hdnea=exp=1780975537~acl=/api/1/1/9/4/c/0/94c81de459b71a6564448d8bc753c7f8.mp3*~data=user_id=0,application_id=42~hmac=10009c3049d9421c293a8789f5308c232c3b66ecb48e2eab8c060b5f42321221"
"221","Nookie","Limp Bizkit","Significant Other","94613610","715780","Top 25%","3","false","289","true","true","false","","Auto-keep","Top 25% by popularity — defining track for the era","https://cdnt-preview.dzcdn.net/api/1/1/2/4/4/0/24439dd892a757b858b6de824e451d6c.mp3?hdnea=exp=1780975538~acl=/api/1/1/2/4/4/0/24439dd892a757b858b6de824e451d6c.mp3*~data=user_id=0,application_id=42~hmac=ee63d2c09e46732f00d59fd20ca459c3a77f6c60262b4a5d14a01e5abb27240b"
"228","Bitch","Meredith Brooks","Blurring The Edges","3156760","711581","Top 25%","1","false","252","true","false","false","","Auto-keep","Top 25% by popularity — defining track for the era","https://cdnt-preview.dzcdn.net/api/1/1/8/8/5/0/885559774f105c58fb629417820d8615.mp3?hdnea=exp=1780975538~acl=/api/1/1/8/8/5/0/885559774f105c58fb629417820d8615.mp3*~data=user_id=0,application_id=42~hmac=04f4d520768ee27331934dfad38bd19ce4573ad994d01c262fcb9ef4af1ad36d"
"87","I Will Always Love You","Whitney Houston","Slow Motion 10","2244121","708333","Top 25%","4","false","271","true","false","false","","Auto-keep","Top 25% by popularity — defining track for the era","https://cdnt-preview.dzcdn.net/api/1/1/b/4/2/0/b4236e6f42779a308e35087db4ed2b60.mp3?hdnea=exp=1780975537~acl=/api/1/1/b/4/2/0/b4236e6f42779a308e35087db4ed2b60.mp3*~data=user_id=0,application_id=42~hmac=6d58f3af8111efdd17ed427ce81e3624dd3fde95a733febe3447b13018cf096b"
"8","Torn","Natalie Imbruglia","Glorious: The Singles 97-07","554446","706253","Top 25%","1","false","246","true","false","false","","Auto-keep","Top 25% by popularity — defining track for the era","https://cdnt-preview.dzcdn.net/api/1/1/6/5/a/0/65a825288d2f235a798c3dc2b9f35ee9.mp3?hdnea=exp=1780975537~acl=/api/1/1/6/5/a/0/65a825288d2f235a798c3dc2b9f35ee9.mp3*~data=user_id=0,application_id=42~hmac=cf67d70d5f2441212af4b8e7b8a54db079988187930fcf9de65dc03cf7289555"
"350","Closer","Nine Inch Nails","The Downward Spiral","1173960","701099","Top 25%","2","false","373","true","true","false","","Auto-keep","Top 25% by popularity — defining track for the era","https://cdnt-preview.dzcdn.net/api/1/1/c/7/9/0/c79b7e4b431c8ca31e9348281f5ada83.mp3?hdnea=exp=1780975539~acl=/api/1/1/c/7/9/0/c79b7e4b431c8ca31e9348281f5ada83.mp3*~data=user_id=0,application_id=42~hmac=cb91fc32eeac52473b55a3b3f1bf2763d5a87c3ec29fc4b487312896838a9c26"
"17","Gettin' Jiggy Wit It","Will Smith","Greatest Hits","626418","697333","Top 25%","3","false","229","true","false","false","","Auto-keep","Top 25% by popularity — defining track for the era","https://cdnt-preview.dzcdn.net/api/1/1/8/9/a/0/89a835ef41e6e82ee81c631813091b1e.mp3?hdnea=exp=1780975537~acl=/api/1/1/8/9/a/0/89a835ef41e6e82ee81c631813091b1e.mp3*~data=user_id=0,application_id=42~hmac=6275c5471440dd92cac2828266c52392755795e585171109d0e559154942ce8f"
"57","Men In Black (From ""Men In Black"" Soundtrack)","Will Smith","Greatest Hits","626417","697084","Top 25%","3","false","227","true","false","false","","Auto-keep","Top 25% by popularity — defining track for the era","https://cdnt-preview.dzcdn.net/api/1/1/6/2/9/0/629d2b639cf2763d8f18a5dc94c90430.mp3?hdnea=exp=1780975537~acl=/api/1/1/6/2/9/0/629d2b639cf2763d8f18a5dc94c90430.mp3*~data=user_id=0,application_id=42~hmac=c78356fbaadde155913dc40d9186b5a743cd26bf2a669f68102d5e5d4676a4db"
"13","Waterfalls","TLC","Crazysexycool","1043894","696272","Top 25%","4","false","276","true","false","false","","Auto-keep","Top 25% by popularity — defining track for the era","https://cdnt-preview.dzcdn.net/api/1/1/2/a/0/0/2a0ffb8a29cf34fd5e1c235648921ce1.mp3?hdnea=exp=1780975537~acl=/api/1/1/2/a/0/0/2a0ffb8a29cf34fd5e1c235648921ce1.mp3*~data=user_id=0,application_id=42~hmac=984a50ee64e03fe67376e747ebd63619c4632a488422f35544e35d43dbc8b050"
"39","If You Had My Love","Jennifer Lopez","On The 6","15475926","694658","Top 25%","2","false","265","true","false","false","","Auto-keep","Top 25% by popularity — defining track for the era","https://cdnt-preview.dzcdn.net/api/1/1/7/8/e/0/78e9fbca5041b0e73eacaa190190616f.mp3?hdnea=exp=1780975537~acl=/api/1/1/7/8/e/0/78e9fbca5041b0e73eacaa190190616f.mp3*~data=user_id=0,application_id=42~hmac=eadd4cd002cd996754f888976d9dcd14d7f9380e7f24576f08c0ab7aaa3ac156"
"52","Under the Bridge","Red Hot Chili Peppers","Blood Sugar Sex Magik (Deluxe Edition)","725850","690442","Top 25%","4","false","264","true","false","false","","Auto-keep","Top 25% by popularity — defining track for the era","https://cdnt-preview.dzcdn.net/api/1/1/3/4/b/0/34bc5e060833b39587eec58e9dc84fea.mp3?hdnea=exp=1780975537~acl=/api/1/1/3/4/b/0/34bc5e060833b39587eec58e9dc84fea.mp3*~data=user_id=0,application_id=42~hmac=9ec107acf67c802af972378f6d23f918afff9e476cd41d147bcb32ced8e22cbc"
"435","Give Me One Reason","Tracy Chapman","New Beginning","2477838","687875","Top 25%","1","false","268","true","false","false","","Auto-keep","Top 25% by popularity — defining track for the era","https://cdnt-preview.dzcdn.net/api/1/1/d/7/0/0/d70a6c1352c13d7eec4f6315f3ad3d00.mp3?hdnea=exp=1780975539~acl=/api/1/1/d/7/0/0/d70a6c1352c13d7eec4f6315f3ad3d00.mp3*~data=user_id=0,application_id=42~hmac=f268ee23d193b6481a54b5715ed2f1845d70953143ac59c8c7668acdf1ada04a"
"430","Strong Enough","Cher","Believe","786748","682473","Top 25%","2","false","224","true","false","false","","Auto-keep","Top 25% by popularity — defining track for the era","https://cdnt-preview.dzcdn.net/api/1/1/5/d/8/0/5d82c42689818ba8bac1959b47989b98.mp3?hdnea=exp=1780975539~acl=/api/1/1/5/d/8/0/5d82c42689818ba8bac1959b47989b98.mp3*~data=user_id=0,application_id=42~hmac=590e54491b7dc779f9bf39edac571b1ee924ed65e8f4c08306c8b1b8295e112b"
"555","People Everyday (Metamorphosis Mix)","Arrested Development","Greatest Hits","3100807","681392","Top 25%","1","false","296","true","false","false","","Auto-keep","Top 25% by popularity — defining track for the era","https://cdnt-preview.dzcdn.net/api/1/1/5/8/3/0/583679a1d4afe703ca11b46c51a1e2b1.mp3?hdnea=exp=1780975540~acl=/api/1/1/5/8/3/0/583679a1d4afe703ca11b46c51a1e2b1.mp3*~data=user_id=0,application_id=42~hmac=b541633ee86981afa230d3d9c863136952e5468864ff603e9a0d38d165c2f1a1"
"285","Larger Than Life","Backstreet Boys","Millennium","13141169","679994","Top 25%","3","false","232","true","false","false","","Auto-keep","Top 25% by popularity — defining track for the era","https://cdnt-preview.dzcdn.net/api/1/1/8/f/1/0/8f1b41780b0d23226b536ca3cc5bea25.mp3?hdnea=exp=1780975538~acl=/api/1/1/8/f/1/0/8f1b41780b0d23226b536ca3cc5bea25.mp3*~data=user_id=0,application_id=42~hmac=5ac5bc1d64a242c87e342ef3cca78ef83c4accfb2ed774697116d8a87e208801"
"81","Independent Women, Pt. 1","Destiny's Child","Survivor","5817088","678798","Top 25%","5","false","223","true","false","false","","Auto-keep","Top 25% by popularity — defining track for the era","https://cdnt-preview.dzcdn.net/api/1/1/0/9/0/0/0904380099778d8f542fad0b15dd493e.mp3?hdnea=exp=1780975537~acl=/api/1/1/0/9/0/0/0904380099778d8f542fad0b15dd493e.mp3*~data=user_id=0,application_id=42~hmac=ea4025d2af1f41d12831c1d73871f91f601be3004fea40504953c47238610ea2"
"281","Send Me On My Way","Rusted Root","When I Woke","7375715","678643","Top 25%","1","false","263","true","false","false","","Auto-keep","Top 25% by popularity — defining track for the era","https://cdnt-preview.dzcdn.net/api/1/1/d/c/2/0/dc2e656870aafb5017ad6412ff96b46e.mp3?hdnea=exp=1780975538~acl=/api/1/1/d/c/2/0/dc2e656870aafb5017ad6412ff96b46e.mp3*~data=user_id=0,application_id=42~hmac=1d8d3a931ea891fa4241dd2fc7d3c968447c341062fd5b8d9fbd377698780ee5"
"512","No More ""I Love You's""","Annie Lennox","Medusa","1047744","678558","Top 25%","2","false","291","true","false","false","","Auto-keep","Top 25% by popularity — defining track for the era","https://cdnt-preview.dzcdn.net/api/1/1/5/a/5/0/5a5f6ee20a8dda46354c45c9a7669fcc.mp3?hdnea=exp=1780975540~acl=/api/1/1/5/a/5/0/5a5f6ee20a8dda46354c45c9a7669fcc.mp3*~data=user_id=0,application_id=42~hmac=45a73bb1fab89f84c56384f3b3ee4e94dbf1ede0ff8d3a9d5ce5459a7a18b519"
"105","It's Not Right But It's Okay","Whitney Houston","My Love Is Your Love","962142","676550","Top 25%","4","false","292","true","false","false","","Auto-keep","Top 25% by popularity — defining track for the era","https://cdnt-preview.dzcdn.net/api/1/1/1/d/4/0/1d41a3a4207281367c9c69fd2cee8e26.mp3?hdnea=exp=1780975538~acl=/api/1/1/1/d/4/0/1d41a3a4207281367c9c69fd2cee8e26.mp3*~data=user_id=0,application_id=42~hmac=32f885fe8adf904125d4045b406cc2ce475436ac49b17cc7f5c2640c40f7b78d"
"331","Walkin' On The Sun","Smash Mouth","All Star Smash Hits","917719","675891","Top 25%","2","false","207","true","false","false","","Auto-keep","Top 25% by popularity — defining track for the era","https://cdnt-preview.dzcdn.net/api/1/1/6/6/e/0/66eb3a2cf6f96382bb1ca85dfe271e9d.mp3?hdnea=exp=1780975539~acl=/api/1/1/6/6/e/0/66eb3a2cf6f96382bb1ca85dfe271e9d.mp3*~data=user_id=0,application_id=42~hmac=11d0dc98d2aa25f71434786c6836916268690ccf619219826ccda4a3a0cd2e13"
"408","Black or White","Michael Jackson","Dangerous","15593566","928968","Top 25%","4","false","256","true","false","false","47","Manual review","Likely duplicate of position 47 (different version)","https://cdnt-preview.dzcdn.net/api/1/1/2/5/2/0/2523fceaa336fa3aedcd33a8a4e2bda9.mp3?hdnea=exp=1780975539~acl=/api/1/1/2/5/2/0/2523fceaa336fa3aedcd33a8a4e2bda9.mp3*~data=user_id=0,application_id=42~hmac=c4d72d6827db68597ad2bee9d443b0dda7d864601f06cb1f76746b1d5e9a7790"
"355","All By Myself","Céline Dion","Falling into You","714269242","810442","Top 25%","6","false","312","true","false","false","45","Manual review","Likely duplicate of position 45 (different version)","https://cdnt-preview.dzcdn.net/api/1/1/1/5/a/0/15a5673ffd1c7e3454c3874c0d0f3957.mp3?hdnea=exp=1780975539~acl=/api/1/1/1/5/a/0/15a5673ffd1c7e3454c3874c0d0f3957.mp3*~data=user_id=0,application_id=42~hmac=4730496d02097aebb5a21e631bd2f999908e5e7fb4e0ff72dcc08d9e1e2b28a5"
"516","1979","The Smashing Pumpkins","Aeroplane Flies High (Deluxe Edition)","68976286","783250","Top 25%","6","false","266","true","false","false","256","Manual review","Likely duplicate of position 256 (different version)","https://cdnt-preview.dzcdn.net/api/1/1/b/8/8/0/b88841c8283987ab0fd90008ade3c179.mp3?hdnea=exp=1780975540~acl=/api/1/1/b/8/8/0/b88841c8283987ab0fd90008ade3c179.mp3*~data=user_id=0,application_id=42~hmac=73d6e2d64a68d78eaa2de16ebfdb74bc8319606c9b613b7d86689dd9da8e3728"
"269","Bitter Sweet Symphony","The Verve","90s Rock","432946922","779082","Top 25%","3","false","357","true","false","false","43","Manual review","Likely duplicate of position 43 (different version)","https://cdnt-preview.dzcdn.net/api/1/1/8/5/9/0/8595c6f8e51901b3ba1bfc5bd5b54d60.mp3?hdnea=exp=1780975538~acl=/api/1/1/8/5/9/0/8595c6f8e51901b3ba1bfc5bd5b54d60.mp3*~data=user_id=0,application_id=42~hmac=2a5039e97c02a3aef8f39b0e815be99f56349e8ec08e414a73db138b0c4b0818"
"537","Mr. Vain (Original Radio Edit)","Culture Beat","Mr. Vain","17347911","754334","Top 25%","2","false","257","true","false","false","441","Manual review","Likely duplicate of position 441 (different version)","https://cdnt-preview.dzcdn.net/api/1/1/d/b/2/0/db2b9228aef8b1bc93138ac5864dc1b8.mp3?hdnea=exp=1780975540~acl=/api/1/1/d/b/2/0/db2b9228aef8b1bc93138ac5864dc1b8.mp3*~data=user_id=0,application_id=42~hmac=69dc716f6bfdb397f66eeb6ad85c5d5c056b3b0b5b73671f9e823e2a279c0bef"
"453","Another Night","Real McCoy","Another Night","1042543","675849","Top 25%","2","false","235","true","false","false","","Manual review","Mid-tier popularity — listen to preview and decide","https://cdnt-preview.dzcdn.net/api/1/1/b/2/1/0/b21f764df8c03e54a247b96698d006d4.mp3?hdnea=exp=1780975539~acl=/api/1/1/b/2/1/0/b21f764df8c03e54a247b96698d006d4.mp3*~data=user_id=0,application_id=42~hmac=58607ba4359092980be594b6d783c9e6cc633ccc69fcbc1534a90691d9a01fec"
"38","My Own Worst Enemy","Lit","A Place In The Sun","967040","674683","Top 25%","1","false","169","true","true","false","","Manual review","Mid-tier popularity — listen to preview and decide","https://cdnt-preview.dzcdn.net/api/1/1/3/3/b/0/33b62019ba29f11dd00f46a60e4a862f.mp3?hdnea=exp=1780975537~acl=/api/1/1/3/3/b/0/33b62019ba29f11dd00f46a60e4a862f.mp3*~data=user_id=0,application_id=42~hmac=a161111fe14615b90b3a5e764702987de7e6e4e89700765288de4b72e176a7eb"
"23","Oops!...I Did It Again","Britney Spears","Greatest Hits: My Prerogative","582254","673131","Top 25%","4","false","210","true","false","false","","Manual review","Mid-tier popularity — listen to preview and decide","https://cdnt-preview.dzcdn.net/api/1/1/6/8/9/0/689e2a07e2e65855e34efabc39847563.mp3?hdnea=exp=1780975537~acl=/api/1/1/6/8/9/0/689e2a07e2e65855e34efabc39847563.mp3*~data=user_id=0,application_id=42~hmac=c7c92ef5a0d9510fbb66edab8b8509e6dc0b10b4ec6c8e54d5ac4b6f8ae3d5d2"
"294","Guerrilla Radio","Rage Against the Machine","The Battle Of Los Angeles","15178643","671143","Top 25%","3","false","206","true","true","false","","Manual review","Mid-tier popularity — listen to preview and decide","https://cdnt-preview.dzcdn.net/api/1/1/0/5/0/0/050a152c94cce0dd94ab933fef16a688.mp3?hdnea=exp=1780975538~acl=/api/1/1/0/5/0/0/050a152c94cce0dd94ab933fef16a688.mp3*~data=user_id=0,application_id=42~hmac=1d8c8127d86a1c0c9f5b6d307d0027089bf49d2591355d2bc6e4b3ad439dee59"
"30","Ghetto Supastar (That is What You Are) (feat. Ol' Dirty Bastard & Mýa)","Pras","Ghetto Supastar","626546","671069","Top 25%","1","false","261","true","false","false","","Manual review","Mid-tier popularity — listen to preview and decide","https://cdnt-preview.dzcdn.net/api/1/1/3/7/3/0/373f9065614397185fb38bbe2b02483e.mp3?hdnea=exp=1780975537~acl=/api/1/1/3/7/3/0/373f9065614397185fb38bbe2b02483e.mp3*~data=user_id=0,application_id=42~hmac=d29e411ce4b955d5fd399f58b636579655ee692e1ca760afea047f33686fee42"
"338","Welcome to Paradise","Green Day","Dookie","678040","669766","Top 25%","4","false","224","true","false","false","","Manual review","Mid-tier popularity — listen to preview and decide","https://cdnt-preview.dzcdn.net/api/1/1/4/e/8/0/4e88a37bfd3dad90a0ffba5a09cae3cc.mp3?hdnea=exp=1780975539~acl=/api/1/1/4/e/8/0/4e88a37bfd3dad90a0ffba5a09cae3cc.mp3*~data=user_id=0,application_id=42~hmac=57d6e56e1c6b5c1433654c79c3825b99f229ced5efac59eb8e71fdc514410522"
"534","That's The Way Love Goes","Janet Jackson","Janet","3501645","669031","Top 25%","2","false","265","true","false","false","","Manual review","Mid-tier popularity — listen to preview and decide","https://cdnt-preview.dzcdn.net/api/1/1/f/3/b/0/f3b1c78026282638db4a6891f9976770.mp3?hdnea=exp=1780975540~acl=/api/1/1/f/3/b/0/f3b1c78026282638db4a6891f9976770.mp3*~data=user_id=0,application_id=42~hmac=3465cac0c628db420b6c34d81fda95d67e4ed0e15f3a516abe5bfb95b26ff1e9"
"457","9Pm (Till I Come)","ATB","Movin' Melodies","61639624","668017","Top 25%","1","false","193","true","false","false","","Manual review","Mid-tier popularity — listen to preview and decide","https://cdnt-preview.dzcdn.net/api/1/1/6/a/b/0/6abef8941da51d51b5af40811fcbe268.mp3?hdnea=exp=1780975539~acl=/api/1/1/6/a/b/0/6abef8941da51d51b5af40811fcbe268.mp3*~data=user_id=0,application_id=42~hmac=7920953e3cbd3baba37d188038b7c72df4956e28efd0c2f12285c9160a526e25"
"542","Tom's Diner (7"" Version)","DNA","RetroSpective: The Best Of Suzanne Vega","549263622","666841","Top 25%","1","false","229","true","false","false","","Manual review","Mid-tier popularity — listen to preview and decide","https://cdnt-preview.dzcdn.net/api/1/1/e/8/4/0/e844ffbab165a7b41e2eda9f0fd22520.mp3?hdnea=exp=1780975540~acl=/api/1/1/e/8/4/0/e844ffbab165a7b41e2eda9f0fd22520.mp3*~data=user_id=0,application_id=42~hmac=2aa1a95af4494f5c8849f8ce59ffd7d10ed2ff6d5429292dd498c4fb8cb57e9f"
"121","Daughter (Remastered)","Pearl Jam","Vs.","10273980","663075","Top 25%","5","false","234","true","false","false","","Manual review","Mid-tier popularity — listen to preview and decide","https://cdnt-preview.dzcdn.net/api/1/1/a/6/5/0/a65084e411f32f76ae829e0ef436a4f1.mp3?hdnea=exp=1780975538~acl=/api/1/1/a/6/5/0/a65084e411f32f76ae829e0ef436a4f1.mp3*~data=user_id=0,application_id=42~hmac=b483db24644f8b10355b5911cb3e9fc119b9c618f867d29dd7129e98ba2f3019"
"257","One Headlight","The Wallflowers","Bringing Down The Horse","2193499","663062","Top 25%","3","false","312","true","false","false","","Manual review","Mid-tier popularity — listen to preview and decide","https://cdnt-preview.dzcdn.net/api/1/1/c/c/a/0/cca4a1a93af87370ed9b84e76b6333d9.mp3?hdnea=exp=1780975538~acl=/api/1/1/c/c/a/0/cca4a1a93af87370ed9b84e76b6333d9.mp3*~data=user_id=0,application_id=42~hmac=b30cbf779ea2235f9cfe4d0fe2b905afbfec3aaadda2d386bd5e4c723f5295a4"
"341","Say It Ain't So (Original Mix)","Weezer","Weezer (Blue Album)","2542120","660838","Top 25%","3","false","258","true","false","false","","Manual review","Mid-tier popularity — listen to preview and decide","https://cdnt-preview.dzcdn.net/api/1/1/6/c/b/0/6cbc15fc294d2388bbb9339ec9983a7d.mp3?hdnea=exp=1780975539~acl=/api/1/1/6/c/b/0/6cbc15fc294d2388bbb9339ec9983a7d.mp3*~data=user_id=0,application_id=42~hmac=c5b91a4dcb523b7a1fa0ef05ff259519ea98f02ae315e2f7deb9192c91575743"
"145","I Want You Back (Radio Edit)","*NSYNC","'N Sync UK Version","1022536","660009","Top 25%","3","false","200","true","false","false","","Manual review","Mid-tier popularity — listen to preview and decide","https://cdnt-preview.dzcdn.net/api/1/1/a/f/d/0/afd8f6ed73405ade13f917143db75ede.mp3?hdnea=exp=1780975538~acl=/api/1/1/a/f/d/0/afd8f6ed73405ade13f917143db75ede.mp3*~data=user_id=0,application_id=42~hmac=68795a97084403a37bfd2721d0aabdbbd036e7019ee2e1c9006f03cb68b41902"
"104","Man in the Box","Alice In Chains","The Essential Alice In Chains","8035668","658045","Top 25%","3","false","286","true","true","false","","Manual review","Mid-tier popularity — listen to preview and decide","https://cdnt-preview.dzcdn.net/api/1/1/3/5/f/0/35f4f705a4bd29abb9f4ddcee3a1307e.mp3?hdnea=exp=1780975538~acl=/api/1/1/3/5/f/0/35f4f705a4bd29abb9f4ddcee3a1307e.mp3*~data=user_id=0,application_id=42~hmac=fb42ef6161f29d6d6f2186f7e8e013a16dcef1a63e350160dcf35b91d73b4f50"
"504","Sleeping Satellite","Tasmin Archer","Great Expectations","3115574","657992","Top 25%","1","false","281","true","false","false","","Manual review","Mid-tier popularity — listen to preview and decide","https://cdnt-preview.dzcdn.net/api/1/1/f/d/8/0/fd8dd55ecd828a6b02d20d4c09552114.mp3?hdnea=exp=1780975540~acl=/api/1/1/f/d/8/0/fd8dd55ecd828a6b02d20d4c09552114.mp3*~data=user_id=0,application_id=42~hmac=7c8455cd196f2f015aef8b6aa1f3121fd4deed901a140ec36bd2366ce9f0aeb0"
"521","Closing Time","Semisonic","Closing Time","546248912","656272","Top 25%","2","false","273","true","false","false","166","Manual review","Likely duplicate of position 166 (different version)","https://cdnt-preview.dzcdn.net/api/1/1/b/a/a/0/baaa31b8e84878ff590b9101250ba243.mp3?hdnea=exp=1780975540~acl=/api/1/1/b/a/a/0/baaa31b8e84878ff590b9101250ba243.mp3*~data=user_id=0,application_id=42~hmac=c8c618c2a48a65d769ad9a65e1a01c111d63eac9f824fd74e7a2cc3cbf646691"
"74","Policy of Truth","Depeche Mode","Violator (Deluxe)","136331384","655499","Top 25%","3","false","295","true","false","false","","Manual review","Mid-tier popularity — listen to preview and decide","https://cdnt-preview.dzcdn.net/api/1/1/4/d/4/0/4d4f5961db8f69fda3b6e8685a970f9f.mp3?hdnea=exp=1780975537~acl=/api/1/1/4/d/4/0/4d4f5961db8f69fda3b6e8685a970f9f.mp3*~data=user_id=0,application_id=42~hmac=f095c933e6615c0d83c3b800f28f583a84f9a5b71fe5c9b3eb6a5b038e44f86c"
"46","(You Drive Me) Crazy","Britney Spears","...Baby One More Time (Digital Deluxe Version)","540176","654330","Top 25%","4","false","200","true","false","false","","Manual review","Mid-tier popularity — listen to preview and decide","https://cdnt-preview.dzcdn.net/api/1/1/c/d/4/0/cd46e17449eaf8bc8564dbf5687ef115.mp3?hdnea=exp=1780975537~acl=/api/1/1/c/d/4/0/cd46e17449eaf8bc8564dbf5687ef115.mp3*~data=user_id=0,application_id=42~hmac=7e668166eb18da687ecc44b90bcf81c0ae9d0eb2f25e83263104da2b562e5ea4"
"506","Fastlove, Pt. 1","George Michael","Older","8112357","652906","Top 25%","4","false","327","true","false","false","","Manual review","Mid-tier popularity — listen to preview and decide","https://cdnt-preview.dzcdn.net/api/1/1/4/e/9/0/4e9f080eb71b7b267ea9d6ccb6f17caa.mp3?hdnea=exp=1780975540~acl=/api/1/1/4/e/9/0/4e9f080eb71b7b267ea9d6ccb6f17caa.mp3*~data=user_id=0,application_id=42~hmac=5a6174f377fcefb1c448c7f84960b2b6c7039086c49184aaee20dad8448332df"
"391","Say You'll Be There","Spice Girls","Spice","3133739","647029","Top 25%","4","false","235","true","false","false","","Manual review","Mid-tier popularity — listen to preview and decide","https://cdnt-preview.dzcdn.net/api/1/1/8/9/5/0/8951e31c59ba9fdb02d64be92f24b33f.mp3?hdnea=exp=1780975539~acl=/api/1/1/8/9/5/0/8951e31c59ba9fdb02d64be92f24b33f.mp3*~data=user_id=0,application_id=42~hmac=eae9efe46da50fb7d328d75315a707662c8620db25c0e95a125019ed06b17458"
"402","Love Like This","Faith Evans","Keep the Faith","6917807","645286","Top 25%","1","false","275","true","false","false","","Manual review","Mid-tier popularity — listen to preview and decide","https://cdnt-preview.dzcdn.net/api/1/1/3/3/1/0/3314417a127c881d193774291d4a4dfb.mp3?hdnea=exp=1780975539~acl=/api/1/1/3/3/1/0/3314417a127c881d193774291d4a4dfb.mp3*~data=user_id=0,application_id=42~hmac=cf8859e432ee005fb2ea7f16da1aeebb0c2485dbd9949a9dc106fe6b3e62f6af"
"200","X Gon' Give It To Ya","DMX","Cradle 2 The Grave","2251072","645087","Top 25%","3","false","219","true","true","false","","Manual review","Mid-tier popularity — listen to preview and decide","https://cdnt-preview.dzcdn.net/api/1/1/d/d/a/0/ddaec952f1e8034725e2d97436e51703.mp3?hdnea=exp=1780975538~acl=/api/1/1/d/d/a/0/ddaec952f1e8034725e2d97436e51703.mp3*~data=user_id=0,application_id=42~hmac=93a77d81a645963b9e1cbbf6c403edd23ef51ea634308f918084b883f83b4962"
"18","Jumpin', Jumpin'","Destiny's Child","The Writing's On The Wall","580931","644176","Top 25%","5","false","227","true","false","false","","Manual review","Mid-tier popularity — listen to preview and decide","https://cdnt-preview.dzcdn.net/api/1/1/8/b/e/0/8bea816f389c181898e362b362efd235.mp3?hdnea=exp=1780975537~acl=/api/1/1/8/b/e/0/8bea816f389c181898e362b362efd235.mp3*~data=user_id=0,application_id=42~hmac=8830780c300ead1e68d99c9f5622d5ada99c390c266e35f06cdcafb9645e4561"
"149","This Is How We Do It","Montell Jordan","This Is How We Do It","2522953","643076","Top 25%","1","false","277","true","true","false","","Manual review","Mid-tier popularity — listen to preview and decide","https://cdnt-preview.dzcdn.net/api/1/1/f/2/4/0/f24c4c53e344119f735e9d3c412b003a.mp3?hdnea=exp=1780975538~acl=/api/1/1/f/2/4/0/f24c4c53e344119f735e9d3c412b003a.mp3*~data=user_id=0,application_id=42~hmac=4994a5c1d0e7cbf82a029318ed21f6b4ea80b509cb708ce933666d075bd1e322"
"284","Sometimes","Britney Spears","...Baby One More Time (Digital Deluxe Version)","540177","642376","Top 25%","4","false","245","true","false","false","","Manual review","Mid-tier popularity — listen to preview and decide","https://cdnt-preview.dzcdn.net/api/1/1/0/9/d/0/09d0b16d1146637c25a716ae93f49ae4.mp3?hdnea=exp=1780975538~acl=/api/1/1/0/9/d/0/09d0b16d1146637c25a716ae93f49ae4.mp3*~data=user_id=0,application_id=42~hmac=4c66dcff7f259872cbc9166e32e1247f93960eff2e92680a3aa6bdc9f7832672"
"107","Hits from the Bong","Cypress Hill","Black Sunday","1015879","641601","Top 25%","2","false","161","true","true","false","","Manual review","Mid-tier popularity — listen to preview and decide","https://cdnt-preview.dzcdn.net/api/1/1/3/d/5/0/3d5fc19a0463518b0e56e40b51cb5727.mp3?hdnea=exp=1780975538~acl=/api/1/1/3/d/5/0/3d5fc19a0463518b0e56e40b51cb5727.mp3*~data=user_id=0,application_id=42~hmac=346d76d5febcf7c50f314a539c1d6ab434c9a1999f2ce18ba271f66b7d06f4de"
"390","Spice Up Your Life","Spice Girls","Spiceworld","3134155","639258","Top 25%","4","false","173","true","false","false","","Manual review","Mid-tier popularity — listen to preview and decide","https://cdnt-preview.dzcdn.net/api/1/1/2/b/c/0/2bc13355ee041719c4b9c17b4ace99e1.mp3?hdnea=exp=1780975539~acl=/api/1/1/2/b/c/0/2bc13355ee041719c4b9c17b4ace99e1.mp3*~data=user_id=0,application_id=42~hmac=47ab8e527fd37c6289e9f60227807b296b3be021381cb8233b8d9921eddbaf57"
"66","Personal Jesus","Depeche Mode","Violator (Deluxe)","136331376","637751","Top 25%","3","false","296","true","false","false","","Manual review","Mid-tier popularity — listen to preview and decide","https://cdnt-preview.dzcdn.net/api/1/1/5/9/6/0/5968a6d1f3330cd6e1cf1f427bf9c277.mp3?hdnea=exp=1780975537~acl=/api/1/1/5/9/6/0/5968a6d1f3330cd6e1cf1f427bf9c277.mp3*~data=user_id=0,application_id=42~hmac=ebb950e5c25348838c0171e48a864954c372bf366660fb642f37022cc44505d2"
"189","Juicy","The Notorious B.I.G.","Greatest Hits","3616616","636887","Top 25%","2","false","285","true","false","false","","Manual review","Mid-tier popularity — listen to preview and decide","https://cdnt-preview.dzcdn.net/api/1/1/f/d/4/0/fd4d7f774b10f0c777369eb0961cc84d.mp3?hdnea=exp=1780975538~acl=/api/1/1/f/d/4/0/fd4d7f774b10f0c777369eb0961cc84d.mp3*~data=user_id=0,application_id=42~hmac=fbfce748864cecab9d463ee2fc86be0bd80f298290c0ed8c7746cd6f8db00f1e"
"194","Back At One","Brian McKnight","Back At One","2173612","636524","Top 25%","1","false","263","true","false","false","","Manual review","Mid-tier popularity — listen to preview and decide","https://cdnt-preview.dzcdn.net/api/1/1/a/f/f/0/aff80cc2bc2e4f87b2be73daaa60d252.mp3?hdnea=exp=1780975538~acl=/api/1/1/a/f/f/0/aff80cc2bc2e4f87b2be73daaa60d252.mp3*~data=user_id=0,application_id=42~hmac=61b6cd6f3afc98056eb2045f55b0cbce1be076c1b501cddae813263facaf4f03"
"500","The Power of Good-Bye","Madonna","Ray of Light","778768","630681","Top 25%","4","false","251","true","false","false","","Manual review","Mid-tier popularity — listen to preview and decide","https://cdnt-preview.dzcdn.net/api/1/1/8/2/2/0/822b31ad0f164ca3082e0f2e929b2633.mp3?hdnea=exp=1780975539~acl=/api/1/1/8/2/2/0/822b31ad0f164ca3082e0f2e929b2633.mp3*~data=user_id=0,application_id=42~hmac=01923718f48a2c9ce430dfb70b08822388623da976c0e2b7f166ba49be6d06ca"
"48","Pony","Ginuwine","R&B: From Doo-Wop To Hip-Hop","830571","630286","Top 25%","3","false","252","true","true","false","","Manual review","Mid-tier popularity — listen to preview and decide","https://cdnt-preview.dzcdn.net/api/1/1/7/0/a/0/70a03c55bf643f490c3df8b3803582bc.mp3?hdnea=exp=1780975537~acl=/api/1/1/7/0/a/0/70a03c55bf643f490c3df8b3803582bc.mp3*~data=user_id=0,application_id=42~hmac=be1161396bdb8ee77e45feb1095c8dbb28973bb16e26acaeb0d980bde10a6ef4"
"216","All My Life","K-Ci & JoJo","Love Always","2428523","629936","Top 25%","1","false","331","true","false","false","","Manual review","Mid-tier popularity — listen to preview and decide","https://cdnt-preview.dzcdn.net/api/1/1/8/3/a/0/83af0999dfc9f3083c0147f67148fe08.mp3?hdnea=exp=1780975538~acl=/api/1/1/8/3/a/0/83af0999dfc9f3083c0147f67148fe08.mp3*~data=user_id=0,application_id=42~hmac=51273447e1c9cf29994610d53c1b52bc3663e2039b287fa0d05d94f79d2024ba"
"82","Jump","Kris Kross","Totally Krossed Out","1056838","627512","Top 25%","1","false","194","true","false","false","","Manual review","Mid-tier popularity — listen to preview and decide","https://cdnt-preview.dzcdn.net/api/1/1/2/b/a/0/2bab93e531eafa366325fbfd69bd3b43.mp3?hdnea=exp=1780975537~acl=/api/1/1/2/b/a/0/2bab93e531eafa366325fbfd69bd3b43.mp3*~data=user_id=0,application_id=42~hmac=c794f3cf5b21724772fa758a95c2f5ab7abb21436bdb7d2c8cce06be0320bb0e"
"495","Erase / Rewind","The Cardigans","Gran Turismo","916487","624618","Top 25%","3","false","215","true","false","false","","Manual review","Mid-tier popularity — listen to preview and decide","https://cdnt-preview.dzcdn.net/api/1/1/d/b/7/0/db7c3444ef4a42f37f8b83e9d5aa7011.mp3?hdnea=exp=1780975539~acl=/api/1/1/d/b/7/0/db7c3444ef4a42f37f8b83e9d5aa7011.mp3*~data=user_id=0,application_id=42~hmac=c27cc93c01df1c83a317e81bc6a448b2ff056112459222dd2b60277974346bd4"
"275","How Bizarre","OMC","Classic 90's","2234278","623079","Top 25%","1","false","224","true","false","false","","Manual review","Mid-tier popularity — listen to preview and decide","https://cdnt-preview.dzcdn.net/api/1/1/7/c/7/0/7c78940a22ea239180b0a6cea57a07d1.mp3?hdnea=exp=1780975538~acl=/api/1/1/7/c/7/0/7c78940a22ea239180b0a6cea57a07d1.mp3*~data=user_id=0,application_id=42~hmac=e91e10ef096e6371b126990a24a2f4ae081cd9c0926e4adef32c5f91e0a0d5dc"
"369","Sex & Candy","Marcy Playground","Marcy Playground","3239961","623078","Top 25%","2","false","173","true","false","false","","Manual review","Mid-tier popularity — listen to preview and decide","https://cdnt-preview.dzcdn.net/api/1/1/c/f/8/0/cf80e913bbbd4411f78c6eea4ad0a447.mp3?hdnea=exp=1780975539~acl=/api/1/1/c/f/8/0/cf80e913bbbd4411f78c6eea4ad0a447.mp3*~data=user_id=0,application_id=42~hmac=d12ee4d0039e9c22c91fc13c4577cccede1487e0e7c2725c7931277e564cf766"
"462","I Melt with You","Modern English","After the Snow","943152","621937","Top 25%","1","false","251","true","false","false","","Manual review","Mid-tier popularity — listen to preview and decide","https://cdnt-preview.dzcdn.net/api/1/1/a/6/e/0/a6e8d246754512eda53b9403c16a7291.mp3?hdnea=exp=1780975539~acl=/api/1/1/a/6/e/0/a6e8d246754512eda53b9403c16a7291.mp3*~data=user_id=0,application_id=42~hmac=c1e9c990f58c8690ee6c302a0cefcad274e958f62cab04e0fcd103cf9d4a6f1d"
"544","Champagne Supernova (Remastered)","Oasis","(What's The Story) Morning Glory? (Remastered)","84572633","620231","Top 25%","3","false","451","true","false","false","146","Manual review","Likely duplicate of position 146 (different version)","https://cdnt-preview.dzcdn.net/api/1/1/7/8/b/0/78b54dbd0637ab90ffd26915c4977a3f.mp3?hdnea=exp=1780975540~acl=/api/1/1/7/8/b/0/78b54dbd0637ab90ffd26915c4977a3f.mp3*~data=user_id=0,application_id=42~hmac=860b43d735fd263ccbc7c15eb15307061837b089e4b1a25058dcbd7687b380f2"
"319","Cherub Rock (2011 Remaster)","The Smashing Pumpkins","Siamese Dream (2011 - Remaster)","14738292","618917","Top 25%","6","false","298","true","false","false","","Manual review","Mid-tier popularity — listen to preview and decide","https://cdnt-preview.dzcdn.net/api/1/1/6/3/d/0/63dff136b08b8aaeb822d8f4c965e288.mp3?hdnea=exp=1780975539~acl=/api/1/1/6/3/d/0/63dff136b08b8aaeb822d8f4c965e288.mp3*~data=user_id=0,application_id=42~hmac=9ebb126c7eaf505b7416c515f38d62dc41321402f0cf635da0489da591c0aa8c"
"384","No Rain","Blind Melon","Blind Melon","3359652","617340","Top 25%","1","false","217","true","false","false","","Manual review","Mid-tier popularity — listen to preview and decide","https://cdnt-preview.dzcdn.net/api/1/1/c/d/5/0/cd5846c10b63919e3f01eb9503453a58.mp3?hdnea=exp=1780975539~acl=/api/1/1/c/d/5/0/cd5846c10b63919e3f01eb9503453a58.mp3*~data=user_id=0,application_id=42~hmac=375b36fcc65479c82e10c99d234db988c4087ebda5266a4f469dc3d6bc5a3021"
"389","Ready to Go","Republica","Ready To Go","994557","616457","Top 25%","1","false","301","true","false","false","","Manual review","Mid-tier popularity — listen to preview and decide","https://cdnt-preview.dzcdn.net/api/1/1/f/c/d/0/fcda746c6aaa97fddcef64c3ea9834ff.mp3?hdnea=exp=1780975539~acl=/api/1/1/f/c/d/0/fcda746c6aaa97fddcef64c3ea9834ff.mp3*~data=user_id=0,application_id=42~hmac=174bc60aa6f3c941c9d1f88280c3e1fee068cea1531ed2b3e405da7cdbe55d6c"
"173","Breakfast At Tiffany's","Deep Blue Something","Home","2315711","611814","Top 25%","1","false","257","true","false","false","","Manual review","Mid-tier popularity — listen to preview and decide","https://cdnt-preview.dzcdn.net/api/1/1/b/4/2/0/b42287e942930875de5e8cf00a770e2d.mp3?hdnea=exp=1780975538~acl=/api/1/1/b/4/2/0/b42287e942930875de5e8cf00a770e2d.mp3*~data=user_id=0,application_id=42~hmac=20b2ab60cfc51ede88796aeb4b3a523fc271562409ff2ffb9b88d3ba99862edd"
"109","I Have Nothing","Whitney Houston","Essential Memories Of Love","5363365","610338","Top 25%","4","false","287","true","false","false","","Manual review","Mid-tier popularity — listen to preview and decide","https://cdnt-preview.dzcdn.net/api/1/1/a/f/c/0/afc6809ad570abf506587a81f8989d4b.mp3?hdnea=exp=1780975538~acl=/api/1/1/a/f/c/0/afc6809ad570abf506587a81f8989d4b.mp3*~data=user_id=0,application_id=42~hmac=8a1283086b83746a12a391d650931f19725bc2c88571a468c4f499cba75f8292"
"27","Butterfly","Crazy Town","The Gift Of Game","13144808","609836","Top 25%","1","false","217","true","false","false","","Manual review","Mid-tier popularity — listen to preview and decide","https://cdnt-preview.dzcdn.net/api/1/1/3/4/4/0/344f12a49560885e6f4ff0a459b8be25.mp3?hdnea=exp=1780975537~acl=/api/1/1/3/4/4/0/344f12a49560885e6f4ff0a459b8be25.mp3*~data=user_id=0,application_id=42~hmac=5390e46ce40cc2bcdb639c6cf9194f5676b632890551952bcb65ac22c410933c"
"125","Differences","Ginuwine","Greatest Hits","567968","609344","Top 25%","3","false","266","true","false","false","","Manual review","Mid-tier popularity — listen to preview and decide","https://cdnt-preview.dzcdn.net/api/1/1/d/9/9/0/d992b8ae4f8eedaebf000d0b06c39af2.mp3?hdnea=exp=1780975538~acl=/api/1/1/d/9/9/0/d992b8ae4f8eedaebf000d0b06c39af2.mp3*~data=user_id=0,application_id=42~hmac=6113357099be541ba3478a483f98b44d62eb50b547e8d7603f47bee90e9f388f"
"321","Disarm (2011 Remaster)","The Smashing Pumpkins","Siamese Dream (2011 - Remaster)","14738297","608524","Top 25%","6","false","196","true","false","false","","Manual review","Mid-tier popularity — listen to preview and decide","https://cdnt-preview.dzcdn.net/api/1/1/2/f/1/0/2f11c422cc2bedc3f1f8ec0d42433a53.mp3?hdnea=exp=1780975539~acl=/api/1/1/2/f/1/0/2f11c422cc2bedc3f1f8ec0d42433a53.mp3*~data=user_id=0,application_id=42~hmac=1d9ed4a0234dda92ea83a3a9d2171808a48e1599a965b456a40c3199026175b4"
"264","Achy Breaky Heart","Billy Ray Cyrus","The Best Of Billy Ray Cyrus: Cover To Cover","921154","603600","Top 25%","1","false","204","true","false","false","","Manual review","Mid-tier popularity — listen to preview and decide","https://cdnt-preview.dzcdn.net/api/1/1/2/b/5/0/2b5a1853e46105a06059fb3295b5a31f.mp3?hdnea=exp=1780975538~acl=/api/1/1/2/b/5/0/2b5a1853e46105a06059fb3295b5a31f.mp3*~data=user_id=0,application_id=42~hmac=9ddfec2aae7e76c2d8f7eec0b6218dc2049c04e130e6c712f04fe3eba33287d9"
"58","Tearin' up My Heart (Radio Edit)","*NSYNC","'N Sync","15477160","603370","Top 25%","3","false","206","true","false","false","","Manual review","Mid-tier popularity — listen to preview and decide","https://cdnt-preview.dzcdn.net/api/1/1/5/1/2/0/512aaeaa888f3bd4abca3e5a53244beb.mp3?hdnea=exp=1780975537~acl=/api/1/1/5/1/2/0/512aaeaa888f3bd4abca3e5a53244beb.mp3*~data=user_id=0,application_id=42~hmac=92582c3a69cca47392267a546b2b1ffa52ce6b7c4e12742b9cef103bfe9fe144"
"515","My Favourite Game","The Cardigans","Best Of","910478","595746","Top 25%","3","false","220","true","false","false","","Manual review","Mid-tier popularity — listen to preview and decide","https://cdnt-preview.dzcdn.net/api/1/1/0/4/6/0/046388af09c1db0a24cae27ee0b77267.mp3?hdnea=exp=1780975540~acl=/api/1/1/0/4/6/0/046388af09c1db0a24cae27ee0b77267.mp3*~data=user_id=0,application_id=42~hmac=86d4b810ae6465dd73a01deca4b25f9c77656a366855007cd25e69cf307fda9d"
"126","Are You Ready","AC/DC","The Razors Edge","92720114","592049","Top 25%","1","false","250","true","false","false","","Manual review","Mid-tier popularity — listen to preview and decide","https://cdnt-preview.dzcdn.net/api/1/1/4/9/a/0/49adad66a6c5889a8badb62ba1a14eb6.mp3?hdnea=exp=1780975538~acl=/api/1/1/4/9/a/0/49adad66a6c5889a8badb62ba1a14eb6.mp3*~data=user_id=0,application_id=42~hmac=83ed30dda4dbec1c2472e644b6ce8192eb2cdd6e257a5f3e355e4cac7fd18b47"
"526","Too Close","Next","Rated Next","1043576","591645","Top 25%","1","false","259","true","true","false","","Manual review","Mid-tier popularity — listen to preview and decide","https://cdnt-preview.dzcdn.net/api/1/1/4/e/b/0/4ebc47587abb480119b0e4227cab4cfb.mp3?hdnea=exp=1780975540~acl=/api/1/1/4/e/b/0/4ebc47587abb480119b0e4227cab4cfb.mp3*~data=user_id=0,application_id=42~hmac=76b997b2c6234c2597f858589ffb1c6171b02e963981bb96dc49cc0ce228def7"
"206","The Way","Fastball","Painting The Corners: The Best Of Fastball","24223581","591314","Top 25%","2","false","256","true","false","false","","Manual review","Mid-tier popularity — listen to preview and decide","https://cdnt-preview.dzcdn.net/api/1/1/b/2/3/0/b23603375faa2bec5239799069837013.mp3?hdnea=exp=1780975538~acl=/api/1/1/b/2/3/0/b23603375faa2bec5239799069837013.mp3*~data=user_id=0,application_id=42~hmac=a3d08daae1cc7297cff2f7fced6ee0944e7834fa7f19ba83699028cee2fddb30"
"530","Intergalactic (Remastered 2009)","Beastie Boys","Hello Nasty (Deluxe Edition/Remastered)","4013664","589396","Top 25%","2","false","231","true","false","false","","Manual review","Mid-tier popularity — listen to preview and decide","https://cdnt-preview.dzcdn.net/api/1/1/4/f/2/0/4f291182bbd94786bf5fd68c3f570661.mp3?hdnea=exp=1780975540~acl=/api/1/1/4/f/2/0/4f291182bbd94786bf5fd68c3f570661.mp3*~data=user_id=0,application_id=42~hmac=a0c77655b111c447bccb926d69a3bdf88b2c1400af628eafd001987775f0fb0d"
"441","Mr. Vain","Culture Beat","Serenity","29794781","589048","Top 25%","2","false","336","true","false","false","","Manual review","Mid-tier popularity — listen to preview and decide","https://cdnt-preview.dzcdn.net/api/1/1/8/d/9/0/8d9db81a051394cc02a2c8be44a2dce8.mp3?hdnea=exp=1780975539~acl=/api/1/1/8/d/9/0/8d9db81a051394cc02a2c8be44a2dce8.mp3*~data=user_id=0,application_id=42~hmac=7b5f57c70a8ddbdef8fd800504aa7431360d00dfe8ccd5c88c36dfe2e1122427"
"195","Short Skirt / Long Jacket","Cake","Comfort Eagle","624991","588006","Top 25%","3","false","204","true","false","false","","Manual review","Mid-tier popularity — listen to preview and decide","https://cdnt-preview.dzcdn.net/api/1/1/a/5/d/0/a5d0e920eb6ab313281229ffff441150.mp3?hdnea=exp=1780975538~acl=/api/1/1/a/5/d/0/a5d0e920eb6ab313281229ffff441150.mp3*~data=user_id=0,application_id=42~hmac=31a882520d69dcecc3136ee0170457a9b732aa423d88c724692de6d5a33b1bfa"
"211","Superman","Goldfinger","The Best Of Goldfinger","7978573","587414","Top 25%","2","false","185","true","false","false","","Manual review","Mid-tier popularity — listen to preview and decide","https://cdnt-preview.dzcdn.net/api/1/1/7/f/c/0/7fc31110dbc133f0e7ba68589d932fc4.mp3?hdnea=exp=1780975538~acl=/api/1/1/7/f/c/0/7fc31110dbc133f0e7ba68589d932fc4.mp3*~data=user_id=0,application_id=42~hmac=5c9cf0282f48fb02a3123eaecbb3531e59d0c4682e0ffa312c6bce64b39f0b1a"
"447","Ms. Fat Booty","Mos Def","Black On Both Sides","2112351","585861","Top 25%","1","false","223","true","true","false","","Manual review","Mid-tier popularity — listen to preview and decide","https://cdnt-preview.dzcdn.net/api/1/1/4/2/c/0/42ca2da3a64fd857f74f926105cc117a.mp3?hdnea=exp=1780975539~acl=/api/1/1/4/2/c/0/42ca2da3a64fd857f74f926105cc117a.mp3*~data=user_id=0,application_id=42~hmac=0016ba0e90ea511a95d214ce987f1e91771e8f7d626d5f39e9bedae4abcabe51"
"22","Wannabe","Spice Girls","Wannabe","3164155","585698","Top 25%","4","false","172","true","false","false","","Manual review","Mid-tier popularity — listen to preview and decide","https://cdnt-preview.dzcdn.net/api/1/1/b/2/c/0/b2c127c2fce427ea7e90cbae6cda1a55.mp3?hdnea=exp=1780975537~acl=/api/1/1/b/2/c/0/b2c127c2fce427ea7e90cbae6cda1a55.mp3*~data=user_id=0,application_id=42~hmac=99e8ea1409c1c7415ce5f75e3daa8295a2d960828f9a973029fd690388ad6a6b"
"411","Monkey Wrench","Foo Fighters","Greatest Hits","4311601","584924","Top 25%","4","false","231","true","false","false","","Manual review","Mid-tier popularity — listen to preview and decide","https://cdnt-preview.dzcdn.net/api/1/1/d/f/e/0/dfefa5e821f5bb257358b5e0b89a25c3.mp3?hdnea=exp=1780975539~acl=/api/1/1/d/f/e/0/dfefa5e821f5bb257358b5e0b89a25c3.mp3*~data=user_id=0,application_id=42~hmac=8f2706407ac454d2d41e670428ff80580b64acbe0ef947289e286656dc65ae4e"
"496","Ray of Light","Madonna","Ray of Light","778704","583279","Top 25%","4","false","322","true","false","false","","Manual review","Mid-tier popularity — listen to preview and decide","https://cdnt-preview.dzcdn.net/api/1/1/8/f/d/0/8fde1ac9b5ae54e9f5b88b085d4147a7.mp3?hdnea=exp=1780975539~acl=/api/1/1/8/f/d/0/8fde1ac9b5ae54e9f5b88b085d4147a7.mp3*~data=user_id=0,application_id=42~hmac=f7691f288b36e08ad750c90068fcae6da3725b7c2da5216663d28642b66bc2b0"
"152","Every Morning","Sugar Ray","14:59","4288270","582151","Top 25%","3","false","219","true","false","false","","Manual review","Mid-tier popularity — listen to preview and decide","https://cdnt-preview.dzcdn.net/api/1/1/b/5/c/0/b5cb9c5fa8cbc7088c22af8d36a8badb.mp3?hdnea=exp=1780975538~acl=/api/1/1/b/5/c/0/b5cb9c5fa8cbc7088c22af8d36a8badb.mp3*~data=user_id=0,application_id=42~hmac=4c473a9b7b3b5cd5fec97a1287865665bcf362f9a4706ecec557b4ef46703308"
"373","Hanginaround","Counting Crows","This Desert Life","78934714","580547","Top 25%","4","false","247","true","false","false","","Manual review","Mid-tier popularity — listen to preview and decide","https://cdnt-preview.dzcdn.net/api/1/1/9/a/1/0/9a1b1588c99250a412e020615a830574.mp3?hdnea=exp=1780975539~acl=/api/1/1/9/a/1/0/9a1b1588c99250a412e020615a830574.mp3*~data=user_id=0,application_id=42~hmac=28900265d361fc508050634894f54961aeb9a409d28d1a4fc160c0229ca05b60"
"469","I Don't Want to Wait","Paula Cole","This Fire","3667834","580380","Top 25%","2","false","320","true","false","false","","Manual review","Mid-tier popularity — listen to preview and decide","https://cdnt-preview.dzcdn.net/api/1/1/c/9/6/0/c96389adb1d8cda6d6c5e3635020caf2.mp3?hdnea=exp=1780975539~acl=/api/1/1/c/9/6/0/c96389adb1d8cda6d6c5e3635020caf2.mp3*~data=user_id=0,application_id=42~hmac=e7d2a7ea5dd1be0a7e1fb6f8f1ec34685ed3be9ecdd3f16ad7c6507432102dc3"
"454","Run Away","Real McCoy","Another Night","1042280","578410","Top 25%","2","false","238","true","false","false","","Manual review","Mid-tier popularity — listen to preview and decide","https://cdnt-preview.dzcdn.net/api/1/1/1/f/4/0/1f434c5e2aa605cdfc961ef3a2c5941c.mp3?hdnea=exp=1780975539~acl=/api/1/1/1/f/4/0/1f434c5e2aa605cdfc961ef3a2c5941c.mp3*~data=user_id=0,application_id=42~hmac=eb29cf117eb5b803081f32fd09c7e7da4a7350515060cf207c69ade631567683"
"394","I Touch Myself","Divinyls","Divinyls","3152715","577552","Top 25%","1","false","227","true","false","false","","Manual review","Mid-tier popularity — listen to preview and decide","https://cdnt-preview.dzcdn.net/api/1/1/d/a/7/0/da78e8233904cb6bb100ddc9bb0f33e0.mp3?hdnea=exp=1780975539~acl=/api/1/1/d/a/7/0/da78e8233904cb6bb100ddc9bb0f33e0.mp3*~data=user_id=0,application_id=42~hmac=e4a1763f306cf7aefc03e0128a5855231974b0eef4ecd7b5d3488ea54aee2a00"
"418","Stop","Spice Girls","Spiceworld","3134156","577444","Top 25%","4","false","203","true","false","false","","Manual review","Mid-tier popularity — listen to preview and decide","https://cdnt-preview.dzcdn.net/api/1/1/4/d/2/0/4d26edbafcc0b1fed3eabd6f66702a13.mp3?hdnea=exp=1780975539~acl=/api/1/1/4/d/2/0/4d26edbafcc0b1fed3eabd6f66702a13.mp3*~data=user_id=0,application_id=42~hmac=f7208d761bc546724af974f74e3f45a46d2452bed034064c107f40cb21423a34"
"513","Canned Heat","Jamiroquai","Center Stage Music From The Motion Picture","2310808","576480","Top 25%","3","false","330","true","false","false","","Manual review","Mid-tier popularity — listen to preview and decide","https://cdnt-preview.dzcdn.net/api/1/1/7/e/b/0/7eba71a0039a02ac77b4296ff0ae093c.mp3?hdnea=exp=1780975540~acl=/api/1/1/7/e/b/0/7eba71a0039a02ac77b4296ff0ae093c.mp3*~data=user_id=0,application_id=42~hmac=6e0009f79e2c48eda51d9cbd038d01eb947887a4b82283c41b9e0dfee32c9d25"
"524","Moving on Up","M People","Ultimate Collection (feat. Heather Small)","600153","576340","Top 25%","1","false","215","true","false","false","","Manual review","Mid-tier popularity — listen to preview and decide","https://cdnt-preview.dzcdn.net/api/1/1/b/f/0/0/bf0967efd8d1f5cbfcad4a0b403620c9.mp3?hdnea=exp=1780975540~acl=/api/1/1/b/f/0/0/bf0967efd8d1f5cbfcad4a0b403620c9.mp3*~data=user_id=0,application_id=42~hmac=df375a73b04a5fc4217581f7b70915233864dbe77eeff55c8dd4fd816b5e4ff5"
"89","Never There","Cake","Prolonging the Magic","969434","575147","Top 25%","3","false","164","true","false","false","","Manual review","Mid-tier popularity — listen to preview and decide","https://cdnt-preview.dzcdn.net/api/1/1/c/8/0/0/c8047439956b7a73bb4704d94ac10e3e.mp3?hdnea=exp=1780975537~acl=/api/1/1/c/8/0/0/c8047439956b7a73bb4704d94ac10e3e.mp3*~data=user_id=0,application_id=42~hmac=71173288cc1dbd7b67533621183357d25b2628493b2c4d931b6127f05d1507df"
"213","U Can't Touch This","MC Hammer","Please Hammer Don't Hurt 'Em","3090793","574653","Top 25%","1","false","256","true","false","false","","Manual review","Mid-tier popularity — listen to preview and decide","https://cdnt-preview.dzcdn.net/api/1/1/7/9/6/0/79663c2462dba4b6f5a4da1dd4921e0e.mp3?hdnea=exp=1780975538~acl=/api/1/1/7/9/6/0/79663c2462dba4b6f5a4da1dd4921e0e.mp3*~data=user_id=0,application_id=42~hmac=cafeb8b630a10895b2bf8be9dfa46fa3e1f149eccebf62e64393abac539ac306"
"442","Laid","James","James: The Best Of","1147560","572641","Top 25%","1","false","156","true","false","false","","Manual review","Mid-tier popularity — listen to preview and decide","https://cdnt-preview.dzcdn.net/api/1/1/8/8/f/0/88f4ac5fe18b8265197ec5fdf9d17588.mp3?hdnea=exp=1780975539~acl=/api/1/1/8/8/f/0/88f4ac5fe18b8265197ec5fdf9d17588.mp3*~data=user_id=0,application_id=42~hmac=5714b47c827481f925d492e3fa4d48f93c10396471a00d876db9f7352279372f"
"41","Creep","TLC","Crazysexycool","1043879","570276","Top 25%","4","false","269","true","false","false","","Manual review","Mid-tier popularity — listen to preview and decide","https://cdnt-preview.dzcdn.net/api/1/1/b/2/1/0/b21d6d32c39c7fb942e286099ff31a74.mp3?hdnea=exp=1780975537~acl=/api/1/1/b/2/1/0/b21d6d32c39c7fb942e286099ff31a74.mp3*~data=user_id=0,application_id=42~hmac=fc64b1a587a1fec86b2f6c1bc7ef87a365345ed81bb5aa3bab919e5cde671f53"
"110","Walking on Broken Glass","Annie Lennox","Diva","1048702","570205","Top 25%","2","false","252","true","false","false","","Manual review","Mid-tier popularity — listen to preview and decide","https://cdnt-preview.dzcdn.net/api/1/1/b/b/5/0/bb5f783931fd77d86c0f939ae9e9ac6b.mp3?hdnea=exp=1780975538~acl=/api/1/1/b/b/5/0/bb5f783931fd77d86c0f939ae9e9ac6b.mp3*~data=user_id=0,application_id=42~hmac=70f08064bfe21f136a48c583892900562a183055ba012d9bed4b3429e6fbdd44"
"311","Hard To Handle","The Black Crowes","Greatest Hits 1990-1999: A Tribute To A Work In Progress...","65707239","569685","Top 25%","1","false","188","true","false","false","","Manual review","Mid-tier popularity — listen to preview and decide","https://cdnt-preview.dzcdn.net/api/1/1/9/a/9/0/9a926f65a34868c94ceef9ef1525f355.mp3?hdnea=exp=1780975539~acl=/api/1/1/9/a/9/0/9a926f65a34868c94ceef9ef1525f355.mp3*~data=user_id=0,application_id=42~hmac=abc89f0aa51c02498a69cbccafb26af76d030e8a158b602098acf75310291f8d"
"468","All I Wanna Do Is Make Love To You","Heart","Brigade","3482138","567618","Top 25%","1","false","310","true","false","false","","Manual review","Mid-tier popularity — listen to preview and decide","https://cdnt-preview.dzcdn.net/api/1/1/3/3/a/0/33a05ea1ab647393273ea3849946abe2.mp3?hdnea=exp=1780975539~acl=/api/1/1/3/3/a/0/33a05ea1ab647393273ea3849946abe2.mp3*~data=user_id=0,application_id=42~hmac=f788b14dab9f1f3a0d436cc3d36b7f543e212edc14c143bc77c3b9d15c398421"
"44","Livin' la Vida Loca","Ricky Martin","The Greatest Hits","13111370","566592","Top 25%","1","false","243","true","false","false","","Manual review","Mid-tier popularity — listen to preview and decide","https://cdnt-preview.dzcdn.net/api/1/1/7/e/7/0/7e79e4ff7d20ddd9b680506d3fa7c926.mp3?hdnea=exp=1780975537~acl=/api/1/1/7/e/7/0/7e79e4ff7d20ddd9b680506d3fa7c926.mp3*~data=user_id=0,application_id=42~hmac=3530c1ea0dca186fff172dd443cf386586827c4dfa8b2093700e09f87b077668"
"290","Far Behind","Candlebox","Candlebox","4292887","566440","Top 25%","1","false","299","true","false","false","","Manual review","Mid-tier popularity — listen to preview and decide","https://cdnt-preview.dzcdn.net/api/1/1/4/8/c/0/48cfb86d533c2b522efebd2c2e28d0f2.mp3?hdnea=exp=1780975538~acl=/api/1/1/4/8/c/0/48cfb86d533c2b522efebd2c2e28d0f2.mp3*~data=user_id=0,application_id=42~hmac=32e3921c90081b30513118b80877c2466143e9681e77a44811ac39913d1b7271"
"4","What a Girl Wants","Christina Aguilera","Christina Aguilera (Expanded Edition)","15627387","564300","Top 25%","3","false","215","true","false","false","","Manual review","Mid-tier popularity — listen to preview and decide","https://cdnt-preview.dzcdn.net/api/1/1/b/d/a/0/bda8a1b64ca37a7ec0f6aab1d53bd26b.mp3?hdnea=exp=1780975537~acl=/api/1/1/b/d/a/0/bda8a1b64ca37a7ec0f6aab1d53bd26b.mp3*~data=user_id=0,application_id=42~hmac=fdc84f438c8bae74817b0368d8fb454fae827adb37674e5100a845329087b658"
"382","Hold On","Wilson Phillips","Wilson Phillips","3090950","559984","Top 25%","1","false","265","true","false","false","","Manual review","Mid-tier popularity — listen to preview and decide","https://cdnt-preview.dzcdn.net/api/1/1/7/2/c/0/72c3c8886048205e28616cac7bcda445.mp3?hdnea=exp=1780975539~acl=/api/1/1/7/2/c/0/72c3c8886048205e28616cac7bcda445.mp3*~data=user_id=0,application_id=42~hmac=3405573521ee45d3b0fb2fe8b3d2069bda5c84e35a28d7749a4d5806c873d5e5"
"528","Right Here (Human Nature Radio Mix)","SWV","Platinum & Gold Collection","555805","559674","Top 25%","2","false","226","true","false","false","","Manual review","Mid-tier popularity — listen to preview and decide","https://cdnt-preview.dzcdn.net/api/1/1/6/a/5/0/6a516d424408c4870c4dccfaedda36c6.mp3?hdnea=exp=1780975540~acl=/api/1/1/6/a/5/0/6a516d424408c4870c4dccfaedda36c6.mp3*~data=user_id=0,application_id=42~hmac=3156a9ce5820f0c63b72e52527a9655bb2a951eeb67d42b11e1d9bfab0d19381"
"396","Violet","Hole","Live Through This","6604067","557027","Top 25%","1","false","204","true","false","false","","Manual review","Mid-tier popularity — listen to preview and decide","https://cdnt-preview.dzcdn.net/api/1/1/a/a/b/0/aabf798761f5f02cab646a69567f1751.mp3?hdnea=exp=1780975539~acl=/api/1/1/a/a/b/0/aabf798761f5f02cab646a69567f1751.mp3*~data=user_id=0,application_id=42~hmac=59623d391e3174a5389e4954d5376f9893e808e4fd3620785137e74b4ff51187"
"497","Sweet Dreams","La Bouche","Best Of La Bouche feat. Melanie Thornton (feat. Melanie Thornton)","76461356","555256","Top 25%","2","false","203","true","false","false","","Manual review","Mid-tier popularity — listen to preview and decide","https://cdnt-preview.dzcdn.net/api/1/1/5/4/0/0/540cd0a8b4ffb0c87c4b372ed4d744cb.mp3?hdnea=exp=1780975539~acl=/api/1/1/5/4/0/0/540cd0a8b4ffb0c87c4b372ed4d744cb.mp3*~data=user_id=0,application_id=42~hmac=f9fa980282df1a1dd0a0ea88da48a6a57881627dd33d1b9b602b5fe17bd8137b"
"517","7 Seconds (feat. Neneh Cherry)","Youssou N'dour","Africa Greatest Hit Songs, Vol. 1","85275132","554410","Top 25%","1","false","306","true","false","false","","Manual review","Mid-tier popularity — listen to preview and decide","https://cdnt-preview.dzcdn.net/api/1/1/6/4/a/0/64a625f474629054b45b52b57d22a91e.mp3?hdnea=exp=1780975540~acl=/api/1/1/6/4/a/0/64a625f474629054b45b52b57d22a91e.mp3*~data=user_id=0,application_id=42~hmac=650a5da05b26ebb256916fa4a4720bd71e6ccb4eb50966ebd09f96608282d0bf"
"86","She's so High","Tal Bachman","Tal Bachman","623469","550013","Top 25%","1","false","224","true","false","false","","Manual review","Mid-tier popularity — listen to preview and decide","https://cdnt-preview.dzcdn.net/api/1/1/f/4/e/0/f4e9fe4e647733c08dcf23bcb58c8843.mp3?hdnea=exp=1780975537~acl=/api/1/1/f/4/e/0/f4e9fe4e647733c08dcf23bcb58c8843.mp3*~data=user_id=0,application_id=42~hmac=c582eea9e9ea1465627b3aedf1595446948f1ede48fd1707b2f35852cc1cde24"
"339","I Want You","Savage Garden","Savage Garden - The Singles","117262948","549251","Top 25%","3","false","228","true","false","false","","Manual review","Mid-tier popularity — listen to preview and decide","https://cdnt-preview.dzcdn.net/api/1/1/e/f/c/0/efc76c519a52773fc1acc409b7583421.mp3?hdnea=exp=1780975539~acl=/api/1/1/e/f/c/0/efc76c519a52773fc1acc409b7583421.mp3*~data=user_id=0,application_id=42~hmac=41c603d4a0da15ad6a7e1e53268084c9b7be174c0f7bb377476c7334c2997189"
"75","The Most Beautiful Girl In the World","Prince","The Gold Experience","536618412","549127","Top 25%","1","false","265","true","false","false","","Manual review","Mid-tier popularity — listen to preview and decide","https://cdnt-preview.dzcdn.net/api/1/1/0/d/7/0/0d7323bd8e1e224d4d5361c5b4140b20.mp3?hdnea=exp=1780975537~acl=/api/1/1/0/d/7/0/0d7323bd8e1e224d4d5361c5b4140b20.mp3*~data=user_id=0,application_id=42~hmac=91df31ba0740e26b916a462fa63b6ef1c145db19d53ca10e35992175121fdf40"
"491","Lucky Man","The Verve","Urban Hymns (Deluxe / Remastered 2016)","398568272","546488","Top 25%","3","false","293","true","false","false","","Manual review","Mid-tier popularity — listen to preview and decide","https://cdnt-preview.dzcdn.net/api/1/1/f/e/3/0/fe33683bed2d547babaa306f265d3c29.mp3?hdnea=exp=1780975539~acl=/api/1/1/f/e/3/0/fe33683bed2d547babaa306f265d3c29.mp3*~data=user_id=0,application_id=42~hmac=c3eeda187350a3adba8c12434cbd5ef08f99a9c581204b4905ec0c244a2acb31"
"232","Step by Step","New Kids On The Block","Step By Step","1065849","544296","Top 25%","1","false","267","true","false","false","","Manual review","Mid-tier popularity — listen to preview and decide","https://cdnt-preview.dzcdn.net/api/1/1/f/b/4/0/fb4b52c5006dea10464b8b3ac8f5c939.mp3?hdnea=exp=1780975538~acl=/api/1/1/f/b/4/0/fb4b52c5006dea10464b8b3ac8f5c939.mp3*~data=user_id=0,application_id=42~hmac=2477338e6593f0ebb1f3790d8a6d185bc389768da5a4122bc4368363c8024186"
"437","Hypnotize (2014 Remaster)","The Notorious B.I.G.","Life After Death (2014 Remastered Edition)","82492118","543510","Top 25%","2","false","229","true","true","false","","Manual review","Mid-tier popularity — listen to preview and decide","https://cdnt-preview.dzcdn.net/api/1/1/5/a/5/0/5a5f73516c92044ec45b64ca00230d9a.mp3?hdnea=exp=1780975539~acl=/api/1/1/5/a/5/0/5a5f73516c92044ec45b64ca00230d9a.mp3*~data=user_id=0,application_id=42~hmac=3510864418d06b47e7719ea8622dc4f550c21aca3f487695e8bd12528ee02c76"
"545","Saturday Night (Radio Mix)","Whigfield","Saturday Night Single","6907031","542383","Top 25%","1","false","247","true","false","false","","Manual review","Mid-tier popularity — listen to preview and decide","https://cdnt-preview.dzcdn.net/api/1/1/a/a/d/0/aadd1434917ccb762f6db550d757d08a.mp3?hdnea=exp=1780975540~acl=/api/1/1/a/a/d/0/aadd1434917ccb762f6db550d757d08a.mp3*~data=user_id=0,application_id=42~hmac=dac60964f50a2ac32ef042f3015af960b1f3605b226ca2d044e2d74a163daf35"
"72","Tomorrow","Silverchair","Frogstomp (Deluxe Edition) (Remastered)","97311938","541217","Top 25%","4","false","267","true","false","false","","Manual review","Mid-tier popularity — listen to preview and decide","https://cdnt-preview.dzcdn.net/api/1/1/1/8/b/0/18b374e94fee7dd5ac862d47e44cdd4a.mp3?hdnea=exp=1780975537~acl=/api/1/1/1/8/b/0/18b374e94fee7dd5ac862d47e44cdd4a.mp3*~data=user_id=0,application_id=42~hmac=f13539eb9f8239b6839838dc2bb3ed435c9879fbfd26f2b79e8773d2922cb8f5"
"301","Hemorrhage (In My Hands)","Fuel","The Best of Fuel","7675296","541073","Top 25%","2","false","236","true","false","false","","Manual review","Mid-tier popularity — listen to preview and decide","https://cdnt-preview.dzcdn.net/api/1/1/a/0/5/0/a057c662b641da820862065c5a8a635d.mp3?hdnea=exp=1780975539~acl=/api/1/1/a/0/5/0/a057c662b641da820862065c5a8a635d.mp3*~data=user_id=0,application_id=42~hmac=85339fdfc7ca327d47a287e56ce2205bda01f16727b53171fec93d73cc4350bc"
"511","Freedom! '90 (Remastered)","George Michael","Listen Without Prejudice / MTV Unplugged (Deluxe)","414745982","539981","Top 25%","4","false","390","true","false","false","94","Manual review","Likely duplicate of position 94 (different version)","https://cdnt-preview.dzcdn.net/api/1/1/9/8/8/0/9885b3ec81597a65837ed2e42adcf2e3.mp3?hdnea=exp=1780975540~acl=/api/1/1/9/8/8/0/9885b3ec81597a65837ed2e42adcf2e3.mp3*~data=user_id=0,application_id=42~hmac=a2c7992a25ea94fefeff2ff3ee8a9b6805435d8727e4f43f746d60237e5efcd0"
"554","The Bad Touch","Bloodhound Gang","Nu Rock","953105","535666","Top 25%","1","false","260","true","true","false","","Manual review","Mid-tier popularity — listen to preview and decide","https://cdnt-preview.dzcdn.net/api/1/1/b/f/b/0/bfb41a3cb7870407da19cdd8c1dafd9e.mp3?hdnea=exp=1780975540~acl=/api/1/1/b/f/b/0/bfb41a3cb7870407da19cdd8c1dafd9e.mp3*~data=user_id=0,application_id=42~hmac=c822a3801042a77de69a9e0d0f455fefc3b2081c080330c24f1ed923419bf5df"
"348","ATLiens","OutKast","ATLiens","1047823","534354","Top 25%","3","false","230","true","true","false","","Manual review","Mid-tier popularity — listen to preview and decide","https://cdnt-preview.dzcdn.net/api/1/1/d/e/d/0/ded70a96a6141158dd5127073832a00b.mp3?hdnea=exp=1780975539~acl=/api/1/1/d/e/d/0/ded70a96a6141158dd5127073832a00b.mp3*~data=user_id=0,application_id=42~hmac=c74b02fab4af192614b78c50739183c75fbb38ce26e4bd8f8201739bbb1a5006"
"134","Back & Forth","Aaliyah","Age Ain't Nothing But A Number","612837","533499","Top 25%","2","false","231","true","false","false","","Manual review","Mid-tier popularity — listen to preview and decide","https://cdnt-preview.dzcdn.net/api/1/1/9/9/f/0/99f42ba52a4ce1527b7bbc2ec059f7f3.mp3?hdnea=exp=1780975538~acl=/api/1/1/9/9/f/0/99f42ba52a4ce1527b7bbc2ec059f7f3.mp3*~data=user_id=0,application_id=42~hmac=9e760772afca9cbe94dff963bf99acbd1cef60723085a6769ad5abff7528e491"
"351","Hurt","Nine Inch Nails","The Downward Spiral","1173969","532805","Top 25%","2","false","375","true","false","false","","Manual review","Mid-tier popularity — listen to preview and decide","https://cdnt-preview.dzcdn.net/api/1/1/8/7/8/0/878db0a43fab293b5b4aa906299681c5.mp3?hdnea=exp=1780975539~acl=/api/1/1/8/7/8/0/878db0a43fab293b5b4aa906299681c5.mp3*~data=user_id=0,application_id=42~hmac=b413d47a81910bc6b7dbdb2be9d70bca3f7e876610a4ec6b38d3bca32aca1585"
"192","Run-Around","Blues Traveler","Travelogue: Blues Traveler Classics","1168330","531340","Top 25%","2","false","280","true","false","false","","Manual review","Mid-tier popularity — listen to preview and decide","https://cdnt-preview.dzcdn.net/api/1/1/6/4/7/0/647129bcbc441fc184a88f7bfe680e36.mp3?hdnea=exp=1780975538~acl=/api/1/1/6/4/7/0/647129bcbc441fc184a88f7bfe680e36.mp3*~data=user_id=0,application_id=42~hmac=6d4316d82ef454eb3cb7875d38977e592ff2c489ccfad625d58edf7657768ecd"
"65","What's My Age Again?","blink-182","Greatest Hits","127354205","529635","Top 25%","3","false","150","true","true","false","","Manual review","Mid-tier popularity — listen to preview and decide","https://cdnt-preview.dzcdn.net/api/1/1/5/7/4/0/574a967034713764316b48e4b8b68b52.mp3?hdnea=exp=1780975537~acl=/api/1/1/5/7/4/0/574a967034713764316b48e4b8b68b52.mp3*~data=user_id=0,application_id=42~hmac=2e4acf4b6f1eb52fcd71fdf5fba2f539eb2e183fa4f8cdbabc477e9fefbdf9d2"
"184","Chattahoochee","Alan Jackson","A Lot About Livin' (And A Little 'Bout Love)","1076379","528563","Top 25%","1","false","147","true","false","false","","Manual review","Mid-tier popularity — listen to preview and decide","https://cdnt-preview.dzcdn.net/api/1/1/d/4/a/0/d4a4fbb57e2addfe13d72ab17c6aecee.mp3?hdnea=exp=1780975538~acl=/api/1/1/d/4/a/0/d4a4fbb57e2addfe13d72ab17c6aecee.mp3*~data=user_id=0,application_id=42~hmac=724d219c42012f78c2251513cdbf3f5bb0da6493e2e18394411200ac0b663dd9"
"132","My Boo (Hitman's Club Mix)","Ghost Town DJs","My Boo (Hitman's Club Mix)","124271124","527075","Top 25%","1","false","346","true","false","false","","Manual review","Mid-tier popularity — listen to preview and decide","https://cdnt-preview.dzcdn.net/api/1/1/0/a/0/0/0a018212c84b989ce0b89d27bc99eeb5.mp3?hdnea=exp=1780975538~acl=/api/1/1/0/a/0/0/0a018212c84b989ce0b89d27bc99eeb5.mp3*~data=user_id=0,application_id=42~hmac=dea6388820f9cd89736c6335f135c507917b11a34db9856a8c46f1097da40d9a"
"16","So Anxious","Ginuwine","100% Ginuwine","625436","527042","Top 25%","3","false","276","true","false","false","","Manual review","Mid-tier popularity — listen to preview and decide","https://cdnt-preview.dzcdn.net/api/1/1/5/4/0/0/5400eabc93404c1a222a8ac22944f45b.mp3?hdnea=exp=1780975537~acl=/api/1/1/5/4/0/0/5400eabc93404c1a222a8ac22944f45b.mp3*~data=user_id=0,application_id=42~hmac=63f72c442b537166d845c2e10ab05426cae3db1c13885b14e28ae7c993fbf069"
"553","All Around the World (Remastered)","Lisa Stansfield","The Boxset Collection","598222","526823","Top 25%","1","false","265","true","false","false","","Manual review","Mid-tier popularity — listen to preview and decide","https://cdnt-preview.dzcdn.net/api/1/1/8/e/7/0/8e7a4afd3c3c777082c50324685e479a.mp3?hdnea=exp=1780975540~acl=/api/1/1/8/e/7/0/8e7a4afd3c3c777082c50324685e479a.mp3*~data=user_id=0,application_id=42~hmac=1b8737300c994814d8ed4e0aee4c152560485e2d2b9d66547d09f0d96a0421bc"
"502","Drinking in L.A.","Bran Van 3000","Bran Van 3000 Greatest Hits","128237751","526454","Top 25%","1","false","236","true","false","false","","Manual review","Mid-tier popularity — listen to preview and decide","https://cdnt-preview.dzcdn.net/api/1/1/5/c/9/0/5c97d1f1c16a11b6b6105749e90a83d2.mp3?hdnea=exp=1780975540~acl=/api/1/1/5/c/9/0/5c97d1f1c16a11b6b6105749e90a83d2.mp3*~data=user_id=0,application_id=42~hmac=d85da79bf916066210aacc5a12ee94d1668ba5dae84ab896c839378d818b2d2a"
"80","Back for Good (Radio Mix)","Take That","Never Forget: The Ultimate Collection","12754188","523852","Top 25%","1","false","242","true","false","false","","Manual review","Mid-tier popularity — listen to preview and decide","https://cdnt-preview.dzcdn.net/api/1/1/4/f/0/0/4f0e9525ec0ffa2658bb4b53698bbb8e.mp3?hdnea=exp=1780975537~acl=/api/1/1/4/f/0/0/4f0e9525ec0ffa2658bb4b53698bbb8e.mp3*~data=user_id=0,application_id=42~hmac=32ac31a364c37a4cf23330a7d1089e80f8ae2c9e7d6d9c7dce80c2aebeeb47ce"
"32","Amber","311","Greatest Hits '93 - '03","13176040","522964","Top 25%","2","false","211","true","false","false","","Manual review","Mid-tier popularity — listen to preview and decide","https://cdnt-preview.dzcdn.net/api/1/1/2/3/1/0/2310542f07fb82cebeeca15e614f8969.mp3?hdnea=exp=1780975537~acl=/api/1/1/2/3/1/0/2310542f07fb82cebeeca15e614f8969.mp3*~data=user_id=0,application_id=42~hmac=f2e7a47e2e91b08f31e857d85e5cc611972284281570d3bd30b1fadea523a2a0"
"141","Survivor","Destiny's Child","Smash! Vol. 13","1008337","519654","Top 25%","5","false","241","true","false","false","","Manual review","Mid-tier popularity — listen to preview and decide","https://cdnt-preview.dzcdn.net/api/1/1/a/a/e/0/aaeb9c3d10c6fefcffb8c9f92e64e968.mp3?hdnea=exp=1780975538~acl=/api/1/1/a/a/e/0/aaeb9c3d10c6fefcffb8c9f92e64e968.mp3*~data=user_id=0,application_id=42~hmac=c08614b35a9e1008452ccd98f6e0c44643f9d8beff3d04ff4148c3bbf53aa363"
"212","Name","The Goo Goo Dolls","A Boy Named Goo","775475","518659","Top 25%","4","false","270","true","false","false","","Manual review","Mid-tier popularity — listen to preview and decide","https://cdnt-preview.dzcdn.net/api/1/1/a/f/4/0/af45d8d6387a364f700e06ba314b0db2.mp3?hdnea=exp=1780975538~acl=/api/1/1/a/f/4/0/af45d8d6387a364f700e06ba314b0db2.mp3*~data=user_id=0,application_id=42~hmac=678fc4af110d07546811c634be8b1d305cc98be9dca70668bcae430f0f70c0b5"
"320","Tonight, Tonight (Remastered 2012)","The Smashing Pumpkins","Mellon Collie And The Infinite Sadness (Remastered)","62738610","517961","Top 25%","6","false","255","true","false","false","","Manual review","Mid-tier popularity — listen to preview and decide","https://cdnt-preview.dzcdn.net/api/1/1/1/1/a/0/11a4ebba93f7ccdba3d1eb71a26c2643.mp3?hdnea=exp=1780975539~acl=/api/1/1/1/1/a/0/11a4ebba93f7ccdba3d1eb71a26c2643.mp3*~data=user_id=0,application_id=42~hmac=0a6ae195304569a261917e4a551ac3740e989f61a39e67a8c7939ab8411d7fcc"
"485","Unfinished Sympathy (2012 Mix/Master)","Massive Attack","Blue Lines (2012 Mix/Master)","61381707","517270","Top 25%","2","false","308","true","false","false","","Manual review","Mid-tier popularity — listen to preview and decide","https://cdnt-preview.dzcdn.net/api/1/1/6/4/3/0/643c0983f745f7b3b1bd56aef2069a1d.mp3?hdnea=exp=1780975539~acl=/api/1/1/6/4/3/0/643c0983f745f7b3b1bd56aef2069a1d.mp3*~data=user_id=0,application_id=42~hmac=fc80e96a0d1e825640df69c776ef30c83fda3674ccc5fb176b0d2e886ae588d6"
"400","Because the Night (Live Unplugged)","10,000 Maniacs","MTV Unplugged (Live)","3821985","515054","Top 25%","1","false","223","true","false","false","","Manual review","Mid-tier popularity — listen to preview and decide","https://cdnt-preview.dzcdn.net/api/1/1/6/a/4/0/6a467845051299ea26e7c5a3fe483b20.mp3?hdnea=exp=1780975539~acl=/api/1/1/6/a/4/0/6a467845051299ea26e7c5a3fe483b20.mp3*~data=user_id=0,application_id=42~hmac=b1d43716739ae2ac4fa1014a2d82b87eb037a829a0aa25c6e249c3903047539c"
"187","Sabotage","Beastie Boys","Ill Communication","3129874","513778","Top 25%","2","false","179","true","true","false","","Manual review","Mid-tier popularity — listen to preview and decide","https://cdnt-preview.dzcdn.net/api/1/1/5/1/8/0/51828cb1e0a3add427a7bf2fe81f44e4.mp3?hdnea=exp=1780975538~acl=/api/1/1/5/1/8/0/51828cb1e0a3add427a7bf2fe81f44e4.mp3*~data=user_id=0,application_id=42~hmac=283048ae7fdbd55b59607288389a297933504ec994613cc2bf52a70b9eff4465"
"426","Unpretty","TLC","Fanmail","1076856","512823","Top 25%","4","false","278","true","false","false","","Manual review","Mid-tier popularity — listen to preview and decide","https://cdnt-preview.dzcdn.net/api/1/1/f/1/8/0/f18a6930c83097a63cf1faf1d5d5465d.mp3?hdnea=exp=1780975539~acl=/api/1/1/f/1/8/0/f18a6930c83097a63cf1faf1d5d5465d.mp3*~data=user_id=0,application_id=42~hmac=037039c3e8d725f4d69fcc1898b31700e4e5be03a2fd282861b5cd2617941b96"
"12","Ex-Factor","Lauryn Hill","The Miseducation of Lauryn Hill","15586234","512691","Top 25%","2","false","327","true","false","false","","Manual review","Mid-tier popularity — listen to preview and decide","https://cdnt-preview.dzcdn.net/api/1/1/4/0/1/0/401e00b1a249906bb28be5958d0a3e4b.mp3?hdnea=exp=1780975537~acl=/api/1/1/4/0/1/0/401e00b1a249906bb28be5958d0a3e4b.mp3*~data=user_id=0,application_id=42~hmac=62c19a14cb1affbe294703b6eff8822347d2d57ea2dc104f5a7e72ba2bf25433"
"157","MMMBop","Hanson","MmmBop : The Collection","2437594","509992","Top 25%","2","false","267","true","false","false","","Manual review","Mid-tier popularity — listen to preview and decide","https://cdnt-preview.dzcdn.net/api/1/1/8/7/f/0/87f901e0170b231b8cb09d6416b5a39c.mp3?hdnea=exp=1780975538~acl=/api/1/1/8/7/f/0/87f901e0170b231b8cb09d6416b5a39c.mp3*~data=user_id=0,application_id=42~hmac=9de718e58e51ad39a87f9bbb1645aa40e7848f4b7aeb431214550933ae00c14a"
"147","Jumper (1998 Edit)","Third Eye Blind","Third Eye Blind","4111781","509102","Top 25%","5","false","272","true","false","false","","Manual review","Mid-tier popularity — listen to preview and decide","https://cdnt-preview.dzcdn.net/api/1/1/8/7/0/0/8708bfd1537ccd92f397d5b449ed142e.mp3?hdnea=exp=1780975538~acl=/api/1/1/8/7/0/0/8708bfd1537ccd92f397d5b449ed142e.mp3*~data=user_id=0,application_id=42~hmac=00e99c933b38c74745ffa95b1fe846c2243bc9aef2f26fef6bec25039c7d393e"
"328","If You Could Only See","Tonic","Lemon Parade","2422830","507236","Top 25%","1","false","261","true","false","false","","Manual review","Mid-tier popularity — listen to preview and decide","https://cdnt-preview.dzcdn.net/api/1/1/0/9/7/0/097cf003c3b65932177e58245123c674.mp3?hdnea=exp=1780975539~acl=/api/1/1/0/9/7/0/097cf003c3b65932177e58245123c674.mp3*~data=user_id=0,application_id=42~hmac=ea08d8b72b5fbf4a5316e89cce6258909a3fdb3ae8b3eda4ee5c5cdf54eec788"
"260","Everything You Want","Vertical Horizon","Everything You Want","7410392","506838","Top 25%","3","false","257","true","false","false","","Manual review","Mid-tier popularity — listen to preview and decide","https://cdnt-preview.dzcdn.net/api/1/1/d/6/a/0/d6a7aae48b986f6a5ab3954dfc163dbd.mp3?hdnea=exp=1780975538~acl=/api/1/1/d/6/a/0/d6a7aae48b986f6a5ab3954dfc163dbd.mp3*~data=user_id=0,application_id=42~hmac=b9fdb533e96b299fa24c825f83e35d5119366f786b7bb1247ba3f84c4c10a952"
"171","Semi-Charmed Life","Third Eye Blind","Third Eye Blind (20th Anniversary Edition)","366916761","504692","Top 25%","5","false","268","true","false","false","","Manual review","Mid-tier popularity — listen to preview and decide","https://cdnt-preview.dzcdn.net/api/1/1/a/8/6/0/a8658a64532afd53fb7f6f761d8f81ab.mp3?hdnea=exp=1780975538~acl=/api/1/1/a/8/6/0/a8658a64532afd53fb7f6f761d8f81ab.mp3*~data=user_id=0,application_id=42~hmac=3ba98c6978dc043e9bcaa615b47d8ff4ebdf7db94905e83852e330c0ba06471c"
"236","Rosa Parks","OutKast","Aquemini","962886","504675","Top 25%","3","false","324","true","true","false","","Manual review","Mid-tier popularity — listen to preview and decide","https://cdnt-preview.dzcdn.net/api/1/1/7/d/8/0/7d82f7712e3b8c08230b22c694c2bec2.mp3?hdnea=exp=1780975538~acl=/api/1/1/7/d/8/0/7d82f7712e3b8c08230b22c694c2bec2.mp3*~data=user_id=0,application_id=42~hmac=b007dd89c9368303facc30f43039ca6a3d6b4c45f85dfb6efe7863bc203df42f"
"518","Circle of Life","Elton John","Walt Disney Records The Legacy Collection: The Lion King","81105456","502908","Top 25%","1","false","292","true","false","false","","Manual review","Mid-tier popularity — listen to preview and decide","https://cdnt-preview.dzcdn.net/api/1/1/e/a/e/0/eaef78c60b0676f66d978d6c8ac84eb0.mp3?hdnea=exp=1780975540~acl=/api/1/1/e/a/e/0/eaef78c60b0676f66d978d6c8ac84eb0.mp3*~data=user_id=0,application_id=42~hmac=625496aa9781515307eb72d34ebc3979df0abee469fae8d431852095c1853dca"
"335","My Name Is Jonas","Weezer","Weezer (Blue Album)","2542114","502300","Top 25%","3","false","204","true","false","false","","Manual review","Mid-tier popularity — listen to preview and decide","https://cdnt-preview.dzcdn.net/api/1/1/2/d/6/0/2d696bc4cf02d230260da111d1df83eb.mp3?hdnea=exp=1780975539~acl=/api/1/1/2/d/6/0/2d696bc4cf02d230260da111d1df83eb.mp3*~data=user_id=0,application_id=42~hmac=0236e879229922317b5a7535cac3098ab1ec5797b220c1380bdb96a5a84da22d"
"552","If You Tolerate This Your Children Will Be Next","Manic Street Preachers","This Is My Truth Tell Me Yours","556031","502222","Top 25%","1","false","291","true","false","false","","Manual review","Mid-tier popularity — listen to preview and decide","https://cdnt-preview.dzcdn.net/api/1/1/b/7/1/0/b7126010704aa70b6f1e43e3384488e6.mp3?hdnea=exp=1780975540~acl=/api/1/1/b/7/1/0/b7126010704aa70b6f1e43e3384488e6.mp3*~data=user_id=0,application_id=42~hmac=e874878e997b79b8f9c18680e1303669390c7706323718e211df5727364b0ecc"
"381","Party Up","DMX","Hip Hop 2000","429125292","502049","Top 25%","3","false","271","true","true","false","156","Manual review","Likely duplicate of position 156 (different version)","https://cdnt-preview.dzcdn.net/api/1/1/2/4/4/0/244c2399ce098612d9e786ee6f212ad2.mp3?hdnea=exp=1780975539~acl=/api/1/1/2/4/4/0/244c2399ce098612d9e786ee6f212ad2.mp3*~data=user_id=0,application_id=42~hmac=e63c81cf7c7aab59ccda3f2554abdd588d2e88bab2a50794c37bf3d0b4144640"
"204","Santa Monica","Everclear","Sparkle And Fade","3131304","493719","Mid 50%","4","false","194","true","false","false","","Manual review","Mid-tier popularity — listen to preview and decide","https://cdnt-preview.dzcdn.net/api/1/1/7/5/d/0/75d74b77e610aff4185be1b48bcd0cb7.mp3?hdnea=exp=1780975538~acl=/api/1/1/7/5/d/0/75d74b77e610aff4185be1b48bcd0cb7.mp3*~data=user_id=0,application_id=42~hmac=f84a32cdba075595cb558949e8b26245e5068e412e0cef07eaf62d512bfa4b4d"
"159","Baby Got Back","Sir Mix-A-Lot","Mack Daddy","65690395","487098","Mid 50%","1","false","263","true","true","false","","Manual review","Mid-tier popularity — listen to preview and decide","https://cdnt-preview.dzcdn.net/api/1/1/3/b/c/0/3bcbd95a2b79650ce5337e5f276fbe9f.mp3?hdnea=exp=1780975538~acl=/api/1/1/3/b/c/0/3bcbd95a2b79650ce5337e5f276fbe9f.mp3*~data=user_id=0,application_id=42~hmac=8ff6d1a49acab11872ac13d99775e7e227d05918378b7bf71853325cd42832af"
"111","Freak On a Leash","Korn","The Essential Korn","82229810","487054","Mid 50%","3","false","255","true","true","false","","Manual review","Mid-tier popularity — listen to preview and decide","https://cdnt-preview.dzcdn.net/api/1/1/9/f/f/0/9ff670b159bc4d35ecfa2336e76b533f.mp3?hdnea=exp=1780975538~acl=/api/1/1/9/f/f/0/9ff670b159bc4d35ecfa2336e76b533f.mp3*~data=user_id=0,application_id=42~hmac=8220e0fb1182abea43108b2b5e805fec863cb74a11f64672b53f290c3083dbd2"
"247","Someday","Sugar Ray","14:59","4288274","486885","Mid 50%","3","false","242","true","false","false","","Manual review","Mid-tier popularity — listen to preview and decide","https://cdnt-preview.dzcdn.net/api/1/1/e/e/8/0/ee8f967c082ceafd720e9b33562fc682.mp3?hdnea=exp=1780975538~acl=/api/1/1/e/e/8/0/ee8f967c082ceafd720e9b33562fc682.mp3*~data=user_id=0,application_id=42~hmac=3f37d7e31b3db681c51bf20fd36cfb527436f1ff0ea49fd11454aed892f22b08"
"470","Strike It Up","Black Box","Dreamland","70051874","486259","Mid 50%","3","false","298","true","false","false","","Manual review","Mid-tier popularity — listen to preview and decide","https://cdnt-preview.dzcdn.net/api/1/1/3/f/e/0/3fe2027f6fe9284c170c61fb8cdc9688.mp3?hdnea=exp=1780975539~acl=/api/1/1/3/f/e/0/3fe2027f6fe9284c170c61fb8cdc9688.mp3*~data=user_id=0,application_id=42~hmac=e0166c98bbc40a8112e65e374e7f766247b71aaa6c2d89a03e3c45ed0156bdf0"
"452","Lollipop (Candyman)","Aqua","Aquarium","1115049","483866","Mid 50%","2","false","215","true","false","false","","Manual review","Mid-tier popularity — listen to preview and decide","https://cdnt-preview.dzcdn.net/api/1/1/4/0/7/0/4074d54b17f5d6adf327c52470e2721f.mp3?hdnea=exp=1780975539~acl=/api/1/1/4/0/7/0/4074d54b17f5d6adf327c52470e2721f.mp3*~data=user_id=0,application_id=42~hmac=246ef3ff8d4bfeac36b964f4012f54eb8a9ab95adb3136ee359a1288eb9826cd"
"267","Push","Matchbox Twenty","Yourself or Someone Like You","3664085","483070","Mid 50%","5","false","238","true","false","false","","Manual review","Mid-tier popularity — listen to preview and decide","https://cdnt-preview.dzcdn.net/api/1/1/0/e/d/0/0ede3862877ff1824a000d0208d3674c.mp3?hdnea=exp=1780975538~acl=/api/1/1/0/e/d/0/0ede3862877ff1824a000d0208d3674c.mp3*~data=user_id=0,application_id=42~hmac=ef9568dde243f9077b83cd84726910921fb40e6cbf65e809d53dae4d4e88ae11"
"336","Buddy Holly","Weezer","Nu Rock","953100","481062","Mid 50%","3","false","159","true","false","false","","Manual review","Mid-tier popularity — listen to preview and decide","https://cdnt-preview.dzcdn.net/api/1/1/4/b/0/0/4b0dd2ff2721b231cada5ff09987c8d6.mp3?hdnea=exp=1780975539~acl=/api/1/1/4/b/0/0/4b0dd2ff2721b231cada5ff09987c8d6.mp3*~data=user_id=0,application_id=42~hmac=a514b8b21bbbc63c56426dcde529df1b67d82a92839e04d0adbb167352f650aa"
"127","Israel's Son","Silverchair","Frogstomp (Deluxe Edition) (Remastered)","97311936","478601","Mid 50%","4","false","318","true","false","false","","Manual review","Mid-tier popularity — listen to preview and decide","https://cdnt-preview.dzcdn.net/api/1/1/d/7/0/0/d704ffa27f92eed7d2d3d25e13d30e21.mp3?hdnea=exp=1780975538~acl=/api/1/1/d/7/0/0/d704ffa27f92eed7d2d3d25e13d30e21.mp3*~data=user_id=0,application_id=42~hmac=f637608d1bbdfe59fe054fac2052944bcd1660bc1606e017abbc83c1b64d532a"
"168","Only Wanna Be With You","Hootie & The Blowfish","Cracked Rear View","4086676","474533","Mid 50%","4","false","229","true","false","false","","Manual review","Mid-tier popularity — listen to preview and decide","https://cdnt-preview.dzcdn.net/api/1/1/2/d/0/0/2d07e70b7e07b9d26d750f241a25d5c6.mp3?hdnea=exp=1780975538~acl=/api/1/1/2/d/0/0/2d07e70b7e07b9d26d750f241a25d5c6.mp3*~data=user_id=0,application_id=42~hmac=9a65036118c801a99365b2e03b12e65bf144d36e9db16963f11fa2edd88a64d5"
"368","Good Vibrations","Marky Mark And The Funky Bunch","Good Vibrations","720608682","474513","Mid 50%","1","false","270","true","false","false","","Manual review","Mid-tier popularity — listen to preview and decide","https://cdnt-preview.dzcdn.net/api/1/1/3/2/2/0/322d303a6c0c1428a2482c9480cf0ac9.mp3?hdnea=exp=1780975539~acl=/api/1/1/3/2/2/0/322d303a6c0c1428a2482c9480cf0ac9.mp3*~data=user_id=0,application_id=42~hmac=c08ae88d10f8050e0bb4e3fe30876db0579149da6f30304051efdd3dcb399596"
"91","Would?","Alice In Chains","Nothing Safe - The Best Of The Box","833721","472487","Mid 50%","3","false","208","true","false","false","","Manual review","Mid-tier popularity — listen to preview and decide","https://cdnt-preview.dzcdn.net/api/1/1/5/b/1/0/5b1ba53febce804d1a7acc5ab357077c.mp3?hdnea=exp=1780975537~acl=/api/1/1/5/b/1/0/5b1ba53febce804d1a7acc5ab357077c.mp3*~data=user_id=0,application_id=42~hmac=ee55896a8a1d36dc9a6bf0321744fa5300dd14f5e9a2f5e0319107278ec36f07"
"215","Back That Azz Up","Juvenile","Greatest Hits","5542996","471202","Mid 50%","1","false","265","true","true","false","","Manual review","Mid-tier popularity — listen to preview and decide","https://cdnt-preview.dzcdn.net/api/1/1/7/8/7/0/787fc5efd4b737ee90f332f406084281.mp3?hdnea=exp=1780975538~acl=/api/1/1/7/8/7/0/787fc5efd4b737ee90f332f406084281.mp3*~data=user_id=0,application_id=42~hmac=1c8e242c2df9c575169d232c28e01b723717837123899b2c2b9bfe6fdb8597fd"
"349","SpottieOttieDopaliscious","OutKast","Aquemini","962896","468646","Mid 50%","3","false","427","true","true","false","","Manual review","Mid-tier popularity — listen to preview and decide","https://cdnt-preview.dzcdn.net/api/1/1/f/1/c/0/f1cbc3ac8548e00f413c12f99a7abf38.mp3?hdnea=exp=1780975539~acl=/api/1/1/f/1/c/0/f1cbc3ac8548e00f413c12f99a7abf38.mp3*~data=user_id=0,application_id=42~hmac=44a5e60fc93c38b988de6bd3bfa53f003cbf6a2e3b4453d661207cd904543f3b"
"370","Never Let You Go (2008 Remaster)","Third Eye Blind","Blue","6586756","465020","Mid 50%","5","false","237","true","false","false","","Manual review","Mid-tier popularity — listen to preview and decide","https://cdnt-preview.dzcdn.net/api/1/1/8/1/e/0/81e0f522525f4629dab00b7beb044254.mp3?hdnea=exp=1780975539~acl=/api/1/1/8/1/e/0/81e0f522525f4629dab00b7beb044254.mp3*~data=user_id=0,application_id=42~hmac=e4f204bd88f53b8ed00b720496c6c728d108185adb9a34fbe0ca88769b95fd7d"
"138","Suicidal Dream","Silverchair","Frogstomp (Deluxe Edition) (Remastered)","97311948","463068","Mid 50%","4","false","192","true","false","false","","Manual review","Mid-tier popularity — listen to preview and decide","https://cdnt-preview.dzcdn.net/api/1/1/c/b/c/0/cbc2d6dfe6ebf71758c9b36d4cef1bf0.mp3?hdnea=exp=1780975538~acl=/api/1/1/c/b/c/0/cbc2d6dfe6ebf71758c9b36d4cef1bf0.mp3*~data=user_id=0,application_id=42~hmac=2f4da0d22de317232687d6ebbef75974c58621c0b1de3c790610f9c33bb7a84f"
"332","Crash into Me","Dave Matthews Band","Crash","426740692","462021","Mid 50%","2","false","316","true","false","false","","Manual review","Mid-tier popularity — listen to preview and decide","https://cdnt-preview.dzcdn.net/api/1/1/3/9/1/0/3910e7979f0475a0ade11e9af511eb5f.mp3?hdnea=exp=1780975539~acl=/api/1/1/3/9/1/0/3910e7979f0475a0ade11e9af511eb5f.mp3*~data=user_id=0,application_id=42~hmac=9b039916a24d96b11182f5767cb65be8011f16f84f7a7952efcdc5fd91c8730b"
"334","Brick","Ben Folds Five","Whatever And Ever Amen (Remastered Edition)","582003","461232","Mid 50%","1","false","271","true","false","false","","Manual review","Mid-tier popularity — listen to preview and decide","https://cdnt-preview.dzcdn.net/api/1/1/4/1/7/0/4173e4160d88c74ec70275b3bbaed26c.mp3?hdnea=exp=1780975539~acl=/api/1/1/4/1/7/0/4173e4160d88c74ec70275b3bbaed26c.mp3*~data=user_id=0,application_id=42~hmac=f61be142528e1c4ef6d386c0d607c6ab5be145a62eff32db104314b849dfbd69"
"547","Summertime","DJ Jazzy Jeff & The Fresh Prince","Greatest Hits","831351","460875","Mid 50%","1","false","271","true","false","false","","Manual review","Mid-tier popularity — listen to preview and decide","https://cdnt-preview.dzcdn.net/api/1/1/4/1/0/0/410f9298e8302d2c3b4ba2ae9f1af4f4.mp3?hdnea=exp=1780975540~acl=/api/1/1/4/1/0/0/410f9298e8302d2c3b4ba2ae9f1af4f4.mp3*~data=user_id=0,application_id=42~hmac=35f37030f67988ef718434913bd28798a7331fc4bd176c165cf1859cff833202"
"525","Stay Another Day","East 17","Steam","428735552","458494","Mid 50%","1","false","267","true","false","false","","Manual review","Mid-tier popularity — listen to preview and decide","https://cdnt-preview.dzcdn.net/api/1/1/4/c/1/0/4c1fb037e6cd51731ba853174b7ee15f.mp3?hdnea=exp=1780975540~acl=/api/1/1/4/c/1/0/4c1fb037e6cd51731ba853174b7ee15f.mp3*~data=user_id=0,application_id=42~hmac=b10994be3bae4511f271f01cf588b6ddd2e06ba5d20206a429f749a4b5082974"
"377","Stay (I Missed You)","Lisa Loeb","Stay (I Missed You)","393731742","456787","Mid 50%","1","false","184","true","false","false","","Manual review","Mid-tier popularity — listen to preview and decide","https://cdnt-preview.dzcdn.net/api/1/1/c/9/d/0/c9dbb8c742ff16a5bef5880d30c79abd.mp3?hdnea=exp=1780975539~acl=/api/1/1/c/9/d/0/c9dbb8c742ff16a5bef5880d30c79abd.mp3*~data=user_id=0,application_id=42~hmac=532111fe7943159dd934896f675870f3cc52097b554763150e7407f5961129a4"
"514","Damn I Wish I Was Your Lover","Sophie B. Hawkins","The Best Of Sophie B. Hawkins","608490","453618","Mid 50%","2","false","323","true","false","false","","Manual review","Mid-tier popularity — listen to preview and decide","https://cdnt-preview.dzcdn.net/api/1/1/c/0/f/0/c0f13332c75dbab39df0ce87aff12827.mp3?hdnea=exp=1780975540~acl=/api/1/1/c/0/f/0/c0f13332c75dbab39df0ce87aff12827.mp3*~data=user_id=0,application_id=42~hmac=0759fe89134de1756717d411a8cb90357a6d82112f60ae431486ea03736f7237"
"19","Come on over Baby (All I Want Is You) (Radio Version)","Christina Aguilera","Christina Aguilera (Expanded Edition)","15629723","452691","Mid 50%","3","false","203","true","false","false","","Manual review","Mid-tier popularity — listen to preview and decide","https://cdnt-preview.dzcdn.net/api/1/1/c/8/0/0/c807f5377b97f480f686605b857833c7.mp3?hdnea=exp=1780975537~acl=/api/1/1/c/8/0/0/c807f5377b97f480f686605b857833c7.mp3*~data=user_id=0,application_id=42~hmac=52c9dde30fd7584e2d894e44a05e95c3c00016d09bd3b160770b270906bd4f53"
"522","3AM","Matchbox Twenty","The Matchbox Twenty Collection","72189643","451603","Mid 50%","5","false","225","true","false","false","151","Manual review","Likely duplicate of position 151 (different version)","https://cdnt-preview.dzcdn.net/api/1/1/2/5/8/0/258f72703e04be93e5c9d656d07317c9.mp3?hdnea=exp=1780975540~acl=/api/1/1/2/5/8/0/258f72703e04be93e5c9d656d07317c9.mp3*~data=user_id=0,application_id=42~hmac=2512febc834f5fb1f6dbc79a1904707438c71bf1bcb8b4b342399820038c7d88"
"310","Beautiful Disaster","311","Greatest Hits '93 - '03","13176042","450017","Mid 50%","2","false","240","true","true","false","","Manual review","Mid-tier popularity — listen to preview and decide","https://cdnt-preview.dzcdn.net/api/1/1/4/e/d/0/4edd5c111e50d8d76006ca8726c4961c.mp3?hdnea=exp=1780975539~acl=/api/1/1/4/e/d/0/4edd5c111e50d8d76006ca8726c4961c.mp3*~data=user_id=0,application_id=42~hmac=4c9d8acd01d62dab8c705a0be336179cfd9067b1e7d0fc4c7848cdb004305aee"
"25","Always Be My Baby","Mariah Carey","Greatest Hits","596030","447304","Mid 50%","5","false","258","true","false","false","","Manual review","Mid-tier popularity — listen to preview and decide","https://cdnt-preview.dzcdn.net/api/1/1/5/7/b/0/57bb7d6fce6c8c83bec102c4d820fda4.mp3?hdnea=exp=1780975537~acl=/api/1/1/5/7/b/0/57bb7d6fce6c8c83bec102c4d820fda4.mp3*~data=user_id=0,application_id=42~hmac=933bacb2ac0cd4c98eabe76ac3aa4613b25c1edca24fba6a03261c6a75049a80"
"83","Steal My Sunshine (Single Version)","LEN","Steal My Sunshine EP","82682432","443579","Mid 50%","1","false","210","true","false","false","","Manual review","Mid-tier popularity — listen to preview and decide","https://cdnt-preview.dzcdn.net/api/1/1/b/f/b/0/bfbaf708b9ba635c0a3c3392b85ea0ac.mp3?hdnea=exp=1780975537~acl=/api/1/1/b/f/b/0/bfbaf708b9ba635c0a3c3392b85ea0ac.mp3*~data=user_id=0,application_id=42~hmac=c133d10d92136f23fb8759214cb94f8ad7d3bfee773d5c4765aebf6053add400"
"451","Where Do You Go","No Mercy","Produced by: Frank Farian","4096755","443136","Mid 50%","1","false","268","true","false","false","","Manual review","Mid-tier popularity — listen to preview and decide","https://cdnt-preview.dzcdn.net/api/1/1/6/7/d/0/67dc9bcdcacc4cd6d378ed53b92d8c4c.mp3?hdnea=exp=1780975539~acl=/api/1/1/6/7/d/0/67dc9bcdcacc4cd6d378ed53b92d8c4c.mp3*~data=user_id=0,application_id=42~hmac=e60a6927e10e26e5a37dab71116eb84a410c078e17b4bc815ba55d0939d428b3"
"345","Show Me Love (Radio Version)","Robyn","Robyn Is Here","2900091","441734","Mid 50%","1","false","231","true","false","false","","Manual review","Mid-tier popularity — listen to preview and decide","https://cdnt-preview.dzcdn.net/api/1/1/b/d/b/0/bdb69c8281e86d9ea80e003b67f1384e.mp3?hdnea=exp=1780975539~acl=/api/1/1/b/d/b/0/bdb69c8281e86d9ea80e003b67f1384e.mp3*~data=user_id=0,application_id=42~hmac=5bf7bcfb501a3aef7caa34cd4cbe02e223356154fad1602ff2aa86407725e81a"
"404","Dammit","blink-182","Dude Ranch","2267825","441539","Mid 50%","3","false","165","true","true","false","","Manual review","Mid-tier popularity — listen to preview and decide","https://cdnt-preview.dzcdn.net/api/1/1/0/8/3/0/083fa5c34c84a063d1609498b007a7c2.mp3?hdnea=exp=1780975539~acl=/api/1/1/0/8/3/0/083fa5c34c84a063d1609498b007a7c2.mp3*~data=user_id=0,application_id=42~hmac=80a45cf85073ca7e33a29844731cacdc6706b09a467dc20ed3631dd34bcd078b"
"476","Free Your Mind","En Vogue","The Very Best of En Vogue","772237","440356","Mid 50%","2","false","293","true","false","false","","Manual review","Mid-tier popularity — listen to preview and decide","https://cdnt-preview.dzcdn.net/api/1/1/a/8/9/0/a89153aacbd9263026553d321ed8924d.mp3?hdnea=exp=1780975539~acl=/api/1/1/a/8/9/0/a89153aacbd9263026553d321ed8924d.mp3*~data=user_id=0,application_id=42~hmac=71fab207cb846914233532be46806a3e282b15563d0bf61aa1464e4fc9e21627"
"330","Black Balloon","The Goo Goo Dolls","Dizzy up the Girl","4290132","440016","Mid 50%","4","false","249","true","false","false","","Manual review","Mid-tier popularity — listen to preview and decide","https://cdnt-preview.dzcdn.net/api/1/1/9/2/a/0/92abdeee37ad87276b0db4587a2631bd.mp3?hdnea=exp=1780975539~acl=/api/1/1/9/2/a/0/92abdeee37ad87276b0db4587a2631bd.mp3*~data=user_id=0,application_id=42~hmac=a0a059c9a5fff35fd24d46dae60f843599a33eedefbc23021a1643892645d382"
"413","Falling Away from Me","Korn","The Essential Korn","82229818","437915","Mid 50%","3","false","271","true","true","false","","Manual review","Mid-tier popularity — listen to preview and decide","https://cdnt-preview.dzcdn.net/api/1/1/0/0/0/0/000ed14a181238afb6d0a9407752e58e.mp3?hdnea=exp=1780975539~acl=/api/1/1/0/0/0/0/000ed14a181238afb6d0a9407752e58e.mp3*~data=user_id=0,application_id=42~hmac=c505b77bddb1a29cf3cc59520812f3a37784a4579913548111085a34f54e6f05"
"357","Amazed","Lonestar","16 Biggest Hits","580441","437420","Mid 50%","2","false","241","true","false","false","","Manual review","Mid-tier popularity — listen to preview and decide","https://cdnt-preview.dzcdn.net/api/1/1/d/0/8/0/d0848775cb0282fc021974d80ccd7589.mp3?hdnea=exp=1780975539~acl=/api/1/1/d/0/8/0/d0848775cb0282fc021974d80ccd7589.mp3*~data=user_id=0,application_id=42~hmac=d8bff8a853a6c59d93d2626f529706d27f0824e8954aabfc19a05b433e1eeb3b"
"95","Inside Out","Eve 6","Eve 6","2311279","435487","Mid 50%","1","false","219","true","false","false","","Manual review","Mid-tier popularity — listen to preview and decide","https://cdnt-preview.dzcdn.net/api/1/1/6/c/8/0/6c8a1dafb4e74761e18418abcd7996e1.mp3?hdnea=exp=1780975537~acl=/api/1/1/6/c/8/0/6c8a1dafb4e74761e18418abcd7996e1.mp3*~data=user_id=0,application_id=42~hmac=c26143881150ebd471246038aea3184fcef1323369c0863c6e8a3105412b6c9e"
"166","Closing Time","Semisonic","Feeling Strangely Fine","2285896","435366","Mid 50%","2","false","273","true","false","false","","Manual review","Mid-tier popularity — listen to preview and decide","https://cdnt-preview.dzcdn.net/api/1/1/7/6/c/0/76c8c8f548ec49e08d592d5ec702d020.mp3?hdnea=exp=1780975538~acl=/api/1/1/7/6/c/0/76c8c8f548ec49e08d592d5ec702d020.mp3*~data=user_id=0,application_id=42~hmac=deae4b8d312ca459b2bffa999bd51a0dea40b3a64c39ae06391e715126c309d6"
"268","The Freshmen","The Verve Pipe","Villains","15397348","434957","Mid 50%","1","false","269","true","false","false","","Manual review","Mid-tier popularity — listen to preview and decide","https://cdnt-preview.dzcdn.net/api/1/1/2/b/b/0/2bbd159809681a4c99eb738242c9e941.mp3?hdnea=exp=1780975538~acl=/api/1/1/2/b/b/0/2bbd159809681a4c99eb738242c9e941.mp3*~data=user_id=0,application_id=42~hmac=b013af4f1acd98da00f93298e07d990849040fc73a2d92677b3b7ffb1d08346c"
"288","Incomplete","Sisqo","Unleash The Dragon","2548872","433686","Mid 50%","2","false","274","true","true","false","","Manual review","Mid-tier popularity — listen to preview and decide","https://cdnt-preview.dzcdn.net/api/1/1/8/d/a/0/8daf84f63065a4c06f360649b366de14.mp3?hdnea=exp=1780975538~acl=/api/1/1/8/d/a/0/8daf84f63065a4c06f360649b366de14.mp3*~data=user_id=0,application_id=42~hmac=2590b5a2965b6390661b5a54db028805e0d4dc59bf1e131ea6a32d9f7dee502e"
"456","Children","Robert Miles","Dance Workout Classics; Keep Fit With The Hottest Hits & Remixes","13131916","433676","Mid 50%","1","false","240","true","false","false","","Manual review","Mid-tier popularity — listen to preview and decide","https://cdnt-preview.dzcdn.net/api/1/1/f/1/1/0/f11e13bbd5e851f7656020561d353455.mp3?hdnea=exp=1780975539~acl=/api/1/1/f/1/1/0/f11e13bbd5e851f7656020561d353455.mp3*~data=user_id=0,application_id=42~hmac=c0e38e4e3d927d549a4c8a344d7570e09a919028bbd371b032252feec091f96e"
"397","Cowboy Take Me Away","The Chicks","Fly","3019241","432843","Mid 50%","4","false","287","true","false","false","","Manual review","Mid-tier popularity — listen to preview and decide","https://cdnt-preview.dzcdn.net/api/1/1/d/0/1/0/d01d07c0c841f62eb46391578ffaf347.mp3?hdnea=exp=1780975539~acl=/api/1/1/d/0/1/0/d01d07c0c841f62eb46391578ffaf347.mp3*~data=user_id=0,application_id=42~hmac=1e41ad0a695bca9986153f8d7604ce15f7b1bfdaf3df1ff0da37509947f14e0c"
"448","Definition","Black Star","Mos Def & Talib Kweli Are Black Star","2439301","432456","Mid 50%","1","false","206","true","true","false","","Manual review","Mid-tier popularity — listen to preview and decide","https://cdnt-preview.dzcdn.net/api/1/1/1/f/5/0/1f5a58d565b1d0c9fbabbb46b94fc01a.mp3?hdnea=exp=1780975539~acl=/api/1/1/1/f/5/0/1f5a58d565b1d0c9fbabbb46b94fc01a.mp3*~data=user_id=0,application_id=42~hmac=798d52ad88a0abc269629d49bc83ce8b76c56b1a688b396ce44c970eb83b99bc"
"265","Real World","Matchbox Twenty","Yourself or Someone Like You","3664082","431495","Mid 50%","5","false","231","true","false","false","","Manual review","Mid-tier popularity — listen to preview and decide","https://cdnt-preview.dzcdn.net/api/1/1/b/9/b/0/b9bbf0fedbb0aef3d5841d3a61d8902a.mp3?hdnea=exp=1780975538~acl=/api/1/1/b/9/b/0/b9bbf0fedbb0aef3d5841d3a61d8902a.mp3*~data=user_id=0,application_id=42~hmac=4ce550f819f50780bb90d303d60918e6e5410829c434794a447cc180ea389796"
"427","Bring It All Back","S Club","S Club","3040577","427338","Mid 50%","2","false","213","true","false","false","","Manual review","Mid-tier popularity — listen to preview and decide","https://cdnt-preview.dzcdn.net/api/1/1/c/7/4/0/c748ec386adab5dcefa6abb49235e188.mp3?hdnea=exp=1780975539~acl=/api/1/1/c/7/4/0/c748ec386adab5dcefa6abb49235e188.mp3*~data=user_id=0,application_id=42~hmac=e969a415c410882da6f402037feef7b6f1f7b7bdf3cf0f695044d0a040e05628"
"144","Pure Massacre","Silverchair","Frogstomp (Deluxe Edition) (Remastered)","97311942","424125","Mid 50%","4","false","298","true","false","false","","Manual review","Mid-tier popularity — listen to preview and decide","https://cdnt-preview.dzcdn.net/api/1/1/c/f/f/0/cffc85463572e970a6738f7ac8fc284e.mp3?hdnea=exp=1780975538~acl=/api/1/1/c/f/f/0/cffc85463572e970a6738f7ac8fc284e.mp3*~data=user_id=0,application_id=42~hmac=806072fa140b118eea5b91ada66faea01e4a40dd62e01a0544342140744f2bde"
"361","You're Still The One","Shania Twain","Timeless Love Songs","457273832","422716","Mid 50%","4","false","214","true","false","false","","Manual review","Mid-tier popularity — listen to preview and decide","https://cdnt-preview.dzcdn.net/api/1/1/c/7/2/0/c72448a4b2d4f0243cdc82b284786488.mp3?hdnea=exp=1780975539~acl=/api/1/1/c/7/2/0/c72448a4b2d4f0243cdc82b284786488.mp3*~data=user_id=0,application_id=42~hmac=fdf1f913ef9586d1d2a2555f9b7eba6095c686e8a99cf1f40dc6e7c59043538d"
"347","Wide Open Spaces","The Chicks","Wide Open Spaces","544954","422702","Mid 50%","4","false","223","true","false","false","","Manual review","Mid-tier popularity — listen to preview and decide","https://cdnt-preview.dzcdn.net/api/1/1/9/f/0/0/9f081dc77ea2c82f998173a82655d7e8.mp3?hdnea=exp=1780975539~acl=/api/1/1/9/f/0/0/9f081dc77ea2c82f998173a82655d7e8.mp3*~data=user_id=0,application_id=42~hmac=e8d8ad94bea3d5a19325de2a237bfe63ff39dc09c583a7dc0db336781e43cf57"
"498","It's Like That","Run DMC","90s 100 Hits","90630499","420998","Mid 50%","1","false","249","true","false","false","","Manual review","Mid-tier popularity — listen to preview and decide","https://cdnt-preview.dzcdn.net/api/1/1/e/8/a/0/e8a0c77dae9c61e6e08845d043f55c5e.mp3?hdnea=exp=1780975539~acl=/api/1/1/e/8/a/0/e8a0c77dae9c61e6e08845d043f55c5e.mp3*~data=user_id=0,application_id=42~hmac=fc7b64068666a46893d8fd1b412d0cb7b93bfe8b71d2ce9513396bf074460d9a"
"366","Head over Feet (2015 Remaster)","Alanis Morissette","Jagged Little Pill (2015 Remaster)","109843300","420707","Mid 50%","4","false","267","true","false","false","","Manual review","Mid-tier popularity — listen to preview and decide","https://cdnt-preview.dzcdn.net/api/1/1/6/a/f/0/6afd059ad2b656b361a65bc6eed003b6.mp3?hdnea=exp=1780975539~acl=/api/1/1/6/a/f/0/6afd059ad2b656b361a65bc6eed003b6.mp3*~data=user_id=0,application_id=42~hmac=cbd7b3857b20b9efbdacc1f3150df356291d2b6f643a730fe26d958d95e35df2"
"432","Common People (Full Length Version)","Pulp","Different Class","2252551","419366","Mid 50%","1","false","348","true","false","false","","Manual review","Mid-tier popularity — listen to preview and decide","https://cdnt-preview.dzcdn.net/api/1/1/9/c/9/0/9c9cf8d724b31f731d045330b03c01e1.mp3?hdnea=exp=1780975539~acl=/api/1/1/9/c/9/0/9c9cf8d724b31f731d045330b03c01e1.mp3*~data=user_id=0,application_id=42~hmac=f74f94774ac2da3c8ca534e9e4b89f9e9115930f602ed40c9a84b9188b1ceae5"
"403","Faith","Limp Bizkit","Three Dollar Bill, Y'all $","2525791","416644","Mid 50%","3","false","146","true","true","false","","Manual review","Mid-tier popularity — listen to preview and decide","https://cdnt-preview.dzcdn.net/api/1/1/8/6/e/0/86e39dcc80a51794c48600d22426e755.mp3?hdnea=exp=1780975539~acl=/api/1/1/8/6/e/0/86e39dcc80a51794c48600d22426e755.mp3*~data=user_id=0,application_id=42~hmac=be56fb27567e122d21a067b457916ae59f93d80bc1d3cba6d8ec6c7fdf6a1dfd"
"325","Hold My Hand","Hootie & The Blowfish","Cracked Rear View","4086674","410307","Mid 50%","4","false","258","true","false","false","","Manual review","Mid-tier popularity — listen to preview and decide","https://cdnt-preview.dzcdn.net/api/1/1/2/3/5/0/235aa9b461d6aa3035cddefd5ce4ad72.mp3?hdnea=exp=1780975539~acl=/api/1/1/2/3/5/0/235aa9b461d6aa3035cddefd5ce4ad72.mp3*~data=user_id=0,application_id=42~hmac=ef934c1eb2b86fc2d99219f5baf38e925fb57a23a4db1a17f761f844d7b035cc"
"532","Gonna Make You Sweat (Everybody Dance Now)","C & C Music Factory","Super Hits","2311029","410173","Mid 50%","1","false","243","true","false","false","","Manual review","Mid-tier popularity — listen to preview and decide","https://cdnt-preview.dzcdn.net/api/1/1/8/4/c/0/84c8e0a1a19d3a100f7c3fb818d95fce.mp3?hdnea=exp=1780975540~acl=/api/1/1/8/4/c/0/84c8e0a1a19d3a100f7c3fb818d95fce.mp3*~data=user_id=0,application_id=42~hmac=08ab4ef9129e56811b7616342024d0f88e5350434ef525e3eca40cfc98c8691d"
"274","Better Days (And the Bottom Drops Out)","Citizen King","Mobile Estates","6640921","409875","Mid 50%","1","false","207","true","false","false","","Manual review","Mid-tier popularity — listen to preview and decide","https://cdnt-preview.dzcdn.net/api/1/1/4/b/f/0/4bf22bab2817366561093bf0b3aab3aa.mp3?hdnea=exp=1780975538~acl=/api/1/1/4/b/f/0/4bf22bab2817366561093bf0b3aab3aa.mp3*~data=user_id=0,application_id=42~hmac=9a4958065e4e0e6fc85930703fbdfad639d2ead37bbbd1703754c24527599420"
"129","Little Miss Can't Be Wrong","Spin Doctors","Two Princes - The Best Of","630285","409781","Mid 50%","2","false","234","true","false","false","","Manual review","Mid-tier popularity — listen to preview and decide","https://cdnt-preview.dzcdn.net/api/1/1/a/9/5/0/a95c54320a3699611bb4212dd4f14a86.mp3?hdnea=exp=1780975538~acl=/api/1/1/a/9/5/0/a95c54320a3699611bb4212dd4f14a86.mp3*~data=user_id=0,application_id=42~hmac=3a12fd8e459ee0398e08b044c744252be061fdc7cf3b2d72cde1bda33412fb90"
"133","Gone Till November (feat. The New York Philharmonic Orchestra)","Wyclef Jean","Greatest Hits","605288","405090","Mid 50%","1","false","209","true","false","false","","Manual review","Mid-tier popularity — listen to preview and decide","https://cdnt-preview.dzcdn.net/api/1/1/d/c/3/0/dc3c8360b50df2a8752120381f525536.mp3?hdnea=exp=1780975538~acl=/api/1/1/d/c/3/0/dc3c8360b50df2a8752120381f525536.mp3*~data=user_id=0,application_id=42~hmac=a82dad439116ca55b800eec65f9769d756b4e1241a517f126f10749836ddb896"
"295","Brain Stew","Green Day","Greatest Hits: God's Favorite Band","427638112","404820","Mid 50%","4","false","193","true","true","false","","Manual review","Mid-tier popularity — listen to preview and decide","https://cdnt-preview.dzcdn.net/api/1/1/9/f/f/0/9ff43810fa627b77544438f43cb762b4.mp3?hdnea=exp=1780975538~acl=/api/1/1/9/f/f/0/9ff43810fa627b77544438f43cb762b4.mp3*~data=user_id=0,application_id=42~hmac=6f006303d5a51af1494a26cea6d596979365dd5ddcf7742c1c6cde4c5cfc1e1a"
"9","It's Gonna Be Me","N Sync","No Strings Attached","15391073","403657","Mid 50%","1","false","191","true","false","false","","Manual review","Mid-tier popularity — listen to preview and decide","https://cdnt-preview.dzcdn.net/api/1/1/e/0/9/0/e091148d10eecf49daa1ffd1b0b5caf7.mp3?hdnea=exp=1780975537~acl=/api/1/1/e/0/9/0/e091148d10eecf49daa1ffd1b0b5caf7.mp3*~data=user_id=0,application_id=42~hmac=c9c148d6143de1f1bbea2bf9d6c84f67a039c4ed15163bec30ee093b39992baa"
"289","Goodbye Earl","The Chicks","The Essential The Chicks","7511335","402460","Mid 50%","4","false","258","true","false","false","","Manual review","Mid-tier popularity — listen to preview and decide","https://cdnt-preview.dzcdn.net/api/1/1/4/8/4/0/48498464e0bda9cc1fc8443c3983f1ad.mp3?hdnea=exp=1780975538~acl=/api/1/1/4/8/4/0/48498464e0bda9cc1fc8443c3983f1ad.mp3*~data=user_id=0,application_id=42~hmac=f9b0748880a00be854201da83b219bb1db796e86357b5c8cd7bbaa9ea3a52919"
"223","Candy","Mandy Moore","The Best of Mandy Moore","13175629","398978","Mid 50%","1","false","235","true","false","false","","Manual review","Mid-tier popularity — listen to preview and decide","https://cdnt-preview.dzcdn.net/api/1/1/2/0/b/0/20b931df29b54f483c94e2aa6dda7f23.mp3?hdnea=exp=1780975538~acl=/api/1/1/2/0/b/0/20b931df29b54f483c94e2aa6dda7f23.mp3*~data=user_id=0,application_id=42~hmac=62b19837d1da71de474e9b62090cd136441e0c1deb8837ce9b06aea11da4d93b"
"461","Baby, Baby","Amy Grant","Greatest Hits","3145500","397165","Mid 50%","1","false","236","true","false","false","","Manual review","Mid-tier popularity — listen to preview and decide","https://cdnt-preview.dzcdn.net/api/1/1/f/9/0/0/f9012c7e9b605d49734954623bafd74a.mp3?hdnea=exp=1780975539~acl=/api/1/1/f/9/0/0/f9012c7e9b605d49734954623bafd74a.mp3*~data=user_id=0,application_id=42~hmac=e59e39d2eec8dc0801a23542eb95b46189968cc9e1a8d2625959f1ad29592e70"
"324","Let Her Cry","Hootie & The Blowfish","Cracked Rear View","4086675","396479","Mid 50%","4","false","318","true","false","false","","Manual review","Mid-tier popularity — listen to preview and decide","https://cdnt-preview.dzcdn.net/api/1/1/8/a/b/0/8ab682255d0b84e28d012453950faed3.mp3?hdnea=exp=1780975539~acl=/api/1/1/8/a/b/0/8ab682255d0b84e28d012453950faed3.mp3*~data=user_id=0,application_id=42~hmac=60311cc1ecb9047dbb71170cf7932035d09e3662c3e99f385bbc015f8808c51a"
"327","All I Want","Toad The Wet Sprocket","fear","1068078","394729","Mid 50%","1","false","197","true","false","false","","Manual review","Mid-tier popularity — listen to preview and decide","https://cdnt-preview.dzcdn.net/api/1/1/c/9/4/0/c94caaca41e7f60747b5fcabbe1f9999.mp3?hdnea=exp=1780975539~acl=/api/1/1/c/9/4/0/c94caaca41e7f60747b5fcabbe1f9999.mp3*~data=user_id=0,application_id=42~hmac=f9bbc2726c3da01fae55aa0bc95e08bf815f9a3b8d92081a2347961cd05e19bd"
"101","Meet Virginia","Train","Train","1015368","393399","Mid 50%","1","false","240","true","false","false","","Manual review","Mid-tier popularity — listen to preview and decide","https://cdnt-preview.dzcdn.net/api/1/1/b/3/d/0/b3d459852acaf1037f6216fad3d06df3.mp3?hdnea=exp=1780975538~acl=/api/1/1/b/3/d/0/b3d459852acaf1037f6216fad3d06df3.mp3*~data=user_id=0,application_id=42~hmac=b369bd09c24b7f33a04d154c64e6b685c823d338eee809499818920e219739bf"
"398","Where Have All the Cowboys Gone ? (Remastered Version)","Paula Cole","Greatest Hits - Postcards From East Oceanside","767861","392465","Mid 50%","2","false","266","true","false","false","","Manual review","Mid-tier popularity — listen to preview and decide","https://cdnt-preview.dzcdn.net/api/1/1/9/3/3/0/933ab6803037c6a31bc3fa047fa80fc5.mp3?hdnea=exp=1780975539~acl=/api/1/1/9/3/3/0/933ab6803037c6a31bc3fa047fa80fc5.mp3*~data=user_id=0,application_id=42~hmac=35cd74da4233cc3cd0c83bec9e260e9b6b5a72a522dc4f511aba8610a6a795b3"
"193","End Of The Road","Boyz II Men","Motown Love (International Version)","4109156","391927","Mid 50%","2","false","349","true","false","false","","Manual review","Mid-tier popularity — listen to preview and decide","https://cdnt-preview.dzcdn.net/api/1/1/6/6/d/0/66d1f5c18806ff8010514afd5e18b1d1.mp3?hdnea=exp=1780975538~acl=/api/1/1/6/6/d/0/66d1f5c18806ff8010514afd5e18b1d1.mp3*~data=user_id=0,application_id=42~hmac=b742c6a1a8489afb53a3ce0daa357c6d01a42479f3ad6fccfc050a3fade6b051"
"40","There's Your Trouble","The Chicks","Wide Open Spaces","545057","391645","Mid 50%","4","false","190","true","false","false","","Manual review","Mid-tier popularity — listen to preview and decide","https://cdnt-preview.dzcdn.net/api/1/1/b/b/4/0/bb416dec62f9d382a6bd1142db1a1da6.mp3?hdnea=exp=1780975537~acl=/api/1/1/b/b/4/0/bb416dec62f9d382a6bd1142db1a1da6.mp3*~data=user_id=0,application_id=42~hmac=13d6baae3c3631d3ac843ccdaf5ccf32832f2ab64659f87cbe4c0b13fae46ff4"
"490","Finally","CeCe Peniston","Soul 90s","685830692","390262","Mid 50%","1","false","250","true","false","false","","Manual review","Mid-tier popularity — listen to preview and decide","https://cdnt-preview.dzcdn.net/api/1/1/5/f/7/0/5f7c2e91179bd9d81f592ead25acc393.mp3?hdnea=exp=1780975539~acl=/api/1/1/5/f/7/0/5f7c2e91179bd9d81f592ead25acc393.mp3*~data=user_id=0,application_id=42~hmac=b8f785b4b8a400abaa84e9d9496e66930f612d99039d5f356751fb9fd6d69f3a"
"279","Barely Breathing","Duncan Sheik","Duncan Sheik","3663560","389471","Mid 50%","1","false","254","true","false","false","","Manual review","Mid-tier popularity — listen to preview and decide","https://cdnt-preview.dzcdn.net/api/1/1/f/2/2/0/f226734624c099c7be575b5b9c2162af.mp3?hdnea=exp=1780975538~acl=/api/1/1/f/2/2/0/f226734624c099c7be575b5b9c2162af.mp3*~data=user_id=0,application_id=42~hmac=ce97149c671d4e5721f5003c52f4a4d93b0f8ed499178165283d3f4c73a9dd51"
"162","I'll Make Love To You","Boyz II Men","Love Songs #1's","906609","382777","Mid 50%","2","false","236","true","false","false","","Manual review","Mid-tier popularity — listen to preview and decide","https://cdnt-preview.dzcdn.net/api/1/1/e/f/a/0/efae90108f756a585b789b7ed030df07.mp3?hdnea=exp=1780975538~acl=/api/1/1/e/f/a/0/efae90108f756a585b789b7ed030df07.mp3*~data=user_id=0,application_id=42~hmac=2d73a9771a5990070e24c61e6ca3947291738d3e18f67c1fda4ee400c5a422a4"
"519","Sweetest Thing (Remastered 2007)","U2","The Joshua Tree","912533","382525","Mid 50%","2","false","184","true","false","false","","Manual review","Mid-tier popularity — listen to preview and decide","https://cdnt-preview.dzcdn.net/api/1/1/3/1/a/0/31a7004f323668c4b87c0b69996d81c8.mp3?hdnea=exp=1780975540~acl=/api/1/1/3/1/a/0/31a7004f323668c4b87c0b69996d81c8.mp3*~data=user_id=0,application_id=42~hmac=26c694af6fa12bc8548921a8c277d87147a60505cab70e27aec7656beb2e46ff"
"59","Truly Madly Deeply","Savage Garden","Savage Garden - The Singles","117262952","380121","Mid 50%","3","false","273","true","false","false","","Manual review","Mid-tier popularity — listen to preview and decide","https://cdnt-preview.dzcdn.net/api/1/1/7/2/6/0/7263b3ac60d7e1bfb0f8bb7d9818413c.mp3?hdnea=exp=1780975537~acl=/api/1/1/7/2/6/0/7263b3ac60d7e1bfb0f8bb7d9818413c.mp3*~data=user_id=0,application_id=42~hmac=f5320f9d909f177bf639a1cd0ee546814dbb2a9cf21d4893f50425a766037856"
"343","Ants Marching","Dave Matthews Band","Under the Table and Dreaming (Expanded Edition)","426743392","375654","Mid 50%","2","false","271","true","false","false","","Manual review","Mid-tier popularity — listen to preview and decide","https://cdnt-preview.dzcdn.net/api/1/1/7/8/8/0/7885c43ded67136243dc02f918e6699a.mp3?hdnea=exp=1780975539~acl=/api/1/1/7/8/8/0/7885c43ded67136243dc02f918e6699a.mp3*~data=user_id=0,application_id=42~hmac=8376671c0ab4d2e90f65c7b7ea906a46c1a2862fab46ec2290e9df25bccaf497"
"508","Weather With You","Crowded House","Woodface (Deluxe)","135371886","375344","Mid 50%","1","false","221","true","false","false","","Manual review","Mid-tier popularity — listen to preview and decide","https://cdnt-preview.dzcdn.net/api/1/1/1/2/6/0/126214707e979f20d7a139a1e1548bce.mp3?hdnea=exp=1780975540~acl=/api/1/1/1/2/6/0/126214707e979f20d7a139a1e1548bce.mp3*~data=user_id=0,application_id=42~hmac=c55d0b32585936186100fada6e91ed43113402ca3bdca5bf2d2874da2fe7577f"
"363","Angel","Sarah McLachlan","LOVE","2847559","373523","Mid 50%","3","false","270","true","false","false","","Manual review","Mid-tier popularity — listen to preview and decide","https://cdnt-preview.dzcdn.net/api/1/1/8/6/a/0/86a8cbe17b0d54dda2be90f686a9a578.mp3?hdnea=exp=1780975539~acl=/api/1/1/8/6/a/0/86a8cbe17b0d54dda2be90f686a9a578.mp3*~data=user_id=0,application_id=42~hmac=d2ba5b3dd41a686be27ef125564a5d66baa3b749ea8931524e6d0d9e94d50422"
"172","Slide","The Goo Goo Dolls","Dizzy up the Girl","4290129","370452","Mid 50%","4","false","212","true","false","false","","Manual review","Mid-tier popularity — listen to preview and decide","https://cdnt-preview.dzcdn.net/api/1/1/d/4/5/0/d456eef198c1603e31d98ad1f9c2e56b.mp3?hdnea=exp=1780975538~acl=/api/1/1/d/4/5/0/d456eef198c1603e31d98ad1f9c2e56b.mp3*~data=user_id=0,application_id=42~hmac=795354b8e9b026fbad1c4e17c40c362a460662ddf86640f0d7a1644531febe74"
"115","Bleed The Freak","Alice In Chains","Facelift","1073345","368933","Mid 50%","3","false","241","true","true","false","","Manual review","Mid-tier popularity — listen to preview and decide","https://cdnt-preview.dzcdn.net/api/1/1/0/1/e/0/01e7920093c374e9de4f583ef176eb0b.mp3?hdnea=exp=1780975538~acl=/api/1/1/0/1/e/0/01e7920093c374e9de4f583ef176eb0b.mp3*~data=user_id=0,application_id=42~hmac=cf927f996c7c42fa8adbd855866758a5d330b6f36c9a21cd426db3878c49c4a9"
"261","You're a God","Vertical Horizon","Everything You Want","7410422","364603","Mid 50%","3","false","218","true","false","false","","Manual review","Mid-tier popularity — listen to preview and decide","https://cdnt-preview.dzcdn.net/api/1/1/c/d/e/0/cdea61b8a7a0a7a53f13809b415bea23.mp3?hdnea=exp=1780975538~acl=/api/1/1/c/d/e/0/cdea61b8a7a0a7a53f13809b415bea23.mp3*~data=user_id=0,application_id=42~hmac=21aa414f2a2edc5be7dcd7eca1dee5312d5fda2fbf07a39b836e21a288c9dda5"
"258","How's It Going to Be","Third Eye Blind","The Third Eye Blind Collection","72059903","362419","Mid 50%","5","false","253","true","false","false","","Manual review","Mid-tier popularity — listen to preview and decide","https://cdnt-preview.dzcdn.net/api/1/1/1/e/b/0/1ebfd11d654f35c9f8035b284222fb9d.mp3?hdnea=exp=1780975538~acl=/api/1/1/1/e/b/0/1ebfd11d654f35c9f8035b284222fb9d.mp3*~data=user_id=0,application_id=42~hmac=9fc3b9e8071c6cf3c9c313eddd8b04f5d2927c06ac46cba57ba41ef63880bbbd"
"465","To Be With You - 2021 Remastered - 2021 Remastered (2021 Remastered)","Mr. Big","Lean Into It (30th Anniversary Edition)","1409138822","360804","Mid 50%","1","false","208","true","false","false","","Manual review","Mid-tier popularity — listen to preview and decide","https://cdnt-preview.dzcdn.net/api/1/1/7/0/f/0/70fd7612e0ee51d51c256919c6ba5842.mp3?hdnea=exp=1780975539~acl=/api/1/1/7/0/f/0/70fd7612e0ee51d51c256919c6ba5842.mp3*~data=user_id=0,application_id=42~hmac=c3f96ec75fd340403a7b306bca40e9a2254b09a86219e05a5618e99a0a0234f4"
"131","Rap Promoter","A Tribe Called Quest","The Low End Theory","2465905","359042","Mid 50%","2","false","133","true","false","false","","Manual review","Mid-tier popularity — listen to preview and decide","https://cdnt-preview.dzcdn.net/api/1/1/5/6/7/0/567df73a91da1fd7b1e36d17f6212cd3.mp3?hdnea=exp=1780975538~acl=/api/1/1/5/6/7/0/567df73a91da1fd7b1e36d17f6212cd3.mp3*~data=user_id=0,application_id=42~hmac=a53240896d90e405254113e43d7c9bdf3849f816d287b4aba2b851e15fc3dda3"
"97","Why I Love You So Much","Monica","Miss Thang","1046760","358564","Mid 50%","1","false","270","true","false","false","","Manual review","Mid-tier popularity — listen to preview and decide","https://cdnt-preview.dzcdn.net/api/1/1/f/e/8/0/fe8e82a8f00b9d005d78578c1262f7f2.mp3?hdnea=exp=1780975537~acl=/api/1/1/f/e/8/0/fe8e82a8f00b9d005d78578c1262f7f2.mp3*~data=user_id=0,application_id=42~hmac=d1107717168ee9a793bc3ca1338dc19b05892d3b1312fe3a5b9526f72641324b"
"150","California Love (Original Version)","2Pac","The Best of 2Pac","910683","352969","Mid 50%","1","false","285","true","true","false","","Manual review","Mid-tier popularity — listen to preview and decide","https://cdnt-preview.dzcdn.net/api/1/1/c/9/2/0/c925be214514bbd15e60fc961dc95304.mp3?hdnea=exp=1780975538~acl=/api/1/1/c/9/2/0/c925be214514bbd15e60fc961dc95304.mp3*~data=user_id=0,application_id=42~hmac=3c1595c5c8c64bdc8c58a6be48cb029e5fcb60989fb8a08703293129b5149989"
"118","Still Not a Player (feat. Joe)","Big Pun","Greatest Hits","2221576","351907","Mid 50%","1","false","236","true","false","false","","Manual review","Mid-tier popularity — listen to preview and decide","https://cdnt-preview.dzcdn.net/api/1/1/4/f/8/0/4f8e18518f69bb3c833f59b896a4ca03.mp3?hdnea=exp=1780975538~acl=/api/1/1/4/f/8/0/4f8e18518f69bb3c833f59b896a4ca03.mp3*~data=user_id=0,application_id=42~hmac=9da07fe9515d8f7232a991c136f7d12f63c71bbdf8b2350f55e3871f33a3ceab"
"352","The General","Dispatch","Bang Bang","92590808","350663","Mid 50%","2","false","246","true","false","false","","Manual review","Mid-tier popularity — listen to preview and decide","https://cdnt-preview.dzcdn.net/api/1/1/3/5/5/0/355249a68b373415dbfe34084434a444.mp3?hdnea=exp=1780975539~acl=/api/1/1/3/5/5/0/355249a68b373415dbfe34084434a444.mp3*~data=user_id=0,application_id=42~hmac=214ef01d51299874b11b05c6619c7660a7b62071ac0a8c38185f1c32b6ed210a"
"117","Independence Day","Martina McBride","Greatest Hits","964664","349664","Mid 50%","1","false","204","true","false","false","","Manual review","Mid-tier popularity — listen to preview and decide","https://cdnt-preview.dzcdn.net/api/1/1/e/b/8/0/eb80b9cfa41f0148e8b209e6dd1f821b.mp3?hdnea=exp=1780975538~acl=/api/1/1/e/b/8/0/eb80b9cfa41f0148e8b209e6dd1f821b.mp3*~data=user_id=0,application_id=42~hmac=cc3aea30704dbc65c27e2fe89201a26d461bca7da01f7237571cf1857c349781"
"219","Summer Girls","LFO","LFO","969161","347665","Mid 50%","1","false","257","true","false","false","","Manual review","Mid-tier popularity — listen to preview and decide","https://cdnt-preview.dzcdn.net/api/1/1/c/b/2/0/cb28af85c78343dd667555b3c79bafd9.mp3?hdnea=exp=1780975538~acl=/api/1/1/c/b/2/0/cb28af85c78343dd667555b3c79bafd9.mp3*~data=user_id=0,application_id=42~hmac=a435344ae6b832bb76a1c294dc1d5e1152754dea7039570981299b1d7a478544"
"114","Shimmer","Fuel","The Best of Fuel","7675298","344924","Mid 50%","2","false","211","true","false","false","","Manual review","Mid-tier popularity — listen to preview and decide","https://cdnt-preview.dzcdn.net/api/1/1/7/6/2/0/762f77b5cdc28d9025cd83007fcd60d5.mp3?hdnea=exp=1780975538~acl=/api/1/1/7/6/2/0/762f77b5cdc28d9025cd83007fcd60d5.mp3*~data=user_id=0,application_id=42~hmac=ee3a90f0db1db36dce2e1d3fa793ef5866601cc69dd0853fb7b798e8cb60b723"
"143","Neon Moon","Brooks & Dunn","The Greatest Hits Collection","969408","344912","Mid 50%","1","false","260","true","false","false","","Manual review","Mid-tier popularity — listen to preview and decide","https://cdnt-preview.dzcdn.net/api/1/1/6/a/b/0/6ab26ff899de4317edf2b417cfdf3f31.mp3?hdnea=exp=1780975538~acl=/api/1/1/6/a/b/0/6ab26ff899de4317edf2b417cfdf3f31.mp3*~data=user_id=0,application_id=42~hmac=9f79acf1b7efea1fa50633c37d97684047ae877daf8599f43638c2919b09e54d"
"365","Desperately Wanting","Better Than Ezra","Greatest Hits","3928390","336220","Mid 50%","2","false","277","true","false","false","","Manual review","Mid-tier popularity — listen to preview and decide","https://cdnt-preview.dzcdn.net/api/1/1/b/4/d/0/b4dba7f62545abd1e1bfc7a050299b9f.mp3?hdnea=exp=1780975539~acl=/api/1/1/b/4/d/0/b4dba7f62545abd1e1bfc7a050299b9f.mp3*~data=user_id=0,application_id=42~hmac=20dae9a1e45274da1fe61f3ead2e474b144df7e6b3f1417d07502b93fab7f2cd"
"374","I'm The Only One","Melissa Etheridge","Yes I Am","1181048","335007","Mid 50%","2","false","294","true","false","false","","Manual review","Mid-tier popularity — listen to preview and decide","https://cdnt-preview.dzcdn.net/api/1/1/1/6/0/0/1600b7fd2b29a1e13042f08e372d838d.mp3?hdnea=exp=1780975539~acl=/api/1/1/1/6/0/0/1600b7fd2b29a1e13042f08e372d838d.mp3*~data=user_id=0,application_id=42~hmac=88805128a5b2e1b386850c2d8873522fafcb9d55d2c90751c0bca30f85faea10"
"130","Weak","SWV","Platinum & Gold Collection","555803","333801","Mid 50%","2","false","290","true","false","false","","Manual review","Mid-tier popularity — listen to preview and decide","https://cdnt-preview.dzcdn.net/api/1/1/c/2/3/0/c230044ad20924b5427cf82007fdc389.mp3?hdnea=exp=1780975538~acl=/api/1/1/c/2/3/0/c230044ad20924b5427cf82007fdc389.mp3*~data=user_id=0,application_id=42~hmac=42e3ebe1809c4175a20d17d4bd67ed7e9fac9accd66d1eca636619afb2c2e517"
"383","Roll To Me","Del Amitri","Twisted","2528644","333792","Mid 50%","1","false","132","true","false","false","","Manual review","Mid-tier popularity — listen to preview and decide","https://cdnt-preview.dzcdn.net/api/1/1/d/6/e/0/d6ec8afafec8c88aca6cb14ad4599fb6.mp3?hdnea=exp=1780975539~acl=/api/1/1/d/6/e/0/d6ec8afafec8c88aca6cb14ad4599fb6.mp3*~data=user_id=0,application_id=42~hmac=760bd0998493e0b9e63caedf5a9d2ac146a830d60d13552d92bf2e9840a1639d"
"240","Beer","Reel Big Fish","Greatest Hit And More","13160751","333107","Mid 50%","2","false","210","true","false","false","","Manual review","Mid-tier popularity — listen to preview and decide","https://cdnt-preview.dzcdn.net/api/1/1/d/5/0/0/d50ebeca5adc7cef1da3c6b900f7513a.mp3?hdnea=exp=1780975538~acl=/api/1/1/d/5/0/0/d50ebeca5adc7cef1da3c6b900f7513a.mp3*~data=user_id=0,application_id=42~hmac=2eb2d2acbaf814b486a34bc0d7d20f2b01be6809eb35562afa3bf332acfa921a"
"417","Lit Up","Buckcherry","Buckcherry","2192282","332212","Mid 50%","1","false","215","true","true","false","","Manual review","Mid-tier popularity — listen to preview and decide","https://cdnt-preview.dzcdn.net/api/1/1/a/c/9/0/ac96f803f94c8b4b52d59533cf5ed6cb.mp3?hdnea=exp=1780975539~acl=/api/1/1/a/c/9/0/ac96f803f94c8b4b52d59533cf5ed6cb.mp3*~data=user_id=0,application_id=42~hmac=b3be307083b13ed389d52896181d5531c12017ecf90b4afb43d414f5ec2c98d4"
"535","Show Me Heaven (Acoustic Demo Version)","Maria McKee","I'm Gonna Soothe You","1728098427","331828","Mid 50%","1","false","223","true","false","false","","Manual review","Mid-tier popularity — listen to preview and decide","https://cdnt-preview.dzcdn.net/api/1/1/f/1/2/0/f12cbdcb74768621da877f4ffc1a1683.mp3?hdnea=exp=1780975540~acl=/api/1/1/f/1/2/0/f12cbdcb74768621da877f4ffc1a1683.mp3*~data=user_id=0,application_id=42~hmac=d4604d1fe71a285f37a665a5b9e0be27980ce30b95ec8f19480a57e420c3ceae"
"45","All By Myself","Céline Dion","I AM: CELINE DION (Original Motion Picture Soundtrack)","2850969212","329846","Mid 50%","6","false","311","true","false","false","","Manual review","Mid-tier popularity — listen to preview and decide","https://cdnt-preview.dzcdn.net/api/1/1/2/e/1/0/2e1df536debf994b1a659b345da9b299.mp3?hdnea=exp=1780975537~acl=/api/1/1/2/e/1/0/2e1df536debf994b1a659b345da9b299.mp3*~data=user_id=0,application_id=42~hmac=665a197fa3e27606a5131837a84b3936b03aa697f8c97491d0a99aa4417d9323"
"304","The Difference","The Wallflowers","Bringing Down The Horse","2193503","328966","Mid 50%","3","false","230","true","false","false","","Manual review","Mid-tier popularity — listen to preview and decide","https://cdnt-preview.dzcdn.net/api/1/1/2/2/2/0/222314ae5d966d82607d13b90d79e0a3.mp3?hdnea=exp=1780975539~acl=/api/1/1/2/2/2/0/222314ae5d966d82607d13b90d79e0a3.mp3*~data=user_id=0,application_id=42~hmac=e603d8d7f719cd578c133c073574dc17b0437ce34cc0e514e08263ae9bb5a5b5"
"436","Come To My Window","Melissa Etheridge","Yes I Am","1181050","325706","Mid 50%","2","false","235","true","false","false","","Manual review","Mid-tier popularity — listen to preview and decide","https://cdnt-preview.dzcdn.net/api/1/1/8/7/b/0/87bfe3ff22c47337271865107a76ad58.mp3?hdnea=exp=1780975539~acl=/api/1/1/8/7/b/0/87bfe3ff22c47337271865107a76ad58.mp3*~data=user_id=0,application_id=42~hmac=59dccbee4882a5976ea25faa6550c624b8f957768d3a858db011aa7d87289789"
"262","Best I Ever Had (Grey Sky Morning)","Vertical Horizon","Everything You Want","7410423","325429","Mid 50%","3","false","270","true","false","false","","Manual review","Mid-tier popularity — listen to preview and decide","https://cdnt-preview.dzcdn.net/api/1/1/b/2/1/0/b21cae6c7a075cb5eb0cc62744ce8f95.mp3?hdnea=exp=1780975538~acl=/api/1/1/b/2/1/0/b21cae6c7a075cb5eb0cc62744ce8f95.mp3*~data=user_id=0,application_id=42~hmac=2ad43a997ad8640769ef80633b35aca30db52a50e382b3052c503319ec115b73"
"160","One Week","Barenaked Ladies","Stunt (20th Anniversary Edition)","517326582","320537","Mid 50%","2","false","169","true","false","false","","Manual review","Mid-tier popularity — listen to preview and decide","https://cdnt-preview.dzcdn.net/api/1/1/1/a/3/0/1a3f9e9047cc6e5fbd287011d59e43cb.mp3?hdnea=exp=1780975538~acl=/api/1/1/1/a/3/0/1a3f9e9047cc6e5fbd287011d59e43cb.mp3*~data=user_id=0,application_id=42~hmac=ff75608391a044871a12d8393711dee633a65b7b82ccac321cc271c678d694f5"
"523","Unbelievable","EMF","I Love Dad","3153744","316352","Mid 50%","1","false","211","true","false","false","","Manual review","Mid-tier popularity — listen to preview and decide","https://cdnt-preview.dzcdn.net/api/1/1/a/0/0/0/a001ff987ccfea4fc214f27b1ec7f1c9.mp3?hdnea=exp=1780975540~acl=/api/1/1/a/0/0/0/a001ff987ccfea4fc214f27b1ec7f1c9.mp3*~data=user_id=0,application_id=42~hmac=8588a67830ed961ddb14893be9325233d8b9f1d51a589237f58824181db71231"
"460","Til I Hear It From You","Gin Blossoms","Empire Records (Original Motion Picture Soundtrack)","631727082","316180","Mid 50%","5","false","226","true","false","false","","Manual review","Mid-tier popularity — listen to preview and decide","https://cdnt-preview.dzcdn.net/api/1/1/c/6/5/0/c6576db8275e961c2d699c069c88fd7f.mp3?hdnea=exp=1780975539~acl=/api/1/1/c/6/5/0/c6576db8275e961c2d699c069c88fd7f.mp3*~data=user_id=0,application_id=42~hmac=4abb8cfd1e8d077eeb64e4d34fec4545df4b0630d8b15e3b565897b6ae04ade2"
"196","Zoot Suit Riot","Cherry Poppin' Daddies","Zoot Suit Riot","69256670","315098","Mid 50%","1","false","233","true","false","false","","Manual review","Mid-tier popularity — listen to preview and decide","https://cdnt-preview.dzcdn.net/api/1/1/a/1/2/0/a12f86dba30c35a5123628423df1c159.mp3?hdnea=exp=1780975538~acl=/api/1/1/a/1/2/0/a12f86dba30c35a5123628423df1c159.mp3*~data=user_id=0,application_id=42~hmac=df1f99a43ca76d29e383bcf51dbc79f4de2f16b0e02e60b1b428e3c428374784"
"399","Kind & Generous","Natalie Merchant","Ophelia","771311","313392","Mid 50%","1","false","241","true","false","false","","Manual review","Mid-tier popularity — listen to preview and decide","https://cdnt-preview.dzcdn.net/api/1/1/f/a/3/0/fa3bd57e4eeb54092d48265de85b641a.mp3?hdnea=exp=1780975539~acl=/api/1/1/f/a/3/0/fa3bd57e4eeb54092d48265de85b641a.mp3*~data=user_id=0,application_id=42~hmac=792994a8ad429ef5bb787e8e2d0081b10a429ac92ea9d900d5678803ffc15a5d"
"415","Girlfriend","Matthew Sweet","Girlfriend (Legacy Edition)","548586","307185","Mid 50%","1","false","220","true","false","false","","Manual review","Mid-tier popularity — listen to preview and decide","https://cdnt-preview.dzcdn.net/api/1/1/2/c/7/0/2c76415f734ee8c7b583876ebd6a6da7.mp3?hdnea=exp=1780975539~acl=/api/1/1/2/c/7/0/2c76415f734ee8c7b583876ebd6a6da7.mp3*~data=user_id=0,application_id=42~hmac=192ef3839b50859eb107e5111e7cc78849ac1ea67e0d6233fe60f6fd2a3057ed"
"329","Here In Your Bedroom","Goldfinger","The Best Of Goldfinger","7978570","306320","Mid 50%","2","false","191","true","false","false","","Manual review","Mid-tier popularity — listen to preview and decide","https://cdnt-preview.dzcdn.net/api/1/1/c/5/1/0/c51cbdc1ba387885f799273342bda17c.mp3?hdnea=exp=1780975539~acl=/api/1/1/c/5/1/0/c51cbdc1ba387885f799273342bda17c.mp3*~data=user_id=0,application_id=42~hmac=21f4715d4e76beb53fb27dd90b0ce99ae609af6fac380d1be88e66702ab96077"
"353","Bang Bang","Dispatch","Bang Bang","92590810","301092","Mid 50%","2","false","267","true","false","false","","Manual review","Mid-tier popularity — listen to preview and decide","https://cdnt-preview.dzcdn.net/api/1/1/7/5/7/0/757ca767db77a81f9ede5e689c091743.mp3?hdnea=exp=1780975539~acl=/api/1/1/7/5/7/0/757ca767db77a81f9ede5e689c091743.mp3*~data=user_id=0,application_id=42~hmac=3475ccc6b3e8586b231def3291d266afa22a66cc9966e85cda6a191024a2919a"
"235","That Was A Crazy Game Of Poker","O.A.R.","XX","129632796","299544","Mid 50%","1","false","523","true","false","false","","Manual review","Mid-tier popularity — listen to preview and decide","https://cdnt-preview.dzcdn.net/api/1/1/6/c/e/0/6ce82e064bde6812be6714cf8a5e46b2.mp3?hdnea=exp=1780975538~acl=/api/1/1/6/c/e/0/6ce82e064bde6812be6714cf8a5e46b2.mp3*~data=user_id=0,application_id=42~hmac=79b0b8f70e4a1079f8883d592bd59b0a577827114d67ea3d8bf03a715c474576"
"429","S Club Party","S Club","S Club","3040582","299477","Mid 50%","2","false","210","true","false","false","","Manual review","Mid-tier popularity — listen to preview and decide","https://cdnt-preview.dzcdn.net/api/1/1/1/d/b/0/1dbb3269a0baff94dd74a705a8bd86e3.mp3?hdnea=exp=1780975539~acl=/api/1/1/1/d/b/0/1dbb3269a0baff94dd74a705a8bd86e3.mp3*~data=user_id=0,application_id=42~hmac=03c4fed17f760eb1f909b65c39fea475be067fefcaf94f392d3cf6403dbc7d00"
"480","The Bomb! (These Sound Fall into My Mind) (Radio Edit)","The Bucketheads","All In The Mind","103268044","298187","Mid 50%","1","false","203","true","false","false","","Manual review","Mid-tier popularity — listen to preview and decide","https://cdnt-preview.dzcdn.net/api/1/1/1/d/6/0/1d6d1ff60bc5928c16da48f293d4f3fa.mp3?hdnea=exp=1780975539~acl=/api/1/1/1/d/6/0/1d6d1ff60bc5928c16da48f293d4f3fa.mp3*~data=user_id=0,application_id=42~hmac=91c54f0b1574f7f159e8df7e35d60a140e8eb0233f834755fa141fd629df2cd4"
"266","Long Day","Matchbox Twenty","The Matchbox Twenty Collection","72189642","296278","Mid 50%","5","false","225","true","false","false","","Manual review","Mid-tier popularity — listen to preview and decide","https://cdnt-preview.dzcdn.net/api/1/1/9/8/e/0/98e47ddd7b63bb5056ad51f36e1c2008.mp3?hdnea=exp=1780975538~acl=/api/1/1/9/8/e/0/98e47ddd7b63bb5056ad51f36e1c2008.mp3*~data=user_id=0,application_id=42~hmac=7b0de6e3dea36210c036cf02d8bc2a9adcba6fb08d2eae730beacee30356a050"
"278","Crazy for This Girl","Evan and Jaron","evan and jaron","830064","293282","Mid 50%","1","false","202","true","false","false","","Manual review","Mid-tier popularity — listen to preview and decide","https://cdnt-preview.dzcdn.net/api/1/1/c/7/e/0/c7edb27c04c6d811e432fffca6554e6c.mp3?hdnea=exp=1780975538~acl=/api/1/1/c/7/e/0/c7edb27c04c6d811e432fffca6554e6c.mp3*~data=user_id=0,application_id=42~hmac=906476d2cf4c2346a31b7cd49458894a6919f3841aa74b2fd88a04cae466472f"
"210","Da' Dip","Freak Nasty","Controversee…That's Life…and That's the Way It Is","60886672","293157","Mid 50%","1","false","237","true","true","false","","Manual review","Mid-tier popularity — listen to preview and decide","https://cdnt-preview.dzcdn.net/api/1/1/a/1/7/0/a17bdf010c3f14e3f11e7a78f8d4985e.mp3?hdnea=exp=1780975538~acl=/api/1/1/a/1/7/0/a17bdf010c3f14e3f11e7a78f8d4985e.mp3*~data=user_id=0,application_id=42~hmac=5fa7ad76c04e11fc1eb73a78c0b19f793de07ac72b9423c9e3daf61ddf6c7358"
"277","Everything Falls Apart","Dog's Eye View","Happy Nowhere","13253011","286765","Mid 50%","1","false","233","true","false","false","","Manual review","Mid-tier popularity — listen to preview and decide","https://cdnt-preview.dzcdn.net/api/1/1/e/a/1/0/ea1e8bdbc13fe001a0a90f196aeb7353.mp3?hdnea=exp=1780975538~acl=/api/1/1/e/a/1/0/ea1e8bdbc13fe001a0a90f196aeb7353.mp3*~data=user_id=0,application_id=42~hmac=ce0168b96f6ac4f910a9c342d018fd94e8503e350bf6848372bfba0aa6d7bb17"
"356","I Will Come To You","Hanson","Middle Of Nowhere","88685903","283316","Mid 50%","2","false","251","true","false","false","","Manual review","Mid-tier popularity — listen to preview and decide","https://cdnt-preview.dzcdn.net/api/1/1/d/2/4/0/d24d1f566eddf078916792a6315ea366.mp3?hdnea=exp=1780975539~acl=/api/1/1/d/2/4/0/d24d1f566eddf078916792a6315ea366.mp3*~data=user_id=0,application_id=42~hmac=81049afbc821dec1e64b4ae022587a117ed5e3f64367b2a0f744c17fe43d118f"
"323","A Long December","Counting Crows","Films About Ghosts (The Best Of Counting Crows)","1138001","278011","Mid 50%","4","false","297","true","false","false","","Manual review","Mid-tier popularity — listen to preview and decide","https://cdnt-preview.dzcdn.net/api/1/1/d/0/3/0/d030848d3f2adab40a19c9a8608b56f7.mp3?hdnea=exp=1780975539~acl=/api/1/1/d/0/3/0/d030848d3f2adab40a19c9a8608b56f7.mp3*~data=user_id=0,application_id=42~hmac=c6e902a50c8d7cc50e109b6b263a80005f2b5a60b4f9f6522e895e60040828c2"
"302","Bound For The Floor","Local H","90s Rock","432946942","269977","Mid 50%","1","false","222","true","false","false","","Manual review","Mid-tier popularity — listen to preview and decide","https://cdnt-preview.dzcdn.net/api/1/1/d/9/5/0/d95bcbe3cab2a17f3906496db2d0b6e8.mp3?hdnea=exp=1780975539~acl=/api/1/1/d/9/5/0/d95bcbe3cab2a17f3906496db2d0b6e8.mp3*~data=user_id=0,application_id=42~hmac=18f295ca2c81e86f50b58057612d7452fd56187cdeb1354285aeb4ef2aca2277"
"371","I Will Buy You A New Life","Everclear","So Much For The Afterglow","142750404","268044","Mid 50%","4","false","234","true","false","false","","Manual review","Mid-tier popularity — listen to preview and decide","https://cdnt-preview.dzcdn.net/api/1/1/6/d/a/0/6da61ab0126557926d977691d88d6e24.mp3?hdnea=exp=1780975539~acl=/api/1/1/6/d/a/0/6da61ab0126557926d977691d88d6e24.mp3*~data=user_id=0,application_id=42~hmac=c9a63503bb413149506feda1d720d7887a72a849b799bd1afd6c62daf19ad36b"
"60","The Horses","Daryl Braithwaite","Rise","12791711","267007","Mid 50%","1","false","254","true","false","false","","Manual review","Mid-tier popularity — listen to preview and decide","https://cdnt-preview.dzcdn.net/api/1/1/a/2/8/0/a2802cbc90dc07452efc31d91621cd3e.mp3?hdnea=exp=1780975537~acl=/api/1/1/a/2/8/0/a2802cbc90dc07452efc31d91621cd3e.mp3*~data=user_id=0,application_id=42~hmac=fe5fab32f6ad051e64f1fc1048b7998e4b31e38b3561a2ec4e2ded8b6908395d"
"272","Follow You Down (Edit)","Gin Blossoms","90's Rock","882406","262721","Mid 50%","5","false","225","true","false","false","","Manual review","Mid-tier popularity — listen to preview and decide","https://cdnt-preview.dzcdn.net/api/1/1/7/4/9/0/74956bc054ead1bf1db3b782f89f1c57.mp3?hdnea=exp=1780975538~acl=/api/1/1/7/4/9/0/74956bc054ead1bf1db3b782f89f1c57.mp3*~data=user_id=0,application_id=42~hmac=7456569accec88bb981777116cf4aeb3127a7f5b03829b9e8cef7d3e1019554c"
"340","It's All Been Done","Barenaked Ladies","Stunt (20th Anniversary Edition)","517326592","261671","Mid 50%","2","false","206","true","false","false","","Manual review","Mid-tier popularity — listen to preview and decide","https://cdnt-preview.dzcdn.net/api/1/1/0/a/e/0/0aeb2e2b006fba79227a80215d428132.mp3?hdnea=exp=1780975539~acl=/api/1/1/0/a/e/0/0aeb2e2b006fba79227a80215d428132.mp3*~data=user_id=0,application_id=42~hmac=70f06e0054ca88e41ebbbb41c8754512672dc04e7425b09d95ab9e456491fe01"
"227","I Would Do Anything For Love (But I Won't Do That) (Orchestral Version)","Meat Loaf","Braver Than We Are","637852412","245735","Mid 50%","1","false","619","true","false","false","","Manual review","Mid-tier popularity — listen to preview and decide","https://cdnt-preview.dzcdn.net/api/1/1/e/c/9/0/ec9321a0332ec6987c96b830c5f0d787.mp3?hdnea=exp=1780975538~acl=/api/1/1/e/c/9/0/ec9321a0332ec6987c96b830c5f0d787.mp3*~data=user_id=0,application_id=42~hmac=8cb344a915a118832cb8c39242db9bef6b14f2bf0d65db97d500fe0458778de0"
"164","Friends in Low Places","Brooks Jefferson","Strummin' On Garth","97664982","244074","Mid 50%","1","false","259","true","false","false","","Manual review","Mid-tier popularity — listen to preview and decide","https://cdnt-preview.dzcdn.net/api/1/1/8/d/6/0/8d63a3d8bfa3b30b492e95b745ea400d.mp3?hdnea=exp=1780975538~acl=/api/1/1/8/d/6/0/8d63a3d8bfa3b30b492e95b745ea400d.mp3*~data=user_id=0,application_id=42~hmac=6801131af1053936fab1575792e25c35fb24c1c1667ebd372af6de647f6d746a"
"155","You Oughta Know","Alanis Morissette","Jagged Little Pill","776476","243344","Mid 50%","4","false","249","true","true","false","","Manual review","Mid-tier popularity — listen to preview and decide","https://cdnt-preview.dzcdn.net/api/1/1/4/7/0/0/47089d0e508ace927d5c5959f5d83d1e.mp3?hdnea=exp=1780975538~acl=/api/1/1/4/7/0/0/47089d0e508ace927d5c5959f5d83d1e.mp3*~data=user_id=0,application_id=42~hmac=09c738576a2c598f1f08d117a0aafca3271ffe3a9071803e098fb63bc8db2b96"
"342","Right Here Right Now","Jesus Jones","Never Enough - The Best Of Jesus Jones","3506853","235935","Mid 50%","1","false","189","true","false","false","","Manual review","Mid-tier popularity — listen to preview and decide","https://cdnt-preview.dzcdn.net/api/1/1/7/d/4/0/7d4972ed7ef6b60f681798f76366b82e.mp3?hdnea=exp=1780975539~acl=/api/1/1/7/d/4/0/7d4972ed7ef6b60f681798f76366b82e.mp3*~data=user_id=0,application_id=42~hmac=c021408d98c6cdafc818830cde4d14253aecfd04e8f587a5d7dca5048790cc62"
"499","Brimful Of Asha (Norman Cook Remix Single Version)","Cornershop","The Greatest Hits: Why Try Harder","15686804","235681","Mid 50%","1","false","243","true","false","false","","Manual review","Mid-tier popularity — listen to preview and decide","https://cdnt-preview.dzcdn.net/api/1/1/3/e/2/0/3e2141fc8be18c76482387d04a305407.mp3?hdnea=exp=1780975539~acl=/api/1/1/3/e/2/0/3e2141fc8be18c76482387d04a305407.mp3*~data=user_id=0,application_id=42~hmac=438507fad0d3709bb6e6ce52e2f2a47d59d877a20c346a6f88d80ee8e851d04c"
"464","My Favorite Mistake","Sheryl Crow","The Very Best Of Sheryl Crow","1574832","235424","Mid 50%","3","false","246","true","false","false","","Manual review","Mid-tier popularity — listen to preview and decide","https://cdnt-preview.dzcdn.net/api/1/1/4/5/9/0/4595a388b44edcc50691c1b0b7996ed1.mp3?hdnea=exp=1780975539~acl=/api/1/1/4/5/9/0/4595a388b44edcc50691c1b0b7996ed1.mp3*~data=user_id=0,application_id=42~hmac=ab6b788325ae9a669432a808fff2e9fb08a067990c4adc0ba838b8b4b39f4758"
"119","Sunny Came Home","Shawn Colvin","A Few Small Repairs: 20th Anniversary Edition","375659771","235220","Mid 50%","1","false","264","true","false","false","","Manual review","Mid-tier popularity — listen to preview and decide","https://cdnt-preview.dzcdn.net/api/1/1/3/5/1/0/3519a1477fb7aa1214b695caa8fc1bff.mp3?hdnea=exp=1780975538~acl=/api/1/1/3/5/1/0/3519a1477fb7aa1214b695caa8fc1bff.mp3*~data=user_id=0,application_id=42~hmac=1dcd2520c2657638a2f939e6fe0765599d8a5b3ae6b03cab50df769ee6660514"
"94","Freedom! '90 (Edit)","George Michael","Listen Without Prejudice / MTV Unplugged (Deluxe)","414746222","232011","Mid 50%","4","false","314","true","false","false","","Manual review","Mid-tier popularity — listen to preview and decide","https://cdnt-preview.dzcdn.net/api/1/1/e/7/1/0/e71cb18c3bce3fabd44be0c02fff084b.mp3?hdnea=exp=1780975537~acl=/api/1/1/e/7/1/0/e71cb18c3bce3fabd44be0c02fff084b.mp3*~data=user_id=0,application_id=42~hmac=7a212237a3f475501d90db1e9b1e53b3d8bf7a6e392439958734f63036c1028c"
"322","Round Here","Counting Crows","Films About Ghosts (The Best Of Counting Crows)","1137999","227484","Mid 50%","4","false","328","true","false","false","","Manual review","Mid-tier popularity — listen to preview and decide","https://cdnt-preview.dzcdn.net/api/1/1/6/2/8/0/6286d3d6daadf2de773af13fc9ee373f.mp3?hdnea=exp=1780975539~acl=/api/1/1/6/2/8/0/6286d3d6daadf2de773af13fc9ee373f.mp3*~data=user_id=0,application_id=42~hmac=2cb2bd54bcae868a2ccf30a0b42313b97fca061bc059ebfdd32c8e697b6725e6"
"226","Freak of the Week","Marvelous 3","Hey! Album","6634359","227392","Mid 50%","1","false","200","true","false","false","","Manual review","Mid-tier popularity — listen to preview and decide","https://cdnt-preview.dzcdn.net/api/1/1/2/c/e/0/2cecd239f55e02489119d53b1093079e.mp3?hdnea=exp=1780975538~acl=/api/1/1/2/c/e/0/2cecd239f55e02489119d53b1093079e.mp3*~data=user_id=0,application_id=42~hmac=2bb5c7ac3d56b82e781d18bf136b6cd479315bd4ba3fd916e632a012d85fa0bb"
"467","As I Lay Me Down","Sophie B. Hawkins","Whaler","1014706","224776","Mid 50%","2","false","248","true","false","false","","Manual review","Mid-tier popularity — listen to preview and decide","https://cdnt-preview.dzcdn.net/api/1/1/e/3/1/0/e3123deb85428501dac7b21e8a93fbc0.mp3?hdnea=exp=1780975539~acl=/api/1/1/e/3/1/0/e3123deb85428501dac7b21e8a93fbc0.mp3*~data=user_id=0,application_id=42~hmac=9e7e5d951189519ee47e9fde0842dc443bb2faae3545dcada01fcf641f1dc1bf"
"190","Hey Leonardo (She Likes Me for Me)","Blessid Union Of Souls","The Singles","74460864","224236","Mid 50%","1","false","207","true","false","false","","Manual review","Mid-tier popularity — listen to preview and decide","https://cdnt-preview.dzcdn.net/api/1/1/1/d/4/0/1d4f27052cfb9b5424085edf2e67c05a.mp3?hdnea=exp=1780975538~acl=/api/1/1/1/d/4/0/1d4f27052cfb9b5424085edf2e67c05a.mp3*~data=user_id=0,application_id=42~hmac=5794d2877ccc8c5c0ca30c3ee54a215150fcae88f2b765f48a66d9a96ac50a99"
"271","Hey Jealousy","Gin Blossoms","90's Rock","882418","220218","Mid 50%","5","false","236","true","false","false","","Manual review","Mid-tier popularity — listen to preview and decide","https://cdnt-preview.dzcdn.net/api/1/1/9/e/7/0/9e730e9b645f38318108c304a24a6a19.mp3?hdnea=exp=1780975538~acl=/api/1/1/9/e/7/0/9e730e9b645f38318108c304a24a6a19.mp3*~data=user_id=0,application_id=42~hmac=f22d379781b4203a1f9fec00e7663cbe6eea3b963e16e1edce758c6b052f260d"
"51","Make Me Lose Control","Eric Carmen","All By Myself","992960","210651","Mid 50%","1","false","285","true","false","false","","Manual review","Mid-tier popularity — listen to preview and decide","https://cdnt-preview.dzcdn.net/api/1/1/b/0/d/0/b0dde591c4242ab380414ecc0e8b9c88.mp3?hdnea=exp=1780975537~acl=/api/1/1/b/0/d/0/b0dde591c4242ab380414ecc0e8b9c88.mp3*~data=user_id=0,application_id=42~hmac=32ce7dd1085c6ff85bbe2b48680d3b9911ede7c172221c2187a702ec8f774054"
"241","Sell Out","Reel Big Fish","Surf Music Chill","544930602","209007","Mid 50%","2","false","226","true","false","false","","Manual review","Mid-tier popularity — listen to preview and decide","https://cdnt-preview.dzcdn.net/api/1/1/9/6/1/0/9615e2cd7de6aa637f3a274b757696a9.mp3?hdnea=exp=1780975538~acl=/api/1/1/9/6/1/0/9615e2cd7de6aa637f3a274b757696a9.mp3*~data=user_id=0,application_id=42~hmac=78f169ac00646ec5b6395c89b39e236bc9675d8aa9b5781d414920b643c54522"
"151","3AM (2007 Remaster)","Matchbox Twenty","Exile on Mainstream (International)","6640024","201563","Mid 50%","5","false","224","true","false","false","","Manual review","Mid-tier popularity — listen to preview and decide","https://cdnt-preview.dzcdn.net/api/1/1/0/e/d/0/0eda5a30bc0698c7389e2f641268cba6.mp3?hdnea=exp=1780975538~acl=/api/1/1/0/e/d/0/0eda5a30bc0698c7389e2f641268cba6.mp3*~data=user_id=0,application_id=42~hmac=ab4b7ab0ba8195b36114b8e803638bea55b7d265c05244e1ff932b02ad24d85d"
"455","The Rhythm of the Night","Corona","The Rhythm of the Night (Single)","84995457","199784","Bottom 25%","1","false","264","true","false","false","","Manual review","Mid-tier popularity — listen to preview and decide","https://cdnt-preview.dzcdn.net/api/1/1/c/3/9/0/c39b697b64d59e0109ccdf986a549e31.mp3?hdnea=exp=1780975539~acl=/api/1/1/c/3/9/0/c39b697b64d59e0109ccdf986a549e31.mp3*~data=user_id=0,application_id=42~hmac=ba56eaeedad2b2c688acc89ffdd75467c79213fc40fbde621f8298be5cc386d8"
"31","You Owe Me (feat. Ginuwine)","Nas","Greatest Hits","567963","199033","Bottom 25%","2","false","286","true","true","false","","Manual review","Mid-tier popularity — listen to preview and decide","https://cdnt-preview.dzcdn.net/api/1/1/4/5/7/0/4571a647a3373ff7e9397492dabab9c7.mp3?hdnea=exp=1780975537~acl=/api/1/1/4/5/7/0/4571a647a3373ff7e9397492dabab9c7.mp3*~data=user_id=0,application_id=42~hmac=3dca89587a902888465e349a284c77f081e9d5ddfbb09720041c23544ca5210e"
"175","Save Tonight","Eagle-Eye Cherry","90's Greatest Hits","82203410","193521","Bottom 25%","1","false","235","true","false","false","","Manual review","Mid-tier popularity — listen to preview and decide","https://cdnt-preview.dzcdn.net/api/1/1/3/8/8/0/388498509897be44ca7202586b4b78bd.mp3?hdnea=exp=1780975538~acl=/api/1/1/3/8/8/0/388498509897be44ca7202586b4b78bd.mp3*~data=user_id=0,application_id=42~hmac=1b1b8c0fb3cf0c363ea6e53196bd767a484ab26ad3ab2df6bc3382b3c5ca4721"
"326","I Go Blind (2019 Remaster)","Hootie & The Blowfish","Cracked Rear View (25th Anniversary Deluxe Edition)","686724212","191882","Bottom 25%","4","false","193","true","false","false","","Manual review","Mid-tier popularity — listen to preview and decide","https://cdnt-preview.dzcdn.net/api/1/1/b/3/a/0/b3a2fe60008a6465e47afec19576ebd3.mp3?hdnea=exp=1780975539~acl=/api/1/1/b/3/a/0/b3a2fe60008a6465e47afec19576ebd3.mp3*~data=user_id=0,application_id=42~hmac=4a728a17ddd8d45e04cf50ca1715ba576dfbbc9c81299156df513a3b3bb3599f"
"358","Walking in Memphis","Lonestar","The Greatest Hits","15392046","186666","Bottom 25%","2","false","229","true","false","false","","Manual review","Mid-tier popularity — listen to preview and decide","https://cdnt-preview.dzcdn.net/api/1/1/f/a/9/0/fa9d1e437df1608cb1696ab149233982.mp3?hdnea=exp=1780975539~acl=/api/1/1/f/a/9/0/fa9d1e437df1608cb1696ab149233982.mp3*~data=user_id=0,application_id=42~hmac=8aea0d5fcff85bfb53d5b86945a1dfee1e75d772f0d8a9536e3f0199e00c1956"
"123","C'Est La Vie (Album Version)","B*Witched","Reeling In The Decades","14408122","183424","Bottom 25%","1","false","172","true","false","false","","Manual review","Mid-tier popularity — listen to preview and decide","https://cdnt-preview.dzcdn.net/api/1/1/d/3/f/0/d3fb0af079128b0ab93faa2d6d05c4b5.mp3?hdnea=exp=1780975538~acl=/api/1/1/d/3/f/0/d3fb0af079128b0ab93faa2d6d05c4b5.mp3*~data=user_id=0,application_id=42~hmac=c34af8af6dfdf7022338c0c4e3ff1eb595f4e1722601dbd1c9ef8719102c9b1f"
"167","Ironic (Album Version)","Alanis Morissette","Jagged Little Pill","776541","181471","Bottom 25%","4","false","225","true","false","false","","Manual review","Mid-tier popularity — listen to preview and decide","https://cdnt-preview.dzcdn.net/api/1/1/5/d/8/0/5d80d16645f0452e7a5b3111b13fdee9.mp3?hdnea=exp=1780975538~acl=/api/1/1/5/d/8/0/5d80d16645f0452e7a5b3111b13fdee9.mp3*~data=user_id=0,application_id=42~hmac=df277197675b2b463dfb390ab61afb1a04da663817ebc8dcf63c069d95b3a4c9"
"433","Adia","Sarah McLachlan","The Essential Sarah McLachlan","70222316","177918","Bottom 25%","3","false","245","true","false","false","","Manual review","Mid-tier popularity — listen to preview and decide","https://cdnt-preview.dzcdn.net/api/1/1/f/4/1/0/f41a29873148767d6f0de6097ecd81df.mp3?hdnea=exp=1780975539~acl=/api/1/1/f/4/1/0/f41a29873148767d6f0de6097ecd81df.mp3*~data=user_id=0,application_id=42~hmac=01ff5950071affd3410fd004bb4cac5a0f362d4b755e5cd10a14e813811e18f9"
"185","Hand in My Pocket","Alanis Morissette","Jagged Little Pill","776489","174506","Bottom 25%","4","false","221","true","false","false","","Manual review","Mid-tier popularity — listen to preview and decide","https://cdnt-preview.dzcdn.net/api/1/1/a/e/7/0/ae7fa884bfaa365ae4ff55f7b44080e1.mp3?hdnea=exp=1780975538~acl=/api/1/1/a/e/7/0/ae7fa884bfaa365ae4ff55f7b44080e1.mp3*~data=user_id=0,application_id=42~hmac=00987f461f8973a620b2b992fead2fd33575c7468b77ef89512a15b314301f40"
"344","Allison Road","Gin Blossoms","New Miserable Experience","2447673","172268","Bottom 25%","5","false","198","true","false","false","","Manual review","Mid-tier popularity — listen to preview and decide","https://cdnt-preview.dzcdn.net/api/1/1/d/5/1/0/d51893d0d3f839723ee251bcd6c227b1.mp3?hdnea=exp=1780975539~acl=/api/1/1/d/5/1/0/d51893d0d3f839723ee251bcd6c227b1.mp3*~data=user_id=0,application_id=42~hmac=e2a50bd635c33702c9c055b66d8a1a3ed624ae4a1c6faf83fa113bb5bf064c33"
"303","Three Marlenas","The Wallflowers","Collected: 1996-2005","4191725","161413","Bottom 25%","3","false","299","true","false","false","","Manual review","Mid-tier popularity — listen to preview and decide","https://cdnt-preview.dzcdn.net/api/1/1/8/d/5/0/8d509858b75d74005cc0a487ab8c5051.mp3?hdnea=exp=1780975539~acl=/api/1/1/8/d/5/0/8d509858b75d74005cc0a487ab8c5051.mp3*~data=user_id=0,application_id=42~hmac=44cdb7a29394d38af0fb1965fa6c3f051d6e62365e308ffa040b023d1773032f"
"259","Motorcycle Drive By","Third Eye Blind","The Third Eye Blind Collection","72059910","158707","Bottom 25%","5","false","262","true","false","false","","Manual review","Mid-tier popularity — listen to preview and decide","https://cdnt-preview.dzcdn.net/api/1/1/c/1/2/0/c12b95dd3537a8d49f8e8b94e3162390.mp3?hdnea=exp=1780975538~acl=/api/1/1/c/1/2/0/c12b95dd3537a8d49f8e8b94e3162390.mp3*~data=user_id=0,application_id=42~hmac=ac722a10f56e26215cf9389c10015504afc9fed3125808c49905d618c63db73c"
"392","Here Comes The Hotstepper (Heartical Mix)","Ini Kamoze","Here Comes The Hotstepper","82622012","138361","Bottom 25%","1","false","231","true","false","false","","Manual review","Mid-tier popularity — listen to preview and decide","https://cdnt-preview.dzcdn.net/api/1/1/8/c/9/0/8c94895a1705ac7bc74d1e6ec9af6c9f.mp3?hdnea=exp=1780975539~acl=/api/1/1/8/c/9/0/8c94895a1705ac7bc74d1e6ec9af6c9f.mp3*~data=user_id=0,application_id=42~hmac=9743bef0592e3d1ebc9c6699fbb66cbe1e8fce5c68739fc0608e6f6075e1f5b6"
"246","Lullaby","Shawn Mullins","Singer-Songwriters 100","6403498","126246","Bottom 25%","1","false","330","true","false","false","","Manual review","Mid-tier popularity — listen to preview and decide","https://cdnt-preview.dzcdn.net/api/1/1/b/4/8/0/b485c4648aaf6c0e96ba8127c893dd3b.mp3?hdnea=exp=1780975538~acl=/api/1/1/b/4/8/0/b485c4648aaf6c0e96ba8127c893dd3b.mp3*~data=user_id=0,application_id=42~hmac=5fdac9220e8c2e236846350ac34ab2268f9c80f73e14a361b5602b8bddad2a4b"
"531","Set Adrift on Memory Bliss (Re-Recorded)","P.M. Dawn","90s Gold","69186709","122059","Bottom 25%","1","false","252","true","false","false","","Manual review","Bottom 25% by popularity — probably deeper cut, listen and decide","https://cdnt-preview.dzcdn.net/api/1/1/b/d/e/0/bdec146ce026cf8203d6873d15755f28.mp3?hdnea=exp=1780975540~acl=/api/1/1/b/d/e/0/bdec146ce026cf8203d6873d15755f28.mp3*~data=user_id=0,application_id=42~hmac=917dd8a589e6bebcd438947671f72e419129564c3ba142443626a8350b97bbf9"
"136","Building a Mystery","Sarah McLachlan","Closer: The Best Of Sarah McLachlan","2483966","117369","Bottom 25%","3","false","247","true","true","false","","Manual review","Bottom 25% by popularity — probably deeper cut, listen and decide","https://cdnt-preview.dzcdn.net/api/1/1/6/2/b/0/62bb674e4064174abb58dc9e2bc2e5f9.mp3?hdnea=exp=1780975538~acl=/api/1/1/6/2/b/0/62bb674e4064174abb58dc9e2bc2e5f9.mp3*~data=user_id=0,application_id=42~hmac=c87cbf1aaf7fc8e190899830c7ea8c038b5ac5e056add3bd505f54ffe3742a75"
"224","Sex And Candy","Marcy Playground","Lunch, Recess & Detention","36822531","90964","Bottom 25%","2","false","171","true","false","false","","Manual review","Bottom 25% by popularity — probably deeper cut, listen and decide","https://cdnt-preview.dzcdn.net/api/1/1/7/b/a/0/7baf23373abec928791221a1fbc6b60f.mp3?hdnea=exp=1780975538~acl=/api/1/1/7/b/a/0/7baf23373abec928791221a1fbc6b60f.mp3*~data=user_id=0,application_id=42~hmac=822e89ff1160414fa5d6f3548ab2e9037e0bec942c2e934e279adb075f750aa1"
"314","Come As You Are","Nirvana","Nevermind (Remastered)","121629010","69297","Bottom 25%","5","false","218","true","false","false","","Manual review","Bottom 25% by popularity — probably deeper cut, listen and decide","https://cdnt-preview.dzcdn.net/api/1/1/e/a/c/0/eac1fa149931e5552dfb8a4f350c46bb.mp3?hdnea=exp=1780975539~acl=/api/1/1/e/a/c/0/eac1fa149931e5552dfb8a4f350c46bb.mp3*~data=user_id=0,application_id=42~hmac=e4b6172d35e989175d2bf1e70d6f1a4415a1b9b5c7678dc5542b484a09b32aa3"
"443","Settlin' or Sleepin' Around","Trapper Schoepp","Rangers & Valentines","1060862172","68651","Bottom 25%","1","false","187","true","false","false","","Manual review","Bottom 25% by popularity — probably deeper cut, listen and decide","https://cdnt-preview.dzcdn.net/api/1/1/a/0/7/0/a0780b3333f0a3b1eb2580c4a0b8f08a.mp3?hdnea=exp=1780975539~acl=/api/1/1/a/0/7/0/a0780b3333f0a3b1eb2580c4a0b8f08a.mp3*~data=user_id=0,application_id=42~hmac=fe70f73b3ac53c553667a1b1a327ac2440b6c20f97374275e7cd0522ed35620f"
"428","I Knew I Loved You","Savage Garden","Affirmation","532605","47901","Bottom 25%","3","false","250","true","false","false","","Manual review","Bottom 25% by popularity — probably deeper cut, listen and decide","https://cdnt-preview.dzcdn.net/api/1/1/5/1/5/0/515de4ba5d45a934ba07fa9fbc2fa70d.mp3?hdnea=exp=1780975539~acl=/api/1/1/5/1/5/0/515de4ba5d45a934ba07fa9fbc2fa70d.mp3*~data=user_id=0,application_id=42~hmac=2acc51c22ca005d7fbacca08656232b2a4cf9a70cb9e565fd28bd383fa98459e"
"473","Voodoo","Godsmack","Remember 1999","24461171","26631","Bottom 25%","1","false","280","true","false","false","","Manual review","Bottom 25% by popularity — probably deeper cut, listen and decide","https://cdnt-preview.dzcdn.net/api/1/1/2/8/a/0/28a6f5ce5bd49d4f165dec9f6332453d.mp3?hdnea=exp=1780975539~acl=/api/1/1/2/8/a/0/28a6f5ce5bd49d4f165dec9f6332453d.mp3*~data=user_id=0,application_id=42~hmac=d75165661ce763c77cb58d8609e1f85d36635b41b67ff06cda04d35debdceeb2"
"478","Missing","Everything But The Girl","Amplified Heart (Deluxe Edition)","400190542","21587","Bottom 25%","2","false","236","false","false","false","205","Manual review","Likely duplicate of position 205 (different version)",""
"312","Flagpole Sitta","Harvey Danger","Scooby-Doo 2: Monsters Unleashed","3599529","17914","Bottom 25%","1","false","216","true","false","false","","Manual review","Bottom 25% by popularity — probably deeper cut, listen and decide","https://cdnt-preview.dzcdn.net/api/1/1/3/8/5/0/38588bb3077000bbc0047c7035fc5714.mp3?hdnea=exp=1780975539~acl=/api/1/1/3/8/5/0/38588bb3077000bbc0047c7035fc5714.mp3*~data=user_id=0,application_id=42~hmac=38f55332ec0f47a12d2c943d775e118821af6104cfc7fa8f06a6c8659c69c701"
"20","Mambo No. 5 (A Little Bit of...)","Lou Bega","Hits Of The 90s","994493","9039","Bottom 25%","1","false","219","true","false","false","","Manual review","Bottom 25% by popularity — probably deeper cut, listen and decide","https://cdnt-preview.dzcdn.net/api/1/1/c/4/2/0/c429f9ce07f0ea14d99f892d678d632e.mp3?hdnea=exp=1780975537~acl=/api/1/1/c/4/2/0/c429f9ce07f0ea14d99f892d678d632e.mp3*~data=user_id=0,application_id=42~hmac=3b64aa4b756808676321bb354c2b16ebb84a1d0d1b9ba89d2cf67a1bffc5f83b"
"388","Virtual Insanity","Jamiroquai","Now That's What I Call 1996","83796590","7236","Bottom 25%","3","false","225","false","false","false","100","Manual review","Likely duplicate of position 100 (different version)",""
"180","Blue (Da Ba Dee)","Eiffel 65","TOPradio - Het Beste Uit De Schaamteloze 100","88825391","2224","Bottom 25%","1","false","218","true","false","false","","Manual review","Bottom 25% by popularity — probably deeper cut, listen and decide","https://cdnt-preview.dzcdn.net/api/1/1/1/8/b/0/18bd7ab3d61c33b90e9c8a6e7f5ddcce.mp3?hdnea=exp=1780975538~acl=/api/1/1/1/8/b/0/18bd7ab3d61c33b90e9c8a6e7f5ddcce.mp3*~data=user_id=0,application_id=42~hmac=6d737025ece2ee37fa6fa465f9105849090e6f76167cbf7193f968594bb2f566"
"207","Out Of My Head","Fastball","More Music from Coyote Ugly","75778999","1799","Bottom 25%","2","false","154","true","false","false","","Manual review","Bottom 25% by popularity — probably deeper cut, listen and decide","https://cdnt-preview.dzcdn.net/api/1/1/3/f/c/0/3fcb3e4a775931f21a64e744fab16286.mp3?hdnea=exp=1780975538~acl=/api/1/1/3/f/c/0/3fcb3e4a775931f21a64e744fab16286.mp3*~data=user_id=0,application_id=42~hmac=5d389c03b52d66a00271782ed39bc146125c08a5fa4f703d8df68454f776c095"
"78","Fantasy","Mariah Carey","The Remixes","618428","1239","Bottom 25%","5","false","290","false","false","false","10","Manual review","Likely duplicate of position 10 (different version)",""
"250","Linger","The Cranberries","Everybody Else Is Doing It, So Why Can't We? (The Complete Sessions 1991-1993)","1137657","329361","Mid 50%","3","false","274","false","false","false","","Auto-cut","No preview URL — unplayable in game",""
"375","You Were Meant For Me","Jewel","Pieces Of You (25th Anniversary Edition)","1089822742","29071","Bottom 25%","3","false","254","false","false","false","","Auto-cut","No preview URL — unplayable in game",""
"477","It Feels So Good","Sonique","Hear My Cry","582327622","27631","Bottom 25%","1","false","240","false","false","false","","Auto-cut","No preview URL — unplayable in game",""
"245","Whatta Man","Salt-N-Pepa","Icon","9990585","26724","Bottom 25%","2","false","308","false","false","false","","Auto-cut","No preview URL — unplayable in game",""
"100","Virtual Insanity (Remastered 2006)","Jamiroquai","High Times: Singles 1992-2006 (Remastered)","73696392","26715","Bottom 25%","3","false","229","false","false","false","","Auto-cut","No preview URL — unplayable in game",""
"120","If I Let You Go (Radio Edit)","Westlife","Westlife","959916","26509","Bottom 25%","1","false","218","false","false","false","","Auto-cut","No preview URL — unplayable in game",""
"474","You Gotta Be","Des'ree","Back To Life","12976633","26434","Bottom 25%","1","false","239","false","false","false","","Auto-cut","No preview URL — unplayable in game",""
"248","There She Goes","Sixpence None The Richer","Sixpence None The Richer","14572966","26211","Bottom 25%","2","false","162","false","false","false","","Auto-cut","No preview URL — unplayable in game",""
"122","The Distance","Cake","Fashion Nugget","963148","26140","Bottom 25%","3","false","180","false","false","false","","Auto-cut","No preview URL — unplayable in game",""
"170","What I Got","Sublime","Gold","917795","25634","Bottom 25%","2","false","171","false","true","false","","Auto-cut","No preview URL — unplayable in game",""
"296","The World I Know","Collective Soul","7even Year Itch: Collective Soul Greatest Hits (1994-2001)","616357332","25540","Bottom 25%","3","false","255","false","false","false","","Auto-cut","No preview URL — unplayable in game",""
"202","Nuthin' But A ""G"" Thang","Dr. Dre","The Chronic","921382112","25513","Bottom 25%","3","false","238","false","true","false","","Auto-cut","No preview URL — unplayable in game",""
"34","Smooth Operator (Single Version)","Sade","The Best Of Sade","858207","25031","Bottom 25%","1","false","258","false","false","false","","Auto-cut","No preview URL — unplayable in game",""
"146","Champagne Supernova","Oasis","(What's the Story) Morning Glory?","74173011","24902","Bottom 25%","3","false","451","false","false","false","","Auto-cut","No preview URL — unplayable in game",""
"540","Right Here, Right Now (Single Version)","Fatboy Slim","Right Here, Right Now","131196096","22421","Bottom 25%","3","false","355","false","false","false","","Auto-cut","No preview URL — unplayable in game",""
"549","Say What You Want","Texas","The Greatest Hits","1172397","22388","Bottom 25%","1","false","233","false","false","false","","Auto-cut","No preview URL — unplayable in game",""
"203","Father Of Mine","Everclear","So Much For The Afterglow","142835162","22281","Bottom 25%","4","false","231","false","false","false","","Auto-cut","No preview URL — unplayable in game",""
"422","Take A Picture","Filter","Title Of Record (Expanded Edition)","692242022","22146","Bottom 25%","1","false","364","false","false","false","","Auto-cut","No preview URL — unplayable in game",""
"77","Santeria","Sublime","Gold","917799","22010","Bottom 25%","2","false","183","false","false","false","","Auto-cut","No preview URL — unplayable in game",""
"395","Are You That Somebody","Aaliyah","Are You That Somebody","1471048742","21850","Bottom 25%","2","false","265","false","false","false","","Auto-cut","No preview URL — unplayable in game",""
"307","Porcelain","Moby","Play & Play: The B Sides","74894802","21755","Bottom 25%","3","false","242","false","false","false","","Auto-cut","No preview URL — unplayable in game",""
"372","Fly","Sugar Ray","Rhino Hi-Five: Sugar Ray","756280","21430","Bottom 25%","3","false","244","false","false","false","","Auto-cut","No preview URL — unplayable in game",""
"446","The King of Wishful Thinking","Go West","Indian Summer","130201450","21210","Bottom 25%","1","false","241","false","false","false","","Auto-cut","No preview URL — unplayable in game",""
"280","Good","Better Than Ezra","Rhino Hi-Five: Better Than Ezra","748936","21127","Bottom 25%","2","false","185","false","false","false","","Auto-cut","No preview URL — unplayable in game",""
"445","Amphetamine","Everclear","So Much For The Afterglow","3457932","20874","Bottom 25%","4","false","215","false","false","false","","Auto-cut","No preview URL — unplayable in game",""
"337","I'll Be","Edwin McCain","Rhino Hi-Five: Edwin McCain","749330","20750","Bottom 25%","1","false","266","false","false","false","","Auto-cut","No preview URL — unplayable in game",""
"419","There She Goes","The La's","Lost And Found: 1990's Pop 1","906824","18532","Bottom 25%","1","false","162","false","false","false","","Auto-cut","No preview URL — unplayable in game",""
"270","All For You (Album Version)","Sister Hazel","100 Rock","15985953","18495","Bottom 25%","1","false","219","false","false","false","","Auto-cut","No preview URL — unplayable in game",""
"483","Better Off Alone","Alice Deejay","Who Needs Guitars Anyway? (Album)","397348692","18188","Bottom 25%","1","false","214","false","false","false","","Auto-cut","No preview URL — unplayable in game",""
"503","Crush","Jennifer Paige","Jennifer Paige","65656392","18034","Bottom 25%","1","false","199","false","false","false","","Auto-cut","No preview URL — unplayable in game",""
"142","Killing Me Softly With His Song","Fugees","The Score","1024973","17998","Bottom 25%","3","false","290","false","true","false","","Auto-cut","No preview URL — unplayable in game",""
"276","Shine","Collective Soul","Hints, Allegations & Things Left Unsaid","4735504","17745","Bottom 25%","3","false","306","false","false","false","","Auto-cut","No preview URL — unplayable in game",""
"362","From This Moment On","Shania Twain","Come On Over","7442356","17702","Bottom 25%","4","false","291","false","false","false","","Auto-cut","No preview URL — unplayable in game",""
"139","He Wasn't Man Enough","Toni Braxton","The Essential Toni Braxton","567649","17209","Bottom 25%","2","false","261","false","false","false","","Auto-cut","No preview URL — unplayable in game",""
"256","1979","The Smashing Pumpkins","Rarities And B-Sides","7753178","17130","Bottom 25%","6","false","267","false","false","false","","Auto-cut","No preview URL — unplayable in game",""
"24","Still D.R.E.","Dr. Dre","2001","1579474","16000","Bottom 25%","3","false","271","false","true","false","","Auto-cut","No preview URL — unplayable in game",""
"182","The Sign","Ace of Base","Greatest Hits","19271661","15985","Bottom 25%","2","false","191","false","false","false","","Auto-cut","No preview URL — unplayable in game",""
"551","Tubthumping","Chumbawamba","Tubthumper","3137092","15902","Bottom 25%","1","false","213","false","false","false","","Auto-cut","No preview URL — unplayable in game",""
"14","Smells Like Teen Spirit","Nirvana","Nirvana (International Version)","1112991","15824","Bottom 25%","5","false","300","false","false","false","","Auto-cut","No preview URL — unplayable in game",""
"364","Counting Blue Cars (Tell Me Your Thoughts On God)","Dishwalla","20 #1’s: Alternative Rock","115706386","14744","Bottom 25%","1","false","290","false","false","false","","Auto-cut","No preview URL — unplayable in game",""
"209","Praise You","Fatboy Slim","Praise You","69743350","13153","Bottom 25%","3","false","324","false","false","false","","Auto-cut","No preview URL — unplayable in game",""
"407","Nothing Compares 2 U","Sinéad O'Connor","I Do Not Want What I Haven't Got","3100405","11691","Bottom 25%","1","false","280","false","false","false","","Auto-cut","No preview URL — unplayable in game",""
"533","It's My Life","Dr. Alban","One Love (2nd Edition)","1048727","11678","Bottom 25%","1","false","240","false","false","false","","Auto-cut","No preview URL — unplayable in game",""
"520","What Is Love (7"" Mix)","Haddaway","What Is Love","61590162","11647","Bottom 25%","1","false","270","false","false","false","","Auto-cut","No preview URL — unplayable in game",""
"201","Forgot About Dre","Dr. Dre","2001","1579480","11634","Bottom 25%","3","false","222","false","true","false","","Auto-cut","No preview URL — unplayable in game",""
"153","Man! I Feel Like A Woman!","Shania Twain","Come On Over","7442363","11623","Bottom 25%","4","false","233","false","false","false","","Auto-cut","No preview URL — unplayable in game",""
"140","Streets of Philadelphia","Bruce Springsteen","The Essential Bruce Springsteen","7675471","11617","Bottom 25%","1","false","196","false","false","false","","Auto-cut","No preview URL — unplayable in game",""
"29","Gangsta's Paradise","Coolio","Gangsta's Paradise","409962492","11578","Bottom 25%","1","false","240","false","false","false","","Auto-cut","No preview URL — unplayable in game",""
"412","Cryin'","Aerosmith","Get A Grip","916334","11574","Bottom 25%","2","false","308","false","false","false","","Auto-cut","No preview URL — unplayable in game",""
"529","Dreams","Gabrielle","Dreams Can Come True - Greatest Hits Volume 1","1126142","11564","Bottom 25%","1","false","229","false","false","false","","Auto-cut","No preview URL — unplayable in game",""
"273","Found Out About You","Gin Blossoms","20 #1’s: Alternative Rock","115706364","11557","Bottom 25%","5","false","232","false","false","false","","Auto-cut","No preview URL — unplayable in game",""
"178","Everybody (Backstreet's Back) (Extended Version)","Backstreet Boys","Fetenkult - Best Of The 90's","605957","11538","Bottom 25%","3","false","287","false","false","false","","Auto-cut","No preview URL — unplayable in game",""
"188","Poison","Bell Biv DeVoe","100 Essential Hits - 90s","8082245","11531","Bottom 25%","1","false","263","false","false","false","","Auto-cut","No preview URL — unplayable in game",""
"156","Party Up (Up In Here)","DMX","Straight Outta Old Skool","108660086","11496","Bottom 25%","3","false","270","false","false","false","","Auto-cut","No preview URL — unplayable in game",""
"434","Tom's Diner","Suzanne Vega","100 Essential Hits Vol. 2","8083061","11441","Bottom 25%","1","false","228","false","false","false","","Auto-cut","No preview URL — unplayable in game",""
"242","It's the End of the World As We Know It (And I Feel Fine)","R.E.M.","The Best Of R.E.M.","3128067","10922","Bottom 25%","3","false","247","false","false","false","","Auto-cut","No preview URL — unplayable in game",""
"492","Learning To Fly","Tom Petty And The Heartbreakers","Anthology: Through The Years","2171505","10337","Bottom 25%","1","false","242","false","false","false","","Auto-cut","No preview URL — unplayable in game",""
"409","Together Again","Janet Jackson","The Velvet Rope","3134021","10253","Bottom 25%","2","false","301","false","false","false","","Auto-cut","No preview URL — unplayable in game",""
"546","Mmm Mmm Mmm Mmm","Crash Test Dummies","Essential - One For The Lads","6075100","10243","Bottom 25%","1","false","233","false","false","false","","Auto-cut","No preview URL — unplayable in game",""
"387","I Think I'm Paranoid","Garbage","Absolute Garbage","17932117","10197","Bottom 25%","3","false","217","false","false","false","","Auto-cut","No preview URL — unplayable in game",""
"444","Tracks","The Shades","Run, Engine, Run","642709962","10191","Bottom 25%","1","false","228","false","false","false","","Auto-cut","No preview URL — unplayable in game",""
"309","Natural Blues","Moby","Play & Play: The B Sides","74894807","10058","Bottom 25%","3","false","254","false","false","false","","Auto-cut","No preview URL — unplayable in game",""
"222","Vogue","Madonna","Celebration (double disc version)","4209617","10056","Bottom 25%","4","false","316","false","false","false","","Auto-cut","No preview URL — unplayable in game",""
"161","Don't Speak","No Doubt","The Singles Collection","1176787","10006","Bottom 25%","3","false","263","false","false","false","","Auto-cut","No preview URL — unplayable in game",""
"359","Who Will Save Your Soul","Jewel","Pieces Of You","616289942","9020","Bottom 25%","3","false","239","false","false","false","","Auto-cut","No preview URL — unplayable in game",""
"98","Criminal","Fiona Apple","Original Album Classics","10391932","9004","Bottom 25%","1","false","341","false","false","false","","Auto-cut","No preview URL — unplayable in game",""
"163","Wonderwall","Oasis","(What's the Story) Morning Glory?","74173002","8915","Bottom 25%","3","false","259","false","false","false","","Auto-cut","No preview URL — unplayable in game",""
"481","Sing It Back (Boris Dlugosch Mix)","Moloko","Catalogue","131226998","8905","Bottom 25%","1","false","278","false","false","false","","Auto-cut","No preview URL — unplayable in game",""
"186","I Swear","All-4-One","Rhino Hi-Five: All-4-One","764382","8835","Bottom 25%","1","false","259","false","false","false","","Auto-cut","No preview URL — unplayable in game",""
"64","Creep","Radiohead","The Best Of","3129324","8792","Bottom 25%","3","false","238","false","true","false","","Auto-cut","No preview URL — unplayable in game",""
"543","The One And Only","Chesney Hawkes","Buddy's Song","130195442","7935","Bottom 25%","1","false","222","false","false","false","","Auto-cut","No preview URL — unplayable in game",""
"56","Waiting for Tonight","Jennifer Lopez","On The 6","13145686","7901","Bottom 25%","2","false","246","false","false","false","","Auto-cut","No preview URL — unplayable in game",""
"191","Hook","Blues Traveler","The Definitive Collection","76025739","7899","Bottom 25%","2","false","290","false","false","false","","Auto-cut","No preview URL — unplayable in game",""
"494","Rhythm Is A Dancer (Edit)","SNAP!","The Madman's Return","434215202","7893","Bottom 25%","1","false","225","false","false","false","","Auto-cut","No preview URL — unplayable in game",""
"165","Jump Around (LP Version)","House Of Pain","House Of Pain (US Release)","751867","7889","Bottom 25%","1","false","214","false","false","false","","Auto-cut","No preview URL — unplayable in game",""
"49","Genie in a Bottle","Christina Aguilera","Christina Aguilera","964342","7848","Bottom 25%","3","false","217","false","false","false","","Auto-cut","No preview URL — unplayable in game",""
"108","Un-Break My Heart","Toni Braxton","The Essential Toni Braxton","567656","7833","Bottom 25%","2","false","270","false","false","false","","Auto-cut","No preview URL — unplayable in game",""
"421","King of Carrot Flowers Pt. 1","Neutral Milk Hotel","In the Aeroplane Over the Sea","17128360","7831","Bottom 25%","2","false","120","false","false","false","","Auto-cut","No preview URL — unplayable in game",""
"401","Foolish Games","Jewel","Pieces Of You","616289972","7814","Bottom 25%","3","false","341","false","false","false","","Auto-cut","No preview URL — unplayable in game",""
"15","Doo Wop (That Thing)","Lauryn Hill","The Miseducation of Lauryn Hill","2450613","7782","Bottom 25%","2","false","320","false","false","false","","Auto-cut","No preview URL — unplayable in game",""
"169","Loser","Beck","Mellow Gold","1155108","7781","Bottom 25%","1","false","234","false","false","false","","Auto-cut","No preview URL — unplayable in game",""
"420","In the Aeroplane Over the Sea","Neutral Milk Hotel","In the Aeroplane Over the Sea","17128362","7766","Bottom 25%","2","false","202","false","false","false","","Auto-cut","No preview URL — unplayable in game",""
"346","All That She Wants","Ace of Base","Greatest Hits","19271671","7763","Bottom 25%","2","false","211","false","false","false","","Auto-cut","No preview URL — unplayable in game",""
"536","Wicked Game","Chris Isaak","Heart Shaped World","70724542","6986","Bottom 25%","1","false","289","false","false","false","","Auto-cut","No preview URL — unplayable in game",""
"308","Flower (B-Sides)","Moby","Play & Play: The B Sides","74894818","6977","Bottom 25%","3","false","207","false","false","false","","Auto-cut","No preview URL — unplayable in game",""
"137","Drive","Incubus","Make Yourself - Tour Edition","860519","6949","Bottom 25%","1","false","232","false","false","false","","Auto-cut","No preview URL — unplayable in game",""
"135","Fu-Gee-La","Fugees","The Score","1016290","6904","Bottom 25%","3","false","260","false","true","false","","Auto-cut","No preview URL — unplayable in game",""
"333","What It's Like","Everlast","Whitey Ford Sings The Blues","66174049","6589","Bottom 25%","1","false","303","false","false","false","","Auto-cut","No preview URL — unplayable in game",""
"450","Cannonball","The Breeders","Last Splash","939194","6152","Bottom 25%","1","false","213","false","false","false","","Auto-cut","No preview URL — unplayable in game",""
"128","You Make Me Wanna...","USHER","My Way (TV Coproduction France)","1052073","5427","Bottom 25%","1","false","219","false","false","false","","Auto-cut","No preview URL — unplayable in game",""
"230","O.P.P","Naughty By Nature","Hi-Five: Naughty By Nature","409962232","4537","Bottom 25%","2","false","271","false","false","false","","Auto-cut","No preview URL — unplayable in game",""
"229","Enter Sandman (LP Version)","Metallica","The Metallica Collection","14632274","3830","Bottom 25%","1","false","332","false","false","false","","Auto-cut","No preview URL — unplayable in game",""
"300","With Arms Wide Open","Creed","Class Of '00","836186382","3451","Bottom 25%","2","false","275","false","false","false","","Auto-cut","No preview URL — unplayable in game",""
"50","I Try","Macy Gray","Macy Gray On How Life Is","82303026","3391","Bottom 25%","1","false","239","false","false","false","","Auto-cut","No preview URL — unplayable in game",""
"208","The Rockafeller Skank (Short Edit)","Fatboy Slim","The Rockafeller Skank","16407732","3128","Bottom 25%","3","false","239","false","false","false","","Auto-cut","No preview URL — unplayable in game",""
"297","December","Collective Soul","Collective Soul","6523533","3079","Bottom 25%","3","false","285","false","false","false","","Auto-cut","No preview URL — unplayable in game",""
"486","Gypsy Woman (She's Homeless) (Basement Boy Strip To The Bone Mix)","Crystal Waters","Surprise","18050343","2808","Bottom 25%","1","false","451","false","false","false","","Auto-cut","No preview URL — unplayable in game",""
"254","Lump","The Presidents of the United States of America","The Presidents of The United States of America: Ten Year Super Bonus Special Anniversary Edition","10958802","2775","Bottom 25%","1","false","134","false","false","false","","Auto-cut","No preview URL — unplayable in game",""
"306","Just A Girl","No Doubt","The Singles Collection","1176775","2769","Bottom 25%","3","false","209","false","false","false","","Auto-cut","No preview URL — unplayable in game",""
"376","Groove Is in the Heart","Deee-Lite","Summer BBQ","3601752","2688","Bottom 25%","1","false","231","false","false","false","","Auto-cut","No preview URL — unplayable in game",""
"234","Spiderwebs","No Doubt","Tragic Kingdom","916246","2609","Bottom 25%","3","false","268","false","false","false","","Auto-cut","No preview URL — unplayable in game",""
"354","It's All Coming Back to Me Now","Céline Dion","Falling Into You","15637440","2591","Bottom 25%","6","false","456","false","false","false","","Auto-cut","No preview URL — unplayable in game",""
"252","The Impression That I Get","The Mighty Mighty Bosstones","Let's Face It","2435857","2481","Bottom 25%","1","false","194","false","false","false","","Auto-cut","No preview URL — unplayable in game",""
"367","This Is Your Night","Amber","This Is Your Night","409976592","2470","Bottom 25%","1","false","238","false","false","false","","Auto-cut","No preview URL — unplayable in game",""
"431","Lightning Crashes","Live","Het Gevoel Van De Top 2000 (Editie 2014)","89603327","2377","Bottom 25%","1","false","325","false","false","false","","Auto-cut","No preview URL — unplayable in game",""
"251","Friday I'm in Love","The Cure","He's Just Not That into You (Original Motion Picture Soundtrack)","73527394","2225","Bottom 25%","1","false","214","false","false","false","","Auto-cut","No preview URL — unplayable in game",""
"199","The Humpty Dance (LP Version)","Digital Underground","Rhino Hi-Five: Digital Underground","672632","2009","Bottom 25%","1","false","391","false","false","false","","Auto-cut","No preview URL — unplayable in game",""
"425","That Don't Impress Me Much (Album Version)","Shania Twain","Come On Over","7442366","2002","Bottom 25%","4","false","238","false","false","false","","Auto-cut","No preview URL — unplayable in game",""
"305","Mind Playing Tricks on Me","Geto Boys","We Can't Be Stopped","70816229","1802","Bottom 25%","1","false","308","false","true","false","","Auto-cut","No preview URL — unplayable in game",""
"231","Hip Hop Hooray (LP Version)","Naughty By Nature","19 Naughty III (US Release)","757085","1626","Bottom 25%","2","false","267","false","false","false","","Auto-cut","No preview URL — unplayable in game",""
"28","Zombie","The Cranberries","No Need To Argue","5652656","1621","Bottom 25%","3","false","307","false","false","false","","Auto-cut","No preview URL — unplayable in game",""
"313","Karma Police","Radiohead","Personal Effects","3166869","1620","Bottom 25%","3","false","264","false","false","false","","Auto-cut","No preview URL — unplayable in game",""
"438","Wanna Be A Baller (Album Version Explicit)","Lil' Troy","Sittin' Fat Down South","18083925","1620","Bottom 25%","1","false","355","false","true","false","","Auto-cut","No preview URL — unplayable in game",""
"386","Only Happy When It Rains","Garbage","Absolute Garbage","69000158","1315","Bottom 25%","3","false","226","false","false","false","","Auto-cut","No preview URL — unplayable in game",""
"283","Stupid Girl","Garbage","Absolute Garbage","69000159","1238","Bottom 25%","3","false","258","false","false","false","","Auto-cut","No preview URL — unplayable in game",""
"244","Shoop","Salt-N-Pepa","Icon","9990584","1183","Bottom 25%","2","false","246","false","false","false","","Auto-cut","No preview URL — unplayable in game",""
"439","Hello Time Bomb","Matthew Good Band","Beautiful Midnight","19896891","1183","Bottom 25%","1","false","238","false","false","false","","Auto-cut","No preview URL — unplayable in game",""
"26","Be My Lover","La Bouche","Frank Farian - Summer Hits","1008557","1068","Bottom 25%","2","false","239","false","false","false","","Auto-cut","No preview URL — unplayable in game",""
"501","Your Woman","White Town","Women In Technology","3136779","962","Bottom 25%","1","false","259","false","false","false","","Auto-cut","No preview URL — unplayable in game",""
"286","Glycerine (2014 Remastered)","Bush","Sixteen Stone (2014 Remastered)","424502802","893","Bottom 25%","1","false","266","false","false","false","","Auto-cut","No preview URL — unplayable in game",""
"205","Missing","Everything But The Girl","Amplified Heart","400190282","845","Bottom 25%","2","false","247","false","false","false","","Auto-cut","No preview URL — unplayable in game",""
"217","Come Baby Come (LP Version)","K7","Swing Batta Swing! (US Release)","754271","425","Bottom 25%","1","false","239","false","false","false","","Auto-cut","No preview URL — unplayable in game",""
"61","Can I Kick It?","A Tribe Called Quest","People's Instinctive Travels and the Paths of Rhythm (25th Anniversary Edition)","112658750","157","Bottom 25%","2","false","253","false","false","false","","Auto-cut","No preview URL — unplayable in game",""
"471","Everybody Everybody (Le Freak Album Mix)","Black Box","Dreamland","15670645","74","Bottom 25%","3","false","247","false","false","false","","Auto-cut","No preview URL — unplayable in game",""
"475","My Lovin' (You're Never Gonna Get It) (LP Version)","En Vogue","The Platinum Collection","727373","43","Bottom 25%","2","false","261","false","false","false","","Auto-cut","No preview URL — unplayable in game",""
"405","Cornflake Girl","Tori Amos","1","-2656343202","0","Bottom 25%","1","false","308","false","false","false","","Auto-cut","No preview URL — unplayable in game",""
