Category,Title,Artist,Found,DeezerId,DeezerTitle,DeezerArtist,PreviewUrl,DurationSec,Reason
"90s Mega Hits","Smells Like Teen Spirit","Nirvana","true","13693497","Smells Like Teen Spirit","Nirvana","https://cdnt-preview.dzcdn.net/api/1/1/2/0/9/0/209a06199fb400a39068b4bae831b0e3.mp3?hdnea=exp=1780887733~acl=/api/1/1/2/0/9/0/209a06199fb400a39068b4bae831b0e3.mp3*~data=user_id=0,application_id=42~hmac=b8fe38424615a1f8d69df2f9df6b7b7e547443590a6e8099dfcbb5a65e3aec43","301",""
"90s Mega Hits","Wonderwall","Oasis","true","985745702","Wonderwall","Oasis","https://cdnt-preview.dzcdn.net/api/1/1/e/9/9/0/e992ed1b27bd8da3c4f6128047285674.mp3?hdnea=exp=1780887734~acl=/api/1/1/e/9/9/0/e992ed1b27bd8da3c4f6128047285674.mp3*~data=user_id=0,application_id=42~hmac=32604cb873b79159d43c9500c4f95a0d30a0ccddaf70c9f7fb366dba332f86f6","258",""
"90s Mega Hits","...Baby One More Time","Britney Spears","true","540175","...Baby One More Time","Britney Spears","https://cdnt-preview.dzcdn.net/api/1/1/b/1/7/0/b17b241965ce5ad2fa504f46a8684da8.mp3?hdnea=exp=1780887734~acl=/api/1/1/b/1/7/0/b17b241965ce5ad2fa504f46a8684da8.mp3*~data=user_id=0,application_id=42~hmac=5d7232c77b53cfaa894cdf1b9996865fdb4e9773e28c15625583e70bfc36e253","210",""
"90s Mega Hits","Killing Me Softly With His Song","Fugees","false","","","","","","no results"
"90s Mega Hits","I Want It That Way","Backstreet Boys","true","13141170","I Want It That Way","Backstreet Boys","https://cdnt-preview.dzcdn.net/api/1/1/7/1/9/0/71997935a6df8ac013ac4f76fbe7d72e.mp3?hdnea=exp=1780887735~acl=/api/1/1/7/1/9/0/71997935a6df8ac013ac4f76fbe7d72e.mp3*~data=user_id=0,application_id=42~hmac=ee317dcef2cf905e003308b5926e713a50c570bb407e3522351e98693b94cd27","214",""
"90s Mega Hits","No Scrubs","TLC","true","1075781","No Scrubs","TLC","https://cdnt-preview.dzcdn.net/api/1/1/1/0/8/0/1089b05806068e19ab4d8ebc48c06c8d.mp3?hdnea=exp=1780887735~acl=/api/1/1/1/0/8/0/1089b05806068e19ab4d8ebc48c06c8d.mp3*~data=user_id=0,application_id=42~hmac=50aeb3f57a9b41614fac4570b39d88e04850104bc870c57a6b172ade7c037ee5","219",""
"90s Mega Hits","Black Hole Sun","Soundgarden","true","78631539","Black Hole Sun","Soundgarden","https://cdnt-preview.dzcdn.net/api/1/1/d/d/f/0/ddfb8e736d8dc5690ad7498ed26e8251.mp3?hdnea=exp=1780887735~acl=/api/1/1/d/d/f/0/ddfb8e736d8dc5690ad7498ed26e8251.mp3*~data=user_id=0,application_id=42~hmac=0af2da716c9e24e1bcf490b6eb3fc6dac81ae9e74a5e911e792fa3cad1490e35","318",""
"90s Mega Hits","Vogue","Madonna","true","723903","Vogue","Madonna","https://cdnt-preview.dzcdn.net/api/1/1/c/1/f/0/c1fb5f5ef77403b79869be7f24d917c7.mp3?hdnea=exp=1780887736~acl=/api/1/1/c/1/f/0/c1fb5f5ef77403b79869be7f24d917c7.mp3*~data=user_id=0,application_id=42~hmac=4ebb9fd7bdecf1fb23454ac908502e97bf46f7370764fa216931e6c206be6cb7","317",""
"90s Mega Hits","Genie in a Bottle","Christina Aguilera","true","15627386","Genie In a Bottle","Christina Aguilera","https://cdnt-preview.dzcdn.net/api/1/1/8/e/2/0/8e22266bd0ab3e16cf5df4208f1ff06d.mp3?hdnea=exp=1780887736~acl=/api/1/1/8/e/2/0/8e22266bd0ab3e16cf5df4208f1ff06d.mp3*~data=user_id=0,application_id=42~hmac=439dab6692f673cbc930f1ecaaf110ad3e830dc3705ff9b9f5bdb496332818c4","216",""
"90s Mega Hits","Bitter Sweet Symphony","The Verve","true","398570642","Bitter Sweet Symphony (Remastered 2016)","The Verve","https://cdnt-preview.dzcdn.net/api/1/1/3/4/1/0/341bbcf7cf85b72d242ecee1c7134483.mp3?hdnea=exp=1780887737~acl=/api/1/1/3/4/1/0/341bbcf7cf85b72d242ecee1c7134483.mp3*~data=user_id=0,application_id=42~hmac=da7a1a16b8115cefe4cf0c8b3298522bd594ce305c31dfb9f3005f8b9fd23302","357",""
"90s Mega Hits","Wannabe","Spice Girls","true","3133738","Wannabe","Spice Girls","https://cdnt-preview.dzcdn.net/api/1/1/b/8/c/0/b8cac96000eea3ee3fb1c6c363c2d95e.mp3?hdnea=exp=1780887737~acl=/api/1/1/b/8/c/0/b8cac96000eea3ee3fb1c6c363c2d95e.mp3*~data=user_id=0,application_id=42~hmac=0bdc0a11afd3426798dbac3b953917352c6b9d7497551d4749319e40ef244cf6","172",""
"90s Mega Hits","Tubthumping","Chumbawamba","true","3154917","Tubthumping","Chumbawamba","https://cdnt-preview.dzcdn.net/api/1/1/a/0/b/0/a0b3c117acc07945a90f0bf283e955f9.mp3?hdnea=exp=1780887737~acl=/api/1/1/a/0/b/0/a0b3c117acc07945a90f0bf283e955f9.mp3*~data=user_id=0,application_id=42~hmac=52e2ef4c9f6b640b2bc6d685c8fc02ffd2d7239d4972f022a65b1d944a890548","213",""
"90s Mega Hits","Mambo No. 5","Lou Bega","true","434625962","Mambo No. 5 (a Little Bit of...)","Lou Bega","https://cdnt-preview.dzcdn.net/api/1/1/3/7/5/0/375ead9d030f037de798028bac514ec6.mp3?hdnea=exp=1780887738~acl=/api/1/1/3/7/5/0/375ead9d030f037de798028bac514ec6.mp3*~data=user_id=0,application_id=42~hmac=2930989099255b8d9cf3adc02db933acb64c6a51d3b504e2a55edb40a4d6b4bd","220",""
"90s Mega Hits","Macarena","Los del Río","true","994491","Macarena","Los Del Río","https://cdnt-preview.dzcdn.net/api/1/1/d/d/e/0/ddeba4c53d5b9785f3f0375201bfb422.mp3?hdnea=exp=1780887738~acl=/api/1/1/d/d/e/0/ddeba4c53d5b9785f3f0375201bfb422.mp3*~data=user_id=0,application_id=42~hmac=ce38fd524a6c792bf3f21f3e81802d2481006a97d6e324566de6d999df78caa2","252",""
"90s Mega Hits","Livin' La Vida Loca","Ricky Martin","true","13704591","Livin' la Vida Loca","Ricky Martin","https://cdnt-preview.dzcdn.net/api/1/1/d/b/0/0/db0b7add4623771c3a2a3a1ccaaee490.mp3?hdnea=exp=1780887738~acl=/api/1/1/d/b/0/0/db0b7add4623771c3a2a3a1ccaaee490.mp3*~data=user_id=0,application_id=42~hmac=2a42aa30e14a610c2136bd2d656e1b154528f971cd4b08c765b34c486e520334","243",""
"80s Mega Hits","Sweet Child O' Mine","Guns N' Roses","true","518458172","Sweet Child O' Mine","Guns N' Roses","https://cdnt-preview.dzcdn.net/api/1/1/5/9/1/0/59115eec88ea0bc7742eaba93facf49b.mp3?hdnea=exp=1780887738~acl=/api/1/1/5/9/1/0/59115eec88ea0bc7742eaba93facf49b.mp3*~data=user_id=0,application_id=42~hmac=090e6ebb34f3d01238ead048919a2937e91bc7e0c034e193fb8bda49ac55e340","355",""
"80s Mega Hits","Take On Me","a-ha","true","664107","Take on Me","a-ha","https://cdnt-preview.dzcdn.net/api/1/1/b/1/9/0/b19c969e9d7193a3fa7e5880fed2aefb.mp3?hdnea=exp=1780887739~acl=/api/1/1/b/1/9/0/b19c969e9d7193a3fa7e5880fed2aefb.mp3*~data=user_id=0,application_id=42~hmac=e27cf3629b161db14de5706aad530c35a3dc1b7d63f251096a1d703e3aceb287","227",""
"80s Mega Hits","Don't Stop Believin'","Journey","true","625643","Don't Stop Believin'","Journey","https://cdnt-preview.dzcdn.net/api/1/1/d/2/0/0/d2075fdf5e55ef0a8f8383cefd6fc51b.mp3?hdnea=exp=1780887739~acl=/api/1/1/d/2/0/0/d2075fdf5e55ef0a8f8383cefd6fc51b.mp3*~data=user_id=0,application_id=42~hmac=40a345c33de228d673ea54b44129c425f5430f64f04ca1639d9e4e4bdf06e67b","249",""
"80s Mega Hits","Livin' on a Prayer","Bon Jovi","true","538660022","Livin' On A Prayer","Bon Jovi","https://cdnt-preview.dzcdn.net/api/1/1/7/c/1/0/7c1d95d2fe6ad479f66d912db049df50.mp3?hdnea=exp=1780887740~acl=/api/1/1/7/c/1/0/7c1d95d2fe6ad479f66d912db049df50.mp3*~data=user_id=0,application_id=42~hmac=f0195ece8ab6b059d0986ff90846b1836397e1467a90557439bda597b21f5b92","249",""
"80s Mega Hits","Billie Jean","Michael Jackson","true","4603408","Billie Jean","Michael Jackson","https://cdnt-preview.dzcdn.net/api/1/1/e/6/e/0/e6e0f8717b1e6353e2abf797c6849889.mp3?hdnea=exp=1780887740~acl=/api/1/1/e/6/e/0/e6e0f8717b1e6353e2abf797c6849889.mp3*~data=user_id=0,application_id=42~hmac=2811a22a1234627a459d8a3e74f5e09396f58a63158c76aa53c82935ff443c8b","293",""
"80s Mega Hits","Like a Virgin","Madonna","true","678336","Like a Virgin","Madonna","https://cdnt-preview.dzcdn.net/api/1/1/2/5/f/0/25fbaf464b037d6c6fefd78a9ef1c115.mp3?hdnea=exp=1780887740~acl=/api/1/1/2/5/f/0/25fbaf464b037d6c6fefd78a9ef1c115.mp3*~data=user_id=0,application_id=42~hmac=c469483a76c676c0c96d76916606c95401f59453bb0f7326e41d26f124fcee23","218",""
"80s Mega Hits","Every Breath You Take","The Police","true","2525864","Every Breath You Take","The Police","https://cdnt-preview.dzcdn.net/api/1/1/f/6/4/0/f64bec38146590bbfa345352446d5f52.mp3?hdnea=exp=1780887741~acl=/api/1/1/f/6/4/0/f64bec38146590bbfa345352446d5f52.mp3*~data=user_id=0,application_id=42~hmac=273d325c5cc2267c69a847e5be01f5b62bf78ab20152332ca92558e177006d22","252",""
"80s Mega Hits","With or Without You","U2","true","347363311","With Or Without You","U2","https://cdnt-preview.dzcdn.net/api/1/1/e/7/b/0/e7bd638df66aac0766c60ffa2ba5142f.mp3?hdnea=exp=1780887741~acl=/api/1/1/e/7/b/0/e7bd638df66aac0766c60ffa2ba5142f.mp3*~data=user_id=0,application_id=42~hmac=3f08918dc074b42e6848f30ba494f0523a954cd81b29c28e9450126565c2eefd","293",""
"80s Mega Hits","Eye of the Tiger","Survivor","true","576431","Eye of the Tiger","Survivor","https://cdnt-preview.dzcdn.net/api/1/1/6/a/6/0/6a6cec63a2a62ad17c65c3706e216ce8.mp3?hdnea=exp=1780887741~acl=/api/1/1/6/a/6/0/6a6cec63a2a62ad17c65c3706e216ce8.mp3*~data=user_id=0,application_id=42~hmac=d0b4c3a61c3a13a123ff995e931b857a3b865da96075a6461956fc5674c4728d","245",""
"80s Mega Hits","Africa","Toto","true","1079668","Africa","Toto","https://cdnt-preview.dzcdn.net/api/1/1/d/4/6/0/d46762f2025f13175f2fd2c062b46182.mp3?hdnea=exp=1780887742~acl=/api/1/1/d/4/6/0/d46762f2025f13175f2fd2c062b46182.mp3*~data=user_id=0,application_id=42~hmac=b2bbbd16c32454f589a715288745f2634224cc3fdab22c826c3593c023aafcf8","296",""
"80s Mega Hits","Total Eclipse of the Heart","Bonnie Tyler","true","5404547","Total Eclipse of the Heart","Bonnie Tyler","https://cdnt-preview.dzcdn.net/api/1/1/3/d/9/0/3d9e1ff2140e74c0d93a9a131588e5d8.mp3?hdnea=exp=1780887742~acl=/api/1/1/3/d/9/0/3d9e1ff2140e74c0d93a9a131588e5d8.mp3*~data=user_id=0,application_id=42~hmac=2d5481b4aac4f2ed8e76f99eadabb3f45e3bf3b161bf0c4cbed2be9bbc916795","267",""
"80s Mega Hits","Tainted Love","Soft Cell","false","","","","","","no results"
"80s Mega Hits","Walking on Sunshine","Katrina and the Waves","true","9219510","Walking On Sunshine (Orig 1983 Version)","Katrina and the Waves","https://cdnt-preview.dzcdn.net/api/1/1/9/c/d/0/9cdedfd1bc16a8ba90e0c019b4f44e74.mp3?hdnea=exp=1780887743~acl=/api/1/1/9/c/d/0/9cdedfd1bc16a8ba90e0c019b4f44e74.mp3*~data=user_id=0,application_id=42~hmac=4f96b5852ca32db376b00fadbb4f7ab5a48cf1b364cb9df03a92e4d5098756ae","201",""
"80s Mega Hits","Girls Just Want to Have Fun","Cyndi Lauper","true","72194071","Girls Just Want to Have Fun","Cyndi Lauper","https://cdnt-preview.dzcdn.net/api/1/1/a/6/f/0/a6fee1bea8f3ec24b4b86785b197b09b.mp3?hdnea=exp=1780887743~acl=/api/1/1/a/6/f/0/a6fee1bea8f3ec24b4b86785b197b09b.mp3*~data=user_id=0,application_id=42~hmac=70a913f1286ded30fdf302cce745c9cab3bc7723a2e616b5c67773deafda9b01","235",""
"80s Mega Hits","Take My Breath Away","Berlin","true","7675055","Take My Breath Away (Love Theme from ""Top Gun"")","Berlin","https://cdnt-preview.dzcdn.net/api/1/1/3/c/9/0/3c960fe30ef964a95f5d64a5e0bd4626.mp3?hdnea=exp=1780887743~acl=/api/1/1/3/c/9/0/3c960fe30ef964a95f5d64a5e0bd4626.mp3*~data=user_id=0,application_id=42~hmac=7b11d7298b6ee782b5c1080e386ebcabc3c7c155de73a1a12e7bce96f8885a1b","255",""
"Wedding Reception Bangers","Mr. Brightside","The Killers","true","71955234","Mr. Brightside","The Killers","https://cdnt-preview.dzcdn.net/api/1/1/f/e/0/0/fe092bf9e7693590ff4d43bef6f33a08.mp3?hdnea=exp=1780887744~acl=/api/1/1/f/e/0/0/fe092bf9e7693590ff4d43bef6f33a08.mp3*~data=user_id=0,application_id=42~hmac=273d4efee2b395827090b6a5889f085b1ede04890a03796c7c29b85e3f932213","223",""
"Wedding Reception Bangers","I Wanna Dance with Somebody","Whitney Houston","true","75981528","I Wanna Dance with Somebody (Who Loves Me)","Whitney Houston","https://cdnt-preview.dzcdn.net/api/1/1/f/f/b/0/ffbaa0dbc8eb4b09e015a5b92d497425.mp3?hdnea=exp=1780887744~acl=/api/1/1/f/f/b/0/ffbaa0dbc8eb4b09e015a5b92d497425.mp3*~data=user_id=0,application_id=42~hmac=23d58e244615103fd3324c40e987726ad16619a56fed9516a206f659db8a73c1","293",""
"Wedding Reception Bangers","Uptown Funk","Mark Ronson","true","92734438","Uptown Funk (feat. Bruno Mars)","Mark Ronson","https://cdnt-preview.dzcdn.net/api/1/1/b/0/a/0/b0a30d99fddf73c172e0d3f308899dd5.mp3?hdnea=exp=1780887745~acl=/api/1/1/b/0/a/0/b0a30d99fddf73c172e0d3f308899dd5.mp3*~data=user_id=0,application_id=42~hmac=975b50a153bde66a472e0ea3c5d47e65353ad69c4b46b821cfe636ae5f900afe","270",""
"Wedding Reception Bangers","Shut Up and Dance","WALK THE MOON","true","90326361","Shut Up and Dance","WALK THE MOON","https://cdnt-preview.dzcdn.net/api/1/1/a/9/b/0/a9bb99c03f2ecfde508ccc9ffa60421f.mp3?hdnea=exp=1780887745~acl=/api/1/1/a/9/b/0/a9bb99c03f2ecfde508ccc9ffa60421f.mp3*~data=user_id=0,application_id=42~hmac=4cb217bd59cff87622fcda62575e8c9779d8f690494fd27c7662064336c77bd5","197",""
"Wedding Reception Bangers","Cha Cha Slide","DJ Casper","true","1675120927","Cha Cha Slide (Original Live Platinum Band Mix)","DJ Casper","https://cdnt-preview.dzcdn.net/api/1/1/d/3/9/0/d39c22e194321b21b21ea8b9990475c0.mp3?hdnea=exp=1780887745~acl=/api/1/1/d/3/9/0/d39c22e194321b21b21ea8b9990475c0.mp3*~data=user_id=0,application_id=42~hmac=83eeca4eca7c5c639cb03114937a7475bbad072588b1a8b05fade911a28ccd68","387",""
"Wedding Reception Bangers","Cupid Shuffle","Cupid","true","2680799","Cupid Shuffle","Cupid","https://cdnt-preview.dzcdn.net/api/1/1/e/d/e/0/ede5934ed90468aea3d1fd837cbeb18c.mp3?hdnea=exp=1780887746~acl=/api/1/1/e/d/e/0/ede5934ed90468aea3d1fd837cbeb18c.mp3*~data=user_id=0,application_id=42~hmac=34982593d4f186494e5b19407634137dfd0da41ed32eeb39f4d1675ea7849294","231",""
"Wedding Reception Bangers","Y.M.C.A.","Village People","true","436646702","Y.M.C.A.","Village People","https://cdnt-preview.dzcdn.net/api/1/1/0/9/7/0/097a18749580083d43412fa9be5386ce.mp3?hdnea=exp=1780887746~acl=/api/1/1/0/9/7/0/097a18749580083d43412fa9be5386ce.mp3*~data=user_id=0,application_id=42~hmac=4128a6bd93bc469380abe8d3cc0a034a6f5d8b75ed1f4fc3d62afd9abcc9dbfd","286",""
"Wedding Reception Bangers","We Are Family","Sister Sledge","true","846327","We Are Family (1995 Remaster)","Sister Sledge","https://cdnt-preview.dzcdn.net/api/1/1/c/4/9/0/c49d90ea610129caa520f6d7262ceb0e.mp3?hdnea=exp=1780887746~acl=/api/1/1/c/4/9/0/c49d90ea610129caa520f6d7262ceb0e.mp3*~data=user_id=0,application_id=42~hmac=f807916c8f8363198589eeffff545958889cf48148e297a818f50d26b0d2ee73","216",""
"Wedding Reception Bangers","September","Earth, Wind & Fire","true","487484142","September","Earth, Wind & Fire","https://cdnt-preview.dzcdn.net/api/1/1/f/f/1/0/ff191ffcc88051796dd077e402aa14c5.mp3?hdnea=exp=1780887747~acl=/api/1/1/f/f/1/0/ff191ffcc88051796dd077e402aa14c5.mp3*~data=user_id=0,application_id=42~hmac=d8eb07608faeb8c51b3b12820563afe295f168d923030e9895b95da8294ad64b","215",""
"Wedding Reception Bangers","Shape of You","Ed Sheeran","true","139470659","Shape of You","Ed Sheeran","https://cdnt-preview.dzcdn.net/api/1/1/f/1/b/0/f1becf66c6264a6a0306fc47d47690b0.mp3?hdnea=exp=1780887747~acl=/api/1/1/f/1/b/0/f1becf66c6264a6a0306fc47d47690b0.mp3*~data=user_id=0,application_id=42~hmac=89e4c45cabedfb3722bb6a2d026202dd0d4759e469eb59852934f6e35b122179","233",""
"Wedding Reception Bangers","Yeah!","Usher","true","13783449","Yeah! (feat. Lil Jon & Ludacris)","USHER","https://cdnt-preview.dzcdn.net/api/1/1/5/2/0/0/52043805d69b8ee90ddf2e3188b057c3.mp3?hdnea=exp=1780887747~acl=/api/1/1/5/2/0/0/52043805d69b8ee90ddf2e3188b057c3.mp3*~data=user_id=0,application_id=42~hmac=54b867c0cb3262809bd15930d7d086c9e1f0771a4585d504aa827fb361552a6f","250",""
"Wedding Reception Bangers","Sweet Caroline","Neil Diamond","true","145434430","Sweet Caroline","Neil Diamond","https://cdnt-preview.dzcdn.net/api/1/1/c/a/c/0/cac88a2bb24c08bffc758b37132d6119.mp3?hdnea=exp=1780887748~acl=/api/1/1/c/a/c/0/cac88a2bb24c08bffc758b37132d6119.mp3*~data=user_id=0,application_id=42~hmac=9645332cad9bc505e2f929fe22d9f860e56ff884377955bd075541aea11aaa0a","201",""
"Wedding Reception Bangers","Dancing Queen","ABBA","true","884025","Dancing Queen","ABBA","https://cdnt-preview.dzcdn.net/api/1/1/9/1/6/0/916f7137187790e999bc66e6460c07b2.mp3?hdnea=exp=1780887748~acl=/api/1/1/9/1/6/0/916f7137187790e999bc66e6460c07b2.mp3*~data=user_id=0,application_id=42~hmac=90cc17c913f586cefa9adb93e98a460e72ea3d59db37f457d368dba23a33d179","231",""
"Wedding Reception Bangers","(I've Had) The Time of My Life","Bill Medley","true","13128250","(I've Had) The Time Of My Life (From ""Dirty Dancing"" Soundtrack)","Bill Medley","https://cdnt-preview.dzcdn.net/api/1/1/7/f/3/0/7f397fb764da99ef77dfcf22d9eac6db.mp3?hdnea=exp=1780887748~acl=/api/1/1/7/f/3/0/7f397fb764da99ef77dfcf22d9eac6db.mp3*~data=user_id=0,application_id=42~hmac=13c536f9be4e7da9ca78f693f704ba30a05272dc5f1ca90adb0d6f0b8369ce2c","287",""
"Wedding Reception Bangers","Single Ladies (Put a Ring on It)","Beyoncé","true","2485118","Single Ladies (Put a Ring on It)","Beyoncé","https://cdnt-preview.dzcdn.net/api/1/1/0/c/9/0/0c9cc0beae938bd297f288ff142133f4.mp3?hdnea=exp=1780887748~acl=/api/1/1/0/c/9/0/0c9cc0beae938bd297f288ff142133f4.mp3*~data=user_id=0,application_id=42~hmac=736d2dce5e93031783adc5eb7926050f2b24d6f8d290bfa52ec478336fce3897","193",""
"Road Trip Sing-Alongs","Bohemian Rhapsody","Queen","true","568115892","Bohemian Rhapsody (2011 Remaster)","Queen","https://cdnt-preview.dzcdn.net/api/1/1/1/3/4/0/134621d9e549da7c8a74b84c8cd2f066.mp3?hdnea=exp=1780887749~acl=/api/1/1/1/3/4/0/134621d9e549da7c8a74b84c8cd2f066.mp3*~data=user_id=0,application_id=42~hmac=f4c583bbceb0b72ef08156e21aac48c23446b75aa39e8abc06613be343464b8a","354",""
"Road Trip Sing-Alongs","Hey Jude","The Beatles","true","116348632","Hey Jude (Remastered 2015)","The Beatles","https://cdnt-preview.dzcdn.net/api/1/1/b/e/3/0/be3c33e5b05a25dc63b8951748615d74.mp3?hdnea=exp=1780887749~acl=/api/1/1/b/e/3/0/be3c33e5b05a25dc63b8951748615d74.mp3*~data=user_id=0,application_id=42~hmac=8192b6e734c35e5afc5f0d345730e76b73ea8e5a059284fa6fb21cf19b0f4adf","429",""
"Road Trip Sing-Alongs","Take Me Home, Country Roads","John Denver","true","82697686","Take Me Home, Country Roads (Original Version)","John Denver","https://cdnt-preview.dzcdn.net/api/1/1/2/b/0/0/2b04e0f1797578b3521c03c6a43e722b.mp3?hdnea=exp=1780887749~acl=/api/1/1/2/b/0/0/2b04e0f1797578b3521c03c6a43e722b.mp3*~data=user_id=0,application_id=42~hmac=619802d2c77ccc04ca5f9c3b22cfdb5f789b147e28146cd226959806967cd4cf","188",""
"Road Trip Sing-Alongs","Free Fallin'","Tom Petty","true","2303727","Free Fallin'","Tom Petty","https://cdnt-preview.dzcdn.net/api/1/1/a/2/c/0/a2c0760a72e2d6711ca8c8a65e92e20b.mp3?hdnea=exp=1780887750~acl=/api/1/1/a/2/c/0/a2c0760a72e2d6711ca8c8a65e92e20b.mp3*~data=user_id=0,application_id=42~hmac=e0c4bfe3ad19acf08ffd512b5e331fac12c3880dac20ca7b9679963c1f710e89","254",""
"Road Trip Sing-Alongs","Life Is a Highway","Tom Cochrane","true","3182179","Life Is A Highway","Tom Cochrane","https://cdnt-preview.dzcdn.net/api/1/1/7/8/a/0/78a90140aed90e22a7fdf31a691d77ad.mp3?hdnea=exp=1780887750~acl=/api/1/1/7/8/a/0/78a90140aed90e22a7fdf31a691d77ad.mp3*~data=user_id=0,application_id=42~hmac=c62fe5a747fe8507e141c6d34300ee44c8996c8092e0b1657ffd92c6989eea97","265",""
"Road Trip Sing-Alongs","Don't Stop","Fleetwood Mac","true","63480989","Don't Stop (2004 Remaster)","Fleetwood Mac","https://cdnt-preview.dzcdn.net/api/1/1/4/1/c/0/41cf4daf65e13fff4a752d33253f5a53.mp3?hdnea=exp=1780887750~acl=/api/1/1/4/1/c/0/41cf4daf65e13fff4a752d33253f5a53.mp3*~data=user_id=0,application_id=42~hmac=da23f3c43507311f5d30497814ddd72e4f19c15b954156f43cf58b1081eb816d","193",""
"Road Trip Sing-Alongs","American Pie","Don McLean","true","3156285","American Pie","Don McLean","https://cdnt-preview.dzcdn.net/api/1/1/5/7/c/0/57cbce69a91c893b637333dcd5e30eda.mp3?hdnea=exp=1780887751~acl=/api/1/1/5/7/c/0/57cbce69a91c893b637333dcd5e30eda.mp3*~data=user_id=0,application_id=42~hmac=e0993c337dd01ac3ba69e0e9555ea0ddd65cfcd0dd710dcc98d880428a5f2406","517",""
"Road Trip Sing-Alongs","Tiny Dancer","Elton John","true","1151503","Tiny Dancer","Elton John","https://cdnt-preview.dzcdn.net/api/1/1/8/d/0/0/8d0137c82dbe2205cde23b5e8779a2f5.mp3?hdnea=exp=1780887751~acl=/api/1/1/8/d/0/0/8d0137c82dbe2205cde23b5e8779a2f5.mp3*~data=user_id=0,application_id=42~hmac=4e9865c3af903668d26b7c52ea9c90f3bd8ae37f3ba5d4981e4d42015d0ce155","377",""
"Road Trip Sing-Alongs","Wagon Wheel","Old Crow Medicine Show","true","3020136781","Wagon Wheel","Old Crow Medicine Show","https://cdnt-preview.dzcdn.net/api/1/1/3/7/f/0/37f7b332cdd6fc0eb1a4e4df759b35f2.mp3?hdnea=exp=1780887752~acl=/api/1/1/3/7/f/0/37f7b332cdd6fc0eb1a4e4df759b35f2.mp3*~data=user_id=0,application_id=42~hmac=a6767e91ddba12aa5976f15b5ab88945794b6fcb4601fc0fd4d1f5015c6a6e15","232",""
"Road Trip Sing-Alongs","Build Me Up Buttercup","The Foundations","true","3786090882","Build Me Up Buttercup","The Foundations","https://cdnt-preview.dzcdn.net/api/1/1/9/9/d/0/99d725180d57a657703f9b525968af4b.mp3?hdnea=exp=1780887752~acl=/api/1/1/9/9/d/0/99d725180d57a657703f9b525968af4b.mp3*~data=user_id=0,application_id=42~hmac=7aa2d65d79c6dc38856631b74c458fc83e227516988d8dab9133126a9b9bd2fc","179",""
"Road Trip Sing-Alongs","I'm Yours","Jason Mraz","true","2686140","I'm Yours","Jason Mraz","https://cdnt-preview.dzcdn.net/api/1/1/2/7/d/0/27de9a005e318f52c1630426e33d04a6.mp3?hdnea=exp=1780887752~acl=/api/1/1/2/7/d/0/27de9a005e318f52c1630426e33d04a6.mp3*~data=user_id=0,application_id=42~hmac=4b7a9c7bf70a3e54581d2269bef60ad57ac800e16e4832d6dea8670c1f8695ed","242",""
"Road Trip Sing-Alongs","Mr. Brightside","The Killers","true","71955234","Mr. Brightside","The Killers","https://cdnt-preview.dzcdn.net/api/1/1/f/e/0/0/fe092bf9e7693590ff4d43bef6f33a08.mp3?hdnea=exp=1780887753~acl=/api/1/1/f/e/0/0/fe092bf9e7693590ff4d43bef6f33a08.mp3*~data=user_id=0,application_id=42~hmac=d54638dcbaf92bb39e35adc5fae8b8689fa2e0e556781534af77d0809104702f","223",""
"Road Trip Sing-Alongs","Piano Man","Billy Joel","true","14333215","Piano Man","Billy Joel","https://cdnt-preview.dzcdn.net/api/1/1/9/3/3/0/933097dc0fe9004ec219553cb6f54980.mp3?hdnea=exp=1780887753~acl=/api/1/1/9/3/3/0/933097dc0fe9004ec219553cb6f54980.mp3*~data=user_id=0,application_id=42~hmac=8a0c6d145faa9875d521bfa3228c6d54330157064105c2d015b175efc28e1e8b","336",""
"Road Trip Sing-Alongs","Lean on Me","Bill Withers","true","7634915","Lean on Me","Bill Withers","https://cdnt-preview.dzcdn.net/api/1/1/c/6/9/0/c6969c5f6499cb7c81bbef1dd947880b.mp3?hdnea=exp=1780887753~acl=/api/1/1/c/6/9/0/c6969c5f6499cb7c81bbef1dd947880b.mp3*~data=user_id=0,application_id=42~hmac=d40c3a2497fca3cdf433ce9ed336ae7dee511742a661e747c32a6f500a09d458","258",""
"Road Trip Sing-Alongs","Africa","Toto","true","1079668","Africa","Toto","https://cdnt-preview.dzcdn.net/api/1/1/d/4/6/0/d46762f2025f13175f2fd2c062b46182.mp3?hdnea=exp=1780887754~acl=/api/1/1/d/4/6/0/d46762f2025f13175f2fd2c062b46182.mp3*~data=user_id=0,application_id=42~hmac=7cefbd4b6984ce01a26e4ce9de99a03980452e8f8644a5853a4a940daa457d03","296",""
"70s Classic Rock","Stairway to Heaven","Led Zeppelin","true","88003859","Stairway to Heaven (Remaster)","Led Zeppelin","https://cdnt-preview.dzcdn.net/api/1/1/2/6/6/0/26692783366247f9e456227bc4eb9550.mp3?hdnea=exp=1780887754~acl=/api/1/1/2/6/6/0/26692783366247f9e456227bc4eb9550.mp3*~data=user_id=0,application_id=42~hmac=8fab237786d1ee7fadfd6f0b13ae7d742674fb93e9fca2c55478c505c4b11533","482",""
"70s Classic Rock","Hotel California","Eagles","true","426703682","Hotel California (2013 Remaster)","Eagles","https://cdnt-preview.dzcdn.net/api/1/1/d/e/0/0/de0b52925103149e94a7123d0c0cb6c4.mp3?hdnea=exp=1780887754~acl=/api/1/1/d/e/0/0/de0b52925103149e94a7123d0c0cb6c4.mp3*~data=user_id=0,application_id=42~hmac=6ae701d218c203e19fadf4371f1325f3e639adcf34970e38135dd0ac959e6a39","391",""
"70s Classic Rock","Free Bird","Lynyrd Skynyrd","true","1559717","Free Bird","Lynyrd Skynyrd","https://cdnt-preview.dzcdn.net/api/1/1/c/f/4/0/cf4e8e2367a761314bb5955286f23ebf.mp3?hdnea=exp=1780887755~acl=/api/1/1/c/f/4/0/cf4e8e2367a761314bb5955286f23ebf.mp3*~data=user_id=0,application_id=42~hmac=b178b4113334f7b3bcc6f65ddfcaadbb2ca688a8888028dd54a5f103154cedfd","548",""
"70s Classic Rock","More Than a Feeling","Boston","true","84340025","More Than a Feeling","Boston","https://cdnt-preview.dzcdn.net/api/1/1/7/1/4/0/71407ab00b340f77bcdf0af34279bd78.mp3?hdnea=exp=1780887755~acl=/api/1/1/7/1/4/0/71407ab00b340f77bcdf0af34279bd78.mp3*~data=user_id=0,application_id=42~hmac=a8068eccf48125e25fd93a981a904f9216271f8b4faf8663c71d8c7359ae1494","284",""
"70s Classic Rock","Carry On Wayward Son","Kansas","true","4006895","Carry on Wayward Son","Kansas","https://cdnt-preview.dzcdn.net/api/1/1/a/b/5/0/ab57afdc18f9f449c268868bcbbfd45e.mp3?hdnea=exp=1780887755~acl=/api/1/1/a/b/5/0/ab57afdc18f9f449c268868bcbbfd45e.mp3*~data=user_id=0,application_id=42~hmac=44637a5dfec4b9f73a1d7918faab9a143b14bf8849012f1643d159b990968801","323",""
"70s Classic Rock","Dream On","Aerosmith","true","2431707315","Dream On","Aerosmith","https://cdnt-preview.dzcdn.net/api/1/1/4/d/4/0/4d48fb562972ca6f4e22b71e91ee56d0.mp3?hdnea=exp=1780887756~acl=/api/1/1/4/d/4/0/4d48fb562972ca6f4e22b71e91ee56d0.mp3*~data=user_id=0,application_id=42~hmac=ba6361e12773500a20fb2c5db6b31152086ce0552ed461c2cdf31a23ecf07bd2","265",""
"70s Classic Rock","Black Dog","Led Zeppelin","true","88003853","Black Dog (Remaster)","Led Zeppelin","https://cdnt-preview.dzcdn.net/api/1/1/c/1/0/0/c107eecef522651f031e2bd76cb491be.mp3?hdnea=exp=1780887756~acl=/api/1/1/c/1/0/0/c107eecef522651f031e2bd76cb491be.mp3*~data=user_id=0,application_id=42~hmac=6b2c72d1aa85648f2e0d56a0ef8f20b62605056ccc46b865799e6af70f394a15","295",""
"70s Classic Rock","Won't Get Fooled Again","The Who","true","2121813","Won't Get Fooled Again (Original Album Version)","The Who","https://cdnt-preview.dzcdn.net/api/1/1/f/7/9/0/f79e311b88a382995d8ff9e5ff05a1bb.mp3?hdnea=exp=1780887756~acl=/api/1/1/f/7/9/0/f79e311b88a382995d8ff9e5ff05a1bb.mp3*~data=user_id=0,application_id=42~hmac=d4b6628169cd72b4dccd6ae9f01d0252d85638a446e1d46171a78e666f9a03e4","512",""
"70s Classic Rock","Sweet Home Alabama","Lynyrd Skynyrd","true","24949681","Sweet Home Alabama","Lynyrd Skynyrd","https://cdnt-preview.dzcdn.net/api/1/1/9/0/8/0/908367b8d697a174034bce8c338339f6.mp3?hdnea=exp=1780887757~acl=/api/1/1/9/0/8/0/908367b8d697a174034bce8c338339f6.mp3*~data=user_id=0,application_id=42~hmac=e1cccb20e7d7f8b2d59efcf1ae656d38de379b9a0c7f31f5eb857466c4a970fe","284",""
"70s Classic Rock","Smoke on the Water","Deep Purple","true","121716038","Smoke on the Water (2012 Remaster)","Deep Purple","https://cdnt-preview.dzcdn.net/api/1/1/6/2/1/0/62153be8f03776282d4fb2f1a6b3b92d.mp3?hdnea=exp=1780887757~acl=/api/1/1/6/2/1/0/62153be8f03776282d4fb2f1a6b3b92d.mp3*~data=user_id=0,application_id=42~hmac=40118fdea48f1cb6b33879a09d2174e1c84584f4258871010257febec4870087","339",""
"70s Classic Rock","Layla","Derek and the Dominos","false","","","","","","no title+artist match"
"70s Classic Rock","Brown Sugar","The Rolling Stones","true","4125582","Brown Sugar (Remastered 2009)","The Rolling Stones","https://cdnt-preview.dzcdn.net/api/1/1/a/1/7/0/a1760b1d47c4fbdd5618f20d9f5f5848.mp3?hdnea=exp=1780887758~acl=/api/1/1/a/1/7/0/a1760b1d47c4fbdd5618f20d9f5f5848.mp3*~data=user_id=0,application_id=42~hmac=9f692d58cc06b20ab5a70ef8a6a84aeedc6c3dce0b891c4f28ce03e415df94f6","229",""
"70s Classic Rock","Comfortably Numb","Pink Floyd","true","116914122","Comfortably Numb","Pink Floyd","https://cdnt-preview.dzcdn.net/api/1/1/4/3/6/0/436032ec967e0282f468e9aaf8f1062b.mp3?hdnea=exp=1780887758~acl=/api/1/1/4/3/6/0/436032ec967e0282f468e9aaf8f1062b.mp3*~data=user_id=0,application_id=42~hmac=c61780b64948cc2bab2e267f5e3f48903be3dd5bddbc6b45755ff24d7a36de49","382",""
"70s Classic Rock","Walk This Way","Aerosmith","true","2061077777","Walk This Way","Aerosmith","https://cdnt-preview.dzcdn.net/api/1/1/b/b/f/0/bbfc8dc5a9cd13e168177c0df75477b0.mp3?hdnea=exp=1780887758~acl=/api/1/1/b/b/f/0/bbfc8dc5a9cd13e168177c0df75477b0.mp3*~data=user_id=0,application_id=42~hmac=7796f9be003db46bbdd41e7b24dacc04f83559abad5d1d2cb66a0e50f6f6f555","220",""
"70s Classic Rock","Won't Get Fooled Again","The Who","true","2121813","Won't Get Fooled Again (Original Album Version)","The Who","https://cdnt-preview.dzcdn.net/api/1/1/f/7/9/0/f79e311b88a382995d8ff9e5ff05a1bb.mp3?hdnea=exp=1780887759~acl=/api/1/1/f/7/9/0/f79e311b88a382995d8ff9e5ff05a1bb.mp3*~data=user_id=0,application_id=42~hmac=3e34f3f6505d5137bf5d2c5efb18ca88b5cf9a4f663b838dc51fd81aaf6552ad","512",""
"60s Motown & Soul","My Girl","The Temptations","true","538643262","My Girl","The Temptations","https://cdnt-preview.dzcdn.net/api/1/1/a/c/4/0/ac4bea218b498c59ee629d2811235271.mp3?hdnea=exp=1780887759~acl=/api/1/1/a/c/4/0/ac4bea218b498c59ee629d2811235271.mp3*~data=user_id=0,application_id=42~hmac=60ef2d6498a6ae9d31b247d113b33dabbdc361e55ed28ea80c6b14f11cb697b4","160",""
"60s Motown & Soul","I Heard It Through the Grapevine","Marvin Gaye","true","132196486","I Heard It Through The Grapevine","Marvin Gaye","https://cdnt-preview.dzcdn.net/api/1/1/7/5/9/0/759cbe219447e826e93b0ada6ac7ce11.mp3?hdnea=exp=1780887759~acl=/api/1/1/7/5/9/0/759cbe219447e826e93b0ada6ac7ce11.mp3*~data=user_id=0,application_id=42~hmac=57da9d33fc55538eb1c61305990e6eca4eda60160713d3d18ad68aff884c596a","190",""
"60s Motown & Soul","Respect","Aretha Franklin","true","904732","Respect","Aretha Franklin","https://cdnt-preview.dzcdn.net/api/1/1/c/3/3/0/c33e79affa5092d8e74aeed3388023bd.mp3?hdnea=exp=1780887760~acl=/api/1/1/c/3/3/0/c33e79affa5092d8e74aeed3388023bd.mp3*~data=user_id=0,application_id=42~hmac=197b72cd25cc66e02c5c4787ca7d2f10af8880ce13a0b839cfefb736cf87c6de","147",""
"60s Motown & Soul","Stop! In the Name of Love","The Supremes","true","588240452","Stop! In The Name Of Love (Single Version / Mono)","The Supremes","https://cdnt-preview.dzcdn.net/api/1/1/3/1/2/0/312d2bd2e15a29c5c996947d501c13df.mp3?hdnea=exp=1780887760~acl=/api/1/1/3/1/2/0/312d2bd2e15a29c5c996947d501c13df.mp3*~data=user_id=0,application_id=42~hmac=e7a41fc3a8c799a0a3d314a708a513f767f3b0f7405c38e5c32e91c8e3127606","172",""
"60s Motown & Soul","(Sittin' On) The Dock of the Bay","Otis Redding","true","495824392","(Sittin' On) the Dock of the Bay","Otis Redding","https://cdnt-preview.dzcdn.net/api/1/1/9/5/c/0/95ce5df1c088955706d6a4f4ccc156be.mp3?hdnea=exp=1780887760~acl=/api/1/1/9/5/c/0/95ce5df1c088955706d6a4f4ccc156be.mp3*~data=user_id=0,application_id=42~hmac=98ff57da8dd7c2a602f69eae2cc2584920261a30fbc2b778fdbe528d4dccbfb7","160",""
"60s Motown & Soul","Ain't No Mountain High Enough","Marvin Gaye","true","646327092","Ain't No Mountain High Enough","Marvin Gaye","https://cdnt-preview.dzcdn.net/api/1/1/d/2/0/0/d20d39061ad0da62a6181add266ce218.mp3?hdnea=exp=1780887761~acl=/api/1/1/d/2/0/0/d20d39061ad0da62a6181add266ce218.mp3*~data=user_id=0,application_id=42~hmac=6194d9860dc9fe92eec70b0e081a78173310cfbf46ef7bb36e15d32c9592a8a2","147",""
"60s Motown & Soul","Dancing in the Street","Martha and the Vandellas","false","","","","","","no title+artist match"
"60s Motown & Soul","I Can't Help Myself (Sugar Pie, Honey Bunch)","Four Tops","true","1582310","I Can't Help Myself (Sugar Pie, Honey Bunch)","Four Tops","https://cdnt-preview.dzcdn.net/api/1/1/2/d/c/0/2dc352ba2f2140fdb8b2671e7c918748.mp3?hdnea=exp=1780887761~acl=/api/1/1/2/d/c/0/2dc352ba2f2140fdb8b2671e7c918748.mp3*~data=user_id=0,application_id=42~hmac=62481115dad0e1a2803689acb9d1e73141ec5ade53720800ee3dc246056e8244","163",""
"60s Motown & Soul","My Guy","Mary Wells","true","79083540","My Guy","Mary Wells","https://cdnt-preview.dzcdn.net/api/1/1/3/2/4/0/324f64618978c3e8a0be5e03b6a26fd5.mp3?hdnea=exp=1780887762~acl=/api/1/1/3/2/4/0/324f64618978c3e8a0be5e03b6a26fd5.mp3*~data=user_id=0,application_id=42~hmac=7b550cfa9ecac7c6bcc0c10f3922b52e00e7000d6ac21b1e49a12da2cf06145c","174",""
"60s Motown & Soul","You Can't Hurry Love","The Supremes","true","540189172","You Can't Hurry Love","The Supremes","https://cdnt-preview.dzcdn.net/api/1/1/8/8/7/0/8871c7d03745517f11b7c03f9dd5d584.mp3?hdnea=exp=1780887762~acl=/api/1/1/8/8/7/0/8871c7d03745517f11b7c03f9dd5d584.mp3*~data=user_id=0,application_id=42~hmac=dc6e066c2487739744d5ddc87d2da2d5c6cbd40b4746b7677c0a60217f3422e9","167",""
"60s Motown & Soul","Higher and Higher","Jackie Wilson","true","145021290","(Your Love Keeps Lifting Me) Higher and Higher","Jackie Wilson","https://cdnt-preview.dzcdn.net/api/1/1/8/1/7/0/8178f19a00dbc8a89535dfb35a2a1639.mp3?hdnea=exp=1780887762~acl=/api/1/1/8/1/7/0/8178f19a00dbc8a89535dfb35a2a1639.mp3*~data=user_id=0,application_id=42~hmac=0f8f1825bc430d6fc25b78cc7eda1959a55ad3ecc3aa61b1c0d374e1235e99d2","182",""
"60s Motown & Soul","ABC","The Jackson 5","false","","","","","","no results"
"60s Motown & Soul","I Want You Back","The Jackson 5","false","","","","","","no results"
"60s Motown & Soul","Knock on Wood","Eddie Floyd","true","724607","Knock on Wood","Eddie Floyd","https://cdnt-preview.dzcdn.net/api/1/1/a/d/0/0/ad02ea4042bdae8eedd38f2029c06531.mp3?hdnea=exp=1780887763~acl=/api/1/1/a/d/0/0/ad02ea4042bdae8eedd38f2029c06531.mp3*~data=user_id=0,application_id=42~hmac=dd7b83c42a2b2f5f71aeab6a94b260304b0986ae446788a4fa8e146150db3d51","189",""
"60s Motown & Soul","What Becomes of the Brokenhearted","Jimmy Ruffin","true","2516764","What Becomes Of The Brokenhearted (Single Version)","Jimmy Ruffin","https://cdnt-preview.dzcdn.net/api/1/1/5/1/1/0/511dcb7ed80dde8f4d94df72969c571d.mp3?hdnea=exp=1780887764~acl=/api/1/1/5/1/1/0/511dcb7ed80dde8f4d94df72969c571d.mp3*~data=user_id=0,application_id=42~hmac=97bbf8f51e4bedcf51eff76205b19a67790068b0f299791afc8c9ad3c6a7356c","182",""
"Disney Animated Songs","Let It Go","Idina Menzel","true","72371930","Let It Go (From ""Frozen""/Soundtrack Version)","Idina Menzel","https://cdnt-preview.dzcdn.net/api/1/1/2/d/4/0/2d4146ff3ac7b7563b511cf15215a3b2.mp3?hdnea=exp=1780887764~acl=/api/1/1/2/d/4/0/2d4146ff3ac7b7563b511cf15215a3b2.mp3*~data=user_id=0,application_id=42~hmac=7698cda97d4c0e3b47ea16725a43382f9cd6a1ef9e3618193c0bd632d9db66f9","224",""
"Disney Animated Songs","A Whole New World","Peabo Bryson","true","1030914","A Whole New World (Aladdin's Theme)","Peabo Bryson","https://cdnt-preview.dzcdn.net/api/1/1/8/d/6/0/8d654d1b4fa40ebb57c3d6276889f576.mp3?hdnea=exp=1780887764~acl=/api/1/1/8/d/6/0/8d654d1b4fa40ebb57c3d6276889f576.mp3*~data=user_id=0,application_id=42~hmac=fd6d20c6dad171b9bd3dbdb4f0362bcea438902e282712354fb89981b49c71c4","244",""
"Disney Animated Songs","Circle of Life","Carmen Twillie","true","24307571","Circle of Life","Carmen Twillie","https://cdnt-preview.dzcdn.net/api/1/1/1/2/2/0/1228fff38f32ec84910f78717ce58f19.mp3?hdnea=exp=1780887765~acl=/api/1/1/1/2/2/0/1228fff38f32ec84910f78717ce58f19.mp3*~data=user_id=0,application_id=42~hmac=97f4c13724fda4313b1f1974481d6ac8c671d4d19cbca6b5f7b4def7b0f7058e","239",""
"Disney Animated Songs","Under the Sea","Samuel E. Wright","true","145187392","Under the Sea","Samuel E. Wright","https://cdnt-preview.dzcdn.net/api/1/1/2/1/4/0/214d0eff870457a3ad4b4b20d0d05327.mp3?hdnea=exp=1780887765~acl=/api/1/1/2/1/4/0/214d0eff870457a3ad4b4b20d0d05327.mp3*~data=user_id=0,application_id=42~hmac=feb14ea518d79080ed096bbfdff04b8c159ce6487791279340df0c07ddcadf8b","194",""
"Disney Animated Songs","Beauty and the Beast","Angela Lansbury","true","2381496005","Beauty and the Beast","Angela Lansbury","https://cdnt-preview.dzcdn.net/api/1/1/2/5/9/0/2593c64bb5d45c204f796dad008df797.mp3?hdnea=exp=1780887765~acl=/api/1/1/2/5/9/0/2593c64bb5d45c204f796dad008df797.mp3*~data=user_id=0,application_id=42~hmac=492f3e3b5c5ad633af298ebea88d9535ff7d3f40f2502845bfac37bb2e58ea92","166",""
"Disney Animated Songs","How Far I'll Go","Auli'i Cravalho","true","136340808","How Far I'll Go","Auli'i Cravalho","https://cdnt-preview.dzcdn.net/api/1/1/6/9/9/0/699115c26fe9254029a5004e1be0fbe7.mp3?hdnea=exp=1780887765~acl=/api/1/1/6/9/9/0/699115c26fe9254029a5004e1be0fbe7.mp3*~data=user_id=0,application_id=42~hmac=b2494340f8b11354bd44f42bf2c5e768ed7b184b40f22c9ec8d9560b4fada90a","163",""
"Disney Animated Songs","Hakuna Matata","Nathan Lane","true","81105422","Hakuna Matata","Nathan Lane","https://cdnt-preview.dzcdn.net/api/1/1/2/c/5/0/2c574c5fedc71e2cc7cf37dd9bf31e75.mp3?hdnea=exp=1780887766~acl=/api/1/1/2/c/5/0/2c574c5fedc71e2cc7cf37dd9bf31e75.mp3*~data=user_id=0,application_id=42~hmac=78fab23f0f19cf7e7c95b1a3175b6d0e5af060cc6b18450923ad23bde5d27670","247",""
"Disney Animated Songs","Friend Like Me","Robin Williams","true","120917660","Friend Like Me","Robin Williams","https://cdnt-preview.dzcdn.net/api/1/1/a/3/0/0/a303d5cff64e4ae5f247d618f74c4bcf.mp3?hdnea=exp=1780887766~acl=/api/1/1/a/3/0/0/a303d5cff64e4ae5f247d618f74c4bcf.mp3*~data=user_id=0,application_id=42~hmac=0ab7988fa891323c090db29dfd3f37c2e3447f59e9343260754801f15ee8b9c5","146",""
"Disney Animated Songs","Part of Your World","Jodi Benson","true","145187394","Part of Your World (Reprise)","Jodi Benson","https://cdnt-preview.dzcdn.net/api/1/1/1/d/0/0/1d08faa439b2907d4d7dfd1aba59290c.mp3?hdnea=exp=1780887766~acl=/api/1/1/1/d/0/0/1d08faa439b2907d4d7dfd1aba59290c.mp3*~data=user_id=0,application_id=42~hmac=629c1bc5b6ee70895d6c59df6808a8e5cfa6bfbea47b3e5bb72e0ebdf613eeb6","135",""
"Disney Animated Songs","You'll Be in My Heart","Phil Collins","true","561875132","You'll Be In My Heart","Phil Collins","https://cdnt-preview.dzcdn.net/api/1/1/2/1/3/0/2139586678b734d02d63ef1694720648.mp3?hdnea=exp=1780887767~acl=/api/1/1/2/1/3/0/2139586678b734d02d63ef1694720648.mp3*~data=user_id=0,application_id=42~hmac=5e3af0e6846d4f4d63e2c290d8a284dbacf30de9b2a0b903f45faaf9d65ddfdd","259",""
"Disney Animated Songs","Reflection","Lea Salonga","true","1377537502","Reflection","Lea Salonga","https://cdnt-preview.dzcdn.net/api/1/1/4/9/1/0/491207ccfbb4ab069f37e39c0eac7905.mp3?hdnea=exp=1780887767~acl=/api/1/1/4/9/1/0/491207ccfbb4ab069f37e39c0eac7905.mp3*~data=user_id=0,application_id=42~hmac=017361d56e4b693abbf429afbc45c46a549ac97ae1b533379e1dadf250ec5481","146",""
"Disney Animated Songs","Almost There","Anika Noni Rose","true","534375642","Almost There","Anika Noni Rose","https://cdnt-preview.dzcdn.net/api/1/1/0/b/1/0/0b182818dd43d41f616797fdb5909cdd.mp3?hdnea=exp=1780887767~acl=/api/1/1/0/b/1/0/0b182818dd43d41f616797fdb5909cdd.mp3*~data=user_id=0,application_id=42~hmac=78438cb970207ea9fbb9e48908083f7b8fa4996ff4c32a2b9ee8e958c6739e5d","144",""
"Disney Animated Songs","Try Everything","Shakira","true","586860862","Try Everything","Shakira","https://cdnt-preview.dzcdn.net/api/1/1/4/3/7/0/4372a409b883cc5bca0ee0b73be413b6.mp3?hdnea=exp=1780887768~acl=/api/1/1/4/3/7/0/4372a409b883cc5bca0ee0b73be413b6.mp3*~data=user_id=0,application_id=42~hmac=bbfce3b05e916abfecdcabd419a190245e10f36653d73689e5b78a3a00dd5e12","196",""
"Disney Animated Songs","Remember Me","Miguel","true","419915862","Remember Me (Dúo)","Miguel","https://cdnt-preview.dzcdn.net/api/1/1/2/e/f/0/2ef0ea08881e5633db65e090b7877f9e.mp3?hdnea=exp=1780887768~acl=/api/1/1/2/e/f/0/2ef0ea08881e5633db65e090b7877f9e.mp3*~data=user_id=0,application_id=42~hmac=defde62c73d355f53cd66d3846fd4c84279e1641b8b3f4b7608f972c98c248eb","164",""
"Disney Animated Songs","We Don't Talk About Bruno","Carolina Gaitán","true","1550821762","We Don't Talk About Bruno","Carolina Gaitán - La Gaita","https://cdnt-preview.dzcdn.net/api/1/1/b/1/7/0/b175380ebecf672465fc9723888bb6aa.mp3?hdnea=exp=1780887768~acl=/api/1/1/b/1/7/0/b175380ebecf672465fc9723888bb6aa.mp3*~data=user_id=0,application_id=42~hmac=ae8de303e5270bd7cd2d7a0cdcee654778bb18884d8695a8cf851f364bfe192d","216",""
"One Hit Wonders","Take On Me","a-ha","true","664107","Take on Me","a-ha","https://cdnt-preview.dzcdn.net/api/1/1/b/1/9/0/b19c969e9d7193a3fa7e5880fed2aefb.mp3?hdnea=exp=1780887769~acl=/api/1/1/b/1/9/0/b19c969e9d7193a3fa7e5880fed2aefb.mp3*~data=user_id=0,application_id=42~hmac=ce4233066ab676e905d45dc2aa4a88dae159102e08547f4ec42339dd146d32d0","227",""
"One Hit Wonders","Come On Eileen","Dexys Midnight Runners","true","4255658","Come On Eileen (Single Edit)","Dexys Midnight Runners","https://cdnt-preview.dzcdn.net/api/1/1/c/1/8/0/c182e2a6f6ba24782cf2ceac508bac13.mp3?hdnea=exp=1780887769~acl=/api/1/1/c/1/8/0/c182e2a6f6ba24782cf2ceac508bac13.mp3*~data=user_id=0,application_id=42~hmac=5cd53c19cd3041787f4126f954e7e36aae436cf615fb22d7fe2a7b7e19f99c6b","208",""
"One Hit Wonders","99 Luftballons","Nena","false","","","","","","no results"
"One Hit Wonders","Macarena","Los del Río","true","994491","Macarena","Los Del Río","https://cdnt-preview.dzcdn.net/api/1/1/d/d/e/0/ddeba4c53d5b9785f3f0375201bfb422.mp3?hdnea=exp=1780887769~acl=/api/1/1/d/d/e/0/ddeba4c53d5b9785f3f0375201bfb422.mp3*~data=user_id=0,application_id=42~hmac=73d680f94937afdc3ccceb7217c3f014528f626d3ffad0fd2b1964fcfd2b7267","252",""
"One Hit Wonders","I'm Too Sexy","Right Said Fred","true","2625962812","I'm Too Sexy","Right Said Fred","https://cdnt-preview.dzcdn.net/api/1/1/5/c/0/0/5c09da5f2e5df00ed802daf4d6334ec2.mp3?hdnea=exp=1780887770~acl=/api/1/1/5/c/0/0/5c09da5f2e5df00ed802daf4d6334ec2.mp3*~data=user_id=0,application_id=42~hmac=6b2af4c589be837428690aa5c6bd2570cd79577213ca0a5eb35ed1d8abd7dbc5","171",""
"One Hit Wonders","Tubthumping","Chumbawamba","true","3154917","Tubthumping","Chumbawamba","https://cdnt-preview.dzcdn.net/api/1/1/a/0/b/0/a0b3c117acc07945a90f0bf283e955f9.mp3?hdnea=exp=1780887770~acl=/api/1/1/a/0/b/0/a0b3c117acc07945a90f0bf283e955f9.mp3*~data=user_id=0,application_id=42~hmac=984831e37b64d84c733c1fcbc69683721ed62c504df45cc3685d91206aa72b04","213",""
"One Hit Wonders","Mambo No. 5","Lou Bega","true","434625962","Mambo No. 5 (a Little Bit of...)","Lou Bega","https://cdnt-preview.dzcdn.net/api/1/1/3/7/5/0/375ead9d030f037de798028bac514ec6.mp3?hdnea=exp=1780887770~acl=/api/1/1/3/7/5/0/375ead9d030f037de798028bac514ec6.mp3*~data=user_id=0,application_id=42~hmac=4b20957fd12fe5463a3c44ebfe047f6a15fa1ab1908a5293cf99b9746d791547","220",""
"One Hit Wonders","Bitter Sweet Symphony","The Verve","true","398570642","Bitter Sweet Symphony (Remastered 2016)","The Verve","https://cdnt-preview.dzcdn.net/api/1/1/3/4/1/0/341bbcf7cf85b72d242ecee1c7134483.mp3?hdnea=exp=1780887771~acl=/api/1/1/3/4/1/0/341bbcf7cf85b72d242ecee1c7134483.mp3*~data=user_id=0,application_id=42~hmac=a0ffef23f862f46a152127366a3b7feb7fb8afa1ed1bc0316f9cc806cbd2acb0","357",""
"One Hit Wonders","What's Up?","4 Non Blondes","true","2184743","What's Up?","4 Non Blondes","https://cdnt-preview.dzcdn.net/api/1/1/b/6/0/0/b6094cd4a5bf36cd534651cdb6ad29e8.mp3?hdnea=exp=1780887771~acl=/api/1/1/b/6/0/0/b6094cd4a5bf36cd534651cdb6ad29e8.mp3*~data=user_id=0,application_id=42~hmac=ed97c99da309f096caee8db760777ccb7a014a1bb19e8e55380d44808fdeb25b","295",""
"One Hit Wonders","Who Let the Dogs Out","Baha Men","true","3389258","Who Let The Dogs Out","Baha Men","https://cdnt-preview.dzcdn.net/api/1/1/8/3/d/0/83d7b2525e4b1f02e8f73f636301aaed.mp3?hdnea=exp=1780887771~acl=/api/1/1/8/3/d/0/83d7b2525e4b1f02e8f73f636301aaed.mp3*~data=user_id=0,application_id=42~hmac=d60cfadc4d587db6c0afccb95052f2da06e886fb50dcdda68909bf4a1f610844","196",""
"One Hit Wonders","Lovefool","The Cardigans","true","910474","Lovefool","The Cardigans","https://cdnt-preview.dzcdn.net/api/1/1/2/a/9/0/2a9ded54b3a618ed0f0f49202192fa40.mp3?hdnea=exp=1780887772~acl=/api/1/1/2/a/9/0/2a9ded54b3a618ed0f0f49202192fa40.mp3*~data=user_id=0,application_id=42~hmac=ad0214864c1f0c245a2e46b2d0011596f06d2ac6054ae4c8df728d475df2bab9","198",""
"One Hit Wonders","Spirit in the Sky","Norman Greenbaum","true","673832662","Spirit In The Sky (Deluxe Edition)","Norman Greenbaum","https://cdnt-preview.dzcdn.net/api/1/1/d/0/d/0/d0d128e356842d5d32f1fc5c3ff5af01.mp3?hdnea=exp=1780887772~acl=/api/1/1/d/0/d/0/d0d128e356842d5d32f1fc5c3ff5af01.mp3*~data=user_id=0,application_id=42~hmac=7d7d447b645dba5dcbba9a571681fabd0c51a43965ea9e02d999499c9184f37f","243",""
"One Hit Wonders","Walking on Sunshine","Katrina and the Waves","true","9219510","Walking On Sunshine (Orig 1983 Version)","Katrina and the Waves","https://cdnt-preview.dzcdn.net/api/1/1/9/c/d/0/9cdedfd1bc16a8ba90e0c019b4f44e74.mp3?hdnea=exp=1780887772~acl=/api/1/1/9/c/d/0/9cdedfd1bc16a8ba90e0c019b4f44e74.mp3*~data=user_id=0,application_id=42~hmac=cb2dcfd6407efee8596751680fe01e2392594974a68674b1c32f3b7c49d31eb0","201",""
"One Hit Wonders","Cotton Eye Joe","Rednex","true","674051382","Cotton Eye Joe (Mastered 1994)","Rednex","https://cdnt-preview.dzcdn.net/api/1/1/4/d/d/0/4dd4f54940b99de53ec54a7bcd24726e.mp3?hdnea=exp=1780887773~acl=/api/1/1/4/d/d/0/4dd4f54940b99de53ec54a7bcd24726e.mp3*~data=user_id=0,application_id=42~hmac=33bb6fbcc0926de7a88beafd4534f00ca6d0134b9000c4065d28e6432a5a7c0d","193",""
"One Hit Wonders","Barbie Girl","Aqua","true","1115044","Barbie Girl","Aqua","https://cdnt-preview.dzcdn.net/api/1/1/4/3/7/0/4371d1b1cfd9c181f987a3befea3585b.mp3?hdnea=exp=1780887773~acl=/api/1/1/4/3/7/0/4371d1b1cfd9c181f987a3befea3585b.mp3*~data=user_id=0,application_id=42~hmac=9dbf4731f1c2f0d2b7c5b6853b8bc2df1887b846ce84dfb2ece24eec523e795c","196",""
"Country Crossover Hits","Cruise","Florida Georgia Line","true","62513271","Cruise","Florida Georgia Line","https://cdnt-preview.dzcdn.net/api/1/1/b/8/6/0/b8664df98fde4a82d54fbea7b0aeab75.mp3?hdnea=exp=1780887773~acl=/api/1/1/b/8/6/0/b8664df98fde4a82d54fbea7b0aeab75.mp3*~data=user_id=0,application_id=42~hmac=0f35701380ced86e8f368df8d4c857be32989a2f02da5103a9b554b8518846e0","209",""
"Country Crossover Hits","Before He Cheats","Carrie Underwood","true","90944585","Before He Cheats","Carrie Underwood","https://cdnt-preview.dzcdn.net/api/1/1/e/4/0/0/e40d9c2f44e3a6e2dd3388960b2db84d.mp3?hdnea=exp=1780887774~acl=/api/1/1/e/4/0/0/e40d9c2f44e3a6e2dd3388960b2db84d.mp3*~data=user_id=0,application_id=42~hmac=fbcb5232867307310647143b83e96981f22329996fe5d2e2a838f899c6c63de9","199",""
"Country Crossover Hits","Wagon Wheel","Darius Rucker","true","67351232","Wagon Wheel","Darius Rucker","https://cdnt-preview.dzcdn.net/api/1/1/2/e/c/0/2ec8d3ae990c8f77d69809e40457d5af.mp3?hdnea=exp=1780887774~acl=/api/1/1/2/e/c/0/2ec8d3ae990c8f77d69809e40457d5af.mp3*~data=user_id=0,application_id=42~hmac=0cf5013d2074eaac3c1512aa23131a8592d302a013d1339ecf137de491ff174b","298",""
"Country Crossover Hits","Need You Now","Lady A","true","5152324","Need You Now","Lady A","https://cdnt-preview.dzcdn.net/api/1/1/7/d/1/0/7d1bdfd58710fe184ea0b4463ec783b8.mp3?hdnea=exp=1780887774~acl=/api/1/1/7/d/1/0/7d1bdfd58710fe184ea0b4463ec783b8.mp3*~data=user_id=0,application_id=42~hmac=2f0dbc4df558e883180d3e677daac6b694a7e11fa333adb26a35144b79b378ba","278",""
"Country Crossover Hits","Friends in Low Places","Garth Brooks","true","454775252","Friends In Low Places","The Sounds Of Garth Brooks","https://cdnt-preview.dzcdn.net/api/1/1/9/9/2/0/992424ac027f7bd0f95652025eb33515.mp3?hdnea=exp=1780887774~acl=/api/1/1/9/9/2/0/992424ac027f7bd0f95652025eb33515.mp3*~data=user_id=0,application_id=42~hmac=6f06443e7f39ce5b54c342cbdf164f78af18c8f3daf32a71dcae93c73ce9b328","231",""
"Country Crossover Hits","Man! I Feel Like a Woman!","Shania Twain","true","731732392","Man! I Feel Like A Woman!","Shania Twain","https://cdnt-preview.dzcdn.net/api/1/1/b/b/7/0/bb7f2605372ce545fe156f2f77965d98.mp3?hdnea=exp=1780887775~acl=/api/1/1/b/b/7/0/bb7f2605372ce545fe156f2f77965d98.mp3*~data=user_id=0,application_id=42~hmac=6b56c1f770d680b0e6633d96a2959eed898a059e292c7a1bee71933a7a88bfe0","234",""
"Country Crossover Hits","Achy Breaky Heart","Billy Ray Cyrus","true","921154","Achy Breaky Heart","Billy Ray Cyrus","https://cdnt-preview.dzcdn.net/api/1/1/2/b/5/0/2b5a1853e46105a06059fb3295b5a31f.mp3?hdnea=exp=1780887775~acl=/api/1/1/2/b/5/0/2b5a1853e46105a06059fb3295b5a31f.mp3*~data=user_id=0,application_id=42~hmac=9bdf59bc74e45f78f6e190093c810f8cc5f90b1e22ac8b739313dab5552aa561","204",""
"Country Crossover Hits","The Devil Went Down to Georgia","Charlie Daniels Band","true","851466","The Devil Went Down to Georgia","The Charlie Daniels Band","https://cdnt-preview.dzcdn.net/api/1/1/7/d/e/0/7de3f595bec80470e2a6c1c6b535df4a.mp3?hdnea=exp=1780887775~acl=/api/1/1/7/d/e/0/7de3f595bec80470e2a6c1c6b535df4a.mp3*~data=user_id=0,application_id=42~hmac=9f93c1a2ab83996f1c5769598128227082cb22346ca98c97eb92e366987f5a92","215",""
"Country Crossover Hits","I Walk the Line","Johnny Cash","true","75345170","I Walk the Line","Johnny Cash","https://cdnt-preview.dzcdn.net/api/1/1/c/7/1/0/c71a5ce45639466bfe272a1ea9554cc4.mp3?hdnea=exp=1780887776~acl=/api/1/1/c/7/1/0/c71a5ce45639466bfe272a1ea9554cc4.mp3*~data=user_id=0,application_id=42~hmac=bd2a07b6c9c03a0b449ad20bdbab6719585a72533b6591cbff55167bb5c7177a","170",""
"Country Crossover Hits","Jolene","Dolly Parton","true","114422238","Jolene","Dolly Parton","https://cdnt-preview.dzcdn.net/api/1/1/3/9/1/0/39196bba724775ae89ae4fdd5a528e84.mp3?hdnea=exp=1780887776~acl=/api/1/1/3/9/1/0/39196bba724775ae89ae4fdd5a528e84.mp3*~data=user_id=0,application_id=42~hmac=a0a0db5155d49c18421aeda9e26af392d3a6d42b2e8d192a5ca81278447fee43","160",""
"Country Crossover Hits","Body Like a Back Road","Sam Hunt","true","141160791","Body Like A Back Road","Sam Hunt","https://cdnt-preview.dzcdn.net/api/1/1/7/6/9/0/76965e803ffee7a210d73c7ff94fa0ff.mp3?hdnea=exp=1780887776~acl=/api/1/1/7/6/9/0/76965e803ffee7a210d73c7ff94fa0ff.mp3*~data=user_id=0,application_id=42~hmac=5bdd150a549f2e4bdb78f157fde3136e50dcb5fa9986f545ef6a3aedf6fe1b40","165",""
"Country Crossover Hits","Tennessee Whiskey","Chris Stapleton","true","98975170","Tennessee Whiskey","Chris Stapleton","https://cdnt-preview.dzcdn.net/api/1/1/1/2/6/0/126803e10fa06c8583e07e8f9fddb1b3.mp3?hdnea=exp=1780887777~acl=/api/1/1/1/2/6/0/126803e10fa06c8583e07e8f9fddb1b3.mp3*~data=user_id=0,application_id=42~hmac=b890c7cbf1b4c982d80a087fa4ebec8d111831790934448874dd6ba8b77c5286","293",""
"Country Crossover Hits","Old Town Road","Lil Nas X","true","699056192","Old Town Road (feat. Billy Ray Cyrus) (Remix)","Lil Nas X","https://cdnt-preview.dzcdn.net/api/1/1/2/e/4/0/2e4be56a5de5e1113d00f58d92207137.mp3?hdnea=exp=1780887777~acl=/api/1/1/2/e/4/0/2e4be56a5de5e1113d00f58d92207137.mp3*~data=user_id=0,application_id=42~hmac=2f5445a4bbe039dfa254a0b56d7aa7da57da99410977a252350b7bf2aa6a5bad","157",""
"Country Crossover Hits","9 to 5","Dolly Parton","true","992937","9 to 5","Dolly Parton","https://cdnt-preview.dzcdn.net/api/1/1/f/6/4/0/f6429ee343fe41fab2a95ab9d0d85e5b.mp3?hdnea=exp=1780887777~acl=/api/1/1/f/6/4/0/f6429ee343fe41fab2a95ab9d0d85e5b.mp3*~data=user_id=0,application_id=42~hmac=34c98273dcff07f47c1c548b76c209c8e46c9107c196bdaaae2bf8694d18bad6","165",""
"Country Crossover Hits","Boot Scootin' Boogie","Brooks & Dunn","true","4210978","Boot Scootin' Boogie","Brooks & Dunn","https://cdnt-preview.dzcdn.net/api/1/1/e/f/d/0/efdc87cbd3d682f30d120c1bd09794cf.mp3?hdnea=exp=1780887778~acl=/api/1/1/e/f/d/0/efdc87cbd3d682f30d120c1bd09794cf.mp3*~data=user_id=0,application_id=42~hmac=a5d57b8770497b015d317f811a733607deb318d743cb4dc31dc48b4496497233","196",""
"Hip-Hop Golden Era (88-98)","Juicy","The Notorious B.I.G.","true","2793753","Juicy (2005 Remaster)","The Notorious B.I.G.","https://cdnt-preview.dzcdn.net/api/1/1/f/b/d/0/fbdf7aac76a870170917c53bc49bb40b.mp3?hdnea=exp=1780887778~acl=/api/1/1/f/b/d/0/fbdf7aac76a870170917c53bc49bb40b.mp3*~data=user_id=0,application_id=42~hmac=7f6d61aa6d312479afe4a4f8956d974a878728184c1fdc653547219d8864b04e","302",""
"Hip-Hop Golden Era (88-98)","California Love","2Pac","true","87960517","California Love (Original Version)","2Pac","https://cdnt-preview.dzcdn.net/api/1/1/1/9/0/0/19076e85f658db2eaea4789c95a1655a.mp3?hdnea=exp=1780887778~acl=/api/1/1/1/9/0/0/19076e85f658db2eaea4789c95a1655a.mp3*~data=user_id=0,application_id=42~hmac=6acba05b95e02946cbcb686ae6ccf7301e6df6cc60a6ae2c6118b48ac3bd65ff","286",""
"Hip-Hop Golden Era (88-98)","C.R.E.A.M.","Wu-Tang Clan","true","541322","C.R.E.A.M. (Cash Rules Everything Around Me)","Wu-Tang Clan","https://cdnt-preview.dzcdn.net/api/1/1/2/e/5/0/2e5556957eb4b531a9a148013c803a64.mp3?hdnea=exp=1780887779~acl=/api/1/1/2/e/5/0/2e5556957eb4b531a9a148013c803a64.mp3*~data=user_id=0,application_id=42~hmac=e27357522f33aad13835acea4f21cac671ba4a4fe1eb670eb3efc1485dd4b89c","252",""
"Hip-Hop Golden Era (88-98)","Nuthin' But a 'G' Thang","Dr. Dre","true","2132919007","Nuthin' But A ""G"" Thang","Dr. Dre","https://cdnt-preview.dzcdn.net/api/1/1/8/b/e/0/8be7509f231eb8a3716f231b6b5c1603.mp3?hdnea=exp=1780887779~acl=/api/1/1/8/b/e/0/8be7509f231eb8a3716f231b6b5c1603.mp3*~data=user_id=0,application_id=42~hmac=b293d79a395bce033912b20e5598871873f56413141f221804a9f8442d8e1bdf","238",""
"Hip-Hop Golden Era (88-98)","Fight the Power","Public Enemy","true","2120901","Fight The Power","Public Enemy","https://cdnt-preview.dzcdn.net/api/1/1/8/7/9/0/8792a21c27f60ebf18e1f51420f1e561.mp3?hdnea=exp=1780887779~acl=/api/1/1/8/7/9/0/8792a21c27f60ebf18e1f51420f1e561.mp3*~data=user_id=0,application_id=42~hmac=e7ae5de59d07455e5d6bedcd4683ccc4adb32fd67bdf1c8a81be8e4b5cddcc1f","282",""
"Hip-Hop Golden Era (88-98)","It Was a Good Day","Ice Cube","true","3102182","It Was A Good Day","Ice Cube","https://cdnt-preview.dzcdn.net/api/1/1/7/3/c/0/73c57f549be039246fa603d1564832f0.mp3?hdnea=exp=1780887780~acl=/api/1/1/7/3/c/0/73c57f549be039246fa603d1564832f0.mp3*~data=user_id=0,application_id=42~hmac=1c7cf650d18f68963f3ae289fda41188f3b6818a341a359c66a29e729a8c523d","260",""
"Hip-Hop Golden Era (88-98)","Gin and Juice","Snoop Dogg","true","2182691847","Gin and Juice","Snoop Dogg","https://cdnt-preview.dzcdn.net/api/1/1/9/f/7/0/9f7ecff02944b02733675ed67334e088.mp3?hdnea=exp=1780887780~acl=/api/1/1/9/f/7/0/9f7ecff02944b02733675ed67334e088.mp3*~data=user_id=0,application_id=42~hmac=3298b785e1f70119b0a1e9fc2b0662aec7b89607928be809b07a9932c7515fbe","211",""
"Hip-Hop Golden Era (88-98)","Mama Said Knock You Out","LL Cool J","true","583099052","Mama Said Knock You Out","LL COOL J","https://cdnt-preview.dzcdn.net/api/1/1/a/c/9/0/ac959106cc3d0454d940723c83641879.mp3?hdnea=exp=1780887780~acl=/api/1/1/a/c/9/0/ac959106cc3d0454d940723c83641879.mp3*~data=user_id=0,application_id=42~hmac=6be9422b21fb63986270a7eec29d22c0263843b691214dd2c4384f33e1a3b1fb","289",""
"Hip-Hop Golden Era (88-98)","Push It","Salt-N-Pepa","true","72969500","Push It (Re-Recorded) [Remastered]","Salt-N-Pepa","https://cdnt-preview.dzcdn.net/api/1/1/3/4/0/0/340c8bff078af5e09061978956024de2.mp3?hdnea=exp=1780887781~acl=/api/1/1/3/4/0/0/340c8bff078af5e09061978956024de2.mp3*~data=user_id=0,application_id=42~hmac=8f25f265e7e03cdb2e1f42d2b8bb10e9dbaa7358d6efab6e8e677a7e6f482f23","273",""
"Hip-Hop Golden Era (88-98)","Bonita Applebum","A Tribe Called Quest","true","14878499","Bonita Applebum","A Tribe Called Quest","https://cdnt-preview.dzcdn.net/api/1/1/b/0/2/0/b025dee2f90ba8ee88ee24653a431e08.mp3?hdnea=exp=1780887781~acl=/api/1/1/b/0/2/0/b025dee2f90ba8ee88ee24653a431e08.mp3*~data=user_id=0,application_id=42~hmac=56bfee6329a246fdc6491a61cd14b1e877996028b182bef1253e8a8501738240","216",""
"Hip-Hop Golden Era (88-98)","Can I Kick It?","A Tribe Called Quest","true","3311319751","Can I Kick It?","A Tribe Called Quest","https://cdnt-preview.dzcdn.net/api/1/1/8/6/b/0/86bd2a74b0a6a26c4477fab7a4f4738f.mp3?hdnea=exp=1780887781~acl=/api/1/1/8/6/b/0/86bd2a74b0a6a26c4477fab7a4f4738f.mp3*~data=user_id=0,application_id=42~hmac=fc3114d658e045bc1ae29b5054e6382f479c008b7fc3df055c42f6966a1ed309","253",""
"Hip-Hop Golden Era (88-98)","Rapper's Delight","The Sugarhill Gang","true","3783071992","Rapper's Delight (Radio Edit)","The Sugarhill Gang","https://cdnt-preview.dzcdn.net/api/1/1/1/3/b/0/13b576b0a326189064ac7af5b2251a29.mp3?hdnea=exp=1780887782~acl=/api/1/1/1/3/b/0/13b576b0a326189064ac7af5b2251a29.mp3*~data=user_id=0,application_id=42~hmac=5b339c6b402e5ba65eaf9d97fb5b5b22468b26b408f401a28f5e96c353ae471f","239",""
"Hip-Hop Golden Era (88-98)","Children's Story","Slick Rick","true","79183283","Children's Story","Slick Rick","https://cdnt-preview.dzcdn.net/api/1/1/4/c/1/0/4c1667415e992c836c3d8b18b71d353b.mp3?hdnea=exp=1780887782~acl=/api/1/1/4/c/1/0/4c1667415e992c836c3d8b18b71d353b.mp3*~data=user_id=0,application_id=42~hmac=7fadc60b570c1dfe9ceb8e9add196ed6c1c650722521d13653a349994793d122","239",""
"Hip-Hop Golden Era (88-98)","Hypnotize","The Notorious B.I.G.","true","3616651","Hypnotize (2007 Remaster)","The Notorious B.I.G.","https://cdnt-preview.dzcdn.net/api/1/1/f/4/a/0/f4a2cd616ccea4af3dbc44e6c3f90cd9.mp3?hdnea=exp=1780887782~acl=/api/1/1/f/4/a/0/f4a2cd616ccea4af3dbc44e6c3f90cd9.mp3*~data=user_id=0,application_id=42~hmac=eda17f163ac1000f83c25f4b1ae24fb6399d527d03220b4663af644868939de1","230",""
"Hip-Hop Golden Era (88-98)","Wu-Tang Clan Ain't Nuthing ta F' Wit","Wu-Tang Clan","true","541320","Wu-Tang Clan Ain't Nuthing ta F' Wit","Wu-Tang Clan","https://cdnt-preview.dzcdn.net/api/1/1/c/5/a/0/c5abd48452fac67e0b76d5c321abb5fe.mp3?hdnea=exp=1780887783~acl=/api/1/1/c/5/a/0/c5abd48452fac67e0b76d5c321abb5fe.mp3*~data=user_id=0,application_id=42~hmac=be9c6031d9bf1ac98e5226d4b917b39537326ffae436375565ef9492e548c319","216",""
"2000s Pop Punk & Emo","Sugar, We're Goin Down","Fall Out Boy","true","1138247","Sugar, We're Goin Down","Fall Out Boy","https://cdnt-preview.dzcdn.net/api/1/1/9/3/8/0/938605b5b099a3e2a05b3eb6d8c822cb.mp3?hdnea=exp=1780887783~acl=/api/1/1/9/3/8/0/938605b5b099a3e2a05b3eb6d8c822cb.mp3*~data=user_id=0,application_id=42~hmac=03bcc8f0a269e78248eb144b9d8d4277c77eb9139a40857adf2ca376008a4d2d","232",""
"2000s Pop Punk & Emo","Welcome to the Black Parade","My Chemical Romance","true","676573","Welcome to the Black Parade","My Chemical Romance","https://cdnt-preview.dzcdn.net/api/1/1/6/3/4/0/6345c2ae4a80adf6c11e50ee66bd62bb.mp3?hdnea=exp=1780887783~acl=/api/1/1/6/3/4/0/6345c2ae4a80adf6c11e50ee66bd62bb.mp3*~data=user_id=0,application_id=42~hmac=e036c96ea4c732310983a36c36ac5a9d7a15cd51a12d41bccac0115d786aa8e9","311",""
"2000s Pop Punk & Emo","Misery Business","Paramore","true","3829140","Misery Business","Paramore","https://cdnt-preview.dzcdn.net/api/1/1/3/0/2/0/3025b7b2163764b922e8e0e1c950f1c5.mp3?hdnea=exp=1780887783~acl=/api/1/1/3/0/2/0/3025b7b2163764b922e8e0e1c950f1c5.mp3*~data=user_id=0,application_id=42~hmac=6e87ff1c0df5f6be1ac88c28aa7bea1b910082aa037d5a3675dd36ad21798bab","211",""
"2000s Pop Punk & Emo","American Idiot","Green Day","true","773367","American Idiot","Green Day","https://cdnt-preview.dzcdn.net/api/1/1/6/b/2/0/6b20f0ea0464d874e0dc5bc77b581c21.mp3?hdnea=exp=1780887784~acl=/api/1/1/6/b/2/0/6b20f0ea0464d874e0dc5bc77b581c21.mp3*~data=user_id=0,application_id=42~hmac=f654272afac7c1019db389e4de6db967b2e8f5f61a3f7e38af85fdcc4ddccf25","174",""
"2000s Pop Punk & Emo","In the End","Linkin Park","true","676183","In the End","Linkin Park","https://cdnt-preview.dzcdn.net/api/1/1/9/b/3/0/9b3b33fa47f00eb43729de30e8027afa.mp3?hdnea=exp=1780887784~acl=/api/1/1/9/b/3/0/9b3b33fa47f00eb43729de30e8027afa.mp3*~data=user_id=0,application_id=42~hmac=b1726a6a7253473f1e0e90bbeb62b1f88b16e1aa07c09f156aaeb65225edb898","216",""
"2000s Pop Punk & Emo","The Middle","Jimmy Eat World","true","623714212","The Middle","Jimmy Eat World","https://cdnt-preview.dzcdn.net/api/1/1/8/2/c/0/82c5505b0d9725c9dedf9939fb02368b.mp3?hdnea=exp=1780887784~acl=/api/1/1/8/2/c/0/82c5505b0d9725c9dedf9939fb02368b.mp3*~data=user_id=0,application_id=42~hmac=80c5c381c3f85c8bf19fb865c9563b8c1cb9e5a84749cc816599078f6477f733","166",""
"2000s Pop Punk & Emo","All the Small Things","blink-182","true","127354207","All The Small Things","blink-182","https://cdnt-preview.dzcdn.net/api/1/1/a/a/4/0/aa45181e0e0f93f03704205b5543ab88.mp3?hdnea=exp=1780887785~acl=/api/1/1/a/a/4/0/aa45181e0e0f93f03704205b5543ab88.mp3*~data=user_id=0,application_id=42~hmac=ec9da6c62c7a1964e60e78a4f4a3528cbdb4d5bbd72a4c0e3b436d5e2a7d1fd4","172",""
"2000s Pop Punk & Emo","Mr. Brightside","The Killers","true","71955234","Mr. Brightside","The Killers","https://cdnt-preview.dzcdn.net/api/1/1/f/e/0/0/fe092bf9e7693590ff4d43bef6f33a08.mp3?hdnea=exp=1780887785~acl=/api/1/1/f/e/0/0/fe092bf9e7693590ff4d43bef6f33a08.mp3*~data=user_id=0,application_id=42~hmac=28866ac542a627e4f4aede499f63d6b8dd525b4288dab55586a4a3d854d2f95e","223",""
"2000s Pop Punk & Emo","Helena","My Chemical Romance","true","785938","Helena","My Chemical Romance","https://cdnt-preview.dzcdn.net/api/1/1/d/8/1/0/d814b1850bb92c860c77ab7a7dac1455.mp3?hdnea=exp=1780887785~acl=/api/1/1/d/8/1/0/d814b1850bb92c860c77ab7a7dac1455.mp3*~data=user_id=0,application_id=42~hmac=bc14b536387b9fbb92035949c85fac12a9eb4c3ac64ac5b1b1430971aa95ef77","204",""
"2000s Pop Punk & Emo","Dirty Little Secret","The All-American Rejects","true","2438121","Dirty Little Secret","The All-American Rejects","https://cdnt-preview.dzcdn.net/api/1/1/b/8/2/0/b82106394361a0bc1688a32f53e1c9b7.mp3?hdnea=exp=1780887785~acl=/api/1/1/b/8/2/0/b82106394361a0bc1688a32f53e1c9b7.mp3*~data=user_id=0,application_id=42~hmac=a9eb27793a41274c9b5cb7972975d88ac327ea86961fb2376e62dffa3792d937","193",""
"2000s Pop Punk & Emo","Move Along","The All-American Rejects","true","2438123","Move Along","The All-American Rejects","https://cdnt-preview.dzcdn.net/api/1/1/6/3/4/0/634d34942c4b42ca4168f1f4979880fe.mp3?hdnea=exp=1780887786~acl=/api/1/1/6/3/4/0/634d34942c4b42ca4168f1f4979880fe.mp3*~data=user_id=0,application_id=42~hmac=52a291f9619855e2a044320080e08f61b685d48dbdb173f97bf85f99f273b362","238",""
"2000s Pop Punk & Emo","I Write Sins Not Tragedies","Panic! at the Disco","true","3659829","I Write Sins Not Tragedies","Panic! At The Disco","https://cdnt-preview.dzcdn.net/api/1/1/6/5/1/0/65151101e026ed986edd85788d1664fa.mp3?hdnea=exp=1780887786~acl=/api/1/1/6/5/1/0/65151101e026ed986edd85788d1664fa.mp3*~data=user_id=0,application_id=42~hmac=938b19a8d62ed9cf1a3b4b51986238e7b098c053699a7ac6d3d2afc7e2cde888","186",""
"2000s Pop Punk & Emo","Ocean Avenue","Yellowcard","true","3361193","Ocean Avenue","Yellowcard","https://cdnt-preview.dzcdn.net/api/1/1/d/5/c/0/d5c78c27477afb65e0dfdfb95f843921.mp3?hdnea=exp=1780887786~acl=/api/1/1/d/5/c/0/d5c78c27477afb65e0dfdfb95f843921.mp3*~data=user_id=0,application_id=42~hmac=e458514815dbff22eba817af0c71f86fe419afbf49cbdef0fce51d9f4d5acc22","195",""
"2000s Pop Punk & Emo","Vindicated","Dashboard Confessional","true","1898967577","Vindicated","Dashboard Confessional","https://cdnt-preview.dzcdn.net/api/1/1/f/4/e/0/f4e7f841f8db02633acd2333c8c498eb.mp3?hdnea=exp=1780887787~acl=/api/1/1/f/4/e/0/f4e7f841f8db02633acd2333c8c498eb.mp3*~data=user_id=0,application_id=42~hmac=3001747ff7dd248517e80a56b5adeb9e80dde6d65e9ea35d70aa3516701270ee","201",""
"2000s Pop Punk & Emo","crushcrushcrush","Paramore","true","3829144","crushcrushcrush","Paramore","https://cdnt-preview.dzcdn.net/api/1/1/6/b/7/0/6b7dabdf1abfa641d44f83e9beaab49d.mp3?hdnea=exp=1780887787~acl=/api/1/1/6/b/7/0/6b7dabdf1abfa641d44f83e9beaab49d.mp3*~data=user_id=0,application_id=42~hmac=8082081d13d9e7ef7d9435f389b78e565311a1e7b5c3dfe2f5cfa123ccdbcf2f","189",""
"Yacht Rock","Rosanna","Toto","true","1079628","Rosanna","Toto","https://cdnt-preview.dzcdn.net/api/1/1/5/4/7/0/5479434824d3313fc41a95f3a54524a3.mp3?hdnea=exp=1780887787~acl=/api/1/1/5/4/7/0/5479434824d3313fc41a95f3a54524a3.mp3*~data=user_id=0,application_id=42~hmac=1994b0f629ff3a61a1b34e4d1d81f7b20ad3d4e53d2f33422efdbaae56171736","331",""
"Yacht Rock","Africa","Toto","true","1079668","Africa","Toto","https://cdnt-preview.dzcdn.net/api/1/1/d/4/6/0/d46762f2025f13175f2fd2c062b46182.mp3?hdnea=exp=1780887787~acl=/api/1/1/d/4/6/0/d46762f2025f13175f2fd2c062b46182.mp3*~data=user_id=0,application_id=42~hmac=2a8060f8ee8c414d7f747f0b68c3f5e36a23d161a0c1c361898644fa844b2e2a","296",""
"Yacht Rock","Reminiscing","Little River Band","true","1952713137","Reminiscing (Remastered 2010)","Little River Band","https://cdnt-preview.dzcdn.net/api/1/1/4/9/2/0/492b2a7e5e40f969d44cdbe4e5d41727.mp3?hdnea=exp=1780887788~acl=/api/1/1/4/9/2/0/492b2a7e5e40f969d44cdbe4e5d41727.mp3*~data=user_id=0,application_id=42~hmac=6d5db346dffd25b1448dfa9dff54b5168e905ed9e428d14711c8e1b50fc94c3a","253",""
"Yacht Rock","Sailing","Christopher Cross","true","5093865","Sailing","Christopher Cross","https://cdnt-preview.dzcdn.net/api/1/1/b/3/9/0/b393d832b57122bc2095b5163afdd768.mp3?hdnea=exp=1780887788~acl=/api/1/1/b/3/9/0/b393d832b57122bc2095b5163afdd768.mp3*~data=user_id=0,application_id=42~hmac=89f12efecc736693318d701eb9e3fd8fef6dd7ce204f468a0ecb7cdabf249732","256",""
"Yacht Rock","What a Fool Believes","The Doobie Brothers","true","4688887","What a Fool Believes","The Doobie Brothers","https://cdnt-preview.dzcdn.net/api/1/1/c/9/c/0/c9c0b7de9e8040e324031e52abf8d2b9.mp3?hdnea=exp=1780887789~acl=/api/1/1/c/9/c/0/c9c0b7de9e8040e324031e52abf8d2b9.mp3*~data=user_id=0,application_id=42~hmac=88882f75569e84d3eed7b527994b00ab45d8e6fcd138991d6e8ede2ca47a9fa5","219",""
"Yacht Rock","Peg","Steely Dan","true","2466017615","Peg","Steely Dan","https://cdnt-preview.dzcdn.net/api/1/1/0/9/d/0/09d584992e2e2bcb562162e5be8ed828.mp3?hdnea=exp=1780887789~acl=/api/1/1/0/9/d/0/09d584992e2e2bcb562162e5be8ed828.mp3*~data=user_id=0,application_id=42~hmac=b8de576d1c3187b9b5bf4822e4913f44ad7c657c75811089ae536263c7da20cb","236",""
"Yacht Rock","Reelin' in the Years","Steely Dan","true","1987726237","Reelin' In The Years","Steely Dan","https://cdnt-preview.dzcdn.net/api/1/1/5/9/d/0/59df7fce89018023b106320df82755da.mp3?hdnea=exp=1780887789~acl=/api/1/1/5/9/d/0/59df7fce89018023b106320df82755da.mp3*~data=user_id=0,application_id=42~hmac=b323a36fcbd00848d2dac4ffe1d99abeb75eb76af71487186e9eea1af35c9b8d","276",""
"Yacht Rock","Baker Street","Gerry Rafferty","true","3169189","Baker Street","Gerry Rafferty","https://cdnt-preview.dzcdn.net/api/1/1/0/5/2/0/0528aadbdfd7a7e005ec09464105cd19.mp3?hdnea=exp=1780887789~acl=/api/1/1/0/5/2/0/0528aadbdfd7a7e005ec09464105cd19.mp3*~data=user_id=0,application_id=42~hmac=a3fae1867db8855b3852646102015d7972f4c6a3b8fdf3d0aef7637d2af0734b","365",""
"Yacht Rock","Lowdown","Boz Scaggs","true","563391","Lowdown","Boz Scaggs","https://cdnt-preview.dzcdn.net/api/1/1/1/a/f/0/1aff700d9e949e58b82a0509bbd28802.mp3?hdnea=exp=1780887790~acl=/api/1/1/1/a/f/0/1aff700d9e949e58b82a0509bbd28802.mp3*~data=user_id=0,application_id=42~hmac=6c4b47f561e7feb6c9e5a6a83a1f1808b72411ddf6295a12b7d6e9c77161b436","317",""
"Yacht Rock","Lido Shuffle","Boz Scaggs","true","3730976","Lido Shuffle","Boz Scaggs","https://cdnt-preview.dzcdn.net/api/1/1/e/b/2/0/eb23489ad56a068c0798a52281ddbc72.mp3?hdnea=exp=1780887790~acl=/api/1/1/e/b/2/0/eb23489ad56a068c0798a52281ddbc72.mp3*~data=user_id=0,application_id=42~hmac=ff539e4177ab9d77296e597a6380173701111d156718d5f5d37fc9c11d9e9fec","223",""
"Yacht Rock","I Keep Forgettin' (Every Time You're Near)","Michael McDonald","true","5617796","I Keep Forgettin' (Every Time You're Near)","Michael McDonald","https://cdnt-preview.dzcdn.net/api/1/1/9/5/d/0/95de4b7920eaad133dff7457ecff2048.mp3?hdnea=exp=1780887791~acl=/api/1/1/9/5/d/0/95de4b7920eaad133dff7457ecff2048.mp3*~data=user_id=0,application_id=42~hmac=b599ad8fd3c68f8b151d2e0afcbb644403bab5b5c4f16c095e5aa8c9646fcb84","222",""
"Yacht Rock","Goodbye Stranger","Supertramp","true","2503273","Goodbye Stranger","Supertramp","https://cdnt-preview.dzcdn.net/api/1/1/6/6/e/0/66e3993740c579ba591eb6326360fb44.mp3?hdnea=exp=1780887791~acl=/api/1/1/6/6/e/0/66e3993740c579ba591eb6326360fb44.mp3*~data=user_id=0,application_id=42~hmac=864623145144ebc4048c42928307f622b79729970c307b07b1fd28ebccb6fc2d","348",""
"Yacht Rock","The Logical Song","Supertramp","true","2503274","The Logical Song","Supertramp","https://cdnt-preview.dzcdn.net/api/1/1/c/c/c/0/ccc7ae19822b2bbfc23e3cbcb8b47660.mp3?hdnea=exp=1780887791~acl=/api/1/1/c/c/c/0/ccc7ae19822b2bbfc23e3cbcb8b47660.mp3*~data=user_id=0,application_id=42~hmac=75d58edbf13747d03bb2e581e57597b3deb83202c2c9e5fd496f1476c5406365","252",""
"Yacht Rock","Biggest Part of Me","Ambrosia","true","4737296","Biggest Part of Me","Ambrosia","https://cdnt-preview.dzcdn.net/api/1/1/c/0/3/0/c03c86021b7c52609d6a40bb7459309a.mp3?hdnea=exp=1780887791~acl=/api/1/1/c/0/3/0/c03c86021b7c52609d6a40bb7459309a.mp3*~data=user_id=0,application_id=42~hmac=4fc962aa513032bf5bd385de90f03613558f002296abf2cdefaa8151c4a8bfa5","324",""
"Yacht Rock","Steal Away","Robbie Dupree","true","671871032","Steal Away (Remastered)","Robbie Dupree","https://cdnt-preview.dzcdn.net/api/1/1/e/6/8/0/e682e4719177f79e289c7b36686099db.mp3?hdnea=exp=1780887792~acl=/api/1/1/e/6/8/0/e682e4719177f79e289c7b36686099db.mp3*~data=user_id=0,application_id=42~hmac=a751bcff07cbad21a9876253acb0df26a03b595086e1e05b88a1b5c061e8fef6","214",""
"90s Hip-Hop & R&B","Waterfalls","TLC","true","1043894","Waterfalls","TLC","https://cdnt-preview.dzcdn.net/api/1/1/2/a/0/0/2a0ffb8a29cf34fd5e1c235648921ce1.mp3?hdnea=exp=1780887792~acl=/api/1/1/2/a/0/0/2a0ffb8a29cf34fd5e1c235648921ce1.mp3*~data=user_id=0,application_id=42~hmac=cfbe7ee931cd9af361cbd57eeb90c401c66d4ee9eab02d2468b527776e31b51f","276",""
"90s Hip-Hop & R&B","Killing Me Softly With His Song","Fugees","false","","","","","","no results"
"90s Hip-Hop & R&B","No Diggity","Blackstreet","true","916496","No Diggity","Blackstreet","https://cdnt-preview.dzcdn.net/api/1/1/8/8/f/0/88fcefe3f4bb29ae3fcbd4cb8abb0f54.mp3?hdnea=exp=1780887793~acl=/api/1/1/8/8/f/0/88fcefe3f4bb29ae3fcbd4cb8abb0f54.mp3*~data=user_id=0,application_id=42~hmac=06a8e5422e68359bc6b72809a42db87d06791a1f3bf6fb4f3fd162f9316c5515","304",""
"90s Hip-Hop & R&B","End of the Road","Boyz II Men","true","2426056","End Of The Road","Boyz II Men","https://cdnt-preview.dzcdn.net/api/1/1/8/1/9/0/819796da5d9f64d3eb6db0652e358006.mp3?hdnea=exp=1780887793~acl=/api/1/1/8/1/9/0/819796da5d9f64d3eb6db0652e358006.mp3*~data=user_id=0,application_id=42~hmac=14a2ad9d6cf3ca978b2a5e26135ee90d113f6e65399b81540281e681f0425194","349",""
"90s Hip-Hop & R&B","Gangsta's Paradise","Coolio","true","1584416372","Gangsta's Paradise","Coolio","https://cdnt-preview.dzcdn.net/api/1/1/3/f/1/0/3f19df3b484b0ab61f5e2de5820ceac2.mp3?hdnea=exp=1780887793~acl=/api/1/1/3/f/1/0/3f19df3b484b0ab61f5e2de5820ceac2.mp3*~data=user_id=0,application_id=42~hmac=06c99e52aafd476f2f001536fbe38e4fcbec6291f51180d55c83460a8cc2f46a","240",""
"90s Hip-Hop & R&B","Fantasy","Mariah Carey","true","1013792","Fantasy","Mariah Carey","https://cdnt-preview.dzcdn.net/api/1/1/8/0/7/0/8075ab03acadc3f8587fccbbb1b2e7aa.mp3?hdnea=exp=1780887794~acl=/api/1/1/8/0/7/0/8075ab03acadc3f8587fccbbb1b2e7aa.mp3*~data=user_id=0,application_id=42~hmac=fcd99e7c48b36bd9ffbf76213d12025443f82465f5973fb77e583e7c6a464ef1","244",""
"90s Hip-Hop & R&B","Doo Wop (That Thing)","Lauryn Hill","true","15586242","Doo Wop (That Thing)","Lauryn Hill","https://cdnt-preview.dzcdn.net/api/1/1/c/9/a/0/c9a73ca9e6e9a793aead62c99f176a94.mp3?hdnea=exp=1780887794~acl=/api/1/1/c/9/a/0/c9a73ca9e6e9a793aead62c99f176a94.mp3*~data=user_id=0,application_id=42~hmac=e3a76408fa6c90e1e2dbc0b7ce087d9d462dba39425ccc1e1b4e3ac3433f1898","241",""
"90s Hip-Hop & R&B","U Can't Touch This","MC Hammer","true","3136389","U Can't Touch This","MC Hammer","https://cdnt-preview.dzcdn.net/api/1/1/c/0/f/0/c0fa8383310d4cc595ab836ae579fa7e.mp3?hdnea=exp=1780887794~acl=/api/1/1/c/0/f/0/c0fa8383310d4cc595ab836ae579fa7e.mp3*~data=user_id=0,application_id=42~hmac=a5cb6cb33271f3dd16988026a071436229af84e6d7ec546135a0f76ec3981ca0","256",""
"90s Hip-Hop & R&B","Insane in the Brain","Cypress Hill","true","1015862","Insane in the Brain","Cypress Hill","https://cdnt-preview.dzcdn.net/api/1/1/e/1/3/0/e13a2aff674bf9ca9431d10f9f7dd265.mp3?hdnea=exp=1780887795~acl=/api/1/1/e/1/3/0/e13a2aff674bf9ca9431d10f9f7dd265.mp3*~data=user_id=0,application_id=42~hmac=0594d13588d8ad947ea7fb6fcb2effd4116de6f5870c9bdada5da00953da4b59","208",""
"90s Hip-Hop & R&B","I'll Make Love to You","Boyz II Men","true","7314701","I'll Make Love To You","Boyz II Men","https://cdnt-preview.dzcdn.net/api/1/1/6/7/7/0/677af186f4a84a50fc519ea67371a155.mp3?hdnea=exp=1780887795~acl=/api/1/1/6/7/7/0/677af186f4a84a50fc519ea67371a155.mp3*~data=user_id=0,application_id=42~hmac=4c38c690f04531e1b5ef4843e18245ea33cda51636863e1844eb9972ebd16211","236",""
"90s Hip-Hop & R&B","Bills, Bills, Bills","Destiny's Child","true","580889","Bills, Bills, Bills","Destiny's Child","https://cdnt-preview.dzcdn.net/api/1/1/f/8/d/0/f8d14ec39bee9157d401e065ef488e00.mp3?hdnea=exp=1780887795~acl=/api/1/1/f/8/d/0/f8d14ec39bee9157d401e065ef488e00.mp3*~data=user_id=0,application_id=42~hmac=3ee880e84a71fb74ca766e991aba1b5df4f12593ef82091d340dc404c55ad5ce","256",""
"90s Hip-Hop & R&B","Tha Crossroads","Bone Thugs-N-Harmony","true","134651738","Tha Crossroads","Bone Thugs-N-Harmony","https://cdnt-preview.dzcdn.net/api/1/1/e/8/5/0/e8504cea89fa953fe2537b79b16ed32e.mp3?hdnea=exp=1780887795~acl=/api/1/1/e/8/5/0/e8504cea89fa953fe2537b79b16ed32e.mp3*~data=user_id=0,application_id=42~hmac=dd921a3ed4f3f4158dd6c411655a9afa0f481b6a8e76a2dd0d6a768bfb7f3cfc","223",""
"90s Hip-Hop & R&B","Mo Money Mo Problems","The Notorious B.I.G.","true","1256900902","Mo Money Mo Problems (feat. Puff Daddy & Mase) (2014 Remaster)","The Notorious B.I.G.","https://cdnt-preview.dzcdn.net/api/1/1/3/f/a/0/3fad8cbe72d87da6d03db4fd3074d6ce.mp3?hdnea=exp=1780887796~acl=/api/1/1/3/f/a/0/3fad8cbe72d87da6d03db4fd3074d6ce.mp3*~data=user_id=0,application_id=42~hmac=f537c93205846f3a64dbf5bd4717f9de43c3f7b150120bb192ef5f52626e2b7a","257",""
"90s Hip-Hop & R&B","Vision of Love","Mariah Carey","true","1055713","Vision of Love","Mariah Carey","https://cdnt-preview.dzcdn.net/api/1/1/4/7/7/0/4770c64d956be929f4eededed298fe4f.mp3?hdnea=exp=1780887796~acl=/api/1/1/4/7/7/0/4770c64d956be929f4eededed298fe4f.mp3*~data=user_id=0,application_id=42~hmac=e6a78cce0905b7f4a2e1326a522e7f7da7c31df524422081b344110801c303c1","209",""
"90s Hip-Hop & R&B","Creep","TLC","true","1043879","Creep","TLC","https://cdnt-preview.dzcdn.net/api/1/1/b/2/1/0/b21d6d32c39c7fb942e286099ff31a74.mp3?hdnea=exp=1780887796~acl=/api/1/1/b/2/1/0/b21d6d32c39c7fb942e286099ff31a74.mp3*~data=user_id=0,application_id=42~hmac=41187f6ffd622dc2f7067333258e6ff4f45035928b52bf66ba35f2a9d4d93064","269",""
"K-Pop Essentials","Gangnam Style","PSY","true","60726278","Gangnam Style (강남스타일)","Psy","https://cdnt-preview.dzcdn.net/api/1/1/4/a/f/0/4af0ce9bee1b4226cf27241d14b398b3.mp3?hdnea=exp=1780887797~acl=/api/1/1/4/a/f/0/4af0ce9bee1b4226cf27241d14b398b3.mp3*~data=user_id=0,application_id=42~hmac=127cd4ba91efca7e423721e461a328c5318c15d197c2b884418e4d48253e5024","219",""
"K-Pop Essentials","Dynamite","BTS","true","1564465082","Dynamite","BTS","https://cdnt-preview.dzcdn.net/api/1/1/a/a/5/0/aa54c72b731e33f1bce82fb15a286ec9.mp3?hdnea=exp=1780887797~acl=/api/1/1/a/a/5/0/aa54c72b731e33f1bce82fb15a286ec9.mp3*~data=user_id=0,application_id=42~hmac=d4a3d8f1c9b14dc60c3165bf43f81208c95af3c5e2950bbd820b25ab6b2cb0e2","199",""
"K-Pop Essentials","Butter","BTS","true","1576169062","Butter","BTS","https://cdnt-preview.dzcdn.net/api/1/1/2/6/0/0/260ea995efd931e639041f65d31be990.mp3?hdnea=exp=1780887797~acl=/api/1/1/2/6/0/0/260ea995efd931e639041f65d31be990.mp3*~data=user_id=0,application_id=42~hmac=81739d289ba3db3ba60312fe70b3ae03d9071ba9bc79718aa12a159be8553add","164",""
"K-Pop Essentials","Boy with Luv","BTS","true","1580983462","Boy With Luv (Feat. Halsey)","BTS","https://cdnt-preview.dzcdn.net/api/1/1/2/9/b/0/29b046042cff97d8be58662908c37dc5.mp3?hdnea=exp=1780887798~acl=/api/1/1/2/9/b/0/29b046042cff97d8be58662908c37dc5.mp3*~data=user_id=0,application_id=42~hmac=c5664135ace5f008ee3dce3665b7abab09326d47a3bc612739d70c7f294efe3c","229",""
"K-Pop Essentials","Kill This Love","BLACKPINK","true","657797522","Kill This Love","BLACKPINK","https://cdnt-preview.dzcdn.net/api/1/1/5/e/e/0/5eea21e91507ec24e807eb93e9a61763.mp3?hdnea=exp=1780887798~acl=/api/1/1/5/e/e/0/5eea21e91507ec24e807eb93e9a61763.mp3*~data=user_id=0,application_id=42~hmac=934425c4f2fdc4ce9ccd3a24cd59a74858df5bc0c6326bf1af105c36be1ceec0","189",""
"K-Pop Essentials","How You Like That","BLACKPINK","true","1097366392","How You Like That","BLACKPINK","https://cdnt-preview.dzcdn.net/api/1/1/a/c/7/0/ac729d5f8c948fa438f035a4a70667b5.mp3?hdnea=exp=1780887798~acl=/api/1/1/a/c/7/0/ac729d5f8c948fa438f035a4a70667b5.mp3*~data=user_id=0,application_id=42~hmac=1402529381516e710b1bb2765428ffea0f5e21163b5b1a7e93746dc78ad4d1ab","181",""
"K-Pop Essentials","DDU-DU DDU-DU","BLACKPINK","true","623470292","DDU-DU DDU-DU","BLACKPINK","https://cdnt-preview.dzcdn.net/api/1/1/0/3/1/0/031408ed150338996975b1043222950c.mp3?hdnea=exp=1780887799~acl=/api/1/1/0/3/1/0/031408ed150338996975b1043222950c.mp3*~data=user_id=0,application_id=42~hmac=2147dd2194a412c8ceec18307cf82ad6ea951ce3cd59163566783bad00ec6d3c","209",""
"K-Pop Essentials","Fancy","TWICE","true","1255927852","FANCY","TWICE","https://cdnt-preview.dzcdn.net/api/1/1/f/c/4/0/fc40f1f65863533a0e290900a5edb1b1.mp3?hdnea=exp=1780887799~acl=/api/1/1/f/c/4/0/fc40f1f65863533a0e290900a5edb1b1.mp3*~data=user_id=0,application_id=42~hmac=9e7e4279f9db4fc3bfebb19d8dcfc37f4a2a797c61a0b6e0ee67f0f3993b3e39","213",""
"K-Pop Essentials","What is Love?","TWICE","true","1255932992","What is Love?","TWICE","https://cdnt-preview.dzcdn.net/api/1/1/c/b/c/0/cbc1d881a1fe7a7c32bfdb5b7b5c74d7.mp3?hdnea=exp=1780887799~acl=/api/1/1/c/b/c/0/cbc1d881a1fe7a7c32bfdb5b7b5c74d7.mp3*~data=user_id=0,application_id=42~hmac=ecc6f485dbc154dbadfb20c9d32f3b5a861f12cf82f3f68e529c9f197cf46766","208",""
"K-Pop Essentials","Mic Drop","BTS","true","1576171002","MIC Drop","BTS","https://cdnt-preview.dzcdn.net/api/1/1/3/6/a/0/36af1651e8efee70eb42a734a2746d7d.mp3?hdnea=exp=1780887800~acl=/api/1/1/3/6/a/0/36af1651e8efee70eb42a734a2746d7d.mp3*~data=user_id=0,application_id=42~hmac=23782127ee9289762a389dc32c817ff5ab77a453eb070581e407266e0586d63e","238",""
"K-Pop Essentials","Fake Love","BTS","true","1576170092","FAKE LOVE","BTS","https://cdnt-preview.dzcdn.net/api/1/1/8/f/5/0/8f597b8d2c2b82380f25eeef2570d93e.mp3?hdnea=exp=1780887800~acl=/api/1/1/8/f/5/0/8f597b8d2c2b82380f25eeef2570d93e.mp3*~data=user_id=0,application_id=42~hmac=be4f079628cb70a22d4a22b8c6a3f2437d45bcd24775d347339d2c4b53286cfb","242",""
"K-Pop Essentials","Lovesick Girls","BLACKPINK","true","1097366432","Lovesick Girls","BLACKPINK","https://cdnt-preview.dzcdn.net/api/1/1/3/f/9/0/3f91f09e3e23046cc8087a041a0d5729.mp3?hdnea=exp=1780887801~acl=/api/1/1/3/f/9/0/3f91f09e3e23046cc8087a041a0d5729.mp3*~data=user_id=0,application_id=42~hmac=2a0cc67b89d7d1f30e48ad4fc8d8bd696be7836b8177d13fb885d4dcce72ade5","193",""
"K-Pop Essentials","Gee","Girls' Generation","true","728406632","Gee","Girls' Generation","https://cdnt-preview.dzcdn.net/api/1/1/8/8/1/0/88159c158113234a18671e6c6b84430e.mp3?hdnea=exp=1780887801~acl=/api/1/1/8/8/1/0/88159c158113234a18671e6c6b84430e.mp3*~data=user_id=0,application_id=42~hmac=736eae5760f8e3c407af56372b53afdf0004b17a0ece8a60b6f3a5e30f30dcab","202",""
"K-Pop Essentials","BANG BANG BANG","BIGBANG","true","1385115732","BANG BANG BANG","Bigbang","https://cdnt-preview.dzcdn.net/api/1/1/c/4/d/0/c4dfcd6a545f41e99bf81936f5ec0e6a.mp3?hdnea=exp=1780887801~acl=/api/1/1/c/4/d/0/c4dfcd6a545f41e99bf81936f5ec0e6a.mp3*~data=user_id=0,application_id=42~hmac=3df7366f71dd830ac5e79f598c7bac3326c115f9543f00018fdb4f58ae32516a","220",""
"K-Pop Essentials","Sorry, Sorry","Super Junior","true","728458082","쏘리 쏘리 Sorry, Sorry","SUPER JUNIOR","https://cdnt-preview.dzcdn.net/api/1/1/9/f/b/0/9fbc97a5622886c4a6f3195d965151f6.mp3?hdnea=exp=1780887802~acl=/api/1/1/9/f/b/0/9fbc97a5622886c4a6f3195d965151f6.mp3*~data=user_id=0,application_id=42~hmac=589c881a337bef2dd1c19216db4b2b23a727e56e7f19decd48dc1901c4955c4b","232",""
"Anime Openings & OSTs","A Cruel Angel's Thesis","Yoko Takahashi","false","","","","","","no results"
"Anime Openings & OSTs","Tank!","The Seatbelts","false","","","","","","no results"
"Anime Openings & OSTs","Unravel","TK from Ling Tosite Sigure","true","975968052","Unravel","TK from Ling tosite sigure","https://cdnt-preview.dzcdn.net/api/1/1/a/9/7/0/a97dfb5909dac71eb634dc1d29972f84.mp3?hdnea=exp=1780887802~acl=/api/1/1/a/9/7/0/a97dfb5909dac71eb634dc1d29972f84.mp3*~data=user_id=0,application_id=42~hmac=8e6c14e3da9a7b52b3de234abae6dcd8a628898697a434d2b00f216e7b259641","240",""
"Anime Openings & OSTs","Guren no Yumiya","Linked Horizon","true","472698952","Guren No Yumiya","Linked Horizon","https://cdnt-preview.dzcdn.net/api/1/1/d/1/e/0/d1ee31795bbfe384561e743d6fdfb227.mp3?hdnea=exp=1780887803~acl=/api/1/1/d/1/e/0/d1ee31795bbfe384561e743d6fdfb227.mp3*~data=user_id=0,application_id=42~hmac=aac3d94fa6d4c8ab371a0abe2c0fcbe588993c340c60695816fd7abe0f022597","316",""
"Anime Openings & OSTs","We Are!","Hiroshi Kitadani","true","3033808841","We Are!","Hiroshi Kitadani","https://cdnt-preview.dzcdn.net/api/1/1/6/4/0/0/640c9d4554d5b2e66aeb2054b9e022b3.mp3?hdnea=exp=1780887803~acl=/api/1/1/6/4/0/0/640c9d4554d5b2e66aeb2054b9e022b3.mp3*~data=user_id=0,application_id=42~hmac=6d9751ffa5a43ec684b1a3720ea6dbcc994ad4d1a6aca4c55fa4958710ee333a","241",""
"Anime Openings & OSTs","Pokémon Theme","Jason Paige","true","433396562","Pokémon Theme-New Studio Recording","Jason Paige","https://cdnt-preview.dzcdn.net/api/1/1/c/3/8/0/c383ec5a4722426647201a1364b85de1.mp3?hdnea=exp=1780887803~acl=/api/1/1/c/3/8/0/c383ec5a4722426647201a1364b85de1.mp3*~data=user_id=0,application_id=42~hmac=7e595862ec8ed51f2e801ff857f4466344243c9eff35ade8cf381f2b00673798","196",""
"Anime Openings & OSTs","Lilium","Kumiko Noma","false","","","","","","no results"
"Anime Openings & OSTs","Naruto Main Theme","Toshio Masuda","false","","","","","","no results"
"Anime Openings & OSTs","Again","YUI","true","975952742","Again","Yui","https://cdnt-preview.dzcdn.net/api/1/1/0/0/8/0/0088db7ca55f96d4e9c9cc4dfab3d161.mp3?hdnea=exp=1780887804~acl=/api/1/1/0/0/8/0/0088db7ca55f96d4e9c9cc4dfab3d161.mp3*~data=user_id=0,application_id=42~hmac=ec8911d549fac8198d29ec17479209d68c3bac0a1324366ddf6ea24e3454468e","257",""
"Anime Openings & OSTs","Sis Puella Magica!","Yuki Kajiura","true","1345819612","Sis Puella Magica!","Yuki Kajiura","https://cdnt-preview.dzcdn.net/api/1/1/f/e/5/0/fe5f506de77c3161ef6ef766d4fc478b.mp3?hdnea=exp=1780887805~acl=/api/1/1/f/e/5/0/fe5f506de77c3161ef6ef766d4fc478b.mp3*~data=user_id=0,application_id=42~hmac=e9e4c50229129ed0ee52cc2a29c61229898b4d1d5d5ababd86756706369a35a3","169",""
"Anime Openings & OSTs","Toki wo Kizamu Uta","Lia","true","3337823361","Toki wo Kizamu Uta","lia","https://cdnt-preview.dzcdn.net/api/1/1/c/9/a/0/c9a9555197f42b943ee6876e6478e478.mp3?hdnea=exp=1780887805~acl=/api/1/1/c/9/a/0/c9a9555197f42b943ee6876e6478e478.mp3*~data=user_id=0,application_id=42~hmac=92aaec6ebdb1e18b88751ca85a57633cbc69c1e87929eb4c1c84996969a2bed3","291",""
"Anime Openings & OSTs","Renai Circulation","Kana Hanazawa","false","","","","","","no results"
"Anime Openings & OSTs","Crossing Field","LiSA","true","976378422","Crossing Field","LiSA","https://cdnt-preview.dzcdn.net/api/1/1/f/c/4/0/fc474246829711e2f9c0a13207dde811.mp3?hdnea=exp=1780887806~acl=/api/1/1/f/c/4/0/fc474246829711e2f9c0a13207dde811.mp3*~data=user_id=0,application_id=42~hmac=6f09dd87636ca05ea4da6927eef957cfc08e39c9e8024d5ad9ca03dfef03a9c6","248",""
"Anime Openings & OSTs","Hare Hare Yukai","Aya Hirano","false","","","","","","no results"
"Anime Openings & OSTs","Blue Bird","Ikimono-gakari","false","","","","","","no results"
"Christmas & Holiday","All I Want for Christmas Is You","Mariah Carey","true","62710442","All I Want for Christmas Is You","Mariah Carey","https://cdnt-preview.dzcdn.net/api/1/1/3/3/a/0/33a49805b18ab6839be984c716925c97.mp3?hdnea=exp=1780887807~acl=/api/1/1/3/3/a/0/33a49805b18ab6839be984c716925c97.mp3*~data=user_id=0,application_id=42~hmac=be023720e869f2383cd43468d9dc37837b6fd0306d49ae873c4ec8c183949424","239",""
"Christmas & Holiday","Last Christmas","Wham!","true","1036586","Last Christmas","Wham!","https://cdnt-preview.dzcdn.net/api/1/1/3/6/8/0/3681d220b05d2975e18799dedfa0c2cc.mp3?hdnea=exp=1780887807~acl=/api/1/1/3/6/8/0/3681d220b05d2975e18799dedfa0c2cc.mp3*~data=user_id=0,application_id=42~hmac=d0b338ae991560e4d78aaffef8319017fe1d4c587f204caff82ea2810f5b4352","264",""
"Christmas & Holiday","White Christmas","Bing Crosby","true","1581089502","White Christmas (1947 Version)","Bing Crosby","https://cdnt-preview.dzcdn.net/api/1/1/1/5/c/0/15c688f9c5975698fc2aa88ba5333645.mp3?hdnea=exp=1780887807~acl=/api/1/1/1/5/c/0/15c688f9c5975698fc2aa88ba5333645.mp3*~data=user_id=0,application_id=42~hmac=a9461d55eb9f67060244df794155f7372c7e1347bf84857fe2b82a77e3187e76","185",""
"Christmas & Holiday","Rockin' Around the Christmas Tree","Brenda Lee","true","24136731","Rockin' Around The Christmas Tree","Brenda Lee","https://cdnt-preview.dzcdn.net/api/1/1/1/f/6/0/1f6ab25841e71c4f52fa31569bf12783.mp3?hdnea=exp=1780887808~acl=/api/1/1/1/f/6/0/1f6ab25841e71c4f52fa31569bf12783.mp3*~data=user_id=0,application_id=42~hmac=c308b070cced1c3da6e4605b7f2d157f2974f6df979fd3359bec73c7414c96e7","126",""
"Christmas & Holiday","Jingle Bell Rock","Bobby Helms","true","70466367","Jingle Bell Rock","Bobby Helms","https://cdnt-preview.dzcdn.net/api/1/1/7/d/5/0/7d5e33be5070bc6e905cf542b7a6478c.mp3?hdnea=exp=1780887808~acl=/api/1/1/7/d/5/0/7d5e33be5070bc6e905cf542b7a6478c.mp3*~data=user_id=0,application_id=42~hmac=4eb894c482d8cadc45a810f59a6ed66005e7786a99245170c11b7582f3de2b7d","108",""
"Christmas & Holiday","Have Yourself a Merry Little Christmas","Frank Sinatra","true","3630370032","Have Yourself A Merry Little Christmas","Frank Sinatra","https://cdnt-preview.dzcdn.net/api/1/1/7/f/5/0/7f5307c19308d69732423bbcc67b6df9.mp3?hdnea=exp=1780887809~acl=/api/1/1/7/f/5/0/7f5307c19308d69732423bbcc67b6df9.mp3*~data=user_id=0,application_id=42~hmac=c0fd760a8c1c026b249b9362185d5fe279d27b0091a4815518ed93a041ee7e28","238",""
"Christmas & Holiday","It's Beginning to Look a Lot Like Christmas","Michael Bublé","true","1934770197","It's Beginning to Look a Lot Like Christmas","Michael Bublé","https://cdnt-preview.dzcdn.net/api/1/1/3/8/9/0/389fa4a36aeffd53405f5778221fab3f.mp3?hdnea=exp=1780887809~acl=/api/1/1/3/8/9/0/389fa4a36aeffd53405f5778221fab3f.mp3*~data=user_id=0,application_id=42~hmac=b09ea0426adcac644755a034e3f0f1ca4f176cb477c9bfaefb2ea455fe0c43d9","206",""
"Christmas & Holiday","Santa Tell Me","Ariana Grande","true","90728983","Santa Tell Me","Ariana Grande","https://cdnt-preview.dzcdn.net/api/1/1/c/7/0/0/c702a49c8139a3fec8a0e8fc6e66c181.mp3?hdnea=exp=1780887810~acl=/api/1/1/c/7/0/0/c702a49c8139a3fec8a0e8fc6e66c181.mp3*~data=user_id=0,application_id=42~hmac=b0b904706fcdb0f08d078d143300282206234a9362b63cd9db84b335358dc72d","203",""
"Christmas & Holiday","Mistletoe","Justin Bieber","true","14309710","Mistletoe","Justin Bieber","https://cdnt-preview.dzcdn.net/api/1/1/2/a/f/0/2af44dd5f5e970898e5a5f64769c3f54.mp3?hdnea=exp=1780887810~acl=/api/1/1/2/a/f/0/2af44dd5f5e970898e5a5f64769c3f54.mp3*~data=user_id=0,application_id=42~hmac=ec212187fb4d165bfd5b0d2d8154320f3fc8771824e1a84d3f4cee9946bb0bf2","182",""
"Christmas & Holiday","Underneath the Tree","Kelly Clarkson","true","131745958","Underneath the Tree","Kelly Clarkson","https://cdnt-preview.dzcdn.net/api/1/1/6/7/3/0/673f769858145a1f88c7822c9f970d5a.mp3?hdnea=exp=1780887810~acl=/api/1/1/6/7/3/0/673f769858145a1f88c7822c9f970d5a.mp3*~data=user_id=0,application_id=42~hmac=9c8068c4f21617e75cbda40a9a3a8bdab92f6fd7811915f22cfa23e44c37dbd8","229",""
"Christmas & Holiday","Feliz Navidad","José Feliciano","true","991049","Feliz Navidad","José Feliciano","https://cdnt-preview.dzcdn.net/api/1/1/7/e/d/0/7ed906a1a2a4d03047c38a45e03cb3c2.mp3?hdnea=exp=1780887810~acl=/api/1/1/7/e/d/0/7ed906a1a2a4d03047c38a45e03cb3c2.mp3*~data=user_id=0,application_id=42~hmac=be2c5dcb10c0f49d9d298499467752fb0207d3c88a87f89be08b4d64e0389d71","182",""
"Christmas & Holiday","Wonderful Christmastime","Paul McCartney","true","640963102","Wonderful Christmastime (Edited Version / Remastered 2011)","Paul McCartney","https://cdnt-preview.dzcdn.net/api/1/1/2/e/6/0/2e659fdf93960228930b242b07299c50.mp3?hdnea=exp=1780887811~acl=/api/1/1/2/e/6/0/2e659fdf93960228930b242b07299c50.mp3*~data=user_id=0,application_id=42~hmac=dab734b3eee49fc615bba412b8ed0722544fbf1008d9f2374f2a9122339c9b30","227",""
"Christmas & Holiday","The Christmas Song","Nat King Cole","true","4228126","The Christmas Song (Merry Christmas To You) (Remastered 1999)","Nat King Cole","https://cdnt-preview.dzcdn.net/api/1/1/1/2/4/0/124caad96794ce14cadaeb2faec71ef9.mp3?hdnea=exp=1780887811~acl=/api/1/1/1/2/4/0/124caad96794ce14cadaeb2faec71ef9.mp3*~data=user_id=0,application_id=42~hmac=ad7bad76c75d6ae3f70feb56b4011293574cf59725988ea76f60604ee42a0c9b","190",""
"Christmas & Holiday","Sleigh Ride","The Ronettes","true","13072996","Sleigh Ride","The Ronettes","https://cdnt-preview.dzcdn.net/api/1/1/d/a/4/0/da4dcab519aef3cc475c7a240e07ac69.mp3?hdnea=exp=1780887812~acl=/api/1/1/d/a/4/0/da4dcab519aef3cc475c7a240e07ac69.mp3*~data=user_id=0,application_id=42~hmac=af97786e307e21e0400fa061ec63af13bd0eba27a5a9fd1b046f94d770ff1373","181",""
"Christmas & Holiday","Do They Know It's Christmas?","Band Aid","true","2261797","Do They Know It's Christmas? (1984 Version)","Band Aid","https://cdnt-preview.dzcdn.net/api/1/1/a/e/9/0/ae92a90b7d8bf3f58a8d79dc44c8eb5d.mp3?hdnea=exp=1780887812~acl=/api/1/1/a/e/9/0/ae92a90b7d8bf3f58a8d79dc44c8eb5d.mp3*~data=user_id=0,application_id=42~hmac=dc7ad6c4167fc701ef7c570e1969a0b458652b65a61179a675f159881ee33206","222",""
"Reggaeton & Latin Pop","Despacito","Luis Fonsi","true","623698142","Despacito","Luis Fonsi","https://cdnt-preview.dzcdn.net/api/1/1/c/6/8/0/c68396f0684b99d05f5b353fb3c4c888.mp3?hdnea=exp=1780887812~acl=/api/1/1/c/6/8/0/c68396f0684b99d05f5b353fb3c4c888.mp3*~data=user_id=0,application_id=42~hmac=84acc1251a81972d0fc08816ef2052d858c0fdeead857b88f1db2c1e593b635c","228",""
"Reggaeton & Latin Pop","Bailando","Enrique Iglesias","true","765849012","Bailando (Spanish Version)","Enrique Iglesias","https://cdnt-preview.dzcdn.net/api/1/1/0/8/3/0/0834e84c3c2f9e6ab92bd6200ce795d1.mp3?hdnea=exp=1780887813~acl=/api/1/1/0/8/3/0/0834e84c3c2f9e6ab92bd6200ce795d1.mp3*~data=user_id=0,application_id=42~hmac=40d7622d2c123fdd5b4d9706a3c2bfdf675051f6da02029a5d4f36dd572cfbfe","244",""
"Reggaeton & Latin Pop","La Tortura","Shakira","true","484274992","La tortura","Shakira","https://cdnt-preview.dzcdn.net/api/1/1/f/c/e/0/fce1c213f85bfffa946e14798ace195c.mp3?hdnea=exp=1780887813~acl=/api/1/1/f/c/e/0/fce1c213f85bfffa946e14798ace195c.mp3*~data=user_id=0,application_id=42~hmac=5ee8b4490d2a54d1147adc59b0032e3348bd381b7989bca4257fe28eda0f8fe7","213",""
"Reggaeton & Latin Pop","Gasolina","Daddy Yankee","true","3165861441","Gasolina","Daddy Yankee","https://cdnt-preview.dzcdn.net/api/1/1/e/5/5/0/e55128c0f638a66732eca1fbd37038fc.mp3?hdnea=exp=1780887813~acl=/api/1/1/e/5/5/0/e55128c0f638a66732eca1fbd37038fc.mp3*~data=user_id=0,application_id=42~hmac=2ad36b8f9cb9538e341f7a62d777d951102327bd12932588d51dc76e004c5692","192",""
"Reggaeton & Latin Pop","Hips Don't Lie","Shakira","true","3389132901","Hips Don't Lie (feat. Wyclef Jean)","Shakira","https://cdnt-preview.dzcdn.net/api/1/1/3/8/f/0/38f9fb313474c829ee580b00fe89cc8e.mp3?hdnea=exp=1780887814~acl=/api/1/1/3/8/f/0/38f9fb313474c829ee580b00fe89cc8e.mp3*~data=user_id=0,application_id=42~hmac=5f44ea38370f5e97036ad2cc7391fe94a57b29bfeac770b828766d7a7b7047b9","221",""
"Reggaeton & Latin Pop","Mi Gente","J Balvin","true","376989861","Mi Gente","J. Balvin","https://cdnt-preview.dzcdn.net/api/1/1/1/0/2/0/102e796478cc967233c52a60ffa75823.mp3?hdnea=exp=1780887814~acl=/api/1/1/1/0/2/0/102e796478cc967233c52a60ffa75823.mp3*~data=user_id=0,application_id=42~hmac=344893d3336c46ac400f721ad0de7ab746b383881eae7365742050f337344c34","189",""
"Reggaeton & Latin Pop","Sin Pijama","Becky G","true","488242202","Sin Pijama","Becky G","https://cdnt-preview.dzcdn.net/api/1/1/7/4/8/0/7482592604e70f4bf3a9fec2881d21dc.mp3?hdnea=exp=1780887814~acl=/api/1/1/7/4/8/0/7482592604e70f4bf3a9fec2881d21dc.mp3*~data=user_id=0,application_id=42~hmac=049555b20ce66bd8e75b1afe63db0040db414d751c515aea7db2609850e2fa1e","187",""
"Reggaeton & Latin Pop","Taki Taki","DJ Snake","true","716383912","Taki Taki","DJ Snake","https://cdnt-preview.dzcdn.net/api/1/1/f/a/f/0/faf0d340bde5e5a10f3c810bafa8c5a9.mp3?hdnea=exp=1780887815~acl=/api/1/1/f/a/f/0/faf0d340bde5e5a10f3c810bafa8c5a9.mp3*~data=user_id=0,application_id=42~hmac=c5e113506ed230497013abc1e167eab880dc3a780aa3fab89ea1735b3c8ffb15","213",""
"Reggaeton & Latin Pop","I Like It","Cardi B","true","482986842","I Like It","Cardi B","https://cdnt-preview.dzcdn.net/api/1/1/0/d/e/0/0def0dfb110c6e00efc2386d0711768f.mp3?hdnea=exp=1780887815~acl=/api/1/1/0/d/e/0/0def0dfb110c6e00efc2386d0711768f.mp3*~data=user_id=0,application_id=42~hmac=b890fd2bc5727d38630509227e0813fc5ca3b9ebd2bd65ea872de38538390fb4","253",""
"Reggaeton & Latin Pop","Vivir Mi Vida","Marc Anthony","true","68771815","Vivir Mi Vida","Marc Anthony","https://cdnt-preview.dzcdn.net/api/1/1/a/1/7/0/a17e9c508684123a451abeda10a5f734.mp3?hdnea=exp=1780887815~acl=/api/1/1/a/1/7/0/a17e9c508684123a451abeda10a5f734.mp3*~data=user_id=0,application_id=42~hmac=547a14efb54b8326f53fe13f6dde414e5aa5867d8e37ead360bb62637d34efee","255",""
"Reggaeton & Latin Pop","Tusa","KAROL G","true","796342592","Tusa","KAROL G","https://cdnt-preview.dzcdn.net/api/1/1/2/9/5/0/295fb558a4b893d959b8a985d12a38b7.mp3?hdnea=exp=1780887816~acl=/api/1/1/2/9/5/0/295fb558a4b893d959b8a985d12a38b7.mp3*~data=user_id=0,application_id=42~hmac=bbcfec20e43ab446ba5b2be9aceaa7a2c1f275c83b822e258e63497954c6cbc2","200",""
"Reggaeton & Latin Pop","Yo Perreo Sola","Bad Bunny","true","889550892","Yo Perreo Sola","Bad Bunny","https://cdnt-preview.dzcdn.net/api/1/1/8/3/3/0/833050d88f3aa1aedf4d32bfa154a846.mp3?hdnea=exp=1780887816~acl=/api/1/1/8/3/3/0/833050d88f3aa1aedf4d32bfa154a846.mp3*~data=user_id=0,application_id=42~hmac=8c440b7b1619ee2924ca6c53e0b7424e1c3e59c637b8aedf1d5a25bee95fd045","172",""
"Reggaeton & Latin Pop","Échame La Culpa","Luis Fonsi","true","427935102","Échame La Culpa","Luis Fonsi","https://cdnt-preview.dzcdn.net/api/1/1/8/3/2/0/8323aa5513b36699735b20d2359d5ed1.mp3?hdnea=exp=1780887816~acl=/api/1/1/8/3/2/0/8323aa5513b36699735b20d2359d5ed1.mp3*~data=user_id=0,application_id=42~hmac=e540be36ff6d58ec0e89cbad0f8088684952ee599360d62beb465ec9aee66481","173",""
"Reggaeton & Latin Pop","Suavemente","Elvis Crespo","true","13211608","Suavemente","Elvis Crespo","https://cdnt-preview.dzcdn.net/api/1/1/b/8/c/0/b8c517f7af237ccda2343bd21297a93c.mp3?hdnea=exp=1780887817~acl=/api/1/1/b/8/c/0/b8c517f7af237ccda2343bd21297a93c.mp3*~data=user_id=0,application_id=42~hmac=62e2f283da63e24bdd04106a631998c24cd245b64bcb36bd4bbdd1a79e4be099","267",""
"Reggaeton & Latin Pop","Bichota","KAROL G","true","1110762302","BICHOTA","KAROL G","https://cdnt-preview.dzcdn.net/api/1/1/0/6/e/0/06ee087c9c76accb7da502b5db22b681.mp3?hdnea=exp=1780887817~acl=/api/1/1/0/6/e/0/06ee087c9c76accb7da502b5db22b681.mp3*~data=user_id=0,application_id=42~hmac=031995573fac498f35ea55972eb353eab969d763474a7f2a34bd01e5a071a6b9","178",""
"Christian & CCM","Amazing Grace (My Chains Are Gone)","Chris Tomlin","true","14310839","Amazing Grace (My Chains Are Gone)","Chris Tomlin","https://cdnt-preview.dzcdn.net/api/1/1/8/6/5/0/865f23526a409543df1672cb1724eaa5.mp3?hdnea=exp=1780887817~acl=/api/1/1/8/6/5/0/865f23526a409543df1672cb1724eaa5.mp3*~data=user_id=0,application_id=42~hmac=c38f665e0f16c09739a12c79bf8871d9115fbc0101424ef82a38f772c5de5832","267",""
"Christian & CCM","How Great Is Our God","Chris Tomlin","true","14310843","How Great Is Our God","Chris Tomlin","https://cdnt-preview.dzcdn.net/api/1/1/b/b/4/0/bb4b0e00ddd430bb41a527d8b66055e8.mp3?hdnea=exp=1780887818~acl=/api/1/1/b/b/4/0/bb4b0e00ddd430bb41a527d8b66055e8.mp3*~data=user_id=0,application_id=42~hmac=621c104f80203df665e1a29c804ed437ca833edd5086e11a29a08763a23639ce","305",""
"Christian & CCM","Oceans (Where Feet May Fail)","Hillsong United","true","3782994352","Oceans (Where Feet May Fail) (Radio Version)","Hillsong UNITED","https://cdnt-preview.dzcdn.net/api/1/1/a/8/2/0/a82141c058bb2fde3d93e7521790a302.mp3?hdnea=exp=1780887818~acl=/api/1/1/a/8/2/0/a82141c058bb2fde3d93e7521790a302.mp3*~data=user_id=0,application_id=42~hmac=dad3c980959d28512e0f708e8cbea565936c56b1d2ebcde3764dff87f104613a","249",""
"Christian & CCM","10,000 Reasons (Bless the Lord)","Matt Redman","true","77418171","10,000 Reasons (Bless The Lord) (Live)","Matt Redman","https://cdnt-preview.dzcdn.net/api/1/1/e/8/c/0/e8ce5c047e30191baa086eb473b60c74.mp3?hdnea=exp=1780887818~acl=/api/1/1/e/8/c/0/e8ce5c047e30191baa086eb473b60c74.mp3*~data=user_id=0,application_id=42~hmac=4eeb5aa3656e76e75408c1b30801b2c876e96a4a2a4e2217c7fd03348e9bf7f8","342",""
"Christian & CCM","Reckless Love","Cory Asbury","true","3491791291","Reckless Love","Cory Asbury","https://cdnt-preview.dzcdn.net/api/1/1/f/e/8/0/fe8dcd5f2a3a23327559d305db439f22.mp3?hdnea=exp=1780887819~acl=/api/1/1/f/e/8/0/fe8dcd5f2a3a23327559d305db439f22.mp3*~data=user_id=0,application_id=42~hmac=7205876ef9a1c59a90ab3dd2e4fd2c3c166155ac0ffa641489fcc21027ee9092","333",""
"Christian & CCM","Good, Good Father","Chris Tomlin","true","108648268","Good Good Father","Chris Tomlin","https://cdnt-preview.dzcdn.net/api/1/1/7/2/a/0/72ae2fb62bedf3327ff8926bf7d92c23.mp3?hdnea=exp=1780887819~acl=/api/1/1/7/2/a/0/72ae2fb62bedf3327ff8926bf7d92c23.mp3*~data=user_id=0,application_id=42~hmac=9950a8d0c289757688b41eb04e5019efe0df4bc849fa8e6a50f234fbb65636ce","297",""
"Christian & CCM","What a Beautiful Name","Hillsong Worship","true","3157118871","What A Beautiful Name (Live)","Hillsong Worship","https://cdnt-preview.dzcdn.net/api/1/1/6/c/1/0/6c1b882f302450e8be782329da212297.mp3?hdnea=exp=1780887819~acl=/api/1/1/6/c/1/0/6c1b882f302450e8be782329da212297.mp3*~data=user_id=0,application_id=42~hmac=a381275f7c66f267d3e87cab30692625923e8642d7c347739ffd6fccbea3d81c","343",""
"Christian & CCM","Lord, I Need You","Matt Maher","true","65582820","Lord, I Need You","Matt Maher","https://cdnt-preview.dzcdn.net/api/1/1/4/6/e/0/46ee03d4813c9efbb1e2539d3ea402a2.mp3?hdnea=exp=1780887819~acl=/api/1/1/4/6/e/0/46ee03d4813c9efbb1e2539d3ea402a2.mp3*~data=user_id=0,application_id=42~hmac=0d539e5426bfed9f4dbfbbbd7073b4f9581f1efe5b1071581cb90723a5933e08","207",""
"Christian & CCM","Way Maker","Sinach","true","2381821345","Way Maker","Sinach","https://cdnt-preview.dzcdn.net/api/1/1/f/3/a/0/f3adefe6ebd7409909b7d08a641be3b3.mp3?hdnea=exp=1780887820~acl=/api/1/1/f/3/a/0/f3adefe6ebd7409909b7d08a641be3b3.mp3*~data=user_id=0,application_id=42~hmac=bcc789ed90bbf62aa4dc59d3b459c19dc147f57a421841f8fd74bed450383089","306",""
"Christian & CCM","Holy Spirit","Francesca Battistelli","true","414728112","Holy Spirit","Francesca Battistelli","https://cdnt-preview.dzcdn.net/api/1/1/f/9/2/0/f924849914ab0a05b4ed2dc9b63991d6.mp3?hdnea=exp=1780887820~acl=/api/1/1/f/9/2/0/f924849914ab0a05b4ed2dc9b63991d6.mp3*~data=user_id=0,application_id=42~hmac=a2348366a9b665d8066ffa8d72d3105dd199567ae2d736b6ec7c88bd3723e73b","302",""
"Christian & CCM","Build My Life","Pat Barrett","true","528349781","Build My Life","Pat Barrett","https://cdnt-preview.dzcdn.net/api/1/1/7/5/e/0/75e36827989c872c606433fc1c53274a.mp3?hdnea=exp=1780887820~acl=/api/1/1/7/5/e/0/75e36827989c872c606433fc1c53274a.mp3*~data=user_id=0,application_id=42~hmac=f648462ca231847905119029345ae664a9e589e5765a5b86f44314e76579fd2a","246",""
"Christian & CCM","The Blessing","Kari Jobe","true","904695312","The Blessing (Live)","Kari Jobe Carnes","https://cdnt-preview.dzcdn.net/api/1/1/8/9/c/0/89c52294ee5777eec61e1c75959c0286.mp3?hdnea=exp=1780887821~acl=/api/1/1/8/9/c/0/89c52294ee5777eec61e1c75959c0286.mp3*~data=user_id=0,application_id=42~hmac=550c6ba60ca5ab5553f81fb16753ade96d1b8098a7e8cf1544c599b80f642062","514",""
"Christian & CCM","Graves Into Gardens","Elevation Worship","true","943155852","Graves Into Gardens (Live)","Elevation Worship","https://cdnt-preview.dzcdn.net/api/1/1/f/d/7/0/fd7929ac72ebc528fa97d960f70568b1.mp3?hdnea=exp=1780887821~acl=/api/1/1/f/d/7/0/fd7929ac72ebc528fa97d960f70568b1.mp3*~data=user_id=0,application_id=42~hmac=22e08f8221190289760ae279e56fc69ec12e26e479c63400961b85743f073e39","454",""
"Christian & CCM","Hosanna","Hillsong United","true","3311200511","Hosanna","Hillsong UNITED","https://cdnt-preview.dzcdn.net/api/1/1/5/2/3/0/523a51456ff29a378413f0c41ace683c.mp3?hdnea=exp=1780887821~acl=/api/1/1/5/2/3/0/523a51456ff29a378413f0c41ace683c.mp3*~data=user_id=0,application_id=42~hmac=0025080210c1a45a0cda25b36b68c1772e803e89b7d5c573681cfdbdb61fbe69","333",""
"Christian & CCM","Open the Eyes of My Heart","Michael W. Smith","true","6116379","Open The Eyes Of My Heart (Live)","Michael W. Smith","https://cdnt-preview.dzcdn.net/api/1/1/2/c/c/0/2ccda4d3774e86624fbf045f64d95813.mp3?hdnea=exp=1780887822~acl=/api/1/1/2/c/c/0/2ccda4d3774e86624fbf045f64d95813.mp3*~data=user_id=0,application_id=42~hmac=fc919f9e05e179a586347d321aa71f39f835e6162c6e015d140b9bdbfa90347a","322",""
"Bollywood Hits","Tum Hi Ho","Arijit Singh","true","3191972361","Tum Hi Ho","Arijit Singh","https://cdnt-preview.dzcdn.net/api/1/1/d/1/b/0/d1b9fa8bd6d60fc5de643c190d902f7a.mp3?hdnea=exp=1780887822~acl=/api/1/1/d/1/b/0/d1b9fa8bd6d60fc5de643c190d902f7a.mp3*~data=user_id=0,application_id=42~hmac=987b103d603694602083dcb6e52e093ca38da62a4e9ea4db36216e05738ad1ca","261",""
"Bollywood Hits","Kal Ho Naa Ho","Sonu Nigam","true","1420043622","Kal Ho Naa Ho","Sonu Nigam","https://cdnt-preview.dzcdn.net/api/1/1/b/0/a/0/b0adf4fcb051c769eb41aeab94243049.mp3?hdnea=exp=1780887822~acl=/api/1/1/b/0/a/0/b0adf4fcb051c769eb41aeab94243049.mp3*~data=user_id=0,application_id=42~hmac=19244122783d6f9e22a3462d9ea944b71a9ed1c7cbba1591206f833431a325a7","296",""
"Bollywood Hits","Chaiyya Chaiyya","Sukhwinder Singh","true","127772709","Chaiyya Chaiyya","Sukhwinder Singh","https://cdnt-preview.dzcdn.net/api/1/1/a/c/3/0/ac306f6343be09671e05d2b393285114.mp3?hdnea=exp=1780887823~acl=/api/1/1/a/c/3/0/ac306f6343be09671e05d2b393285114.mp3*~data=user_id=0,application_id=42~hmac=05d1fefcf4835d6de7ec88a559ad5dd390d371b7cd7a64953ad2dabdc32557fe","406",""
"Bollywood Hits","Jai Ho","A.R. Rahman","true","3183931071","Jai Ho","A.R. Rahman","https://cdnt-preview.dzcdn.net/api/1/1/2/b/3/0/2b34925949f567079bc93da62dd36975.mp3?hdnea=exp=1780887823~acl=/api/1/1/2/b/3/0/2b34925949f567079bc93da62dd36975.mp3*~data=user_id=0,application_id=42~hmac=f53b5f1fe896f06ba29fe810e275ad1a8b6eae3e528be575da0aedd4e6b965bd","318",""
"Bollywood Hits","Lungi Dance","Yo Yo Honey Singh","true","3173763571","Lungi Dance (From ""Lungi Dance"")","Yo Yo Honey Singh","https://cdnt-preview.dzcdn.net/api/1/1/8/5/f/0/85fea1251e2525a68c304c79dc259981.mp3?hdnea=exp=1780887823~acl=/api/1/1/8/5/f/0/85fea1251e2525a68c304c79dc259981.mp3*~data=user_id=0,application_id=42~hmac=ba4eb1a895186a23090c2f7f693acf2e941e95f8c89ed42cb71ec3d8b7e724f6","275",""
"Bollywood Hits","Senorita","Farhan Akhtar","true","3183646431","Senorita","Farhan Akhtar","https://cdnt-preview.dzcdn.net/api/1/1/6/c/5/0/6c56050dd0ed6a3c63cde4ccd4e13258.mp3?hdnea=exp=1780887824~acl=/api/1/1/6/c/5/0/6c56050dd0ed6a3c63cde4ccd4e13258.mp3*~data=user_id=0,application_id=42~hmac=3594795398e8e5aaa41d0aeeb0f6be5407c74a97cfaab5ac7007916c4c671901","229",""
"Bollywood Hits","Dilbar","Neha Kakkar","true","3165585151","Dilbar (From ""Satyameva Jayate"")","Neha Kakkar","https://cdnt-preview.dzcdn.net/api/1/1/7/7/c/0/77c634ff2b75d9db284d515cd3155f1a.mp3?hdnea=exp=1780887824~acl=/api/1/1/7/7/c/0/77c634ff2b75d9db284d515cd3155f1a.mp3*~data=user_id=0,application_id=42~hmac=e7f97581ae3561029d7fb41fdb6adc139eb8bf3e2d7fcc337ce5725c167b91ec","184",""
"Bollywood Hits","Channa Mereya","Arijit Singh","false","","","","","","no title+artist match"
"Bollywood Hits","Tera Ban Jaunga","Akhil Sachdeva","true","3107045281","Tera Ban Jaunga (From ""Kabir Singh"")","Akhil Sachdeva","https://cdnt-preview.dzcdn.net/api/1/1/7/f/8/0/7f8ea98e901bfdd613fc26bf5198a806.mp3?hdnea=exp=1780887825~acl=/api/1/1/7/f/8/0/7f8ea98e901bfdd613fc26bf5198a806.mp3*~data=user_id=0,application_id=42~hmac=2ac8021cf30a3045c8da7d6686781d992c525eb1969efca259e292df76e0eb17","236",""
"Bollywood Hits","Naatu Naatu","Rahul Sipligunj","true","3514044081","Naatu Naatu","Rahul Sipligunj","https://cdnt-preview.dzcdn.net/api/1/1/a/3/2/0/a32d0ff6316e66b4a592a03a62773f07.mp3?hdnea=exp=1780887825~acl=/api/1/1/a/3/2/0/a32d0ff6316e66b4a592a03a62773f07.mp3*~data=user_id=0,application_id=42~hmac=e707c9e5e5bf9d926b9eb746dc53af3ff1af6b752ef54a049833618880956121","214",""
"Bollywood Hits","Why This Kolaveri Di","Dhanush","true","16543883","Why This Kolaveri Di? (The DJ Suketu House Mix)","Dhanush ","https://cdnt-preview.dzcdn.net/api/1/1/4/d/1/0/4d166a2b77e0947db97b603be2f0579c.mp3?hdnea=exp=1780887825~acl=/api/1/1/4/d/1/0/4d166a2b77e0947db97b603be2f0579c.mp3*~data=user_id=0,application_id=42~hmac=b6a40748b227285137f21143a92b458a84e010fbd22ccc7103fd29d16bf79e35","325",""
"Bollywood Hits","Pehla Nasha","Udit Narayan","true","453858372","Pehla Nasha","Udit Narayan","https://cdnt-preview.dzcdn.net/api/1/1/4/1/d/0/41dc60a67a395b2d1d6709196ef036e4.mp3?hdnea=exp=1780887826~acl=/api/1/1/4/1/d/0/41dc60a67a395b2d1d6709196ef036e4.mp3*~data=user_id=0,application_id=42~hmac=505213dcbb4890f3cfb87b648cfd7fdc0900f71572ebe502cb424cc72589998f","291",""
"Bollywood Hits","Ainvayi Ainvayi","Sunidhi Chauhan","true","1203798262","Ainvayi Ainvayi","Sunidhi Chauhan","https://cdnt-preview.dzcdn.net/api/1/1/1/4/2/0/142dc7e5498ac033e45333ed619ecb38.mp3?hdnea=exp=1780887826~acl=/api/1/1/1/4/2/0/142dc7e5498ac033e45333ed619ecb38.mp3*~data=user_id=0,application_id=42~hmac=9f9e68ec99394bcde7bae4af5faf3b70aeecb5b20cb06129eac224dc6cd3e11a","267",""
"Bollywood Hits","Tujhe Dekha To Ye Jana Sanam","Lata Mangeshkar","false","","","","","","no results"
"Bollywood Hits","Mehndi Laga Ke Rakhna","Lata Mangeshkar","true","464492172","Mehndi Laga Ke Rakhna","Lata Mangeshkar","https://cdnt-preview.dzcdn.net/api/1/1/e/7/1/0/e71bfa0b6bdbf5a8869b6b40bbb4deb4.mp3?hdnea=exp=1780887827~acl=/api/1/1/e/7/1/0/e71bfa0b6bdbf5a8869b6b40bbb4deb4.mp3*~data=user_id=0,application_id=42~hmac=65cfc5dd8154ba010a51af1584d12bfa62fa917fadabe5f1c43b760e70778368","286",""
"Video Game OSTs","Megalovania","Toby Fox","true","413935242","MEGALOVANIA","Toby Fox","https://cdnt-preview.dzcdn.net/api/1/1/7/3/0/0/730860c4b71c7b8e93381d2ddffe5c45.mp3?hdnea=exp=1780887827~acl=/api/1/1/7/3/0/0/730860c4b71c7b8e93381d2ddffe5c45.mp3*~data=user_id=0,application_id=42~hmac=749defbb02a31fbe84dbfca1d081c36be9cbbad61f438f51695ece9aa0fae292","156",""
"Video Game OSTs","Snake Eater","Cynthia Harrell","true","621152662","Snake Eater","Cynthia Harrell","https://cdnt-preview.dzcdn.net/api/1/1/e/9/a/0/e9ab0ae75ceb6f20dc6816b48a908a71.mp3?hdnea=exp=1780887827~acl=/api/1/1/e/9/a/0/e9ab0ae75ceb6f20dc6816b48a908a71.mp3*~data=user_id=0,application_id=42~hmac=bb509f3ec1d9881e33457c3a09713bff7887b7003cc7db5b3bd768ce7984d34a","178",""
"Video Game OSTs","One-Winged Angel","Nobuo Uematsu","true","2190385207","Advent: One-Winged Angel","Nobuo Uematsu","https://cdnt-preview.dzcdn.net/api/1/1/f/5/e/0/f5e06a5fae3de96b1d2fa8d2dd599d9d.mp3?hdnea=exp=1780887828~acl=/api/1/1/f/5/e/0/f5e06a5fae3de96b1d2fa8d2dd599d9d.mp3*~data=user_id=0,application_id=42~hmac=3e3b4567a0aff8cb0c6b664c089a1cdd3459ca40507c4eacc4fce813419d2854","367",""
"Video Game OSTs","To Zanarkand","Nobuo Uematsu","true","1613197552","To Zanarkand","Nobuo Uematsu","https://cdnt-preview.dzcdn.net/api/1/1/a/c/e/0/acef9faa52f5b3e03af25a734532a53f.mp3?hdnea=exp=1780887828~acl=/api/1/1/a/c/e/0/acef9faa52f5b3e03af25a734532a53f.mp3*~data=user_id=0,application_id=42~hmac=d3ba039769f18a980ae6065e0ea6e10358cf9b5fb1ac6349629d9162f6ee3ae3","219",""
"Video Game OSTs","Halo Theme","Martin O'Donnell","true","2239340967","Halo Theme Mjolnir Mix","Martin O'donnell","https://cdnt-preview.dzcdn.net/api/1/1/4/1/9/0/4197e1c65881d378d685f594b67b0ae9.mp3?hdnea=exp=1780887828~acl=/api/1/1/4/1/9/0/4197e1c65881d378d685f594b67b0ae9.mp3*~data=user_id=0,application_id=42~hmac=7a0c97b4516f07c842698d5e3c542458ebb0a75e88d92e3c97e5592a00d1fb34","251",""
"Video Game OSTs","Still Alive","Jonathan Coulton","true","55357001","Still Alive (feat. Sara Quin)","Jonathan Coulton","https://cdnt-preview.dzcdn.net/api/1/1/c/0/8/0/c081400943ceda1564ae47fc59871836.mp3?hdnea=exp=1780887829~acl=/api/1/1/c/0/8/0/c081400943ceda1564ae47fc59871836.mp3*~data=user_id=0,application_id=42~hmac=6817d51a2a8a501b31a29eaec481c84e4db6c6efa593aa653d0905f6325afd3b","254",""
"Video Game OSTs","Want You Gone","Ellen McLain","false","","","","","","no results"
"Video Game OSTs","Baba Yetu","Christopher Tin","true","1046366092","Baba Yetu","Christopher Tin","https://cdnt-preview.dzcdn.net/api/1/1/3/2/4/0/3244cd116a9392e3f17758898b6989b5.mp3?hdnea=exp=1780887829~acl=/api/1/1/3/2/4/0/3244cd116a9392e3f17758898b6989b5.mp3*~data=user_id=0,application_id=42~hmac=4ca0c1196e757f4511a012657353aac3542f6845fd64dba900a96e4b47ad09ab","210",""
"Video Game OSTs","Hopes and Dreams","Toby Fox","true","413935112","Hopes And Dreams","Toby Fox","https://cdnt-preview.dzcdn.net/api/1/1/4/2/3/0/423ebdac432e2cec0c405bf14a035ce6.mp3?hdnea=exp=1780887830~acl=/api/1/1/4/2/3/0/423ebdac432e2cec0c405bf14a035ce6.mp3*~data=user_id=0,application_id=42~hmac=0f7501a048759a1275c91e87536196dc6bf7abebc69b52edd03209ae36684c2b","181",""
"Video Game OSTs","Eyes on Me","Faye Wong","false","","","","","","no results"
"Video Game OSTs","Aerith's Theme","Nobuo Uematsu","true","2190075337","FFVII REMAKE: Aerith's Theme - Home Again","Nobuo Uematsu","https://cdnt-preview.dzcdn.net/api/1/1/e/f/2/0/ef2f7b1685f5c1206490d5af770ac664.mp3?hdnea=exp=1780887830~acl=/api/1/1/e/f/2/0/ef2f7b1685f5c1206490d5af770ac664.mp3*~data=user_id=0,application_id=42~hmac=ba7e36bbe630ede9e30e3c1a0254989bd3f03503aa11f41e142c5ee3151f26c4","255",""
"Video Game OSTs","Sweden","C418","true","3765726752","Sweden","C418","https://cdnt-preview.dzcdn.net/api/1/1/4/2/5/0/4255ac4c0ca86ae9b8c91f1b6f5e732b.mp3?hdnea=exp=1780887830~acl=/api/1/1/4/2/5/0/4255ac4c0ca86ae9b8c91f1b6f5e732b.mp3*~data=user_id=0,application_id=42~hmac=4c1621c3ce75e3623115178ffba882b6ea55dbf62ee05df0b5c50ceca16db4b0","215",""
"Video Game OSTs","Wet Hands","C418","true","3765726702","Wet Hands","C418","https://cdnt-preview.dzcdn.net/api/1/1/e/f/d/0/efdbb636c3e70a125f1c366af587a019.mp3?hdnea=exp=1780887831~acl=/api/1/1/e/f/d/0/efdbb636c3e70a125f1c366af587a019.mp3*~data=user_id=0,application_id=42~hmac=b606b563c8dca4f5bfc44c9bb4bde46dd2c308070abdb5956fa0d499f96fd1ca","90",""
"Video Game OSTs","Battle Theme","Koji Kondo","false","","","","","","no results"
"Video Game OSTs","Dearly Beloved","Yoko Shimomura","true","2131883957","Dearly Beloved (-KINGDOM HEARTS II Version-)","Yoko Shimomura","https://cdnt-preview.dzcdn.net/api/1/1/b/4/1/0/b4108dbcfa0853614514a19cdcfaaeb2.mp3?hdnea=exp=1780887831~acl=/api/1/1/b/4/1/0/b4108dbcfa0853614514a19cdcfaaeb2.mp3*~data=user_id=0,application_id=42~hmac=8c8d6f2012a6fda58d93d025d567416cec879fd606a80ba7742489756602d9e5","259",""
