Title,Artist,Album,DeezerId,Rank,DurationSec,Explicit,PreviewUrl
"Take on Me","a-ha","Hunting High and Low","664107","988080","227","false","https://cdnt-preview.dzcdn.net/api/1/1/b/1/9/0/b19c969e9d7193a3fa7e5880fed2aefb.mp3?hdnea=exp=1781147012~acl=/api/1/1/b/1/9/0/b19c969e9d7193a3fa7e5880fed2aefb.mp3*~data=user_id=0,application_id=42~hmac=283882f401477d292958b6532ec1efd4187d6fd81a3bda7d510d201cdfcec1ef"
"Thriller","Michael Jackson","Thriller 25 Super Deluxe Edition","555639","973665","358","false","https://cdnt-preview.dzcdn.net/api/1/1/3/8/3/0/3832b349ee4d8b66f6022bc99dcca300.mp3?hdnea=exp=1781147012~acl=/api/1/1/3/8/3/0/3832b349ee4d8b66f6022bc99dcca300.mp3*~data=user_id=0,application_id=42~hmac=de915b9f235891c7d376ed589911abfa6afe80df29a22d37c8f4d14b969a4d81"
"Billie Jean","Michael Jackson","Michael Jackson's This Is It","4603408","971418","293","false","https://cdnt-preview.dzcdn.net/api/1/1/e/6/e/0/e6e0f8717b1e6353e2abf797c6849889.mp3?hdnea=exp=1781147012~acl=/api/1/1/e/6/e/0/e6e0f8717b1e6353e2abf797c6849889.mp3*~data=user_id=0,application_id=42~hmac=d8787f666dfc7a2093fd02cd7e5ed7a71166f8cdeb88e3b76001d08770d69810"
"Back In Black","AC/DC","Back In Black","92720046","966294","253","false","https://cdnt-preview.dzcdn.net/api/1/1/8/2/b/0/82be918b42c3d26093b20d01e97e4a03.mp3?hdnea=exp=1781147012~acl=/api/1/1/8/2/b/0/82be918b42c3d26093b20d01e97e4a03.mp3*~data=user_id=0,application_id=42~hmac=b049ef8f53dbed33e1e646bd748dfcc874223e665411594859a307b2687c1c35"
"Sweet Dreams (Are Made of This) (2005 Remaster)","Eurythmics","Sweet Dreams (Are Made Of This)","561836","963940","216","false","https://cdnt-preview.dzcdn.net/api/1/1/c/7/6/0/c762b853f6084e40164035a67f8c2e67.mp3?hdnea=exp=1781147012~acl=/api/1/1/c/7/6/0/c762b853f6084e40164035a67f8c2e67.mp3*~data=user_id=0,application_id=42~hmac=bbbc4aedd16e5f17095dbb9701c1c7fbfe8242c1bafea4ac6a98f656c06b0492"
"Enjoy the Silence","Depeche Mode","The Singles 86-98","68515055","963501","255","false","https://cdnt-preview.dzcdn.net/api/1/1/3/1/8/0/31846ff196abfab51bc630657b6524f7.mp3?hdnea=exp=1781147013~acl=/api/1/1/3/1/8/0/31846ff196abfab51bc630657b6524f7.mp3*~data=user_id=0,application_id=42~hmac=458de61a59427c07a64b530f02cc53e1bb5ab1ab9c5b55434f758ee4584794f8"
"Dancing Queen","ABBA","ABBA Gold","884025","954438","231","false","https://cdnt-preview.dzcdn.net/api/1/1/9/1/6/0/916f7137187790e999bc66e6460c07b2.mp3?hdnea=exp=1781147012~acl=/api/1/1/9/1/6/0/916f7137187790e999bc66e6460c07b2.mp3*~data=user_id=0,application_id=42~hmac=da825118cb7c2179b5d6ce2134ea379c7f5aab54695a82eb40da12fdfcd6ba55"
"Thunderstruck","AC/DC","The Razors Edge","92720102","950981","292","false","https://cdnt-preview.dzcdn.net/api/1/1/1/1/1/0/1117489d36f3a1a80c8815c1137747a9.mp3?hdnea=exp=1781147012~acl=/api/1/1/1/1/1/0/1117489d36f3a1a80c8815c1137747a9.mp3*~data=user_id=0,application_id=42~hmac=2d3ae7dc50d758548c55c44ad0a09a2788e8f44f2b495f7ecf86f3bf86f0baed"
"Everybody Wants To Rule The World","Tears For Fears","Classic 80's","2234314","946302","251","false","https://cdnt-preview.dzcdn.net/api/1/1/f/2/a/0/f2af6fb99f6ccecb8df79b4a06bd6aab.mp3?hdnea=exp=1781147012~acl=/api/1/1/f/2/a/0/f2af6fb99f6ccecb8df79b4a06bd6aab.mp3*~data=user_id=0,application_id=42~hmac=1647fa44d678a7051218b753b7f169ad7ba130a9dac81621ea578aa543e5bbaf"
"La Isla Bonita","Madonna","True Blue","678372","943913","242","false","https://cdnt-preview.dzcdn.net/api/1/1/5/1/f/0/51f71747bb538c3d878471af19512df2.mp3?hdnea=exp=1781147013~acl=/api/1/1/5/1/f/0/51f71747bb538c3d878471af19512df2.mp3*~data=user_id=0,application_id=42~hmac=1680dff414d03811f82cd46af481c7f141fc559796e95e7fa18c250cd8e23c5a"
"With Or Without You (Remastered 2007)","U2","The Joshua Tree","912486","942091","295","false","https://cdnt-preview.dzcdn.net/api/1/1/0/8/e/0/08ee0283f63e8754d8be41fda4274717.mp3?hdnea=exp=1781147012~acl=/api/1/1/0/8/e/0/08ee0283f63e8754d8be41fda4274717.mp3*~data=user_id=0,application_id=42~hmac=00c2167ca0ada8166f44bc53518755eb3cb4c1cc9e51348fbd107448795d1070"
"I'm Still Standing","Elton John","Too Low For Zero","1171163","941588","183","false","https://cdnt-preview.dzcdn.net/api/1/1/4/c/7/0/4c73011f100bfabc80faf753149058b4.mp3?hdnea=exp=1781147015~acl=/api/1/1/4/c/7/0/4c73011f100bfabc80faf753149058b4.mp3*~data=user_id=0,application_id=42~hmac=6185abbfa914cf983fac538e84216853b533e1ac21e332d1600fd0ff79d36c4d"
"Africa","Toto","Toto IV","1079668","933968","296","false","https://cdnt-preview.dzcdn.net/api/1/1/d/4/6/0/d46762f2025f13175f2fd2c062b46182.mp3?hdnea=exp=1781147012~acl=/api/1/1/d/4/6/0/d46762f2025f13175f2fd2c062b46182.mp3*~data=user_id=0,application_id=42~hmac=3e2c7e52e5a19c4b531efe806da7f2d1e1eb948f7c5f219b8e4eacc9fda7a48f"
"Livin' On A Prayer","Bon Jovi","Slippery When Wet","538660022","933844","249","false","https://cdnt-preview.dzcdn.net/api/1/1/7/c/1/0/7c1d95d2fe6ad479f66d912db049df50.mp3?hdnea=exp=1781147012~acl=/api/1/1/7/c/1/0/7c1d95d2fe6ad479f66d912db049df50.mp3*~data=user_id=0,application_id=42~hmac=86a337b21f9575cb334c60f9b5bc5c2db78323f03495a5e7cc64ccbeaa380ffd"
"Rock with You (Single Version)","Michael Jackson","Off the Wall","15586286","925116","220","false","https://cdnt-preview.dzcdn.net/api/1/1/b/6/c/0/b6c28146ba0e1c1f1cc4b59d02bed47c.mp3?hdnea=exp=1781147012~acl=/api/1/1/b/6/c/0/b6c28146ba0e1c1f1cc4b59d02bed47c.mp3*~data=user_id=0,application_id=42~hmac=33bc69aa1e246aa772e91622e8cab290dbdced7833bfc7a40a212d6e6d194dcd"
"I'm So Excited","The Pointer Sisters","So Excited! (Expanded Edition)","346967941","925088","233","false","https://cdnt-preview.dzcdn.net/api/1/1/0/1/8/0/0180f5cbd3bf8885c44687dfc39d1d08.mp3?hdnea=exp=1781147012~acl=/api/1/1/0/1/8/0/0180f5cbd3bf8885c44687dfc39d1d08.mp3*~data=user_id=0,application_id=42~hmac=67699e68619fda39d4b4248ee1ced85ffcec873a0c95b42c28896ae6bad88702"
"Another Day in Paradise (2016 Remaster)","Phil Collins","The Singles (Expanded)","134036248","917508","323","false","https://cdnt-preview.dzcdn.net/api/1/1/8/5/4/0/8547b51819497fa97d31034d511a2d65.mp3?hdnea=exp=1781147013~acl=/api/1/1/8/5/4/0/8547b51819497fa97d31034d511a2d65.mp3*~data=user_id=0,application_id=42~hmac=20d2b9477ee49230cd82874fdd71e972dded0aa380c5ecf2ff8f12dd403d1b9a"
"Should I Stay or Should I Go (Remastered)","The Clash","Combat Rock (Remastered)","69962764","916917","186","false","https://cdnt-preview.dzcdn.net/api/1/1/f/8/5/0/f85fc630b231b9a7d9365c5939358474.mp3?hdnea=exp=1781147012~acl=/api/1/1/f/8/5/0/f85fc630b231b9a7d9365c5939358474.mp3*~data=user_id=0,application_id=42~hmac=337a5518ce24aa884761278b09bb77e22bdfbd42e735b2d0b4aa3e7b9239a963"
"Don't Stop Believin'","Journey","The Essential Journey","625643","916669","249","false","https://cdnt-preview.dzcdn.net/api/1/1/d/2/0/0/d2075fdf5e55ef0a8f8383cefd6fc51b.mp3?hdnea=exp=1781147012~acl=/api/1/1/d/2/0/0/d2075fdf5e55ef0a8f8383cefd6fc51b.mp3*~data=user_id=0,application_id=42~hmac=09371be2cfb208466cd97936a1b55d0c48ffdc2b8ed652dc2f087c7740fc84bc"
"Like a Prayer","Madonna","Like a Prayer","664507","911457","340","false","https://cdnt-preview.dzcdn.net/api/1/1/8/3/5/0/83568d6e8eab5d7d29effe9bf3a473ce.mp3?hdnea=exp=1781147013~acl=/api/1/1/8/3/5/0/83568d6e8eab5d7d29effe9bf3a473ce.mp3*~data=user_id=0,application_id=42~hmac=44fa1f4b261cf7f4ede9c5769c32c7c412a9bcc28155e779e332bccc4452027d"
"Money For Nothing","Dire Straits","The Best Of Dire Straits & Mark Knopfler - Private Investigations","2514681","904705","505","false","https://cdnt-preview.dzcdn.net/api/1/1/c/5/f/0/c5f865af55f5175bbf201fa4624761e9.mp3?hdnea=exp=1781147013~acl=/api/1/1/c/5/f/0/c5f865af55f5175bbf201fa4624761e9.mp3*~data=user_id=0,application_id=42~hmac=7775aa246ea94723b37f459e3bb638d30ab138702cf4ccba90f910bea33acfdb"
"Total Eclipse of the Heart","Bonnie Tyler","Heaven & Hell","532349","900667","267","false","https://cdnt-preview.dzcdn.net/api/1/1/4/e/d/0/4ed3a7fbb98730781ae3c6d85ca75fab.mp3?hdnea=exp=1781147012~acl=/api/1/1/4/e/d/0/4ed3a7fbb98730781ae3c6d85ca75fab.mp3*~data=user_id=0,application_id=42~hmac=7d13e3947092d57e2eb6628d4e82809caddcdf574d8d115a51eaf0683a893e00"
"Bette Davis Eyes","Kim Carnes","Gypsy Honeymoon: The Best Of Kim Carnes","3153065","897454","224","false","https://cdnt-preview.dzcdn.net/api/1/1/9/1/4/0/914e316431b8f170cc514948cea067db.mp3?hdnea=exp=1781147013~acl=/api/1/1/9/1/4/0/914e316431b8f170cc514948cea067db.mp3*~data=user_id=0,application_id=42~hmac=70ed57f373ac0c95dead0b7b625a3103507aad2e43266b2246390a8c02964cb1"
"Tainted Love","Soft Cell","The Very Best Of Soft Cell","1173622","896841","160","false","https://cdnt-preview.dzcdn.net/api/1/1/6/4/c/0/64c7f0ad48610384343c8a57e0209491.mp3?hdnea=exp=1781147012~acl=/api/1/1/6/4/c/0/64c7f0ad48610384343c8a57e0209491.mp3*~data=user_id=0,application_id=42~hmac=b6f7637333a9af353507fec2a1fb662e81734a688f64d64e23b63bfc0a3a69a1"
"Stayin Alive","Bee Gees","The Ultimate Bee Gees","139138743","891301","284","false","https://cdnt-preview.dzcdn.net/api/1/1/0/0/c/0/00cbbfd60789be479675f35af6277af0.mp3?hdnea=exp=1781147012~acl=/api/1/1/0/0/c/0/00cbbfd60789be479675f35af6277af0.mp3*~data=user_id=0,application_id=42~hmac=a1ea63de7fc29b4e062e930b3f3f6c6000a2dad43a4924ad25bdaa03b9f05604"
"Everywhere","Fleetwood Mac","Greatest Hits","664444","889605","222","false","https://cdnt-preview.dzcdn.net/api/1/1/c/b/4/0/cb40dd3924ff107d4b85cc74a066706f.mp3?hdnea=exp=1781147015~acl=/api/1/1/c/b/4/0/cb40dd3924ff107d4b85cc74a066706f.mp3*~data=user_id=0,application_id=42~hmac=9492e441fd094fd19534a61cf308c3eaf4f68eef3803de2971cb7d4c0edc21d8"
"Welcome To The Jungle","Guns N' Roses","Appetite For Destruction (Super Deluxe Edition)","518458092","887607","271","true","https://cdnt-preview.dzcdn.net/api/1/1/e/3/b/0/e3bdd797ec36df3068f8288688889ef2.mp3?hdnea=exp=1781147012~acl=/api/1/1/e/3/b/0/e3bdd797ec36df3068f8288688889ef2.mp3*~data=user_id=0,application_id=42~hmac=6685ab6df6f1cf5c1b2a499f91c2297cb60e1ae736c9d6835739891548393733"
"Wake Me Up Before You Go-Go","Wham!","Make It Big","15194531","885514","230","false","https://cdnt-preview.dzcdn.net/api/1/1/b/6/b/0/b6b916879db11a5fcf980c6261c46b54.mp3?hdnea=exp=1781147012~acl=/api/1/1/b/6/b/0/b6b916879db11a5fcf980c6261c46b54.mp3*~data=user_id=0,application_id=42~hmac=ad02bb17a61eb2f31da0ed4984d58c7ce3ec12f142ed4eadf4710a87d30a7de0"
"Your Love","The Outfield","Super Hits","856124","874404","222","false","https://cdnt-preview.dzcdn.net/api/1/1/8/6/2/0/862e739a66cb2b0af566bfabec350377.mp3?hdnea=exp=1781147013~acl=/api/1/1/8/6/2/0/862e739a66cb2b0af566bfabec350377.mp3*~data=user_id=0,application_id=42~hmac=90b3da9bc0b9d3f66f0448c6ae1399fffe61e293ad7c5426ec36cce31fc93352"
"You Shook Me All Night Long","AC/DC","Back In Black","92720048","872302","208","false","https://cdnt-preview.dzcdn.net/api/1/1/2/1/a/0/21af9bde7aacee934f02c9df8c931bdf.mp3?hdnea=exp=1781147012~acl=/api/1/1/2/1/a/0/21af9bde7aacee934f02c9df8c931bdf.mp3*~data=user_id=0,application_id=42~hmac=1b9c04ac4b66d8e0595989e3d424d0743ec3e567026b1488e3a88d9021ecc71b"
"Hells Bells","AC/DC","Back In Black","92720036","871564","309","false","https://cdnt-preview.dzcdn.net/api/1/1/f/8/b/0/f8b4a04d91b5736c17265e681687fe52.mp3?hdnea=exp=1781147012~acl=/api/1/1/f/8/b/0/f8b4a04d91b5736c17265e681687fe52.mp3*~data=user_id=0,application_id=42~hmac=51107432917a3f7233dabb5e5843b53034a491ccc58ab8eeae332197fc6f7d36"
"Walk Of Life","Dire Straits","The Best Of Dire Straits & Mark Knopfler - Private Investigations","2514683","870026","247","false","https://cdnt-preview.dzcdn.net/api/1/1/6/7/f/0/67f7b76ac2904fa2b1f4c3d317f7e5ea.mp3?hdnea=exp=1781147013~acl=/api/1/1/6/7/f/0/67f7b76ac2904fa2b1f4c3d317f7e5ea.mp3*~data=user_id=0,application_id=42~hmac=f4b92ad9047a61d9742e6f880cb8115f4a685f3e7006670f90d7afa206bf0afb"
"I Still Haven't Found What I'm Looking For (Remastered 2007)","U2","The Joshua Tree","912481","865572","277","false","https://cdnt-preview.dzcdn.net/api/1/1/1/a/7/0/1a70244bccfc064bb1663e854afcd872.mp3?hdnea=exp=1781147013~acl=/api/1/1/1/a/7/0/1a70244bccfc064bb1663e854afcd872.mp3*~data=user_id=0,application_id=42~hmac=da26903e4f6ce2a355ac30b097b5bdd608e970ddb7905eafe68705b8b37d61d9"
"Jump (2015 Remaster)","Van Halen","1984 (Remastered)","97098410","859192","241","false","https://cdnt-preview.dzcdn.net/api/1/1/4/5/6/0/4564585fd721c9bf1df04fbf95f2ba9a.mp3?hdnea=exp=1781147012~acl=/api/1/1/4/5/6/0/4564585fd721c9bf1df04fbf95f2ba9a.mp3*~data=user_id=0,application_id=42~hmac=a65544bd053af58b1e1dbafa2d2ebd3505ff43c2ef1db627a906e5b3082e6cb8"
"Believe","Cher","Believe","786717","855313","239","false","https://cdnt-preview.dzcdn.net/api/1/1/c/f/e/0/cfe5600eb3b0f8b50ff351ae46129e07.mp3?hdnea=exp=1781147012~acl=/api/1/1/c/f/e/0/cfe5600eb3b0f8b50ff351ae46129e07.mp3*~data=user_id=0,application_id=42~hmac=56325c067f280e5dbf9be266247b95f06f7ba93a517f4ea14a35e0f63488a0de"
"Call Me","Blondie","Atomic/Atomix","3104486","854839","212","false","https://cdnt-preview.dzcdn.net/api/1/1/0/1/e/0/01e2c63b1987196fc7ca4cf928a53980.mp3?hdnea=exp=1781147012~acl=/api/1/1/0/1/e/0/01e2c63b1987196fc7ca4cf928a53980.mp3*~data=user_id=0,application_id=42~hmac=3e11b7ce9ca19842cfb8e8bb026763caecee486062c5a7eb030a24615ddb5dba"
"Maneater","Daryl Hall & John Oates","The Essential Daryl Hall & John Oates","569561","854432","272","false","https://cdnt-preview.dzcdn.net/api/1/1/2/a/a/0/2aa05af73a00e68c2180ba49686398b6.mp3?hdnea=exp=1781147012~acl=/api/1/1/2/a/a/0/2aa05af73a00e68c2180ba49686398b6.mp3*~data=user_id=0,application_id=42~hmac=fdd95a70db7d6e969dc8a4348c9b57ea327f3fc46dd8549b5eadd850e88bb005"
"It Must Have Been Love (From the Film ""Pretty Woman"")","Roxette","The Ballad Hits","3098301","851456","259","false","https://cdnt-preview.dzcdn.net/api/1/1/0/6/6/0/066aae449406b6ea3addfb6ad51a6ded.mp3?hdnea=exp=1781147014~acl=/api/1/1/0/6/6/0/066aae449406b6ea3addfb6ad51a6ded.mp3*~data=user_id=0,application_id=42~hmac=2d955706ffcaec562c5d8a87d2f3ba37603bc9495150f5956615d63babc2a49c"
"Let's Groove","Earth, Wind & Fire","Raise!","27533911","850548","336","false","https://cdnt-preview.dzcdn.net/api/1/1/1/2/6/0/1261a47c60b38c09ffecde72d7ee331e.mp3?hdnea=exp=1781147012~acl=/api/1/1/1/2/6/0/1261a47c60b38c09ffecde72d7ee331e.mp3*~data=user_id=0,application_id=42~hmac=9dd0c85a4914f1229c1c6ac88e0fdec5b6bf0f3929a80305844d75dfcf228e0d"
"Footloose (From ""Footloose"" Soundtrack)","Kenny Loggins","Footloose (Original Motion Picture Soundtrack)","134012978","848372","226","false","https://cdnt-preview.dzcdn.net/api/1/1/9/4/7/0/947a7df828e2fd9c5be9083683efe572.mp3?hdnea=exp=1781147014~acl=/api/1/1/9/4/7/0/947a7df828e2fd9c5be9083683efe572.mp3*~data=user_id=0,application_id=42~hmac=b6cbda1de3da6bdf8607b6b346e7bc86241c64859f19a140e37e375a0d641a55"
"Self Control","Laura Branigan","Self Control","4288159","847859","246","false","https://cdnt-preview.dzcdn.net/api/1/1/e/2/5/0/e25daf61bbf49a1275cd5d7c547ded7a.mp3?hdnea=exp=1781147013~acl=/api/1/1/e/2/5/0/e25daf61bbf49a1275cd5d7c547ded7a.mp3*~data=user_id=0,application_id=42~hmac=9b0fc360dcd9be5b2b8b1aaecdb6be010acf81fda2f44da698636091446abb09"
"Fast Car","Tracy Chapman","Tracy Chapman","2271563","846640","296","false","https://cdnt-preview.dzcdn.net/api/1/1/0/0/0/0/0009cabc4816aa3e3f10fa9e26bceace.mp3?hdnea=exp=1781147015~acl=/api/1/1/0/0/0/0/0009cabc4816aa3e3f10fa9e26bceace.mp3*~data=user_id=0,application_id=42~hmac=c110f52a1d2efb14e4f4f58b38eaeae61360c76fe39e0521eb5f305b4bf86d03"
"The Best","Tina Turner","Tina!","3142379","842682","333","false","https://cdnt-preview.dzcdn.net/api/1/1/0/5/f/0/05f1d27c201e3a70166ff29de70138bc.mp3?hdnea=exp=1781147013~acl=/api/1/1/0/5/f/0/05f1d27c201e3a70166ff29de70138bc.mp3*~data=user_id=0,application_id=42~hmac=4a7acf305a1ea9dc9f97e1fd2dc69ad6e3df78ce16335c101192488c25666912"
"I Want To Break Free (Remastered 2011)","Queen","Greatest Hits II (2011 Remaster)","7868651","841328","259","false","https://cdnt-preview.dzcdn.net/api/1/1/3/4/3/0/343f88492dc7c04a947257afa48f5a5d.mp3?hdnea=exp=1781147012~acl=/api/1/1/3/4/3/0/343f88492dc7c04a947257afa48f5a5d.mp3*~data=user_id=0,application_id=42~hmac=c8e355bf782f9402cc26dda08433da38d8999cfce7ff2dafe281d297195117d5"
"Uptown Girl","Billy Joel","An Innocent Man","1025659","840982","195","false","https://cdnt-preview.dzcdn.net/api/1/1/7/f/a/0/7fa78b96031968e12d31af61bcc5d361.mp3?hdnea=exp=1781147012~acl=/api/1/1/7/f/a/0/7fa78b96031968e12d31af61bcc5d361.mp3*~data=user_id=0,application_id=42~hmac=3417bf550e8fdc31f91c7ea135ba220da73f0623fa97b0335fe309b196e2c10f"
"Kiss","Prince","Parade - Music from the Motion Picture Under the Cherry Moon","664178","839151","226","false","https://cdnt-preview.dzcdn.net/api/1/1/8/c/3/0/8c392a4f7618e60d22cac844b0315e36.mp3?hdnea=exp=1781147014~acl=/api/1/1/8/c/3/0/8c392a4f7618e60d22cac844b0315e36.mp3*~data=user_id=0,application_id=42~hmac=53e25395764e53652426a653c59cc2b005f9a759006407873ba99b4463309acf"
"Radio Ga Ga (Remastered 2011)","Queen","Greatest Hits II (2011 Remaster)","7868649","837120","343","false","https://cdnt-preview.dzcdn.net/api/1/1/e/5/7/0/e57331a9e106501c873d169226650966.mp3?hdnea=exp=1781147012~acl=/api/1/1/e/5/7/0/e57331a9e106501c873d169226650966.mp3*~data=user_id=0,application_id=42~hmac=ce7f8ce20c34b69abbf88c2445c6978a14e8f7b09bde062975ea5313d45997e3"
"Don't Dream It's Over","Crowded House","Crowded House","133577580","835668","233","false","https://cdnt-preview.dzcdn.net/api/1/1/9/e/c/0/9ec277814e39b8aa7ad9dbe58d4c05e1.mp3?hdnea=exp=1781147013~acl=/api/1/1/9/e/c/0/9ec277814e39b8aa7ad9dbe58d4c05e1.mp3*~data=user_id=0,application_id=42~hmac=78abf87b6714b73244df5c7255dcab45b8d0a0538a8b49a865162d7d2ae2762e"
"Take My Breath Away (Love Theme from ""Top Gun"")","Berlin","Top Gun - Motion Picture Soundtrack (Special Expanded Edition)","7675055","835297","255","false","https://cdnt-preview.dzcdn.net/api/1/1/3/c/9/0/3c960fe30ef964a95f5d64a5e0bd4626.mp3?hdnea=exp=1781147012~acl=/api/1/1/3/c/9/0/3c960fe30ef964a95f5d64a5e0bd4626.mp3*~data=user_id=0,application_id=42~hmac=dd9d5b9aa3a982b8518a3dece82895cfb0032e7ab978eece47668a6743a53a39"
"Dancing In the Dark","Bruce Springsteen","Born In The U.S.A.","15586246","833702","241","false","https://cdnt-preview.dzcdn.net/api/1/1/8/9/f/0/89fa971ce8594abd29d87e7891cb03b8.mp3?hdnea=exp=1781147012~acl=/api/1/1/8/9/f/0/89fa971ce8594abd29d87e7891cb03b8.mp3*~data=user_id=0,application_id=42~hmac=e2be19ed51b669509004c418c0fa156c2fc1c3f4d97882a621b257295c8ebb06"
"In the Air Tonight (2015 Remaster)","Phil Collins","The Singles (Expanded)","134036212","831239","335","false","https://cdnt-preview.dzcdn.net/api/1/1/7/a/e/0/7ae98a206f52ed24eb6166804b9fb797.mp3?hdnea=exp=1781147013~acl=/api/1/1/7/a/e/0/7ae98a206f52ed24eb6166804b9fb797.mp3*~data=user_id=0,application_id=42~hmac=c66d33f71f4ca25d86ac80fa40debd889a90978a1648fc3b921d09042adb730b"
"Red Red Wine","UB40","The Very Best Of UB40","3129568","828771","182","false","https://cdnt-preview.dzcdn.net/api/1/1/3/c/6/0/3c6baf8bc8a93e9fac3fd2be9d972d9e.mp3?hdnea=exp=1781147015~acl=/api/1/1/3/c/6/0/3c6baf8bc8a93e9fac3fd2be9d972d9e.mp3*~data=user_id=0,application_id=42~hmac=8089ef354f7663bcea54959a032cc37980136aa415d28b5be58535de2f2c789f"
"Beat It","Michael Jackson","Thriller 25 Super Deluxe Edition","555640","824907","258","false","https://cdnt-preview.dzcdn.net/api/1/1/a/7/b/0/a7b72478be04fb6d75ed6fd296efd096.mp3?hdnea=exp=1781147012~acl=/api/1/1/a/7/b/0/a7b72478be04fb6d75ed6fd296efd096.mp3*~data=user_id=0,application_id=42~hmac=df4969c19be2669616dc61f91fe3d4b30a5070f5a0ff6fc7f8b1ffcacbf664fa"
"Black or White (Single Version)","Michael Jackson","Number Ones","13129208","821006","203","false","https://cdnt-preview.dzcdn.net/api/1/1/7/d/f/0/7df31fbf27460bbbb0d72b2910cee82e.mp3?hdnea=exp=1781147012~acl=/api/1/1/7/d/f/0/7df31fbf27460bbbb0d72b2910cee82e.mp3*~data=user_id=0,application_id=42~hmac=4e62ad821e3adb7aa7422e63998ccf8af02a6d83a26349353bb425a8311cf64e"
"Beds Are Burning (Remastered)","Midnight Oil","Diesel And Dust","13158212","819387","255","false","https://cdnt-preview.dzcdn.net/api/1/1/2/9/6/0/2966f12d6b7272838e04eda3c9b8dee8.mp3?hdnea=exp=1781147012~acl=/api/1/1/2/9/6/0/2966f12d6b7272838e04eda3c9b8dee8.mp3*~data=user_id=0,application_id=42~hmac=148776f9947ac32d34d00eac9986cabf506943a71c00bc7e4cb234a92edce805"
"Pump Up The Jam","Technotronic","Pump Up The Jam","2961498","813203","320","false","https://cdnt-preview.dzcdn.net/api/1/1/2/a/e/0/2aecc8b287853fe365e22a80310d90dc.mp3?hdnea=exp=1781147013~acl=/api/1/1/2/a/e/0/2aecc8b287853fe365e22a80310d90dc.mp3*~data=user_id=0,application_id=42~hmac=d826928893d3b426d74fe2ba6f977c4d32aa1b51e3c80bd20a83ce33b6651bd2"
"Faith (Remastered)","George Michael","Faith","8146779","806749","193","false","https://cdnt-preview.dzcdn.net/api/1/1/2/2/d/0/22def5a92d50b2c872abfca893f53260.mp3?hdnea=exp=1781147012~acl=/api/1/1/2/2/d/0/22def5a92d50b2c872abfca893f53260.mp3*~data=user_id=0,application_id=42~hmac=63ecb86df629c220feca9603ff7e974b3e17319c9fefb221905195fe8c1044b6"
"Need You Tonight","INXS","Kick (Remastered 2011)","11282931","805998","184","false","https://cdnt-preview.dzcdn.net/api/1/1/3/7/3/0/373ff74139f27e8641df2bed1a1d3743.mp3?hdnea=exp=1781147015~acl=/api/1/1/3/7/3/0/373ff74139f27e8641df2bed1a1d3743.mp3*~data=user_id=0,application_id=42~hmac=cef659e13404e60cf6504394766422c85b9591c10861aa19d7341c76c5a5c46a"
"(I've Had) The Time Of My Life (From ""Dirty Dancing"" Soundtrack)","Bill Medley","Dirty Dancing (Original Motion Picture Soundtrack)","13128250","800948","287","false","https://cdnt-preview.dzcdn.net/api/1/1/7/f/3/0/7f397fb764da99ef77dfcf22d9eac6db.mp3?hdnea=exp=1781147012~acl=/api/1/1/7/f/3/0/7f397fb764da99ef77dfcf22d9eac6db.mp3*~data=user_id=0,application_id=42~hmac=b5221bf476bbf3fd32073c431d86fd304b2e66ead29610c2353d8007c7a86f0a"
"The Power Of Love","Huey Lewis & The News","Greatest Hits: Huey Lewis And The News","3116046","800464","234","false","https://cdnt-preview.dzcdn.net/api/1/1/1/5/b/0/15bb215926ab0bd14776916ec0291652.mp3?hdnea=exp=1781147013~acl=/api/1/1/1/5/b/0/15bb215926ab0bd14776916ec0291652.mp3*~data=user_id=0,application_id=42~hmac=9196d69427ea111c586e3c237c71f64a18266832abf354c6a522d9bf3a4cdab4"
"All Night Long (All Night)","Lionel Richie","Can't Slow Down","920062","798485","260","false","https://cdnt-preview.dzcdn.net/api/1/1/f/1/8/0/f18be05d355637d2f0ae646201740027.mp3?hdnea=exp=1781147013~acl=/api/1/1/f/1/8/0/f18be05d355637d2f0ae646201740027.mp3*~data=user_id=0,application_id=42~hmac=f3c42957f3f00bcef9d8c681f62ce1a4f1fab1235c9404880626be27058f7917"
"Who Can It Be Now?","Men At Work","Business As Usual","72191377","797551","202","false","https://cdnt-preview.dzcdn.net/api/1/1/8/b/f/0/8bf9fd32e7787297a927531b4df97f99.mp3?hdnea=exp=1781147012~acl=/api/1/1/8/b/f/0/8bf9fd32e7787297a927531b4df97f99.mp3*~data=user_id=0,application_id=42~hmac=9e98661ce9067de58f9d7cbcc51a9e6f3c2abc0dc1322295f98fa17b57e4b148"
"You Spin Me Round (Like A Record) (Original 7"" Mix)","Dead Or Alive","You Spin Me Round Promo CD","958021","797171","196","false","https://cdnt-preview.dzcdn.net/api/1/1/2/5/e/0/25e6f50fae1c1263eed13800eb5af687.mp3?hdnea=exp=1781147015~acl=/api/1/1/2/5/e/0/25e6f50fae1c1263eed13800eb5af687.mp3*~data=user_id=0,application_id=42~hmac=9ae4083ca009bec30a380fdffee5f88ca06f4e61b19be0bf74d80563471ebf47"
"Against All Odds (Take a Look at Me Now) (2016 Remaster)","Phil Collins","The Singles","134036426","796675","205","false","https://cdnt-preview.dzcdn.net/api/1/1/7/e/0/0/7e0e95d8f63673d97524c86726248195.mp3?hdnea=exp=1781147013~acl=/api/1/1/7/e/0/0/7e0e95d8f63673d97524c86726248195.mp3*~data=user_id=0,application_id=42~hmac=7ddb5d7adcffcecb1334990eaaaf9ecb9f3de649a48f4480dff96e633f728fc2"
"You Can't Hurry Love (2016 Remaster)","Phil Collins","The Singles (Expanded)","134036220","796418","174","false","https://cdnt-preview.dzcdn.net/api/1/1/3/a/c/0/3ac395bbb91a92d92bc0b6c7d3be36fe.mp3?hdnea=exp=1781147013~acl=/api/1/1/3/a/c/0/3ac395bbb91a92d92bc0b6c7d3be36fe.mp3*~data=user_id=0,application_id=42~hmac=bbcf275126217d60c26bdf225a1de755d67619ce5c509a69bf143566abef837d"
"The Look","Roxette","The Pop Hits","3092167","794792","237","false","https://cdnt-preview.dzcdn.net/api/1/1/1/4/4/0/144e628893ceca652e7f5300722f6c32.mp3?hdnea=exp=1781147013~acl=/api/1/1/1/4/4/0/144e628893ceca652e7f5300722f6c32.mp3*~data=user_id=0,application_id=42~hmac=4f0936b437de399867ea66d87efb8aea2cb6e9ac5da670e0290ad7985af397ff"
"Owner of a Lonely Heart","Yes","90125 (Deluxe Version)","3613215","793167","268","false","https://cdnt-preview.dzcdn.net/api/1/1/3/2/a/0/32a72db166b5035d2ab5d993099e82c1.mp3?hdnea=exp=1781147013~acl=/api/1/1/3/2/a/0/32a72db166b5035d2ab5d993099e82c1.mp3*~data=user_id=0,application_id=42~hmac=39a2f5bdc874e70ac4eb4dd57d11ee3d14b90368c55cfb4a8350fe8b52c13f64"
"Baby Jane (2008 Remaster)","Rod Stewart","Some Guys Have All the Luck","2550611","791019","283","false","https://cdnt-preview.dzcdn.net/api/1/1/8/b/6/0/8b65df04c86e0e01739ccd6e78f2de52.mp3?hdnea=exp=1781147013~acl=/api/1/1/8/b/6/0/8b65df04c86e0e01739ccd6e78f2de52.mp3*~data=user_id=0,application_id=42~hmac=017bff6f606e779b4b0f94f086ade1f4342926e66c140cbdfaf796ff3962c8e5"
"She's Like the Wind (feat. Wendy Fraser) (From ""Dirty Dancing"" Soundtrack)","Patrick Swayze","Dirty Dancing (Original Motion Picture Soundtrack)","13128241","788638","231","false","https://cdnt-preview.dzcdn.net/api/1/1/8/8/3/0/883edefba6e5ee8801d664c13438e9d2.mp3?hdnea=exp=1781147014~acl=/api/1/1/8/8/3/0/883edefba6e5ee8801d664c13438e9d2.mp3*~data=user_id=0,application_id=42~hmac=52a819b870c85ab92438ddc7e7c50a6309a7009be261d8924f2520f45867c96d"
"Woman In Chains","Tears For Fears","Rule The World: The Greatest Hits","424565902","787284","390","false","https://cdnt-preview.dzcdn.net/api/1/1/7/8/a/0/78a3157de288be9d2e04f49eab7aba04.mp3?hdnea=exp=1781147013~acl=/api/1/1/7/8/a/0/78a3157de288be9d2e04f49eab7aba04.mp3*~data=user_id=0,application_id=42~hmac=b066943f016c65bfebf3fb6b9e517ab5c4b2815c9a0e8a128516da1d223b8087"
"I'm On Fire","Bruce Springsteen","Born In The U.S.A.","15586369","785010","156","false","https://cdnt-preview.dzcdn.net/api/1/1/c/1/d/0/c1d3383d0ec604498bdf2a2a1ace4c6e.mp3?hdnea=exp=1781147013~acl=/api/1/1/c/1/d/0/c1d3383d0ec604498bdf2a2a1ace4c6e.mp3*~data=user_id=0,application_id=42~hmac=fa94f2bfe11ea643d9e9d183716bab7a3464b5e893de1bdef19e856a3c20c368"
"Smalltown Boy","Bronski Beat","The Age of Consent","428690122","784912","302","false","https://cdnt-preview.dzcdn.net/api/1/1/0/b/d/0/0bd67a2e97f0fd8a55101393279e8276.mp3?hdnea=exp=1781147012~acl=/api/1/1/0/b/d/0/0bd67a2e97f0fd8a55101393279e8276.mp3*~data=user_id=0,application_id=42~hmac=1404ce98c97714e739f10647f0f2488810491afaeae248840c997b5feae6e847"
"Holding Back the Years (2008 Remaster)","Simply Red","Picture Book (Expanded Version)","2477001","784858","269","false","https://cdnt-preview.dzcdn.net/api/1/1/4/5/4/0/4549456bf8d5d0ca779344ceed0f393c.mp3?hdnea=exp=1781147013~acl=/api/1/1/4/5/4/0/4549456bf8d5d0ca779344ceed0f393c.mp3*~data=user_id=0,application_id=42~hmac=126e69cb9800a39c285db09c8def595ee00204c1bead1f3d79dd0e0cbf99d2a6"
"Tarzan Boy","Baltimora","Living In The Background","3389903","784501","378","false","https://cdnt-preview.dzcdn.net/api/1/1/9/6/f/0/96f9bb021411836210e8c21f64a82f0f.mp3?hdnea=exp=1781147012~acl=/api/1/1/9/6/f/0/96f9bb021411836210e8c21f64a82f0f.mp3*~data=user_id=0,application_id=42~hmac=c0e5a315359010aa06d25127a3fec4bae58eadbf33703a425aacc3a8f013c763"
"Sexual Healing","Marvin Gaye","The Best Of","536979","783598","239","false","https://cdnt-preview.dzcdn.net/api/1/1/2/1/5/0/2157ea243624648574fd9dde1d080611.mp3?hdnea=exp=1781147012~acl=/api/1/1/2/1/5/0/2157ea243624648574fd9dde1d080611.mp3*~data=user_id=0,application_id=42~hmac=0461fa78e86b2bfcaf72fb86e444c8f87e7b0f85ddfc59fbf87e2a3fbc4d48c8"
"Eye of the Tiger","Survivor","Eye Of The Tiger","963098","782743","245","false","https://cdnt-preview.dzcdn.net/api/1/1/3/6/a/0/36a3a63c89bcb68c28c57f6dc0b17110.mp3?hdnea=exp=1781147012~acl=/api/1/1/3/6/a/0/36a3a63c89bcb68c28c57f6dc0b17110.mp3*~data=user_id=0,application_id=42~hmac=4f6042252f56ce7efbe923676236bef9ead87e9c48979bd6c8ff0d992663a277"
"The Sun Always Shines on T.V.","a-ha","Hunting High and Low","664115","780496","302","false","https://cdnt-preview.dzcdn.net/api/1/1/7/6/b/0/76b1410b908184bccd0bce2cf9ec406f.mp3?hdnea=exp=1781147015~acl=/api/1/1/7/6/b/0/76b1410b908184bccd0bce2cf9ec406f.mp3*~data=user_id=0,application_id=42~hmac=d8e9f72ccbf5a0d6350a8520ca54999c0920f8bedd1ca95503cdfeb277cdeeb4"
"Never Ending Story","Limahl","The Very Best Of Kajagoogoo","3518231","780154","210","false","https://cdnt-preview.dzcdn.net/api/1/1/3/0/2/0/302a4ef6741ffe4d549e6b7bf869cd9c.mp3?hdnea=exp=1781147013~acl=/api/1/1/3/0/2/0/302a4ef6741ffe4d549e6b7bf869cd9c.mp3*~data=user_id=0,application_id=42~hmac=a87bffb26b3a40a81fc7e00998a006a704c98b250bd52a6d46dee9ee2f21753d"
"Blue Monday '88","New Order","The Best of New Order","706051","779067","244","false","https://cdnt-preview.dzcdn.net/api/1/1/7/a/e/0/7aea8a4ca1d9900292e76da306cf1692.mp3?hdnea=exp=1781147014~acl=/api/1/1/7/a/e/0/7aea8a4ca1d9900292e76da306cf1692.mp3*~data=user_id=0,application_id=42~hmac=29fef63c9227da83a6efa91df2a73722026fc96843b8e9767a737223998d9f5a"
"Pride (In The Name Of Love) (Remastered 2009)","U2","The Unforgettable Fire (Remastered)","4587261","778502","228","false","https://cdnt-preview.dzcdn.net/api/1/1/4/2/6/0/426cf9401d6beb5c55c805edb5f9c420.mp3?hdnea=exp=1781147013~acl=/api/1/1/4/2/6/0/426cf9401d6beb5c55c805edb5f9c420.mp3*~data=user_id=0,application_id=42~hmac=102ef42532169821b7fd34847ea300ef7c98580d1b9f61782d3a9acce02790b7"
"The Final Countdown","Europe","Rock The Night - The Very Best Of Europe","619310","776625","310","false","https://cdnt-preview.dzcdn.net/api/1/1/7/6/2/0/7626fba38c65e5dfc73242566f962705.mp3?hdnea=exp=1781147012~acl=/api/1/1/7/6/2/0/7626fba38c65e5dfc73242566f962705.mp3*~data=user_id=0,application_id=42~hmac=5be2c61abab8d40fa873e81333c6304accd3781086602792480aae481cc9a47a"
"It's My Life (1997 Remaster)","Talk Talk","It's My Life","3257507","771334","232","false","https://cdnt-preview.dzcdn.net/api/1/1/1/a/9/0/1a9bd11cb47c2a161433c21d1cbffd9c.mp3?hdnea=exp=1781147012~acl=/api/1/1/1/a/9/0/1a9bd11cb47c2a161433c21d1cbffd9c.mp3*~data=user_id=0,application_id=42~hmac=2cb13772908f93b44e1177c1645828a6988aa1ec097e551cdd7d2b707afcee08"
"Hungry Eyes (From ""Dirty Dancing"" Soundtrack)","Eric Carmen","Dirty Dancing (Original Motion Picture Soundtrack)","13128242","770294","246","false","https://cdnt-preview.dzcdn.net/api/1/1/5/5/5/0/55504ce436582641246668649e4f401a.mp3?hdnea=exp=1781147015~acl=/api/1/1/5/5/5/0/55504ce436582641246668649e4f401a.mp3*~data=user_id=0,application_id=42~hmac=fc036955e8d54bca965d5809a29beadfc2ccf1212902e12b333b4485dcb4820e"
"Ain't Nobody","Chaka Khan","Epiphany: The Best of Chaka Khan, Vol. 1","776220","768052","280","false","https://cdnt-preview.dzcdn.net/api/1/1/0/1/6/0/016f347156484c43810cacd9aff8f66e.mp3?hdnea=exp=1781147013~acl=/api/1/1/0/1/6/0/016f347156484c43810cacd9aff8f66e.mp3*~data=user_id=0,application_id=42~hmac=c634bd9dc50311db88c40f368b2f24d0b61b736d40eef202adbd398bae8c43c4"
"Girls Just Want to Have Fun","Cyndi Lauper","She's So Unusual: A 30th Anniversary Celebration (Deluxe Edition)","76057844","766563","235","false","https://cdnt-preview.dzcdn.net/api/1/1/8/0/2/0/8029ee36f2638c65b196f42a2b884dc1.mp3?hdnea=exp=1781147012~acl=/api/1/1/8/0/2/0/8029ee36f2638c65b196f42a2b884dc1.mp3*~data=user_id=0,application_id=42~hmac=7202bc54a885c69c9881d825e6c5132de805db003301bfe0b294c4f2f896f051"
"Walking On Sunshine","Katrina & The Waves","Katrina & The Waves","3166724","760630","238","false","https://cdnt-preview.dzcdn.net/api/1/1/7/3/3/0/73334a7574876bdf8e20a302a08fa960.mp3?hdnea=exp=1781147012~acl=/api/1/1/7/3/3/0/73334a7574876bdf8e20a302a08fa960.mp3*~data=user_id=0,application_id=42~hmac=437b84f1308ba225b5702b58e640e415019b40a8f5106e146a4e1b61535af6ca"
"Burning Heart (From ""Rocky IV"" Soundtrack)","Survivor","Rocky IV","576423","759514","231","false","https://cdnt-preview.dzcdn.net/api/1/1/9/7/4/0/97415dee2c4b93aac66d60fc9b97e555.mp3?hdnea=exp=1781147012~acl=/api/1/1/9/7/4/0/97415dee2c4b93aac66d60fc9b97e555.mp3*~data=user_id=0,application_id=42~hmac=7cf795412129c9a22bb7ade7b462e0a9189615f6cf9f3aca98206899d5d97d0e"
"Last Christmas","Wham!","LAST CHRISTMAS","1036586","757398","264","false","https://cdnt-preview.dzcdn.net/api/1/1/3/6/8/0/3681d220b05d2975e18799dedfa0c2cc.mp3?hdnea=exp=1781147015~acl=/api/1/1/3/6/8/0/3681d220b05d2975e18799dedfa0c2cc.mp3*~data=user_id=0,application_id=42~hmac=113efef7956588bdad18c69d06a7ed918f2bf4dfb3cc0beb094561e658d484ef"
"Take A Chance On Me","ABBA","ABBA Gold","884028","756409","243","false","https://cdnt-preview.dzcdn.net/api/1/1/9/6/a/0/96a4f8f3fdc72bc05043e4e4896bebac.mp3?hdnea=exp=1781147012~acl=/api/1/1/9/6/a/0/96a4f8f3fdc72bc05043e4e4896bebac.mp3*~data=user_id=0,application_id=42~hmac=f6fcea288b57b594311441fc2b311f0148268bae83f2344bade0f4bc04af1f89"
"Like a Virgin","Madonna","Like a Virgin","678336","754763","218","false","https://cdnt-preview.dzcdn.net/api/1/1/2/5/f/0/25fbaf464b037d6c6fefd78a9ef1c115.mp3?hdnea=exp=1781147012~acl=/api/1/1/2/5/f/0/25fbaf464b037d6c6fefd78a9ef1c115.mp3*~data=user_id=0,application_id=42~hmac=f67d6a1f2ab8bb48bd4a21392e69d76a7ad527583abb8749c990f11e9c6ec1a4"
"You Can Call Me Al","Paul Simon","The Essential Paul Simon","6599483","754732","281","false","https://cdnt-preview.dzcdn.net/api/1/1/7/3/7/0/737569121a2da36b5b72bb3c13b22835.mp3?hdnea=exp=1781147012~acl=/api/1/1/7/3/7/0/737569121a2da36b5b72bb3c13b22835.mp3*~data=user_id=0,application_id=42~hmac=0285a0d54863a83471a9d6f59f1d36caa3b5ae986a87fa9833b1e338ffaf7891"
"Hooked On A Feeling","Blue Swede","Hooked On A Feeling","3402413","754339","173","false","https://cdnt-preview.dzcdn.net/api/1/1/f/7/8/0/f78d5d95e7afc503acf224edb8d65d89.mp3?hdnea=exp=1781147012~acl=/api/1/1/f/7/8/0/f78d5d95e7afc503acf224edb8d65d89.mp3*~data=user_id=0,application_id=42~hmac=3d828eefcbbf8df55f01b5173298fdbcdcbeeac7a8db334e032cca9dd6d4b857"
"Break My Stride","Matthew Wilder","I Don't Speak The Language","5503498","753968","184","false","https://cdnt-preview.dzcdn.net/api/1/1/a/8/9/0/a893c0ec5a8908a7a3b0aefd2ba9e086.mp3?hdnea=exp=1781147012~acl=/api/1/1/a/8/9/0/a893c0ec5a8908a7a3b0aefd2ba9e086.mp3*~data=user_id=0,application_id=42~hmac=c6812841537a4409883a5b2e6a54be16e33e54d77a7c82347ad4d6ebd69e3f7b"
"I'm Gonna Be (500 Miles)","The Proclaimers","The Best Of","3109247","753961","219","false","https://cdnt-preview.dzcdn.net/api/1/1/e/d/1/0/ed178dc1475c336eda755d3c17461ed2.mp3?hdnea=exp=1781147012~acl=/api/1/1/e/d/1/0/ed178dc1475c336eda755d3c17461ed2.mp3*~data=user_id=0,application_id=42~hmac=05fab453188ce5f02e35fe31b36a2a18850f894e26fc1e1dc988f87aaa86716d"
"Black Velvet","Alannah Myles","Alannah Myles","674958","753703","287","false","https://cdnt-preview.dzcdn.net/api/1/1/3/e/a/0/3eaa53bc90f8e5a39cc2b75f2690bda1.mp3?hdnea=exp=1781147015~acl=/api/1/1/3/e/a/0/3eaa53bc90f8e5a39cc2b75f2690bda1.mp3*~data=user_id=0,application_id=42~hmac=a6aff614dec15c884bf0084c2a36acad4f49c895b512ff06ee3fc69b07a7392e"
"I Want to Know What Love Is (1999 Remaster)","Foreigner","Agent Provocateur","675818","753671","304","false","https://cdnt-preview.dzcdn.net/api/1/1/6/3/f/0/63f32f7f3247341d42d18f1b4cc6d92e.mp3?hdnea=exp=1781147012~acl=/api/1/1/6/3/f/0/63f32f7f3247341d42d18f1b4cc6d92e.mp3*~data=user_id=0,application_id=42~hmac=a060e1b6ad63839aae57395f62f5cb69f046cd4aff88c75c5e6c326081af9860"
"Cruel Summer","Bananarama","The Greatest Hits Collection (Collector Edition)","421388782","749171","215","false","https://cdnt-preview.dzcdn.net/api/1/1/7/7/c/0/77c96fe09f15cf910bae669ba8acde4c.mp3?hdnea=exp=1781147013~acl=/api/1/1/7/7/c/0/77c96fe09f15cf910bae669ba8acde4c.mp3*~data=user_id=0,application_id=42~hmac=4e5d4e3b0f4e62a81e3fe7aed36ae6e4fedd14aaf00111e55b89afc9f257ff34"
"Rock the Casbah (Remastered)","The Clash","Combat Rock (Remastered)","69962765","748538","223","false","https://cdnt-preview.dzcdn.net/api/1/1/0/4/0/0/040a22b2915d8144b9a0b69847b5d994.mp3?hdnea=exp=1781147012~acl=/api/1/1/0/4/0/0/040a22b2915d8144b9a0b69847b5d994.mp3*~data=user_id=0,application_id=42~hmac=e7e4dd54a00dcbfabd0df7b74cbf0a251b88dd0a43df51eaefbe3552b51d3e1f"
"I Wanna Dance with Somebody (Who Loves Me)","Whitney Houston","Masters Series - 80's Club Party","4945407","747266","293","false","https://cdnt-preview.dzcdn.net/api/1/1/c/2/9/0/c290c93cc53de913cf181d3f028abc0f.mp3?hdnea=exp=1781147012~acl=/api/1/1/c/2/9/0/c290c93cc53de913cf181d3f028abc0f.mp3*~data=user_id=0,application_id=42~hmac=f7fef5f737de5ba7db71ff419c43c2ff551160867eca04ac688a103348e1bbc8"
"Ride on Time","Black Box","Dreamland","70051871","747097","272","false","https://cdnt-preview.dzcdn.net/api/1/1/d/f/e/0/dfed4536c297a3933c7c3d348ea01d37.mp3?hdnea=exp=1781147015~acl=/api/1/1/d/f/e/0/dfed4536c297a3933c7c3d348ea01d37.mp3*~data=user_id=0,application_id=42~hmac=6b108fd2fa9d5183cc851b39cb3dc7003b0dd691f7e1a83d38b9c63e76d4f5d2"
"Don't You Want Me","The Human League","Dare!","3092940","746675","236","false","https://cdnt-preview.dzcdn.net/api/1/1/7/e/a/0/7ea8a26b25552e6667c5c1e79a4e37bd.mp3?hdnea=exp=1781147012~acl=/api/1/1/7/e/a/0/7ea8a26b25552e6667c5c1e79a4e37bd.mp3*~data=user_id=0,application_id=42~hmac=d3c10cc359df6c7b8098c578388656156479ddcaff719c4079dce5425dc55507"
"Got My Mind Set on You","George Harrison","Cloud Nine","3164587","741905","232","false","https://cdnt-preview.dzcdn.net/api/1/1/d/4/9/0/d4944104d7af1fc99312f2cb55444a86.mp3?hdnea=exp=1781147012~acl=/api/1/1/d/4/9/0/d4944104d7af1fc99312f2cb55444a86.mp3*~data=user_id=0,application_id=42~hmac=b9285faba4ef31faf69b76d232e4499e8db9e6e46ce86d6294dd87aa2764f61d"
"Alone","Heart","Bad Animals","3127630","740927","218","false","https://cdnt-preview.dzcdn.net/api/1/1/2/f/9/0/2f9bf282efccca1cb2b5806315c8a807.mp3?hdnea=exp=1781147013~acl=/api/1/1/2/f/9/0/2f9bf282efccca1cb2b5806315c8a807.mp3*~data=user_id=0,application_id=42~hmac=74e3e53d3635a260b2aa46766f2e36a0df7cc8f2b011dc6dcd81dda7f21a2d10"
"Every Time You Go Away (Radio Edit)","Paul Young","From Time To Time - The Singles Collection","10157132","740901","267","false","https://cdnt-preview.dzcdn.net/api/1/1/6/5/2/0/6525c248627334ea4fc1761be23eecbf.mp3?hdnea=exp=1781147014~acl=/api/1/1/6/5/2/0/6525c248627334ea4fc1761be23eecbf.mp3*~data=user_id=0,application_id=42~hmac=6dfd63bf724f260e520c95e530f36716b7feb8cedad3770a942d30adb7264019"
"Gypsy","Fleetwood Mac","Greatest Hits","664445","739077","264","false","https://cdnt-preview.dzcdn.net/api/1/1/6/5/a/0/65a59cebf8f704f320e21a6689cfcb48.mp3?hdnea=exp=1781147013~acl=/api/1/1/6/5/a/0/65a59cebf8f704f320e21a6689cfcb48.mp3*~data=user_id=0,application_id=42~hmac=6b481109024a30f61fa4b926700667cf34f72c1d9e0c4e22f5af2a3e9bb2e519"
"Crazy Little Thing Called Love","Queen","Bohemian Rhapsody (The Original Soundtrack)","568121002","734267","164","false","https://cdnt-preview.dzcdn.net/api/1/1/e/8/4/0/e84ca26dc530e3f1170d17a5bdd5afef.mp3?hdnea=exp=1781147012~acl=/api/1/1/e/8/4/0/e84ca26dc530e3f1170d17a5bdd5afef.mp3*~data=user_id=0,application_id=42~hmac=1a820eb74a94391fb528a21427e97d1039c5f35bb883115755b0c378fe6389d7"
"Father Figure (Remastered)","George Michael","Faith","8146780","733859","341","false","https://cdnt-preview.dzcdn.net/api/1/1/b/4/9/0/b49977495be746a2684154595dd4c01b.mp3?hdnea=exp=1781147012~acl=/api/1/1/b/4/9/0/b49977495be746a2684154595dd4c01b.mp3*~data=user_id=0,application_id=42~hmac=bcc00d59b804756b0a08575b355e803066885d93ed14d28b8797c23947fd9a8d"
"We Didn't Start the Fire","Billy Joel","Storm Front","626123","732111","288","false","https://cdnt-preview.dzcdn.net/api/1/1/3/c/2/0/3c217db98586cfe1f9e923b0bde7db96.mp3?hdnea=exp=1781147012~acl=/api/1/1/3/c/2/0/3c217db98586cfe1f9e923b0bde7db96.mp3*~data=user_id=0,application_id=42~hmac=0d48c61a528fee585cfb9ebd667b542094807f3c1b2ab15e10a9f0b0789eb9db"
"What A Feeling","Irene Cara","What A Feeling","1434081","731386","244","false","https://cdnt-preview.dzcdn.net/api/1/1/2/1/2/0/2128364f3c452b0a72646c60d9c7e642.mp3?hdnea=exp=1781147012~acl=/api/1/1/2/1/2/0/2128364f3c452b0a72646c60d9c7e642.mp3*~data=user_id=0,application_id=42~hmac=3bc8ce91f2e8dfcd0d396a5b162d418d4d74d7fd9ab9bdcfe8000c9a3543281d"
"Danger Zone (From ""Top Gun"" Original Soundtrack)","Kenny Loggins","Top Gun - Motion Picture Soundtrack (Special Expanded Edition)","7675051","731017","216","false","https://cdnt-preview.dzcdn.net/api/1/1/b/c/c/0/bcc0d5e2b54fc68c89a011a16752f2eb.mp3?hdnea=exp=1781147012~acl=/api/1/1/b/c/c/0/bcc0d5e2b54fc68c89a011a16752f2eb.mp3*~data=user_id=0,application_id=42~hmac=6e1480ba294f0467f4e75306a821d266311b598aeb4ecaa78807ece770a7e905"
"Drive","The Cars","Complete Greatest Hits","674711","730475","237","false","https://cdnt-preview.dzcdn.net/api/1/1/2/c/0/0/2c09d36b4ad8dcde11de5119a7dea00b.mp3?hdnea=exp=1781147013~acl=/api/1/1/2/c/0/0/2c09d36b4ad8dcde11de5119a7dea00b.mp3*~data=user_id=0,application_id=42~hmac=62dafef4611da645f48cdb1d1d9a486f12481f5ba533a57d301a2cd1c9c45118"
"Don't Get Me Wrong","Pretenders","The Singles","661228","729015","226","false","https://cdnt-preview.dzcdn.net/api/1/1/a/c/b/0/acb8d21eecb1b7e2d136b529295cfbaa.mp3?hdnea=exp=1781147015~acl=/api/1/1/a/c/b/0/acb8d21eecb1b7e2d136b529295cfbaa.mp3*~data=user_id=0,application_id=42~hmac=3f45c91271757e1885c198a54e7f0b9b76e8ca2e7dcfaa1af8de9d95f9a7cd8f"
"Rosanna","Toto","Toto IV","1079628","727881","331","false","https://cdnt-preview.dzcdn.net/api/1/1/5/4/7/0/5479434824d3313fc41a95f3a54524a3.mp3?hdnea=exp=1781147012~acl=/api/1/1/5/4/7/0/5479434824d3313fc41a95f3a54524a3.mp3*~data=user_id=0,application_id=42~hmac=595d7a273019ec558cb0fca2aac64541f602b4916ae3efaf5b945f0d9331e290"
"Glory of Love","Peter Cetera","Solitude / Solitaire","2627636","727874","258","false","https://cdnt-preview.dzcdn.net/api/1/1/f/1/7/0/f174bc3005a02a510f101dd5e27424e3.mp3?hdnea=exp=1781147015~acl=/api/1/1/f/1/7/0/f174bc3005a02a510f101dd5e27424e3.mp3*~data=user_id=0,application_id=42~hmac=ce9c5ad04fa466ea2579f703a8f3e7848b64efc1910bfbfa068c444c8b5193b3"
"A View to a Kill","Duran Duran","Greatest","3130429","725653","217","false","https://cdnt-preview.dzcdn.net/api/1/1/d/9/9/0/d99afbf5023925e91aa33dced65d0b26.mp3?hdnea=exp=1781147013~acl=/api/1/1/d/9/9/0/d99afbf5023925e91aa33dced65d0b26.mp3*~data=user_id=0,application_id=42~hmac=c55ffceeeabc73380233c055db4d7659ebd940e0e6256ac01b43de6dbd3230a9"
"The Boys Of Summer","Don Henley","The Very Best Of","3977905","725326","287","false","https://cdnt-preview.dzcdn.net/api/1/1/1/d/9/0/1d996a7a67991def36c8b625dbbbcdb8.mp3?hdnea=exp=1781147013~acl=/api/1/1/1/d/9/0/1d996a7a67991def36c8b625dbbbcdb8.mp3*~data=user_id=0,application_id=42~hmac=5edbfafbea3c06283d005c08c6bbb218dd03684974937bffff577aba981752f6"
"My Sharona","The Knack","Get The Knack","3248376","724568","295","false","https://cdnt-preview.dzcdn.net/api/1/1/c/3/d/0/c3d9ab379dee520c7a297fc144d326cb.mp3?hdnea=exp=1781147012~acl=/api/1/1/c/3/d/0/c3d9ab379dee520c7a297fc144d326cb.mp3*~data=user_id=0,application_id=42~hmac=1f7d885f5573169a2c55cf1d79eb303249489660c984f93e592a0eb0034a27e9"
"Never Too Much","Luther Vandross","Never Too Much","608507","721755","230","false","https://cdnt-preview.dzcdn.net/api/1/1/3/3/3/0/3335ab5b4a9039013cc4d125da59d7ac.mp3?hdnea=exp=1781147012~acl=/api/1/1/3/3/3/0/3335ab5b4a9039013cc4d125da59d7ac.mp3*~data=user_id=0,application_id=42~hmac=883b3ddb1dbe094e7fa5796b63cf3c7898361aaabdb4248533ccefe11cce5970"
"West End Girls","Pet Shop Boys","Discography - Complete Singles Collection","3122969","719303","240","false","https://cdnt-preview.dzcdn.net/api/1/1/0/1/d/0/01db1fc01f6ef047414b1369f112473f.mp3?hdnea=exp=1781147012~acl=/api/1/1/0/1/d/0/01db1fc01f6ef047414b1369f112473f.mp3*~data=user_id=0,application_id=42~hmac=d356671a46236afbffc9c4a71bb8027c9002fe12fd4ad28acd1096e516d4ad60"
"Every Breath You Take (Remastered 2003)","The Police","The Police","1177883","717838","254","false","https://cdnt-preview.dzcdn.net/api/1/1/c/3/1/0/c31a16379c70e8193c3193b3c1d172c9.mp3?hdnea=exp=1781147012~acl=/api/1/1/c/3/1/0/c31a16379c70e8193c3193b3c1d172c9.mp3*~data=user_id=0,application_id=42~hmac=821a6c83fea1c772609cd43b3737a5feb306a22a0826222396beae2dba4f0552"
"Under Pressure","Queen","Bohemian Rhapsody (The Original Soundtrack)","568121052","716292","247","false","https://cdnt-preview.dzcdn.net/api/1/1/b/a/e/0/bae65d938e2cac3e858b6d76ee21d2fd.mp3?hdnea=exp=1781147012~acl=/api/1/1/b/a/e/0/bae65d938e2cac3e858b6d76ee21d2fd.mp3*~data=user_id=0,application_id=42~hmac=0a5071f0e5a40b28a016ed68c2f87b154b85b84768abec771b05d21192c49303"
"One Moment in Time (Remastered)","Whitney Houston","The Ultimate Collection","2795612","714692","284","false","https://cdnt-preview.dzcdn.net/api/1/1/b/c/b/0/bcb13e6536c55d14209174896d85ef73.mp3?hdnea=exp=1781147014~acl=/api/1/1/b/c/b/0/bcb13e6536c55d14209174896d85ef73.mp3*~data=user_id=0,application_id=42~hmac=34586f54bb8bca55451075d5c4e072b88538675d5a39817d1b0d67c749cc12ce"
"Where The Streets Have No Name","U2","The Best Of 1980-1990 & B-Sides","347363351","713409","275","false","https://cdnt-preview.dzcdn.net/api/1/1/0/6/6/0/066dc7660801e3e410e7f9d55bc54895.mp3?hdnea=exp=1781147013~acl=/api/1/1/0/6/6/0/066dc7660801e3e410e7f9d55bc54895.mp3*~data=user_id=0,application_id=42~hmac=69a9d84018cf6447b5d83850d9e3d2b02bb9abcd4ff701e76fd9dc188b942246"
"Pour Some Sugar On Me","Def Leppard","Hysteria","447552822","711936","265","false","https://cdnt-preview.dzcdn.net/api/1/1/5/b/8/0/5b87fbdb6487f201b23d37e7e2adea41.mp3?hdnea=exp=1781147013~acl=/api/1/1/5/b/8/0/5b87fbdb6487f201b23d37e7e2adea41.mp3*~data=user_id=0,application_id=42~hmac=d744a16a71e1eab96fccc26bd4a2c0d6696570e6de22a028c81580bda64ccb11"
"Never Let Me Down Again","Depeche Mode","Music for the Masses (Deluxe)","136334622","707144","288","false","https://cdnt-preview.dzcdn.net/api/1/1/d/8/e/0/d8e268efbf105c80a7215eb8973eba2e.mp3?hdnea=exp=1781147012~acl=/api/1/1/d/8/e/0/d8e268efbf105c80a7215eb8973eba2e.mp3*~data=user_id=0,application_id=42~hmac=108d3a4b7953aac9931853b1190a8b1ea4cff9d8db9b9c1a55f6c393d1e01d6c"
"You Make My Dreams (Come True)","Daryl Hall & John Oates","Voices","546004","706405","190","false","https://cdnt-preview.dzcdn.net/api/1/1/5/a/b/0/5ab6be12931c10e91df8515094790923.mp3?hdnea=exp=1781147012~acl=/api/1/1/5/a/b/0/5ab6be12931c10e91df8515094790923.mp3*~data=user_id=0,application_id=42~hmac=2685ba5305acb3da56a39380758da636d252c003634167e75b02387fabfad2c8"
"Careless Whisper","George Michael","Ladies & Gentlemen","10392072","706267","300","false","https://cdnt-preview.dzcdn.net/api/1/1/0/d/3/0/0d3f3811d395d542796b226921015c71.mp3?hdnea=exp=1781147012~acl=/api/1/1/0/d/3/0/0d3f3811d395d542796b226921015c71.mp3*~data=user_id=0,application_id=42~hmac=c894819122bbb1ff6b4fe758c726d7b40342515ff1573a828a2489d26a6ac9dd"
"Sledgehammer","Peter Gabriel","So (Remastered)","540503442","704205","313","false","https://cdnt-preview.dzcdn.net/api/1/1/2/b/6/0/2b69a1deb5c38c1dd63efacf7f1d8a33.mp3?hdnea=exp=1781147013~acl=/api/1/1/2/b/6/0/2b69a1deb5c38c1dd63efacf7f1d8a33.mp3*~data=user_id=0,application_id=42~hmac=06e18a37fe6d831aeff0d2b95d83f67855a542a1452760e1db441c00f768bfc3"
"All Out of Love","Air Supply","Collections","546790","703567","241","false","https://cdnt-preview.dzcdn.net/api/1/1/2/a/1/0/2a1851738532a3e0e7dd2e3650b584f8.mp3?hdnea=exp=1781147012~acl=/api/1/1/2/a/1/0/2a1851738532a3e0e7dd2e3650b584f8.mp3*~data=user_id=0,application_id=42~hmac=723d9f5bd21aca2159ec15f01f88c6920600b7b2fa187af26b8e7f8d42e7212f"
"Broken Wings","Mr. Mister","Welcome To The Real World","15391705","702935","345","false","https://cdnt-preview.dzcdn.net/api/1/1/f/5/d/0/f5d55e7f243326cf7b82f8669f7c580f.mp3?hdnea=exp=1781147013~acl=/api/1/1/f/5/d/0/f5d55e7f243326cf7b82f8669f7c580f.mp3*~data=user_id=0,application_id=42~hmac=b957b2617c7bd531fa6e44d09bb55aa108395099134221f738b5912361456861"
"Forget Me Nots (Remastered)","Patrice Rushen","Straight From The Heart","434614222","702477","284","false","https://cdnt-preview.dzcdn.net/api/1/1/2/0/a/0/20ab7570b71579db3ab9eaa6f4b4ac8f.mp3?hdnea=exp=1781147014~acl=/api/1/1/2/0/a/0/20ab7570b71579db3ab9eaa6f4b4ac8f.mp3*~data=user_id=0,application_id=42~hmac=dfe48bc6a78b3089c82ff7c623c2759b938c26f19379983b134d6456e3faeb4a"
"Waiting for a Girl like You","Foreigner","4 (Expanded)","2814886","702137","292","false","https://cdnt-preview.dzcdn.net/api/1/1/e/8/5/0/e85d0680ead1783df9bfb151c0b8af0f.mp3?hdnea=exp=1781147014~acl=/api/1/1/e/8/5/0/e85d0680ead1783df9bfb151c0b8af0f.mp3*~data=user_id=0,application_id=42~hmac=4ea694a90878dc7d0c667e1e42a6b4642623351ddad1a4e2f492ba25b070c125"
"Always on My Mind","Pet Shop Boys","Discography - Complete Singles Collection","3122976","701346","234","false","https://cdnt-preview.dzcdn.net/api/1/1/9/b/b/0/9bb1aa0d6cfd12786bebb80b3e7b84d1.mp3?hdnea=exp=1781147012~acl=/api/1/1/9/b/b/0/9bb1aa0d6cfd12786bebb80b3e7b84d1.mp3*~data=user_id=0,application_id=42~hmac=cad5ea974776fff53ab488f80762d9c175124ce250f2fc1213e4bf9be3259a09"
"Hungry Heart","Bruce Springsteen","The River","15177141","700397","199","false","https://cdnt-preview.dzcdn.net/api/1/1/d/8/0/0/d8072b0d5ea737c983762c57f8991fae.mp3?hdnea=exp=1781147012~acl=/api/1/1/d/8/0/0/d8072b0d5ea737c983762c57f8991fae.mp3*~data=user_id=0,application_id=42~hmac=a78b546f3f64fdbeed69b71483a68a4ffc35781ed031e8545bf5c798ab1a6a2b"
"Caribbean Queen (No More Love on the Run)","Billy Ocean","The Best Of... / REVOKED NEW -> G010001877208R","2168095","700014","244","false","https://cdnt-preview.dzcdn.net/api/1/1/d/4/9/0/d498b3de15c1d28fd2b2feb343cf1a9d.mp3?hdnea=exp=1781147012~acl=/api/1/1/d/4/9/0/d498b3de15c1d28fd2b2feb343cf1a9d.mp3*~data=user_id=0,application_id=42~hmac=6174d94c1d78faec41238d427515f7d6710d998b670f402e1c043c0aa211aeb8"
"Stuck On You","Lionel Richie","Can't Slow Down","920067","697149","190","false","https://cdnt-preview.dzcdn.net/api/1/1/b/d/c/0/bdc6385b031a9876dfa389c16c583474.mp3?hdnea=exp=1781147014~acl=/api/1/1/b/d/c/0/bdc6385b031a9876dfa389c16c583474.mp3*~data=user_id=0,application_id=42~hmac=95e6de5479da5cb4abf7145b4b8d615449f48daa3c6d5e48c19dc0323af1f2fa"
"Don't Stop The Dance","Bryan Ferry","Boys And Girls","3135078","695431","259","false","https://cdnt-preview.dzcdn.net/api/1/1/a/6/a/0/a6a26006ef3149bb731926bbc9d610f9.mp3?hdnea=exp=1781147012~acl=/api/1/1/a/6/a/0/a6a26006ef3149bb731926bbc9d610f9.mp3*~data=user_id=0,application_id=42~hmac=45ab84b833cc9e878395860a71323bac8889fc96104174e422bbb087f93acdc2"
"Rivers of Babylon","Boney M.","Rivers Of Babylon","968798","695338","262","false","https://cdnt-preview.dzcdn.net/api/1/1/0/2/1/0/021ea95d7fdd138c63ad77b45d1eab5d.mp3?hdnea=exp=1781147012~acl=/api/1/1/0/2/1/0/021ea95d7fdd138c63ad77b45d1eab5d.mp3*~data=user_id=0,application_id=42~hmac=d2c83314d6fd91ecbc84411cd7951e0bebc2758a9a48591c992ff9f34aaadf8a"
"Gloria","Laura Branigan","The Best of Branigan","675801","693623","295","false","https://cdnt-preview.dzcdn.net/api/1/1/1/5/4/0/154b6033b75763f55610f633936e7088.mp3?hdnea=exp=1781147013~acl=/api/1/1/1/5/4/0/154b6033b75763f55610f633936e7088.mp3*~data=user_id=0,application_id=42~hmac=0f5fb4171e08942345b200ee6dd770025c51038a8ba04b283b72b1332adc9bbd"
"Alive And Kicking (Remastered 2002)","Simple Minds","Once Upon A Time","3087756","690543","326","false","https://cdnt-preview.dzcdn.net/api/1/1/f/c/0/0/fc0a9e74fc09b4e724b7df3a6a749349.mp3?hdnea=exp=1781147015~acl=/api/1/1/f/c/0/0/fc0a9e74fc09b4e724b7df3a6a749349.mp3*~data=user_id=0,application_id=42~hmac=b9ad653e733e5a669b6d0f54b29cd7ef5bedb34974f2b6b8ca554040f357f142"
"Walk This Way (feat. Aerosmith)","Run DMC","RUN DMC ""High Profile: The Original Rhymes""","994702","690471","311","false","https://cdnt-preview.dzcdn.net/api/1/1/1/6/4/0/164c60643af282c023bab02d37cc4e4b.mp3?hdnea=exp=1781147012~acl=/api/1/1/1/6/4/0/164c60643af282c023bab02d37cc4e4b.mp3*~data=user_id=0,application_id=42~hmac=36ab6eebc0b584aec4707253fad2bfccfc6db5530b96375a348d4b9e8ffe3a95"
"This Must Be the Place (Naive Melody) (2005 Remaster)","Talking Heads","Speaking in Tongues (Deluxe Version)","3614317","688093","296","false","https://cdnt-preview.dzcdn.net/api/1/1/f/5/c/0/f5c81cac57b39d1edb9b43ff44adf6fa.mp3?hdnea=exp=1781147013~acl=/api/1/1/f/5/c/0/f5c81cac57b39d1edb9b43ff44adf6fa.mp3*~data=user_id=0,application_id=42~hmac=1f8cb2306fd66c9521ecd7dca53aa1adb79b7c053e827488715536060be3bf16"
"Talking In Your Sleep","The Romantics","Super Hits","1030263","687915","236","false","https://cdnt-preview.dzcdn.net/api/1/1/2/d/4/0/2d417a2ecd29c27a653164d9f1c70264.mp3?hdnea=exp=1781147012~acl=/api/1/1/2/d/4/0/2d417a2ecd29c27a653164d9f1c70264.mp3*~data=user_id=0,application_id=42~hmac=b1bc18b8b0cf300a02c8ef374360cd245694fa3627efe0d837bd240890c50e9c"
"Conga!","Miami Sound Machine","The Essential Gloria Estefan","565055","685729","252","false","https://cdnt-preview.dzcdn.net/api/1/1/b/c/e/0/bceb0e7eaa15257db70014a33323b2d8.mp3?hdnea=exp=1781147014~acl=/api/1/1/b/c/e/0/bceb0e7eaa15257db70014a33323b2d8.mp3*~data=user_id=0,application_id=42~hmac=3a26e805eb0d7b2f4f81d19b2fac4b1695430b1dc9e514697bb00e13b605ad14"
"Papa Don't Preach","Madonna","True Blue","678363","683597","268","false","https://cdnt-preview.dzcdn.net/api/1/1/6/1/0/0/610822f9e6c2546c6c392990684e13d1.mp3?hdnea=exp=1781147015~acl=/api/1/1/6/1/0/0/610822f9e6c2546c6c392990684e13d1.mp3*~data=user_id=0,application_id=42~hmac=c4019d33d212720e09f4cc2db950d4178b71b61b29d3196285f677857f6a1d03"
"Cum on Feel the Noize","Quiet Riot","Super Hits","626119","681290","287","false","https://cdnt-preview.dzcdn.net/api/1/1/0/3/9/0/039e78aa6cd99d697d1ec7f9af9be155.mp3?hdnea=exp=1781147012~acl=/api/1/1/0/3/9/0/039e78aa6cd99d697d1ec7f9af9be155.mp3*~data=user_id=0,application_id=42~hmac=b370787355d3d66c7a43e99b07ea6d357ed6464b6f5399fbacdb8dea8ec17b08"
"Learning to Fly","Pink Floyd","A Momentary Lapse of Reason","116914166","680547","292","false","https://cdnt-preview.dzcdn.net/api/1/1/4/6/f/0/46f34e8673de8c2881074dffd5733a8c.mp3?hdnea=exp=1781147012~acl=/api/1/1/4/6/f/0/46f34e8673de8c2881074dffd5733a8c.mp3*~data=user_id=0,application_id=42~hmac=20a9bf391039389be12077ceff77576f306997d166df5586bace03979202ddfb"
"Don't Stand So Close To Me","The Police","Zenyatta Mondatta (Remastered 2003)","665711142","678517","242","false","https://cdnt-preview.dzcdn.net/api/1/1/5/5/9/0/55912c333a242149cb0c810cadef8604.mp3?hdnea=exp=1781147013~acl=/api/1/1/5/5/9/0/55912c333a242149cb0c810cadef8604.mp3*~data=user_id=0,application_id=42~hmac=83b44f69ffece20fba9420362896309e4053ed8c43aa78d25081b6116e1039e8"
"Endless Love (From ""The Endless Love"" Soundtrack)","Lionel Richie","'80s Pop #1's","906584","676845","268","false","https://cdnt-preview.dzcdn.net/api/1/1/b/d/2/0/bd21fdf1495c3d81fe2ef4c75ee36113.mp3?hdnea=exp=1781147014~acl=/api/1/1/b/d/2/0/bd21fdf1495c3d81fe2ef4c75ee36113.mp3*~data=user_id=0,application_id=42~hmac=f6a40d4c62d1d92be6d84e26170d5a57cdfaa8391e86022a7dba7710a84ecdf8"
"Hysteria","Def Leppard","Hysteria","447552872","673559","354","false","https://cdnt-preview.dzcdn.net/api/1/1/c/e/a/0/cea11fa1d3ec874aa25b1ea8bda2f75d.mp3?hdnea=exp=1781147013~acl=/api/1/1/c/e/a/0/cea11fa1d3ec874aa25b1ea8bda2f75d.mp3*~data=user_id=0,application_id=42~hmac=af35ad582a93a79daad7a3a1feb12cd16a45fafb5eb61e97d24eeef3e4ca0b48"
"Close To Me","The Cure","The Head On The Door","909884","671991","204","false","https://cdnt-preview.dzcdn.net/api/1/1/e/c/2/0/ec2626c3f868d427915c4389dc79c9ab.mp3?hdnea=exp=1781147014~acl=/api/1/1/e/c/2/0/ec2626c3f868d427915c4389dc79c9ab.mp3*~data=user_id=0,application_id=42~hmac=ba0f1525542e453da3249e781bf7ee3016c4a3a7b7dead92856435f97a91a753"
"Suicide Blonde","INXS","X (Remastered)","11289087","670711","229","false","https://cdnt-preview.dzcdn.net/api/1/1/d/d/8/0/dd8557f359742e0388cafcd1d28dac72.mp3?hdnea=exp=1781147015~acl=/api/1/1/d/d/8/0/dd8557f359742e0388cafcd1d28dac72.mp3*~data=user_id=0,application_id=42~hmac=f68ea5b3b9fc9dc0d324aeee40862642558a69e6635bc9a3dd84682a833087a2"
"Down Under","Men At Work","Business As Usual","1069257","670573","224","false","https://cdnt-preview.dzcdn.net/api/1/1/7/6/d/0/76d5e452c54a89541658a1b2340fbaec.mp3?hdnea=exp=1781147012~acl=/api/1/1/7/6/d/0/76d5e452c54a89541658a1b2340fbaec.mp3*~data=user_id=0,application_id=42~hmac=2adf2b5f1363f7baad9bd0645c3eeb6e98db6e3714f4203d4081fa24a3e21105"
"Can't Fight This Feeling","REO Speedwagon","The Essential REO Speedwagon","581533","664121","294","false","https://cdnt-preview.dzcdn.net/api/1/1/2/0/2/0/2022a8385b03ee3f5f1a09845c100764.mp3?hdnea=exp=1781147012~acl=/api/1/1/2/0/2/0/2022a8385b03ee3f5f1a09845c100764.mp3*~data=user_id=0,application_id=42~hmac=a6451af97ef10ee31f063a6cd331c9f65ee5f885b427b23ab539a734e29cd228"
"You Got It","Roy Orbison","The Soul of Rock And Roll","3570745","661429","210","false","https://cdnt-preview.dzcdn.net/api/1/1/2/a/c/0/2ac0077d4e2802544b35b101b995548e.mp3?hdnea=exp=1781147012~acl=/api/1/1/2/a/c/0/2ac0077d4e2802544b35b101b995548e.mp3*~data=user_id=0,application_id=42~hmac=8243a52a30bc7e14f56da163092b6793d0da59188727b5305eca415522532499"
"Manic Monday","The Bangles","The Essential Bangles","608749","659854","185","false","https://cdnt-preview.dzcdn.net/api/1/1/a/d/d/0/adddf33dc05bcb53beb51b6c2f857d94.mp3?hdnea=exp=1781147015~acl=/api/1/1/a/d/d/0/adddf33dc05bcb53beb51b6c2f857d94.mp3*~data=user_id=0,application_id=42~hmac=a31c42984c7992a2c7d3f3c601c276774ecdf907ea0a2b64acab21ed3452d7dc"
"Never Knew Love Like This Before","Stephanie Mills","Gold","2288314","658045","327","false","https://cdnt-preview.dzcdn.net/api/1/1/1/7/a/0/17a87912b76550c771ca8be417b987ba.mp3?hdnea=exp=1781147014~acl=/api/1/1/1/7/a/0/17a87912b76550c771ca8be417b987ba.mp3*~data=user_id=0,application_id=42~hmac=e531a9d9ad132ea0f4a1a78ddccdc74218006507e1276867408ef37e06c836cb"
"Two Hearts (2016 Remaster)","Phil Collins","The Singles","134036390","654472","204","false","https://cdnt-preview.dzcdn.net/api/1/1/1/b/1/0/1b1010a7eefb5a737b00e9c03d16f1f6.mp3?hdnea=exp=1781147015~acl=/api/1/1/1/b/1/0/1b1010a7eefb5a737b00e9c03d16f1f6.mp3*~data=user_id=0,application_id=42~hmac=b813d59e3022d06c1988858022b023aabdf71a09469f5eeb2b2c2c183a537715"
"(I Can't Help) Falling In Love With You","UB40","The Very Best Of UB40","3129579","653235","204","false","https://cdnt-preview.dzcdn.net/api/1/1/b/8/d/0/b8d438ae04d366eb0494a6506c3e34f9.mp3?hdnea=exp=1781147014~acl=/api/1/1/b/8/d/0/b8d438ae04d366eb0494a6506c3e34f9.mp3*~data=user_id=0,application_id=42~hmac=77564284138e96a0ce9846acd4a743a4790a447768f841dde767813d44aedd80"
"Money's Too Tight (To Mention) (2008 Remaster)","Simply Red","Picture Book (Expanded Version)","2476999","652255","252","false","https://cdnt-preview.dzcdn.net/api/1/1/f/4/0/0/f40a80f83b1655e9109b1a1446726371.mp3?hdnea=exp=1781147015~acl=/api/1/1/f/4/0/0/f40a80f83b1655e9109b1a1446726371.mp3*~data=user_id=0,application_id=42~hmac=dc0cfdcc2943b4d8dd42a928af4ccba2e705b07469b4cf3dc281ce53d04e565e"
"Got To Give It Up (Pt. 1)","Marvin Gaye","Boogie Nights / Music From The Original Motion Picture","4760900","646793","253","false","https://cdnt-preview.dzcdn.net/api/1/1/8/b/c/0/8bc7d1c8079bf4b3edb2a5533ba284b6.mp3?hdnea=exp=1781147013~acl=/api/1/1/8/b/c/0/8bc7d1c8079bf4b3edb2a5533ba284b6.mp3*~data=user_id=0,application_id=42~hmac=7b64d74c3a25b8cf866c240caaa7c8f7615008d0258a2be45c044d293579a40a"
"Fight For Your Right","Beastie Boys","Licensed To Ill","1085495","644556","207","false","https://cdnt-preview.dzcdn.net/api/1/1/6/3/e/0/63eafb433c526beea2eb4d8c8d166fd7.mp3?hdnea=exp=1781147014~acl=/api/1/1/6/3/e/0/63eafb433c526beea2eb4d8c8d166fd7.mp3*~data=user_id=0,application_id=42~hmac=80862e80f0616cbaa199aa080e86bf9d304bfbb4df441a8a1e73e6cc4c9afa3d"
"I Can't Go for That (No Can Do)","Daryl Hall & John Oates","The Essential Daryl Hall & John Oates","569559","644139","307","false","https://cdnt-preview.dzcdn.net/api/1/1/4/c/6/0/4c68421980ec8241f157e79c6537e7ac.mp3?hdnea=exp=1781147013~acl=/api/1/1/4/c/6/0/4c68421980ec8241f157e79c6537e7ac.mp3*~data=user_id=0,application_id=42~hmac=57086c33a1c3997f06f6f7eb2b7f330d451500a787761a1e73c56c9b882ce11c"
"Missing You","John Waite","No Brakes","4216602","643654","269","false","https://cdnt-preview.dzcdn.net/api/1/1/4/f/2/0/4f2697ce84ccf26efe53fc36f8e06829.mp3?hdnea=exp=1781147013~acl=/api/1/1/4/f/2/0/4f2697ce84ccf26efe53fc36f8e06829.mp3*~data=user_id=0,application_id=42~hmac=afd9e589134e6ba979310efaf11e3f5c754c1221dd712d546850bbc18d6b871f"
"Smooth Criminal (2012 Remaster)","Michael Jackson","Bad 25th Anniversary","59509621","642829","251","false","https://cdnt-preview.dzcdn.net/api/1/1/4/5/b/0/45b7fe5ee8a6dd29d28146400a020ebd.mp3?hdnea=exp=1781147012~acl=/api/1/1/4/5/b/0/45b7fe5ee8a6dd29d28146400a020ebd.mp3*~data=user_id=0,application_id=42~hmac=48a8753b5d1c21dc5bceb630031c7291018cebe7a33904d1a597ccc395c547e6"
"When the Going Gets Tough, The Tough Get Going","Billy Ocean","The Very Best of Billy Ocean","6071028","640844","245","false","https://cdnt-preview.dzcdn.net/api/1/1/b/4/0/0/b400f3da3fd86893ce94ee1a2d2eab5c.mp3?hdnea=exp=1781147014~acl=/api/1/1/b/4/0/0/b400f3da3fd86893ce94ee1a2d2eab5c.mp3*~data=user_id=0,application_id=42~hmac=848bd0b77740b951e9aa2244a80bd0b0a41933d59b32f35652a819ff875caa61"
"Everything She Wants","Wham!","Make It Big","15189062","640601","302","false","https://cdnt-preview.dzcdn.net/api/1/1/b/4/8/0/b48c380cee9e3bea4687120f06f7df42.mp3?hdnea=exp=1781147012~acl=/api/1/1/b/4/8/0/b48c380cee9e3bea4687120f06f7df42.mp3*~data=user_id=0,application_id=42~hmac=9e5f8cdf37116f5ed898f39ddd51b01967c525084de23fcea5a482e9b4c98716"
"Gold","Spandau Ballet","Gold - The Best of Spandau Ballet","3130318","640289","231","false","https://cdnt-preview.dzcdn.net/api/1/1/c/8/f/0/c8f6ba0bf79baec74057da235757595b.mp3?hdnea=exp=1781147014~acl=/api/1/1/c/8/f/0/c8f6ba0bf79baec74057da235757595b.mp3*~data=user_id=0,application_id=42~hmac=8c681d5b868442c82e30c8e9658e27132c2d991bcca5fe29375925ffbcb0ccc8"
"I Feel for You","Chaka Khan","I Feel for You","685227","638512","343","false","https://cdnt-preview.dzcdn.net/api/1/1/8/9/8/0/898d0c2f6cb3242a6291d62b037ff3ed.mp3?hdnea=exp=1781147014~acl=/api/1/1/8/9/8/0/898d0c2f6cb3242a6291d62b037ff3ed.mp3*~data=user_id=0,application_id=42~hmac=dac7ed0bb1b0ce98a5b3be08e2a37f7859d4d56c007d87990e1e42eb913a287d"
"Another One Bites The Dust (Remastered 2011)","Queen","Greatest Hits (Remastered)","67503793","638205","217","false","https://cdnt-preview.dzcdn.net/api/1/1/b/f/d/0/bfd666256f73f856e9b8cd4ecdc90559.mp3?hdnea=exp=1781147012~acl=/api/1/1/b/f/d/0/bfd666256f73f856e9b8cd4ecdc90559.mp3*~data=user_id=0,application_id=42~hmac=243bc0241553acba8ac3a829718e6810095a1c7037dcba441c86286095cce148"
"If I Could Turn Back Time","Cher","Heart Of Stone","2307289","638166","241","false","https://cdnt-preview.dzcdn.net/api/1/1/b/1/6/0/b160a7db6f1780ff335b5ad47972ed9d.mp3?hdnea=exp=1781147013~acl=/api/1/1/b/1/6/0/b160a7db6f1780ff335b5ad47972ed9d.mp3*~data=user_id=0,application_id=42~hmac=55523e22067d790298af27007bc6ec2da2bb34aeffdc66578ac173cac84fd18e"
"Karma Chameleon (Remastered 2002)","Culture Club","Colour By Numbers (Remastered / Expanded Edition)","3090499","632248","252","false","https://cdnt-preview.dzcdn.net/api/1/1/4/2/8/0/42837917bfea49d8671bb27cac41cf57.mp3?hdnea=exp=1781147012~acl=/api/1/1/4/2/8/0/42837917bfea49d8671bb27cac41cf57.mp3*~data=user_id=0,application_id=42~hmac=f8a547cf52268a4a6e29a4e73930481536c9bb2b6dac97959c72820a1d039830"
"Glory Days","Bruce Springsteen","Born In The U.S.A.","15586215","631953","255","false","https://cdnt-preview.dzcdn.net/api/1/1/b/5/b/0/b5b8d78a3208983eea7eaf1681aed7d5.mp3?hdnea=exp=1781147012~acl=/api/1/1/b/5/b/0/b5b8d78a3208983eea7eaf1681aed7d5.mp3*~data=user_id=0,application_id=42~hmac=4a13b429316de22c8a67e8cb54a8e0838384aee0d97b43e08fa4716bcd18a747"
"Come On Eileen (Single Edit)","Dexys Midnight Runners","Come On Eileen / Dubious","4255658","627298","208","false","https://cdnt-preview.dzcdn.net/api/1/1/c/1/8/0/c182e2a6f6ba24782cf2ceac508bac13.mp3?hdnea=exp=1781147012~acl=/api/1/1/c/1/8/0/c182e2a6f6ba24782cf2ceac508bac13.mp3*~data=user_id=0,application_id=42~hmac=521cb9309b1edefc6364368ea23f22dfc9439bd2afe6f2c9820510ae2171ea9f"
"Cars","Gary Numan","The Pleasure Principle","938553","625817","238","false","https://cdnt-preview.dzcdn.net/api/1/1/f/8/a/0/f8a979518b631cb448092aa88ec42767.mp3?hdnea=exp=1781147013~acl=/api/1/1/f/8/a/0/f8a979518b631cb448092aa88ec42767.mp3*~data=user_id=0,application_id=42~hmac=ebfdf1c54cef3f477991bbf976dbc05b7dd0f2ce12519800384ad01d9bf5855e"
"Just Can't Get Enough","Depeche Mode","Speak and Spell (Deluxe)","68511564","622266","224","false","https://cdnt-preview.dzcdn.net/api/1/1/5/7/6/0/576cf92c69bb03af371009790433dab8.mp3?hdnea=exp=1781147012~acl=/api/1/1/5/7/6/0/576cf92c69bb03af371009790433dab8.mp3*~data=user_id=0,application_id=42~hmac=00b7ca1b74c38e0c9c134d780f0202b4e91bf5769d5c4de80b8cf18c10bb36db"
"Holiday","Madonna","Madonna","781018","621644","370","false","https://cdnt-preview.dzcdn.net/api/1/1/8/0/3/0/803d1321066d39557eb877e0ba17f65d.mp3?hdnea=exp=1781147013~acl=/api/1/1/8/0/3/0/803d1321066d39557eb877e0ba17f65d.mp3*~data=user_id=0,application_id=42~hmac=df95613773dbd76ecf4b42e64e68adb7da3d713934676dd6079a947b1e2b02f4"
"It's Still Rock and Roll to Me","Billy Joel","Glass Houses","625836","618710","176","false","https://cdnt-preview.dzcdn.net/api/1/1/d/e/9/0/de92c1f65f10d1eb099401f909ef4004.mp3?hdnea=exp=1781147012~acl=/api/1/1/d/e/9/0/de92c1f65f10d1eb099401f909ef4004.mp3*~data=user_id=0,application_id=42~hmac=6e6709e9fe298110d772dc426bf8fa7f2cdfd539cb4df75ad38ef03d50d09ffe"
"Nightshift","Commodores","Soul Legends","1101960","616666","304","false","https://cdnt-preview.dzcdn.net/api/1/1/f/5/1/0/f51ad0cf9fbea4f28b45578cf37df70b.mp3?hdnea=exp=1781147013~acl=/api/1/1/f/5/1/0/f51ad0cf9fbea4f28b45578cf37df70b.mp3*~data=user_id=0,application_id=42~hmac=80dc33bb9ba5b9944b954250cdbf33e87cbb7dd87e49e3a131b0067bde9caa11"
"Sara","Starship","Knee Deep In The Hoopla","602137982","614668","292","false","https://cdnt-preview.dzcdn.net/api/1/1/6/5/3/0/6538d8e2e27ef401694eb96ee116415b.mp3?hdnea=exp=1781147013~acl=/api/1/1/6/5/3/0/6538d8e2e27ef401694eb96ee116415b.mp3*~data=user_id=0,application_id=42~hmac=f3fc590055aa7c3051e99d8911ab46dbd56f77b266e426a8cb0cf13259e1afdf"
"There Must Be an Angel (Playing with My Heart)","Eurythmics","Be Yourself Tonight","561785","610822","282","false","https://cdnt-preview.dzcdn.net/api/1/1/d/5/d/0/d5d76363e9bcddc71a8b7627234e13db.mp3?hdnea=exp=1781147014~acl=/api/1/1/d/5/d/0/d5d76363e9bcddc71a8b7627234e13db.mp3*~data=user_id=0,application_id=42~hmac=49e8d5d469e639da5fec62091c2cd17456b3cb1401b65af67891c59c02d998f8"
"Let's Dance (2018 Remaster)","David Bowie","Let's Dance (2018 Remaster)","730342602","609480","457","false","https://cdnt-preview.dzcdn.net/api/1/1/0/f/c/0/0fcb9fc3dd201346ac3740aef88d07c1.mp3?hdnea=exp=1781147012~acl=/api/1/1/0/f/c/0/0fcb9fc3dd201346ac3740aef88d07c1.mp3*~data=user_id=0,application_id=42~hmac=71114370e6dd2dde7ad60d97e0561d6ffada838a6316157d38d158ec6800f00f"
"I Guess That's Why They Call It The Blues","Elton John","Love Songs","44586871","607094","283","false","https://cdnt-preview.dzcdn.net/api/1/1/f/5/0/0/f5091d526bdd3b8f35683dfc996d348f.mp3?hdnea=exp=1781147013~acl=/api/1/1/f/5/0/0/f5091d526bdd3b8f35683dfc996d348f.mp3*~data=user_id=0,application_id=42~hmac=03ef6fd5813f91673d8b0d34d759e05cfd547fcf98689d4938e58f11e34577c4"
"Who's That Girl","Madonna","Who's That Girl Soundtrack","4094775","606523","239","false","https://cdnt-preview.dzcdn.net/api/1/1/0/8/0/0/0803bed8338e66d0dd7bc479fa3db917.mp3?hdnea=exp=1781147015~acl=/api/1/1/0/8/0/0/0803bed8338e66d0dd7bc479fa3db917.mp3*~data=user_id=0,application_id=42~hmac=1bbb142010b0fec636dd86cbb8c8815e160bc55d967a21c0416026df11bde7e9"
"We Built This City","Starship","Knee Deep In The Hoopla","602137972","605651","296","false","https://cdnt-preview.dzcdn.net/api/1/1/a/0/5/0/a05dbd2a2bd6f42181f4d6841fa67756.mp3?hdnea=exp=1781147012~acl=/api/1/1/a/0/5/0/a05dbd2a2bd6f42181f4d6841fa67756.mp3*~data=user_id=0,application_id=42~hmac=64c93ba0c5c2d2139e0565fd5b96bc21f72630765466d18a5b0dd5f309da21a7"
"Lost In Love","Air Supply","Collections","546793","603929","234","false","https://cdnt-preview.dzcdn.net/api/1/1/c/1/f/0/c1f4eccec51facab5d1df5babd4e633a.mp3?hdnea=exp=1781147012~acl=/api/1/1/c/1/f/0/c1f4eccec51facab5d1df5babd4e633a.mp3*~data=user_id=0,application_id=42~hmac=85176e9dc99f7374dd7acd09ce5d45eab4ca0b32d4cfba271b5e59a932926067"
"Head Over Heels","Tears For Fears","Songs From The Big Chair (Deluxe)","88845919","603785","302","false","https://cdnt-preview.dzcdn.net/api/1/1/7/7/0/0/7701ebc9e79817f70e01ffe3bbe5d520.mp3?hdnea=exp=1781147013~acl=/api/1/1/7/7/0/0/7701ebc9e79817f70e01ffe3bbe5d520.mp3*~data=user_id=0,application_id=42~hmac=6be46b4cf113123aca7b0f961cde391de045c50f10aef6e5a069a8fa099683eb"
"Right Here Waiting","Richard Marx","Greatest Hits","3087499","601450","263","false","https://cdnt-preview.dzcdn.net/api/1/1/4/8/4/0/4849b2c0a7baad40cabb591f8c71a0f2.mp3?hdnea=exp=1781147014~acl=/api/1/1/4/8/4/0/4849b2c0a7baad40cabb591f8c71a0f2.mp3*~data=user_id=0,application_id=42~hmac=6f589c63f6de95c0ce1a4acf979111ab0d0d1cf3faede388427d786001c2a095"
"Save a Prayer (2009 Remaster)","Duran Duran","Rio (Collector's Edition)","4127469","597982","333","false","https://cdnt-preview.dzcdn.net/api/1/1/3/8/6/0/3863a7dc8937f7d8a1dd02bc8b5cbe18.mp3?hdnea=exp=1781147013~acl=/api/1/1/3/8/6/0/3863a7dc8937f7d8a1dd02bc8b5cbe18.mp3*~data=user_id=0,application_id=42~hmac=8cb108e16c325a892d2cac3cba23fd0db80cb6e82792a5bd4c1f85f9effcea79"
"One More Night","Phil Collins","Love Songs (A Compilation Old and New)","4290175","595280","292","false","https://cdnt-preview.dzcdn.net/api/1/1/3/0/e/0/30e60037e4e5dd3f2849c68c59c63dd0.mp3?hdnea=exp=1781147014~acl=/api/1/1/3/0/e/0/30e60037e4e5dd3f2849c68c59c63dd0.mp3*~data=user_id=0,application_id=42~hmac=5f4bdbf08c8aabb761f959802c34348aa3ff0b2eb21d922fc986fb15e8ba6036"
"She Drives Me Crazy","Fine Young Cannibals","The Raw & The Cooked","428850812","594452","215","false","https://cdnt-preview.dzcdn.net/api/1/1/5/8/8/0/588f82eaff03f50270e7d77062e6e2cb.mp3?hdnea=exp=1781147013~acl=/api/1/1/5/8/8/0/588f82eaff03f50270e7d77062e6e2cb.mp3*~data=user_id=0,application_id=42~hmac=94a15a79e28a6fb7af43e4a4afc98f7c22e463d1180ff72f58f8086617e45754"
"Club Tropicana","Wham!","Fantastic","1073437","591310","267","false","https://cdnt-preview.dzcdn.net/api/1/1/c/c/8/0/cc832d89fdf127f47c4577dc39593d35.mp3?hdnea=exp=1781147012~acl=/api/1/1/c/c/8/0/cc832d89fdf127f47c4577dc39593d35.mp3*~data=user_id=0,application_id=42~hmac=e5dc8d1dfaf34864db8b51aa1b58ac1835793ed203fcd2a477789ca19a6e253d"
"One Way Or Another (Remastered 2001)","Blondie","Parallel Lines (Remastered)","3100596","590830","214","false","https://cdnt-preview.dzcdn.net/api/1/1/e/1/a/0/e1aca9c8f62acd4acf2b7f52b013d789.mp3?hdnea=exp=1781147012~acl=/api/1/1/e/1/a/0/e1aca9c8f62acd4acf2b7f52b013d789.mp3*~data=user_id=0,application_id=42~hmac=bb1bd50076a72fb2d10130bdebfc012a8d30bda6d985dc48faf8784b592d7f78"
"The Power of Love","Jennifer Rush","The Power Of Love: The Best Of Jennifer Rush","581807","590413","270","false","https://cdnt-preview.dzcdn.net/api/1/1/0/9/1/0/09130e8979074682c8bbc3a842d174c9.mp3?hdnea=exp=1781147013~acl=/api/1/1/0/9/1/0/09130e8979074682c8bbc3a842d174c9.mp3*~data=user_id=0,application_id=42~hmac=804117cd5c8ecf439affe6176d4ac2813e0025452e78785f580ab38007849091"
"It's Tricky","Run DMC","RUN DMC ""High Profile: The Original Rhymes""","994699","590295","183","false","https://cdnt-preview.dzcdn.net/api/1/1/b/d/4/0/bd43394731f7486872797705777450bc.mp3?hdnea=exp=1781147012~acl=/api/1/1/b/d/4/0/bd43394731f7486872797705777450bc.mp3*~data=user_id=0,application_id=42~hmac=f454f31b53498da5754746bd17d916192e07778b2ae9c05fec9ae2703ae76f8d"
"Let's Go Crazy (2015 Paisley Park Remaster)","Prince","Purple Rain (Deluxe Expanded Edition)","374282981","589330","278","false","https://cdnt-preview.dzcdn.net/api/1/1/0/c/d/0/0cd5db64323af145a2824ead420b8d69.mp3?hdnea=exp=1781147013~acl=/api/1/1/0/c/d/0/0cd5db64323af145a2824ead420b8d69.mp3*~data=user_id=0,application_id=42~hmac=de18ec037f6a9f8d9e7031fadcd3a131a9d13c9993f40136c15d74db3729b63f"
"Together In Electric Dreams","Philip Oakey","The Greatest Hits","3152093","588269","232","false","https://cdnt-preview.dzcdn.net/api/1/1/d/0/e/0/d0e41b10e021200e60c8a36a760540c2.mp3?hdnea=exp=1781147014~acl=/api/1/1/d/0/e/0/d0e41b10e021200e60c8a36a760540c2.mp3*~data=user_id=0,application_id=42~hmac=db461398d5f42e18edc9f229dfcb92bcd4730a0cd49fb1326682bfb77a34b42b"
"Love Changes (Everything)","Climie Fisher","Everything","3147082","585311","268","false","https://cdnt-preview.dzcdn.net/api/1/1/7/2/8/0/728e8e06f6614709cc57ca5fbcaf1158.mp3?hdnea=exp=1781147013~acl=/api/1/1/7/2/8/0/728e8e06f6614709cc57ca5fbcaf1158.mp3*~data=user_id=0,application_id=42~hmac=359520fe6ac5bcd3d94c6379dd76a1be2a87208cb014576366695173e4cd0da6"
"Shoot to Thrill","AC/DC","Iron Man 2","92722890","578884","314","false","https://cdnt-preview.dzcdn.net/api/1/1/1/4/1/0/14170f6ab4a3fbc8717acc0b88994384.mp3?hdnea=exp=1781147013~acl=/api/1/1/1/4/1/0/14170f6ab4a3fbc8717acc0b88994384.mp3*~data=user_id=0,application_id=42~hmac=54da6beffbe65b390467f7242900818473f9fa3d7b9ec8b41fb15381b6d3c251"
"Give It Up","KC & The Sunshine Band","The Definitive 80's (eighties)","541998","575308","253","false","https://cdnt-preview.dzcdn.net/api/1/1/a/0/d/0/a0d1642ea5cf34333343fdd8d2338c28.mp3?hdnea=exp=1781147013~acl=/api/1/1/a/0/d/0/a0d1642ea5cf34333343fdd8d2338c28.mp3*~data=user_id=0,application_id=42~hmac=eec85983cfcbc7513328fc27df0f68eba0914927857d023bc5e620b3185a813f"
"You're the Voice","John Farnham","Collections","2221501","574432","304","false","https://cdnt-preview.dzcdn.net/api/1/1/b/8/3/0/b837ee52967891e25e21fae57d76f68f.mp3?hdnea=exp=1781147013~acl=/api/1/1/b/8/3/0/b837ee52967891e25e21fae57d76f68f.mp3*~data=user_id=0,application_id=42~hmac=7d20454b987ce3ed48fd353b95e77952efc7cb4435fee833b89bd696b09a715f"
"True","Spandau Ballet","Mega 50 - Die 80er Jahre","5150053","573830","329","false","https://cdnt-preview.dzcdn.net/api/1/1/b/8/8/0/b88dc99b29ef49b3ab9ad3b1a6c8988d.mp3?hdnea=exp=1781147013~acl=/api/1/1/b/8/8/0/b88dc99b29ef49b3ab9ad3b1a6c8988d.mp3*~data=user_id=0,application_id=42~hmac=64e15ff40acb9ea80001b48c49e9e448c982b8065f08aefd71d07420c539ad3c"
"Any Way You Want It (2024 Remaster)","Journey","Greatest Hits (2024 Remaster)","534466","573756","203","false","https://cdnt-preview.dzcdn.net/api/1/1/4/0/6/0/40697248065acdbda5ab31eb6fd476d1.mp3?hdnea=exp=1781147012~acl=/api/1/1/4/0/6/0/40697248065acdbda5ab31eb6fd476d1.mp3*~data=user_id=0,application_id=42~hmac=d5c1b90b26e6a8875c563ec0f963840fd47e62271baffab7d429ec69d7fd8606"
"Animal","Def Leppard","Hysteria","447552802","573310","244","false","https://cdnt-preview.dzcdn.net/api/1/1/a/d/4/0/ad44257bfe1f1c448b403cbf5a605eda.mp3?hdnea=exp=1781147013~acl=/api/1/1/a/d/4/0/ad44257bfe1f1c448b403cbf5a605eda.mp3*~data=user_id=0,application_id=42~hmac=5c5545a8f8a5de89ea3e3993ae4cb0f783d4e236b72e6552f9d81fad9ab96a07"
"Crockett's Theme (From ""Miami Vice II"" Soundtrack)","Jan Hammer","Escape From Television","2277678","569959","209","false","https://cdnt-preview.dzcdn.net/api/1/1/8/6/0/0/86024a99acc2cfa80bc03a115cb1369f.mp3?hdnea=exp=1781147013~acl=/api/1/1/8/6/0/0/86024a99acc2cfa80bc03a115cb1369f.mp3*~data=user_id=0,application_id=42~hmac=2b4073107cdcd47b276a42e989f024e99acbfe30a6d84586c7abc5be11f73672"
"Hungry Like the Wolf (2009 Remaster)","Duran Duran","Rio (Collector's Edition)","4127465","569153","220","false","https://cdnt-preview.dzcdn.net/api/1/1/6/5/2/0/652c7be4ebcc5220a7f49863cfc6e75f.mp3?hdnea=exp=1781147012~acl=/api/1/1/6/5/2/0/652c7be4ebcc5220a7f49863cfc6e75f.mp3*~data=user_id=0,application_id=42~hmac=b8fda68b44f0f2e7e9075030f6119eb0d699b929b2cbf015f53b622e2c38f374"
"St. Elmos Fire (Man in Motion)","John Parr","St. Elmo's Fire - Music From The Original Motion Picture Soundtrack","6410074","568286","251","false","https://cdnt-preview.dzcdn.net/api/1/1/f/a/8/0/fa868ba8be811d658c888b4d1856067e.mp3?hdnea=exp=1781147013~acl=/api/1/1/f/a/8/0/fa868ba8be811d658c888b4d1856067e.mp3*~data=user_id=0,application_id=42~hmac=b270106ef71cf6edebe8dd692ac2fb9a71e436581c533f7b121c1cb9d6d7d4af"
"True Colors","Cyndi Lauper","The Essential Cyndi Lauper","608820","567736","226","false","https://cdnt-preview.dzcdn.net/api/1/1/0/4/2/0/0422b70b5ce8d3583d9e27508d9f04cd.mp3?hdnea=exp=1781147012~acl=/api/1/1/0/4/2/0/0422b70b5ce8d3583d9e27508d9f04cd.mp3*~data=user_id=0,application_id=42~hmac=2437a241f23c7137c7c818bac67aa71dc48e3b65ae716651a602e2b07aa87c24"
"All I Wanna Do Is Make Love To You","Heart","Brigade","3482138","567618","310","false","https://cdnt-preview.dzcdn.net/api/1/1/3/3/a/0/33a05ea1ab647393273ea3849946abe2.mp3?hdnea=exp=1781147013~acl=/api/1/1/3/3/a/0/33a05ea1ab647393273ea3849946abe2.mp3*~data=user_id=0,application_id=42~hmac=221be1801b859ec2934cc16a27de7acb1600397b1a9053fc382038ea820d1304"
"Just What I Needed","The Cars","The Cars (Deluxe Edition)","404618712","564153","225","false","https://cdnt-preview.dzcdn.net/api/1/1/7/7/3/0/7734f8df16724bdbc7103f1c1ab2f8af.mp3?hdnea=exp=1781147013~acl=/api/1/1/7/7/3/0/7734f8df16724bdbc7103f1c1ab2f8af.mp3*~data=user_id=0,application_id=42~hmac=3bfb3119dd4889143684173a8f6b58ef6a383e36d3400d5bea213257af51f4a1"
"Bad","Michael Jackson","HIStory - PAST, PRESENT AND FUTURE - BOOK I","8164631","560036","247","false","https://cdnt-preview.dzcdn.net/api/1/1/e/9/7/0/e9750b1d5f9777ff753252a07d2c4b99.mp3?hdnea=exp=1781147014~acl=/api/1/1/e/9/7/0/e9750b1d5f9777ff753252a07d2c4b99.mp3*~data=user_id=0,application_id=42~hmac=6414578cadef1bc223c3d4f202f04f8c23dfa454a1f16bb8d02ee9bc269fad50"
"Orinoco Flow","Enya","Paint the Sky with Stars","65728152","559425","266","false","https://cdnt-preview.dzcdn.net/api/1/1/4/5/1/0/4518235d1a61e03144dffe98451cf3ec.mp3?hdnea=exp=1781147014~acl=/api/1/1/4/5/1/0/4518235d1a61e03144dffe98451cf3ec.mp3*~data=user_id=0,application_id=42~hmac=5bfb00e933ca30c53242d90c1d3926c764ce3e9dcd072056c8fb02d06035164a"
"1999","Prince","1999","690101","555470","379","false","https://cdnt-preview.dzcdn.net/api/1/1/7/c/9/0/7c9f4eb78331cd2c994cced9694d6634.mp3?hdnea=exp=1781147015~acl=/api/1/1/7/c/9/0/7c9f4eb78331cd2c994cced9694d6634.mp3*~data=user_id=0,application_id=42~hmac=4ce349965833cee9b36cd40d519f485e8ec353797f1fd4ae6e5dc7b74e22425a"
"Nothin' But A Good Time (Remastered 2006)","Poison","The Best Of - 20 Years Of Rock","3119140","553776","224","false","https://cdnt-preview.dzcdn.net/api/1/1/a/2/f/0/a2f2059ce1a61e544a935707bd4d2e4f.mp3?hdnea=exp=1781147013~acl=/api/1/1/a/2/f/0/a2f2059ce1a61e544a935707bd4d2e4f.mp3*~data=user_id=0,application_id=42~hmac=82445379947074579740917581bbef8a1cd7a13e9444c223d2ed9b087bd00990"
"The Flame","Cheap Trick","The Essential Cheap Trick","611354","553149","338","false","https://cdnt-preview.dzcdn.net/api/1/1/0/2/d/0/02daea5bad6ef1e6d077d6b7babab3c7.mp3?hdnea=exp=1781147012~acl=/api/1/1/0/2/d/0/02daea5bad6ef1e6d077d6b7babab3c7.mp3*~data=user_id=0,application_id=42~hmac=0c50fe6125f167d3780c150b5d4a7f95e51d9916f968b8e6349785b013346054"
"You're the Inspiration (2006 Remaster)","Chicago","Chicago 17 (Expanded & Remastered)","674282","552940","229","false","https://cdnt-preview.dzcdn.net/api/1/1/4/a/f/0/4af052eaeec43b96816eccf5d55717d7.mp3?hdnea=exp=1781147014~acl=/api/1/1/4/a/f/0/4af052eaeec43b96816eccf5d55717d7.mp3*~data=user_id=0,application_id=42~hmac=f351a9c762f7884a499ad7eaa45a7b1640b184f6c80b3a5d8012dd6f3a6ee6f2"
"Buffalo Stance","Neneh Cherry","Raw Like Sushi","3324536","548954","342","false","https://cdnt-preview.dzcdn.net/api/1/1/f/3/4/0/f34af61c9b4aef462d7bb0e309d232b7.mp3?hdnea=exp=1781147014~acl=/api/1/1/f/3/4/0/f34af61c9b4aef462d7bb0e309d232b7.mp3*~data=user_id=0,application_id=42~hmac=41fb46b37f97df65ce7b5687468e9685297a43faa4452ba3483785f9e22acd04"
"Rhythm Of The Night","DeBarge","Rhythm Of The Night","75392184","548953","228","false","https://cdnt-preview.dzcdn.net/api/1/1/f/3/7/0/f37dcdb83951e7733d33884407e5a913.mp3?hdnea=exp=1781147014~acl=/api/1/1/f/3/7/0/f37dcdb83951e7733d33884407e5a913.mp3*~data=user_id=0,application_id=42~hmac=2f6d2eba8258f4033d160c26a4d35151320f4dfd77639ab9f1551760535a4624"
"Upside Down","Diana Ross","'80s Pop #1's","906582","545045","244","false","https://cdnt-preview.dzcdn.net/api/1/1/e/d/a/0/edac8da550e89eadf15ba179631d2ccf.mp3?hdnea=exp=1781147013~acl=/api/1/1/e/d/a/0/edac8da550e89eadf15ba179631d2ccf.mp3*~data=user_id=0,application_id=42~hmac=c17ee4a63627228e244366c60d44b57125bc86a2f4025db3a0fe4187a1f21610"
"A Kind Of Magic (Remastered 2011)","Queen","A Kind Of Magic (Deluxe Edition 2011 Remaster)","13499039","544776","263","false","https://cdnt-preview.dzcdn.net/api/1/1/c/9/2/0/c923f2902e4af434fd03156466809251.mp3?hdnea=exp=1781147012~acl=/api/1/1/c/9/2/0/c923f2902e4af434fd03156466809251.mp3*~data=user_id=0,application_id=42~hmac=b7583a45c55b61f56fb5d3ab7a2bac116f70df28194cc27733dbed4666f0f6ec"
"You've Got Another Thing Comin'","Judas Priest","Screaming For Vengeance","870942","544313","310","false","https://cdnt-preview.dzcdn.net/api/1/1/c/d/e/0/cde913b5af191dad5c4d8a062b732f61.mp3?hdnea=exp=1781147012~acl=/api/1/1/c/d/e/0/cde913b5af191dad5c4d8a062b732f61.mp3*~data=user_id=0,application_id=42~hmac=d3ca70e2a3a7a687b68b5a3be452fdb22b6c70f917e72ef5328a1c7d1d6b81f4"
"Strangelove","Depeche Mode","Music for the Masses (Deluxe)","136334626","544201","296","false","https://cdnt-preview.dzcdn.net/api/1/1/5/3/e/0/53e5f26a8b45b616c786f1a0d5a7c32f.mp3?hdnea=exp=1781147012~acl=/api/1/1/5/3/e/0/53e5f26a8b45b616c786f1a0d5a7c32f.mp3*~data=user_id=0,application_id=42~hmac=e8d2eb8a75c8ab435d5cc3cd7c76fe55a86349bf3deab879f408668f8000e03f"
"When Will I Be Famous?","Bros","The Best Of Bros","619346","540325","239","false","https://cdnt-preview.dzcdn.net/api/1/1/3/4/c/0/34c29cea90d67427d785afd6881635d8.mp3?hdnea=exp=1781147014~acl=/api/1/1/3/4/c/0/34c29cea90d67427d785afd6881635d8.mp3*~data=user_id=0,application_id=42~hmac=0773ae6c0dd8ddaae3c58d16f12dea6100318e2bc00e243273463ce905e6e550"
"Tell It to My Heart","Taylor Dayne","Tell It to My Heart (Expanded Edition)","444738122","537418","197","false","https://cdnt-preview.dzcdn.net/api/1/1/4/8/0/0/4807cc96b6d9720827b2218123d1a191.mp3?hdnea=exp=1781147015~acl=/api/1/1/4/8/0/0/4807cc96b6d9720827b2218123d1a191.mp3*~data=user_id=0,application_id=42~hmac=7f3133d8cef9eb4445231d7ccf45a59b4218e456e5f07bd30417fc681083dbc9"
"Celebration","Kool & The Gang","Dance #1's","906568","537064","298","false","https://cdnt-preview.dzcdn.net/api/1/1/7/b/5/0/7b52cf6cc92897e31f6ac250f032cc17.mp3?hdnea=exp=1781147012~acl=/api/1/1/7/b/5/0/7b52cf6cc92897e31f6ac250f032cc17.mp3*~data=user_id=0,application_id=42~hmac=35f6e245d135f1faad08811a29dd8acf69e3304957357206a2c55897f6005234"
"Bizarre Love Triangle","New Order","Brotherhood (Collector's Edition)","2481156","536191","263","false","https://cdnt-preview.dzcdn.net/api/1/1/1/e/2/0/1e27c8cd27b2453d2e2880e2f701d199.mp3?hdnea=exp=1781147013~acl=/api/1/1/1/e/2/0/1e27c8cd27b2453d2e2880e2f701d199.mp3*~data=user_id=0,application_id=42~hmac=254ef28b7b3f6c1d94af6e2d93af3e49885e224ebb7bb3c5ad5402da1581f8d2"
"Shout (7"" Edit)","Tears For Fears","Rule The World: The Greatest Hits","424565842","535191","291","false","https://cdnt-preview.dzcdn.net/api/1/1/1/5/1/0/151f50d6867d52445e044f86d7c7097d.mp3?hdnea=exp=1781147015~acl=/api/1/1/1/5/1/0/151f50d6867d52445e044f86d7c7097d.mp3*~data=user_id=0,application_id=42~hmac=66904a3f999f51ab323dd1376f5fbf7ae2a51cde7dcf2633e533dc718e8624ce"
"Separate Ways (Worlds Apart) [2024 Remaster]","Journey","Greatest Hits (2024 Remaster)","534469","533952","326","false","https://cdnt-preview.dzcdn.net/api/1/1/9/a/f/0/9af8f99ef95bb9cf2b92a2dceb3013a7.mp3?hdnea=exp=1781147012~acl=/api/1/1/9/a/f/0/9af8f99ef95bb9cf2b92a2dceb3013a7.mp3*~data=user_id=0,application_id=42~hmac=4be0f3f12039d00f0ad667ab1fbb1a9c69a79bb8de9a177a648853ac01c7c9ff"
"All Around the World (Remastered)","Lisa Stansfield","The Boxset Collection","598222","526823","265","false","https://cdnt-preview.dzcdn.net/api/1/1/8/e/7/0/8e7a4afd3c3c777082c50324685e479a.mp3?hdnea=exp=1781147013~acl=/api/1/1/8/e/7/0/8e7a4afd3c3c777082c50324685e479a.mp3*~data=user_id=0,application_id=42~hmac=3405a10a8af16c7b234ee750b3b80aa8f86e0d2f7fc6ffd7605976724cbb24da"
"How Will I Know","Whitney Houston","Whitney Houston","1131192","526074","275","false","https://cdnt-preview.dzcdn.net/api/1/1/2/2/8/0/22875876c763ab4f2c5f3ca8f3a20365.mp3?hdnea=exp=1781147012~acl=/api/1/1/2/2/8/0/22875876c763ab4f2c5f3ca8f3a20365.mp3*~data=user_id=0,application_id=42~hmac=a6931a83e2fe0f6738341b437a5fe781fb7cce7b33cc14bec7d80306cf1cf971"
"Mustang Sally","The Commitments","The Commitments","890307","525434","241","false","https://cdnt-preview.dzcdn.net/api/1/1/e/f/d/0/efdf0ce25210a9749839987b907b4c46.mp3?hdnea=exp=1781147015~acl=/api/1/1/e/f/d/0/efdf0ce25210a9749839987b907b4c46.mp3*~data=user_id=0,application_id=42~hmac=050245c3738bcbe88ae776f47e1b84c86197b20ada79716bb9349b7f02bc7214"
"Modern Love (2018 Remaster)","David Bowie","Loving the Alien (1983 - 1988)","565655082","524455","288","false","https://cdnt-preview.dzcdn.net/api/1/1/a/3/4/0/a34432d3c61d086fb842ed5202338e95.mp3?hdnea=exp=1781147013~acl=/api/1/1/a/3/4/0/a34432d3c61d086fb842ed5202338e95.mp3*~data=user_id=0,application_id=42~hmac=8d159ea75ca30db20c8aed20b6acec4bb696bb4bea4b4ab3e100c72168b5b7c2"
"A Good Heart","Feargal Sharkey","Feargal Sharkey","3156940","522654","281","false","https://cdnt-preview.dzcdn.net/api/1/1/9/7/7/0/977e37ac205d7201e81fa473340371f4.mp3?hdnea=exp=1781147015~acl=/api/1/1/9/7/7/0/977e37ac205d7201e81fa473340371f4.mp3*~data=user_id=0,application_id=42~hmac=21d919998281aacdf766fa78b42c679480f6e122f84f0ae14d3e40b9b871c72f"
"Sweet Little Mystery","Wet Wet Wet","Step By Step The Greatest Hits","72370373","516914","224","false","https://cdnt-preview.dzcdn.net/api/1/1/1/4/4/0/144426ab0387972f1ff1e3863c5cca82.mp3?hdnea=exp=1781147014~acl=/api/1/1/1/4/4/0/144426ab0387972f1ff1e3863c5cca82.mp3*~data=user_id=0,application_id=42~hmac=0ba19e680c479c648d1038a2e7f5afd8a89f8dec96ce8ec3cb210a1312ceb7ba"
"Dancing On The Ceiling","Lionel Richie","Dancing On The Ceiling (Expanded Edition)","905690","510378","270","false","https://cdnt-preview.dzcdn.net/api/1/1/5/0/2/0/502136a27e2fbc627b1da2f2f6a9b8c7.mp3?hdnea=exp=1781147012~acl=/api/1/1/5/0/2/0/502136a27e2fbc627b1da2f2f6a9b8c7.mp3*~data=user_id=0,application_id=42~hmac=12cda47153097364907effa9451d29e39ad9c4d7b8496d92f238a9c941ec64be"
"What I Like About You","The Romantics","What I Like About You (And Other Romantic Hits)","1066565","509058","175","false","https://cdnt-preview.dzcdn.net/api/1/1/d/b/c/0/dbcbf87aa65344e0a10d9f7184e792bd.mp3?hdnea=exp=1781147013~acl=/api/1/1/d/b/c/0/dbcbf87aa65344e0a10d9f7184e792bd.mp3*~data=user_id=0,application_id=42~hmac=cefc04fbe4d23952f6d24f12192bd532127ded26c01eefeb2aa1942a3163eea9"
"Every Little Step","Bobby Brown","Don't Be Cruel (Expanded Edition)","921945612","505814","239","false","https://cdnt-preview.dzcdn.net/api/1/1/5/1/c/0/51cb780487260710c7089601b86b306c.mp3?hdnea=exp=1781147014~acl=/api/1/1/5/1/c/0/51cb780487260710c7089601b86b306c.mp3*~data=user_id=0,application_id=42~hmac=21d2a0f422fd6180c35f9871cd391a49fc6f8bbbad52744ad6e8a74e9e6d2565"
"There Is a Light That Never Goes Out (2011 Remaster)","The Smiths","Complete","13776537","502604","244","false","https://cdnt-preview.dzcdn.net/api/1/1/3/0/a/0/30a370e058281fdda3cb8cc9c96f7aa4.mp3?hdnea=exp=1781147012~acl=/api/1/1/3/0/a/0/30a370e058281fdda3cb8cc9c96f7aa4.mp3*~data=user_id=0,application_id=42~hmac=8401e78adf2428d4c8b427e67d8b801994a046e6d50838b605db44c291f1a0a3"
"Wild Thing","Tone-Loc","Loc-ed After Dark","84364029","501908","263","false","https://cdnt-preview.dzcdn.net/api/1/1/3/0/3/0/3039895ff6c9f57a2bc88dca6c16c9c5.mp3?hdnea=exp=1781147014~acl=/api/1/1/3/0/3/0/3039895ff6c9f57a2bc88dca6c16c9c5.mp3*~data=user_id=0,application_id=42~hmac=b9aef0463e22310d13cc04e12d6589adb685e18292f8c425032bccf3d6e24fc7"
"Good Life","Inner City","Paradise","3133684","501637","244","false","https://cdnt-preview.dzcdn.net/api/1/1/9/8/2/0/9821cfe34e851cfcdf90ff20edd9ff00.mp3?hdnea=exp=1781147013~acl=/api/1/1/9/8/2/0/9821cfe34e851cfcdf90ff20edd9ff00.mp3*~data=user_id=0,application_id=42~hmac=4467b4bec0fc296174ee899c739148cc6f08b409260e096d8639466c39cb273c"
"Big Fun","Inner City","Paradise","3133682","501481","206","false","https://cdnt-preview.dzcdn.net/api/1/1/7/d/3/0/7d366268f31d8486f64de9823715674e.mp3?hdnea=exp=1781147014~acl=/api/1/1/7/d/3/0/7d366268f31d8486f64de9823715674e.mp3*~data=user_id=0,application_id=42~hmac=93b2386b5a94cb8776a2dd13e4edbde91720c25adf9ede10fac3612e2c7a1f17"
"Higher Love (Single Version)","Steve Winwood","'80s Pop #1's","906593","501164","253","false","https://cdnt-preview.dzcdn.net/api/1/1/b/0/e/0/b0e1f7ceb0b195346ad81497da1bdd21.mp3?hdnea=exp=1781147014~acl=/api/1/1/b/0/e/0/b0e1f7ceb0b195346ad81497da1bdd21.mp3*~data=user_id=0,application_id=42~hmac=8ad9960d687f1a52d2d3aa68d176c416a0fddde056420ddbebebaeb146422a9f"
"Dixieland Delight","Alabama","The Closer You Get...","4761728","501020","323","false","https://cdnt-preview.dzcdn.net/api/1/1/c/9/7/0/c97a11768bcface6c036fd2965bd9076.mp3?hdnea=exp=1781147012~acl=/api/1/1/c/9/7/0/c97a11768bcface6c036fd2965bd9076.mp3*~data=user_id=0,application_id=42~hmac=4cbf54bedf5bccf825539294c78d31d85371f60f16db2111ed4e0f84a58d50c8"
"Waiting for a Star to Fall","Boy Meets Girl","80s 100 Hits","5404589","499950","271","false","https://cdnt-preview.dzcdn.net/api/1/1/a/9/f/0/a9f1d52612f7242b53a9f94b1b23f5b4.mp3?hdnea=exp=1781147015~acl=/api/1/1/a/9/f/0/a9f1d52612f7242b53a9f94b1b23f5b4.mp3*~data=user_id=0,application_id=42~hmac=b0c536255145eab90aa13b83238631bcd83ee60f9c90d3dd2ccf13ee02d5f4c7"
"Private Eyes","Daryl Hall & John Oates","Private Eyes (Expanded Edition)","13165885","499015","217","false","https://cdnt-preview.dzcdn.net/api/1/1/a/7/f/0/a7f75524d89d49fa19a5928ff6f3e70c.mp3?hdnea=exp=1781147012~acl=/api/1/1/a/7/f/0/a7f75524d89d49fa19a5928ff6f3e70c.mp3*~data=user_id=0,application_id=42~hmac=57f60fd70266ea001d5a12dbb6dc462bb3bdbcfb3bece3efc021cc294950f0c6"
"Stuck With You","Huey Lewis & The News","Fore!","3121964","498891","268","false","https://cdnt-preview.dzcdn.net/api/1/1/a/0/2/0/a02fed6c32981e1ad99c97e3a8a087ed.mp3?hdnea=exp=1781147013~acl=/api/1/1/a/0/2/0/a02fed6c32981e1ad99c97e3a8a087ed.mp3*~data=user_id=0,application_id=42~hmac=f05f63c03a517d8b724c865c1db8b60ceb10363588c2824c8e568c5fe006ce3b"
"9 to 5","Dolly Parton","Deadpool 2 (Original Motion Picture Soundtrack)","499737922","494587","165","false","https://cdnt-preview.dzcdn.net/api/1/1/a/6/6/0/a66f9794f50a96c13a003e144d5a961f.mp3?hdnea=exp=1781147012~acl=/api/1/1/a/6/6/0/a66f9794f50a96c13a003e144d5a961f.mp3*~data=user_id=0,application_id=42~hmac=2737caa2b2e6e5c75a498f0319035fc17ab79d83b83a906765949bd84a975f99"
"We Don't Have To Take Our Clothes Off","Jermaine Stewart","Frantic Romantic","9968997","494465","293","false","https://cdnt-preview.dzcdn.net/api/1/1/a/5/9/0/a596688ae129b1397c9f21f5078f653a.mp3?hdnea=exp=1781147015~acl=/api/1/1/a/5/9/0/a596688ae129b1397c9f21f5078f653a.mp3*~data=user_id=0,application_id=42~hmac=f9f33d9cab3c6752733d2b75d6a3747e9d0ad0d7d863aad3cea210a2d98eed31"
"Mr. Roboto","Styx","Kilroy Was Here","952547","493868","328","false","https://cdnt-preview.dzcdn.net/api/1/1/7/c/8/0/7c8ce2473c639fd04ca61dc44fd35cf8.mp3?hdnea=exp=1781147013~acl=/api/1/1/7/c/8/0/7c8ce2473c639fd04ca61dc44fd35cf8.mp3*~data=user_id=0,application_id=42~hmac=8451c734e6ce8874e3deb055b3fb64d892c0fbe9030b72a282d68543ee68660c"
"I Think We're Alone Now","Tiffany","'80s Pop #1's","906597","493041","227","false","https://cdnt-preview.dzcdn.net/api/1/1/4/c/d/0/4cd21dbb704b768c58bb1d55d5a7b8d4.mp3?hdnea=exp=1781147015~acl=/api/1/1/4/c/d/0/4cd21dbb704b768c58bb1d55d5a7b8d4.mp3*~data=user_id=0,application_id=42~hmac=785ca0e564a01dc231d26f2d4064abe739f0bfe900501a8b595f111c59646a9f"
"Straight Up","Paula Abdul","Forever Your Girl","3311528","491803","222","false","https://cdnt-preview.dzcdn.net/api/1/1/c/b/e/0/cbe4f6f7d58aad30475bcdf615f858b2.mp3?hdnea=exp=1781147014~acl=/api/1/1/c/b/e/0/cbe4f6f7d58aad30475bcdf615f858b2.mp3*~data=user_id=0,application_id=42~hmac=695166ec8825c4161377da499861840711bcf1e43f08f2b516d1547f445fca70"
"Suburbia","Pet Shop Boys","Discography - Complete Singles Collection","3122972","487969","244","false","https://cdnt-preview.dzcdn.net/api/1/1/d/0/a/0/d0a71a35dda83817e98bfb66c5520a4a.mp3?hdnea=exp=1781147014~acl=/api/1/1/d/0/a/0/d0a71a35dda83817e98bfb66c5520a4a.mp3*~data=user_id=0,application_id=42~hmac=33b960ba049b379e23dd432019a8fceab54d1b2e641a391a4c0deed33b8eaa86"
"Enola Gay (Remastered 2003)","Orchestral Manoeuvres In The Dark","Organisation","3091948","486892","214","false","https://cdnt-preview.dzcdn.net/api/1/1/4/6/2/0/4621c4a3738042ff165fa83648375a06.mp3?hdnea=exp=1781147013~acl=/api/1/1/4/6/2/0/4621c4a3738042ff165fa83648375a06.mp3*~data=user_id=0,application_id=42~hmac=63353d26b8ae5771a56c25021fed165d527f014fe7384ebe37f38213e34f9922"
"The Way It Is","Bruce Hornsby & The Range","Haynes DAD - Ultimate Guide To Rock","13130295","486602","297","false","https://cdnt-preview.dzcdn.net/api/1/1/6/6/1/0/661c2c1d57c53b1f631b6fe428492d9f.mp3?hdnea=exp=1781147012~acl=/api/1/1/6/6/1/0/661c2c1d57c53b1f631b6fe428492d9f.mp3*~data=user_id=0,application_id=42~hmac=4e66cb916f543cbf1e8fadcb45e6ed1a742d8b0d810cf386889c04ef604db59a"
"Hip To Be Square","Huey Lewis & The News","Fore!","3121967","484365","243","false","https://cdnt-preview.dzcdn.net/api/1/1/1/b/f/0/1bf2c590997e1dfd087a45a7ed597f70.mp3?hdnea=exp=1781147013~acl=/api/1/1/1/b/f/0/1bf2c590997e1dfd087a45a7ed597f70.mp3*~data=user_id=0,application_id=42~hmac=28407b923461c754b39548ef7024a83fae5ef7b9d5cae5127ecb04b240cf6aa8"
"Human","The Human League","Crash","3248719","478215","264","false","https://cdnt-preview.dzcdn.net/api/1/1/c/7/f/0/c7fff7bf8e53cdd1f83faab5529564bb.mp3?hdnea=exp=1781147014~acl=/api/1/1/c/7/f/0/c7fff7bf8e53cdd1f83faab5529564bb.mp3*~data=user_id=0,application_id=42~hmac=988adf7e39ec35afeafa08c43c7027ba438f27999f5bdfd14be7a7ed97b07bc0"
"Keep on Loving You","REO Speedwagon","Hi Infidelity (30th Anniversary Edition)","12754208","477758","200","false","https://cdnt-preview.dzcdn.net/api/1/1/9/a/3/0/9a3289ee9d4126f615cb66d61c4d1c36.mp3?hdnea=exp=1781147012~acl=/api/1/1/9/a/3/0/9a3289ee9d4126f615cb66d61c4d1c36.mp3*~data=user_id=0,application_id=42~hmac=23c325c6d88144f90f2f7b4d21129b6e4c947f3077122cfe5500c8c631a9eba2"
"China In Your Hand (Single Version)","T'Pau","Hits","3166614","474370","248","false","https://cdnt-preview.dzcdn.net/api/1/1/2/e/6/0/2e63548aa2fb5b65a6f1b536c16a20a3.mp3?hdnea=exp=1781147015~acl=/api/1/1/2/e/6/0/2e63548aa2fb5b65a6f1b536c16a20a3.mp3*~data=user_id=0,application_id=42~hmac=66160efea39a1823b56c39439236b97f80f7f9660fc01a1690615302345d7027"
"People Are People","Depeche Mode","Some Great Reward (Deluxe)","68515278","473789","232","false","https://cdnt-preview.dzcdn.net/api/1/1/e/b/d/0/ebdee4234cb13041dd7664b44743dce2.mp3?hdnea=exp=1781147012~acl=/api/1/1/e/b/d/0/ebdee4234cb13041dd7664b44743dce2.mp3*~data=user_id=0,application_id=42~hmac=4e0123574675d8e1311d66dcdac51e8f374049d12c02afdb45517cffcf7d023d"
"Slave To Love","Bryan Ferry","Boys And Girls","3135077","472947","264","false","https://cdnt-preview.dzcdn.net/api/1/1/7/5/3/0/7536cf6d67af86d2263e3726c4d6f6b3.mp3?hdnea=exp=1781147013~acl=/api/1/1/7/5/3/0/7536cf6d67af86d2263e3726c4d6f6b3.mp3*~data=user_id=0,application_id=42~hmac=4589bd6ae041ac86a7c167038edd76235615eab169c66c7de88f7d1f69192e63"
"More Than This","Roxy Music","More Than This - The Best Of Bryan Ferry And Roxy Music","3152112","470974","249","false","https://cdnt-preview.dzcdn.net/api/1/1/1/c/0/0/1c0ffb77ac0b0b359e2e8e8cdfef7b9d.mp3?hdnea=exp=1781147013~acl=/api/1/1/1/c/0/0/1c0ffb77ac0b0b359e2e8e8cdfef7b9d.mp3*~data=user_id=0,application_id=42~hmac=18e64668dc445e56c11d63b9598b313a6131c95d7ba418e9149b858cd6ce1799"
"You Win Again","Bee Gees","E.S.P.","348129241","464331","241","false","https://cdnt-preview.dzcdn.net/api/1/1/8/8/d/0/88d6ad135ce0c0184dc5bbe9b5433f89.mp3?hdnea=exp=1781147014~acl=/api/1/1/8/8/d/0/88d6ad135ce0c0184dc5bbe9b5433f89.mp3*~data=user_id=0,application_id=42~hmac=f9b5fb797da92e5ea393525c13e707f61df9a897034f4bfcdce01ade04923cf4"
"Love Is A Battlefield","Pat Benatar","Best Shots","3122115","463435","321","false","https://cdnt-preview.dzcdn.net/api/1/1/4/9/4/0/494383d0aa38990eefbc3bc8cfcf9570.mp3?hdnea=exp=1781147014~acl=/api/1/1/4/9/4/0/494383d0aa38990eefbc3bc8cfcf9570.mp3*~data=user_id=0,application_id=42~hmac=ae364f25cd74ce3cef6cffda136b62ebe13799a74d1d2b212c69c70bc5fe4908"
"Dance Hall Days","Wang Chung","Music For Eighties","907794","462527","238","false","https://cdnt-preview.dzcdn.net/api/1/1/9/a/d/0/9ad4ba327daa8095e151f3c2fd8ffac5.mp3?hdnea=exp=1781147013~acl=/api/1/1/9/a/d/0/9ad4ba327daa8095e151f3c2fd8ffac5.mp3*~data=user_id=0,application_id=42~hmac=897cfa2d9ae62c2a04a049357b48a9ab15f703bcb3ae235eeff1e6e96ec15106"
"Let's Hear It for the Boy (From ""Footloose"" Original Soundtrack)","Deniece Williams","Essential - 80's Love","10357261","462435","258","false","https://cdnt-preview.dzcdn.net/api/1/1/6/9/0/0/690b2f25d6cf3e878f182a7eb96b0aa1.mp3?hdnea=exp=1781147012~acl=/api/1/1/6/9/0/0/690b2f25d6cf3e878f182a7eb96b0aa1.mp3*~data=user_id=0,application_id=42~hmac=1395c3d848a02f3f6ff145a093c578863b7e982e0ea2a6bd1f5ef5a8cd21f721"
"What's Love Got to Do with It","Tina Turner","Tina!","3142371","460127","226","false","https://cdnt-preview.dzcdn.net/api/1/1/f/1/c/0/f1c1926281c90b9715ecc7804febea03.mp3?hdnea=exp=1781147015~acl=/api/1/1/f/1/c/0/f1c1926281c90b9715ecc7804febea03.mp3*~data=user_id=0,application_id=42~hmac=eaa176ff391efb3b39e831b42cde99092b4e0dedf45e0a78ba3c4d1d4e21f82a"
"Poison","Alice Cooper","Alice Cooper Classicks","626178","456610","267","false","https://cdnt-preview.dzcdn.net/api/1/1/0/6/0/0/060465cc9c32f30c1e3ff4cff7086c2e.mp3?hdnea=exp=1781147012~acl=/api/1/1/0/6/0/0/060465cc9c32f30c1e3ff4cff7086c2e.mp3*~data=user_id=0,application_id=42~hmac=36a95212ab550f5e6d93c8dbe948ff7267363ec81b5645415d78746ce2b15633"
"Love in the First Degree","Bananarama","The Greatest Hits Collection (Collector Edition)","421388702","456438","211","false","https://cdnt-preview.dzcdn.net/api/1/1/e/4/d/0/e4d5d0ce79efc0b4149d52e49246fbbb.mp3?hdnea=exp=1781147013~acl=/api/1/1/e/4/d/0/e4d5d0ce79efc0b4149d52e49246fbbb.mp3*~data=user_id=0,application_id=42~hmac=bb8c76c91e44cbceb1d2f76f9f9ded1a328c354f8b38b7c5bc5ac399be6575b7"
"Nothing's Gonna Stop Us Now","Starship","Platinum & Gold Collection","13139973","455570","269","false","https://cdnt-preview.dzcdn.net/api/1/1/1/6/d/0/16d8ed04517ae11d714692eb6932ff12.mp3?hdnea=exp=1781147013~acl=/api/1/1/1/6/d/0/16d8ed04517ae11d714692eb6932ff12.mp3*~data=user_id=0,application_id=42~hmac=a3a5feb9ecbf69b00a6740144e75c3982037893b5fb6522a87a3ee4e0194ba9a"
"Love Will Tear Us Apart (2020 Remaster)","Joy Division","Love Will Tear Us Apart (2020 Digital Remaster)","1021196842","447282","208","false","https://cdnt-preview.dzcdn.net/api/1/1/1/9/8/0/1989bc08f87afbc168475719810dbfc9.mp3?hdnea=exp=1781147013~acl=/api/1/1/1/9/8/0/1989bc08f87afbc168475719810dbfc9.mp3*~data=user_id=0,application_id=42~hmac=c4a6197e0b4a9a0873f4eb74f927965053e030c91729a32df7e42d3f0674e0d8"
"First Time","Robin Beck","Music For Girls Night Out","907667","446517","197","false","https://cdnt-preview.dzcdn.net/api/1/1/8/9/c/0/89c1e89061ccbd5ac13fa04c79b8e4fa.mp3?hdnea=exp=1781147014~acl=/api/1/1/8/9/c/0/89c1e89061ccbd5ac13fa04c79b8e4fa.mp3*~data=user_id=0,application_id=42~hmac=9f9834197a33881a31a611bb58f477e5c5e781ac2dc71e061d20be9bf4a4609f"
"Dignity","Deacon Blue","Dignity - The Best Of","3016837","443587","240","false","https://cdnt-preview.dzcdn.net/api/1/1/3/8/f/0/38fc5661d7a0caee132e813a2dc25827.mp3?hdnea=exp=1781147013~acl=/api/1/1/3/8/f/0/38fc5661d7a0caee132e813a2dc25827.mp3*~data=user_id=0,application_id=42~hmac=1afd541e491eac4f1603bacf272101bc41a2c9d214b21263509da5b2de65afd3"
"Girl You Know It's True","Milli Vanilli","80s 100 Hits","5404583","442176","252","false","https://cdnt-preview.dzcdn.net/api/1/1/6/7/8/0/678c24262ed93c379d3fe3ef2f1020af.mp3?hdnea=exp=1781147012~acl=/api/1/1/6/7/8/0/678c24262ed93c379d3fe3ef2f1020af.mp3*~data=user_id=0,application_id=42~hmac=961922c58f8cbc9dfdb4c8e6f8db82348edd22ce96721512e37ba53374fda4ef"
"Easy Lover","Philip Bailey","Chinese Wall","15178034","436516","304","false","https://cdnt-preview.dzcdn.net/api/1/1/8/5/1/0/851b9a92b9ebc86d0e64192c3fa5c720.mp3?hdnea=exp=1781147012~acl=/api/1/1/8/5/1/0/851b9a92b9ebc86d0e64192c3fa5c720.mp3*~data=user_id=0,application_id=42~hmac=d4d8d035b93ef1fff1ab58fab70c5b56d1f187b2604598cebf23ce9de6a041ce"
"Edge of Seventeen (2016 Remaster)","Stevie Nicks","Bella Donna (Deluxe Edition)","135376666","436147","329","false","https://cdnt-preview.dzcdn.net/api/1/1/a/1/f/0/a1f1e546027242301d6f99004c06cc1f.mp3?hdnea=exp=1781147013~acl=/api/1/1/a/1/f/0/a1f1e546027242301d6f99004c06cc1f.mp3*~data=user_id=0,application_id=42~hmac=bde17e37c73e03800325463d70d74755952e1e44a6f67026d849cbc3b1c0ce0d"
"Whip It","Devo","Freedom of Choice","4382923","436097","161","false","https://cdnt-preview.dzcdn.net/api/1/1/b/8/9/0/b8982542a8911f67ad9c77d643f8b511.mp3?hdnea=exp=1781147013~acl=/api/1/1/b/8/9/0/b8982542a8911f67ad9c77d643f8b511.mp3*~data=user_id=0,application_id=42~hmac=6f0b647fe738af2d3ae20cf9e07c17be1e0d7fe30cb135cb8d9b7d75fa9377d9"
"If You Don't Know Me by Now (2008 Remaster)","Simply Red","The Greatest Hits","75814729","435239","206","false","https://cdnt-preview.dzcdn.net/api/1/1/1/e/a/0/1ea628075d071785b7270899165d27db.mp3?hdnea=exp=1781147014~acl=/api/1/1/1/e/a/0/1ea628075d071785b7270899165d27db.mp3*~data=user_id=0,application_id=42~hmac=9e0d85c7aeeaa286ff78b52aa0d12c5e6a94e9ff9d5125783241c2fa0783ae05"
"Young Turks","Rod Stewart","Tonight I'm Yours","2550685","433385","303","false","https://cdnt-preview.dzcdn.net/api/1/1/2/8/2/0/282e4be3761d85ea9043f7f8edceb63f.mp3?hdnea=exp=1781147013~acl=/api/1/1/2/8/2/0/282e4be3761d85ea9043f7f8edceb63f.mp3*~data=user_id=0,application_id=42~hmac=8a938338a59e9b16e182121a06a95786fab35e56dc4da3e32792301e24867ddc"
"Good Times Roll","The Cars","The Cars","6490170","431571","225","false","https://cdnt-preview.dzcdn.net/api/1/1/7/2/d/0/72dfbf2dd07b7631fc3d51680fdf4e69.mp3?hdnea=exp=1781147013~acl=/api/1/1/7/2/d/0/72dfbf2dd07b7631fc3d51680fdf4e69.mp3*~data=user_id=0,application_id=42~hmac=1a2a4bb1ad53a4939bdb446ef327ed10b7320006739433e250b5e7cc64760540"
"If You Let Me Stay","Sananda Maitreya","Introducing The Hardline According To Sananda Maitreya","1082502","428797","193","false","https://cdnt-preview.dzcdn.net/api/1/1/5/8/6/0/586036c0582a3b3d5689397e86e2bb03.mp3?hdnea=exp=1781147014~acl=/api/1/1/5/8/6/0/586036c0582a3b3d5689397e86e2bb03.mp3*~data=user_id=0,application_id=42~hmac=b1929e23421db4725c83e180130bfe227697dd25e5e81697ee31d0af49fc2cd8"
"Sussudio (2016 Remaster)","Phil Collins","The Singles (Expanded)","134036234","424485","263","false","https://cdnt-preview.dzcdn.net/api/1/1/6/0/d/0/60d9f0ae21fbd59b71e2691f0a7a3ca1.mp3?hdnea=exp=1781147013~acl=/api/1/1/6/0/d/0/60d9f0ae21fbd59b71e2691f0a7a3ca1.mp3*~data=user_id=0,application_id=42~hmac=648cca2313ff33272b4bea3111936fc638361dec0b0bfd011c210153c8b38ecb"
"Baby I Don't Care","Transvision Vamp","Baby I Don't Care - The Collection","2179183","421541","279","false","https://cdnt-preview.dzcdn.net/api/1/1/c/0/0/0/c00daea491485effb6f892fcd7604c26.mp3?hdnea=exp=1781147014~acl=/api/1/1/c/0/0/0/c00daea491485effb6f892fcd7604c26.mp3*~data=user_id=0,application_id=42~hmac=40a3c18abc3c19b89b5f75d3ca9c3ff07321efe8b0e3f935ecc6e75eef82edcc"
"Rush Hour","Jane Wiedlin","The Very Best Of Jane Wiedlin","3146828","421077","243","false","https://cdnt-preview.dzcdn.net/api/1/1/8/d/8/0/8d86c03c31d0aa85c54dcbecc47d2bb2.mp3?hdnea=exp=1781147013~acl=/api/1/1/8/d/8/0/8d86c03c31d0aa85c54dcbecc47d2bb2.mp3*~data=user_id=0,application_id=42~hmac=2e28e0e9cd463f0c5da4b9fe4a77b0c6b19ebb81696bfcc7e5da8f0d1795f100"
"Push It","Salt-N-Pepa","Girls' Night Out","4255591","419711","268","false","https://cdnt-preview.dzcdn.net/api/1/1/d/2/d/0/d2d145cee84041d04e05eb0bd15b2a65.mp3?hdnea=exp=1781147014~acl=/api/1/1/d/2/d/0/d2d145cee84041d04e05eb0bd15b2a65.mp3*~data=user_id=0,application_id=42~hmac=1f01fd271cdb1f42f1a5ffb5a162ad56d0e17091eeffd2fa6c3ba8ce8a1a677b"
"The Reflex (2010 Remaster)","Duran Duran","Seven and the Ragged Tiger (Deluxe Edition)","5593850","416359","329","false","https://cdnt-preview.dzcdn.net/api/1/1/6/e/a/0/6eade34043193a5baff10d66a67cee9c.mp3?hdnea=exp=1781147012~acl=/api/1/1/6/e/a/0/6eade34043193a5baff10d66a67cee9c.mp3*~data=user_id=0,application_id=42~hmac=8fa7a179b5c9d8f2fd68a570dbfb07f1d4458b3cd8fa9a1eaab2fdaf0b4b181c"
"I'm Gonna Miss You","Milli Vanilli","Greatest Hits","13160829","413562","238","false","https://cdnt-preview.dzcdn.net/api/1/1/f/9/c/0/f9c6ca71f715d14a3b652041a421d64c.mp3?hdnea=exp=1781147012~acl=/api/1/1/f/9/c/0/f9c6ca71f715d14a3b652041a421d64c.mp3*~data=user_id=0,application_id=42~hmac=282d77562fe0f2b6a2f3dcdc1660e067e85e16d93192a86ca74000ffaf3114f8"
"The Heat Is On (From ""Beverly Hills Cop"" Soundtrack)","Glenn Frey","The Heat Is On","471585092","410826","226","false","https://cdnt-preview.dzcdn.net/api/1/1/0/2/a/0/02aa02796b4af05be72e8c3e71cd7981.mp3?hdnea=exp=1781147013~acl=/api/1/1/0/2/a/0/02aa02796b4af05be72e8c3e71cd7981.mp3*~data=user_id=0,application_id=42~hmac=a422123dcadeefc45194e91e615a30b469cca4533517b779b46f841dc7e0b227"
"Freedom","Wham!","Make It Big","15189070","409184","301","false","https://cdnt-preview.dzcdn.net/api/1/1/f/8/8/0/f882c0bde5a5bf49a3fc58bcac763b31.mp3?hdnea=exp=1781147012~acl=/api/1/1/f/8/8/0/f882c0bde5a5bf49a3fc58bcac763b31.mp3*~data=user_id=0,application_id=42~hmac=e0c3398b5fd5dc41bf92eedbdfcadb602d83d23bc8263429c2a4980e60bfef9a"
"Never Tear Us Apart","INXS","Kick","14636764","407670","185","false","https://cdnt-preview.dzcdn.net/api/1/1/4/a/e/0/4aebbe3a0cda5662d383e4c06c6feee5.mp3?hdnea=exp=1781147013~acl=/api/1/1/4/a/e/0/4aebbe3a0cda5662d383e4c06c6feee5.mp3*~data=user_id=0,application_id=42~hmac=090462f636dce0761f3bf43c7e2e10d8274a1fe84c6995d98c8bb7bfc9171570"
"How Soon Is Now? (2011 Remaster)","The Smiths","Complete","13776567","404930","408","false","https://cdnt-preview.dzcdn.net/api/1/1/e/c/d/0/ecd3e480af18f6bc7e256e626b0d6b30.mp3?hdnea=exp=1781147013~acl=/api/1/1/e/c/d/0/ecd3e480af18f6bc7e256e626b0d6b30.mp3*~data=user_id=0,application_id=42~hmac=126241e9847d63a9e6f805130366547de3ccd7c865af18efa2ba0d619e7b935f"
"On Our Own","Bobby Brown","Ghostbusters II","83939081","403701","293","false","https://cdnt-preview.dzcdn.net/api/1/1/8/7/6/0/876df1cbe2191aa2d64b46f193e4aaed.mp3?hdnea=exp=1781147014~acl=/api/1/1/8/7/6/0/876df1cbe2191aa2d64b46f193e4aaed.mp3*~data=user_id=0,application_id=42~hmac=e172a2ce287e56f7656a6abc90f58ed9c63c7a8c09591a68fdea92ac196d36f9"
"Dude (Looks Like A Lady)","Aerosmith","Big Ones","1105721","403446","263","false","https://cdnt-preview.dzcdn.net/api/1/1/c/d/d/0/cdd9d1f1a643ab10af77aebd0fd59dcc.mp3?hdnea=exp=1781147013~acl=/api/1/1/c/d/d/0/cdd9d1f1a643ab10af77aebd0fd59dcc.mp3*~data=user_id=0,application_id=42~hmac=ac66eecb518679065f6daa2199221781faf9b3ed1f466c7f96f95fe37830a354"
"Big in Japan (2019 Remaster)","Alphaville","Forever Young (Super Deluxe Edition; 2019 Remaster)","647871542","401571","284","false","https://cdnt-preview.dzcdn.net/api/1/1/0/a/8/0/0a87d0772217ddbb6eb9d87435c82251.mp3?hdnea=exp=1781147013~acl=/api/1/1/0/a/8/0/0a87d0772217ddbb6eb9d87435c82251.mp3*~data=user_id=0,application_id=42~hmac=d2c3d3d8bca2796c1099d3454f3ded6af36685eda16fcc1ceb7252c456929a17"
"Crocodile Rock","Elton John","Music For Seventies","907749","400496","236","false","https://cdnt-preview.dzcdn.net/api/1/1/2/4/9/0/249a9aaf54df64fff9fe12887a73aa97.mp3?hdnea=exp=1781147012~acl=/api/1/1/2/4/9/0/249a9aaf54df64fff9fe12887a73aa97.mp3*~data=user_id=0,application_id=42~hmac=65a9220ee0d0cb7186e1d3de4bc6cdaf07ae3ad05023892c52d59dc06a28c678"
"Stand and Deliver","Adam & The Ants","The Very Best Of","564953","394871","213","false","https://cdnt-preview.dzcdn.net/api/1/1/e/3/7/0/e373d69191f4cc42ca75a95584843df0.mp3?hdnea=exp=1781147012~acl=/api/1/1/e/3/7/0/e373d69191f4cc42ca75a95584843df0.mp3*~data=user_id=0,application_id=42~hmac=5aed48262a442f0aa5d787902e416c15ab1462590a5fe72c8b13b042159497c8"
"Cuddly Toy","Roachford","The Very Best Of Roachford","2280831","391389","230","false","https://cdnt-preview.dzcdn.net/api/1/1/7/5/0/0/75027511c3afcf74d91f8fca826368aa.mp3?hdnea=exp=1781147014~acl=/api/1/1/7/5/0/0/75027511c3afcf74d91f8fca826368aa.mp3*~data=user_id=0,application_id=42~hmac=74f41e28f2408b09f393849bfc7bfdcc913baaf00d017e0e3de87961040259cf"
"Hard to Say I'm Sorry (2007 Remaster)","Chicago","The Best of Chicago, 40th Anniversary Edition","2680908","385467","223","false","https://cdnt-preview.dzcdn.net/api/1/1/b/a/9/0/ba9e2b975b8f4bd130987da115bc0e62.mp3?hdnea=exp=1781147014~acl=/api/1/1/b/a/9/0/ba9e2b975b8f4bd130987da115bc0e62.mp3*~data=user_id=0,application_id=42~hmac=b72c061b7ced64644a646f01aba8bd3f8a1dd25a90c5ef8f875b64210908c993"
"A Little Respect","Erasure","The Innocents","85561690","375679","213","false","https://cdnt-preview.dzcdn.net/api/1/1/7/a/0/0/7a0fd5028bcf5598ff26a3a44e1b2290.mp3?hdnea=exp=1781147013~acl=/api/1/1/7/a/0/0/7a0fd5028bcf5598ff26a3a44e1b2290.mp3*~data=user_id=0,application_id=42~hmac=cc309f17a6f9a7aa8b107043e5d901216b6b4de3830d4305c7b909c66dab3182"
"We Don't Need Another Hero (Thunderdome)","Tina Turner","Simply the Best","3167306","375496","255","false","https://cdnt-preview.dzcdn.net/api/1/1/f/7/1/0/f7100f400af217bccbd8804a81f58e90.mp3?hdnea=exp=1781147013~acl=/api/1/1/f/7/1/0/f7100f400af217bccbd8804a81f58e90.mp3*~data=user_id=0,application_id=42~hmac=a58a2efea0346f64d38d15f51c48046f4a677d769a1050e4476c16f02ba6f816"
"Weather With You","Crowded House","Woodface (Deluxe)","135371886","375344","221","false","https://cdnt-preview.dzcdn.net/api/1/1/1/2/6/0/126214707e979f20d7a139a1e1548bce.mp3?hdnea=exp=1781147015~acl=/api/1/1/1/2/6/0/126214707e979f20d7a139a1e1548bce.mp3*~data=user_id=0,application_id=42~hmac=f116a3fabf0c2a1ad3d8572920badec0533f0309d970fbdbff147e1dc9754876"
"Don't Lose My Number (2016 Remaster)","Phil Collins","The Singles (Expanded)","134036238","374771","288","false","https://cdnt-preview.dzcdn.net/api/1/1/5/9/6/0/596da9e15791faa7521e975f9b213a8e.mp3?hdnea=exp=1781147013~acl=/api/1/1/5/9/6/0/596da9e15791faa7521e975f9b213a8e.mp3*~data=user_id=0,application_id=42~hmac=d1f312286ac4af37553e76ebb62068b323e0112be9e8533dd2484524d991c1f2"
"Town Called Malice","The Jam","Lost & Found: The Jam","907843","367408","175","false","https://cdnt-preview.dzcdn.net/api/1/1/a/7/1/0/a71d476816d140d9a5d9615b2fcc6b95.mp3?hdnea=exp=1781147014~acl=/api/1/1/a/7/1/0/a71d476816d140d9a5d9615b2fcc6b95.mp3*~data=user_id=0,application_id=42~hmac=9dea49d1d24cde97c0eab6b4a2944138c421e71d90d984982040f222e870ffec"
"Raspberry Beret","Prince","The Very Best of Prince","4858207","364161","215","false","https://cdnt-preview.dzcdn.net/api/1/1/d/0/3/0/d0325b069a454e90f74cb07b6f8c6a92.mp3?hdnea=exp=1781147012~acl=/api/1/1/d/0/3/0/d0325b069a454e90f74cb07b6f8c6a92.mp3*~data=user_id=0,application_id=42~hmac=fdb435e8e5189b2d9d2c335d26a323a4b9791e698592e4a92596eabc60ba3b07"
"We Belong","Pat Benatar","Ultimate Collection","3140693","363996","219","false","https://cdnt-preview.dzcdn.net/api/1/1/0/b/a/0/0bac0df8a830dc38e319b4cece135bf2.mp3?hdnea=exp=1781147013~acl=/api/1/1/0/b/a/0/0bac0df8a830dc38e319b4cece135bf2.mp3*~data=user_id=0,application_id=42~hmac=eabc0db06c447d4d552378b6dac7655484856de8595f493afd7d6ddb7df9f8e5"
"Just like Heaven (2006 Remaster)","The Cure","Kiss Me Kiss Me Kiss Me","14618872","361998","212","false","https://cdnt-preview.dzcdn.net/api/1/1/f/9/d/0/f9d01ba09278546d167a0743736a9bb5.mp3?hdnea=exp=1781147013~acl=/api/1/1/f/9/d/0/f9d01ba09278546d167a0743736a9bb5.mp3*~data=user_id=0,application_id=42~hmac=1b4184cdecca032773e958c0f8ed9b9cb13ad759b28494e04d3dcb6a79f0a9b3"
"Take Me Home Tonight","Eddie Money","Can't Hold Back","1081064","360689","210","false","https://cdnt-preview.dzcdn.net/api/1/1/6/6/e/0/66e18e2c78cd660d6987ded9b67c01bc.mp3?hdnea=exp=1781147012~acl=/api/1/1/6/6/e/0/66e18e2c78cd660d6987ded9b67c01bc.mp3*~data=user_id=0,application_id=42~hmac=c2dc589d2a8769a3bd7db4ecd3f28c62e9d7b6d4b3d144abc7af6b2510894831"
"(I'll Never Be) Maria Magdalena (Single Verison)","Sandra","Ten On One","3282348","357460","238","false","https://cdnt-preview.dzcdn.net/api/1/1/9/f/5/0/9f5e65968ed98a61d78dbf42a187bf64.mp3?hdnea=exp=1781147013~acl=/api/1/1/9/f/5/0/9f5e65968ed98a61d78dbf42a187bf64.mp3*~data=user_id=0,application_id=42~hmac=45b15e30cad158ee372bbf33eb3e243c91bd992a97f244592de0e92aef34d58c"
"Blame It on the Rain","Milli Vanilli","4 Hits: Milli Vanilli","13020397","354880","234","false","https://cdnt-preview.dzcdn.net/api/1/1/6/b/b/0/6bbe07d9caa720bf665b773422075c5d.mp3?hdnea=exp=1781147012~acl=/api/1/1/6/b/b/0/6bbe07d9caa720bf665b773422075c5d.mp3*~data=user_id=0,application_id=42~hmac=468fb4ef3db9c19d736cd9143474217508c0ef0ca9b87901a39fc2da491785fc"
"Real Gone Kid","Deacon Blue","Our Town - The Greatest Hits","1037287","352542","244","false","https://cdnt-preview.dzcdn.net/api/1/1/b/2/f/0/b2ffe94a5cfa90c3e49b9d0a04a3758d.mp3?hdnea=exp=1781147015~acl=/api/1/1/b/2/f/0/b2ffe94a5cfa90c3e49b9d0a04a3758d.mp3*~data=user_id=0,application_id=42~hmac=5a352b21c56776bf47a4763e91fa258f9ed578b4042d9c8d5641df4dded5753e"
"Going Back to My Roots (Single Version)","Odyssey","80s 100 Hits","5495627","349210","204","false","https://cdnt-preview.dzcdn.net/api/1/1/b/9/c/0/b9cee2119e829e1c97c50693814cdd4a.mp3?hdnea=exp=1781147014~acl=/api/1/1/b/9/c/0/b9cee2119e829e1c97c50693814cdd4a.mp3*~data=user_id=0,application_id=42~hmac=66e927f00517d45fafc3263b60738bb2773527f179859b570c4f8639fdbb03a3"
"Out of Touch","Daryl Hall & John Oates","The Singles","11219664","346202","235","false","https://cdnt-preview.dzcdn.net/api/1/1/8/f/7/0/8f7a59fc3e57b3f1c8d8189a433989d9.mp3?hdnea=exp=1781147013~acl=/api/1/1/8/f/7/0/8f7a59fc3e57b3f1c8d8189a433989d9.mp3*~data=user_id=0,application_id=42~hmac=eaa67df7730a4789a6a27eabe33a637408407db0164fdbf07417ae5abeefbb11"
"In Your Eyes (Remastered)","Peter Gabriel","So (Special Edition)","540506322","343116","325","false","https://cdnt-preview.dzcdn.net/api/1/1/4/b/b/0/4bb5e067155fd39bd99dc1c5a3f1ce59.mp3?hdnea=exp=1781147013~acl=/api/1/1/4/b/b/0/4bb5e067155fd39bd99dc1c5a3f1ce59.mp3*~data=user_id=0,application_id=42~hmac=48f77138182d50abc595872f100365af1a4e97a427992e92613ba90a296bd454"
"Word Up","Cameo","Music For Partying","907924","340624","253","false","https://cdnt-preview.dzcdn.net/api/1/1/3/1/0/0/310ce9a959269857e1f6da900b626bd1.mp3?hdnea=exp=1781147014~acl=/api/1/1/3/1/0/0/310ce9a959269857e1f6da900b626bd1.mp3*~data=user_id=0,application_id=42~hmac=e6b28ab20ab867f805b314518c8dfb13a5b6044d5e1342e856093bd7ef3e634f"
"Sisters Are Doin' It for Themselves (Remastered)","Eurythmics","Ultimate Collection","576109","339921","293","false","https://cdnt-preview.dzcdn.net/api/1/1/d/f/a/0/dfa8d7953b8f596fb6a84d768cf1e531.mp3?hdnea=exp=1781147015~acl=/api/1/1/d/f/a/0/dfa8d7953b8f596fb6a84d768cf1e531.mp3*~data=user_id=0,application_id=42~hmac=dc3b639f942153e3bf18ab5d33aaba1c375a8245ea6092789e39b1be9c2cc3b6"
"Goody Two Shoes","Adam Ant","The Very Best Of","564952","337361","209","false","https://cdnt-preview.dzcdn.net/api/1/1/4/5/3/0/453d442107b7016395efca66d8c0d31c.mp3?hdnea=exp=1781147014~acl=/api/1/1/4/5/3/0/453d442107b7016395efca66d8c0d31c.mp3*~data=user_id=0,application_id=42~hmac=f709431ba429840859e7fcb603aea4c81c7745589033c70a8aa280257174acff"
"Back To Life","Soul II Soul","Club Classics Vol. One","3134893","334851","219","false","https://cdnt-preview.dzcdn.net/api/1/1/b/e/d/0/bed4149f5c60e993a9f40591cc2d9758.mp3?hdnea=exp=1781147013~acl=/api/1/1/b/e/d/0/bed4149f5c60e993a9f40591cc2d9758.mp3*~data=user_id=0,application_id=42~hmac=a9eefed790f1a93548358e316b636351a2409e25c65cccf3032e01aca39155de"
"Don't Go","Yaz","Upstairs At Eric's","14619290","334147","191","false","https://cdnt-preview.dzcdn.net/api/1/1/2/2/a/0/22a49769eb1710cfd939f983a9a4bc0c.mp3?hdnea=exp=1781147013~acl=/api/1/1/2/2/a/0/22a49769eb1710cfd939f983a9a4bc0c.mp3*~data=user_id=0,application_id=42~hmac=9f8a5d4450ac379d5fe2d09d0442ac4e04606b26fd6c251d28f80007784c9294"
"Do You Really Want To Hurt Me (Remastered 2002)","Culture Club","Greatest Hits","3138155","330444","261","false","https://cdnt-preview.dzcdn.net/api/1/1/0/7/c/0/07ccd0c19a68cbb33e97dfe5bc810c35.mp3?hdnea=exp=1781147014~acl=/api/1/1/0/7/c/0/07ccd0c19a68cbb33e97dfe5bc810c35.mp3*~data=user_id=0,application_id=42~hmac=c51ef1fbb9be8833dc0dabc1bd8dffa4b65545e6528c69ffca8ccfe6ea394d4e"
"New Sensation","INXS","Kick","14636758","328557","219","false","https://cdnt-preview.dzcdn.net/api/1/1/3/7/5/0/375a077133388d0c312b78cf568a3b5a.mp3?hdnea=exp=1781147013~acl=/api/1/1/3/7/5/0/375a077133388d0c312b78cf568a3b5a.mp3*~data=user_id=0,application_id=42~hmac=05a3e2e7e3caff15632ef669082f6db5a3cd22ccff890f0a58e76a5e90da23c4"
"I Would Die 4 U (2015 Paisley Park Remaster)","Prince","Purple Rain (Deluxe Expanded Edition)","374283041","328195","169","false","https://cdnt-preview.dzcdn.net/api/1/1/7/4/7/0/747653db7e819b56499d1996b83c9e99.mp3?hdnea=exp=1781147013~acl=/api/1/1/7/4/7/0/747653db7e819b56499d1996b83c9e99.mp3*~data=user_id=0,application_id=42~hmac=4de7626f414d63bcd0125ba41c271376c77c5b98e39961d1cfeb049d36f88387"
"Love In An Elevator (Single Version)","Aerosmith","Tough Love: Best Of The Ballads (International Version)","11288905","322482","322","false","https://cdnt-preview.dzcdn.net/api/1/1/1/1/b/0/11bc61c199aae7c9c1e9f9cfce94cf1d.mp3?hdnea=exp=1781147014~acl=/api/1/1/1/1/b/0/11bc61c199aae7c9c1e9f9cfce94cf1d.mp3*~data=user_id=0,application_id=42~hmac=26fdefd80b3a6a06b5916ac968ac614553559cb4bc11bb6021302da5825b7774"
"Closer to Fine","Indigo Girls","Retrospective","626284","320033","242","false","https://cdnt-preview.dzcdn.net/api/1/1/f/d/8/0/fd85eab885f2b7d111d6d5af708aad79.mp3?hdnea=exp=1781147012~acl=/api/1/1/f/d/8/0/fd85eab885f2b7d111d6d5af708aad79.mp3*~data=user_id=0,application_id=42~hmac=bbd329a455dffa898aebede6fa474919d0737bcaf0209e6b1a2719cd049017f2"
"One Summer","Daryl Braithwaite","Edge","15852646","319222","223","false","https://cdnt-preview.dzcdn.net/api/1/1/4/6/1/0/461797153742099565613fa8d2d50662.mp3?hdnea=exp=1781147012~acl=/api/1/1/4/6/1/0/461797153742099565613fa8d2d50662.mp3*~data=user_id=0,application_id=42~hmac=34f4889d6ca74041db5f7ea0839c164a3bbbbdb9ce69bee9f201622b9c24dec8"
"Lovesong (2010 Remaster)","The Cure","Disintegration (Deluxe Edition)","14637327","319206","209","false","https://cdnt-preview.dzcdn.net/api/1/1/d/c/7/0/dc7cec742232a9abf840ab025e79ef99.mp3?hdnea=exp=1781147013~acl=/api/1/1/d/c/7/0/dc7cec742232a9abf840ab025e79ef99.mp3*~data=user_id=0,application_id=42~hmac=ba22eba91103e34bed3bb195b6820bacf0e8c51c1e91c31321b4dd4db89b0fa9"
"The Only Way Is Up","Yazz","Totally 80's For Kids (International Version)","4189317","316304","266","false","https://cdnt-preview.dzcdn.net/api/1/1/0/3/d/0/03dcf9b30766be55747154ba29aafb59.mp3?hdnea=exp=1781147015~acl=/api/1/1/0/3/d/0/03dcf9b30766be55747154ba29aafb59.mp3*~data=user_id=0,application_id=42~hmac=d8c56a034184f825430ece13a20b66644efaf3c75f58ce5fd86bd1d283a02c45"
"Jump (Original Mix)","The Pointer Sisters","Break Out (1983 Version - Expanded Edition)","348307831","314764","242","false","https://cdnt-preview.dzcdn.net/api/1/1/0/6/5/0/0653d1b8f3c2f75f9785b7a13ee9818b.mp3?hdnea=exp=1781147013~acl=/api/1/1/0/6/5/0/0653d1b8f3c2f75f9785b7a13ee9818b.mp3*~data=user_id=0,application_id=42~hmac=81be347c25e65144100ba6c807f5742b53f545e53b2eaccbc20e4da65a16723e"
"Open Arms (2024 Remaster)","Journey","Greatest Hits (2024 Remaster)","534472","313786","198","false","https://cdnt-preview.dzcdn.net/api/1/1/d/2/a/0/d2ab6df4ca8ee7952b9e7c6ed244fa2c.mp3?hdnea=exp=1781147012~acl=/api/1/1/d/2/a/0/d2ab6df4ca8ee7952b9e7c6ed244fa2c.mp3*~data=user_id=0,application_id=42~hmac=e6154faf902f34c003b502048dca8b014807b0c208c28465d5277c07a4872cec"
"Love Come Down (Single Version)","Evelyn ""Champagne"" King","The Best Of Evelyn ""Champagne"" King","1082491","310884","216","false","https://cdnt-preview.dzcdn.net/api/1/1/4/3/c/0/43ce07d466dc78d3cdaa98dfdda55c28.mp3?hdnea=exp=1781147014~acl=/api/1/1/4/3/c/0/43ce07d466dc78d3cdaa98dfdda55c28.mp3*~data=user_id=0,application_id=42~hmac=f56d49275d66ee3e6c57807420698a86151fb0d73e4cd8a1908c4a235c8f9c08"
"Head Over Heels","Go-Go's","Return To The Valley Of The Go-Go's","3361322","309235","217","false","https://cdnt-preview.dzcdn.net/api/1/1/e/3/3/0/e33843f05be8e9e7f645a81274884126.mp3?hdnea=exp=1781147013~acl=/api/1/1/e/3/3/0/e33843f05be8e9e7f645a81274884126.mp3*~data=user_id=0,application_id=42~hmac=02f78ee2b0c38694eefb1a8163944d2adfcb645ff4c7d612984f4bd711994cf9"
"Perfect","Fairground Attraction","80s 100 Hits","5404572","307271","218","false","https://cdnt-preview.dzcdn.net/api/1/1/c/8/d/0/c8d674d4a02dd96c3f34da90c53956c6.mp3?hdnea=exp=1781147015~acl=/api/1/1/c/8/d/0/c8d674d4a02dd96c3f34da90c53956c6.mp3*~data=user_id=0,application_id=42~hmac=6be32e52bc35007c0596befd4ed7926ed25362064f0b733f2f6c4dfb3cd3ffd7"
"Sister Christian","Night Ranger","Boogie Nights / Music From The Original Motion Picture","4760905","305812","299","false","https://cdnt-preview.dzcdn.net/api/1/1/4/b/c/0/4bc3896962f1aaf9349941af8419cd02.mp3?hdnea=exp=1781147013~acl=/api/1/1/4/b/c/0/4bc3896962f1aaf9349941af8419cd02.mp3*~data=user_id=0,application_id=42~hmac=e8d71b0e3ec8b857c61d5e744081cdb531fe0bb4e7666a027d58fb97fc532b16"
"Coming Around Again (Remastered 2004)","Carly Simon","Reflections Carly Simon's Greatest Hits","598064","293941","222","false","https://cdnt-preview.dzcdn.net/api/1/1/0/5/d/0/05db702b147e73f1e3882913a85724fb.mp3?hdnea=exp=1781147013~acl=/api/1/1/0/5/d/0/05db702b147e73f1e3882913a85724fb.mp3*~data=user_id=0,application_id=42~hmac=791ab05fe1ffd0578f20b141e9345124a829403ea242d25ef885a83da9811670"
"Happy Hour","The Housemartins","Soup","914424","291410","142","false","https://cdnt-preview.dzcdn.net/api/1/1/a/0/2/0/a0229865b3eb3b1473c8d5b13c107256.mp3?hdnea=exp=1781147015~acl=/api/1/1/a/0/2/0/a0229865b3eb3b1473c8d5b13c107256.mp3*~data=user_id=0,application_id=42~hmac=cb8a274c69d57eb9fdca20a1c352cfa8dac31aa820192bca9b62c2214695230a"
"It's a Sin (2018 Remaster)","Pet Shop Boys","Actually: Further Listening 1987 - 1988 (2018 Remaster)","462784272","275954","299","false","https://cdnt-preview.dzcdn.net/api/1/1/f/c/e/0/fce12e4397b06b062fe727a0e152bfa3.mp3?hdnea=exp=1781147013~acl=/api/1/1/f/c/e/0/fce12e4397b06b062fe727a0e152bfa3.mp3*~data=user_id=0,application_id=42~hmac=40c21a77eecb2b0243f32883111c55885bdf0d73bf433f1ec0f01cd5f9aa5155"
"Some Guys Have All the Luck","Rod Stewart","Camouflage","2550718","268571","274","false","https://cdnt-preview.dzcdn.net/api/1/1/0/c/2/0/0c234cd36c6c0ddbd0fd526481af7172.mp3?hdnea=exp=1781147013~acl=/api/1/1/0/c/2/0/0c234cd36c6c0ddbd0fd526481af7172.mp3*~data=user_id=0,application_id=42~hmac=40a5eea7b1369ee2aa3d3b55c5d31ee6f60b1f5672155885cfa03559ae85a63a"
"This Is the Day","The The","Soul Mining","15858498","263794","297","false","https://cdnt-preview.dzcdn.net/api/1/1/a/5/7/0/a577b73e98fc6f2cbd04bc57b55fc2e7.mp3?hdnea=exp=1781147012~acl=/api/1/1/a/5/7/0/a577b73e98fc6f2cbd04bc57b55fc2e7.mp3*~data=user_id=0,application_id=42~hmac=510469b787de119ca3c560859fd6c1d4e4b8fa515b7ccbdfffcf8ef9a5242a91"
"Material Girl (2024 Remaster)","Madonna","Material Girl (2024 Remaster)","2626770792","260682","242","false","https://cdnt-preview.dzcdn.net/api/1/1/6/2/b/0/62babaeec7c337872249df85048aa9a6.mp3?hdnea=exp=1781147013~acl=/api/1/1/6/2/b/0/62babaeec7c337872249df85048aa9a6.mp3*~data=user_id=0,application_id=42~hmac=5ca742a5a9486c8079e423858a50cecd88ce2fd153efbe03e58dc12c15073031"
"The Look Of Love, Pt.1","ABC","Music For Eighties","907796","259488","207","false","https://cdnt-preview.dzcdn.net/api/1/1/a/5/4/0/a547fc640dc3ca9085264c013bdee148.mp3?hdnea=exp=1781147013~acl=/api/1/1/a/5/4/0/a547fc640dc3ca9085264c013bdee148.mp3*~data=user_id=0,application_id=42~hmac=c7c03d42b591e23b7eb7458671e965f693c2fb14cd31adebf1c0a8f09dbefd2b"
"We Got The Beat","The Go-Go's","Beauty And The Beat","2113414","258572","152","false","https://cdnt-preview.dzcdn.net/api/1/1/f/7/7/0/f779b9b77ff9927409a369fdd7fbb765.mp3?hdnea=exp=1781147013~acl=/api/1/1/f/7/7/0/f779b9b77ff9927409a369fdd7fbb765.mp3*~data=user_id=0,application_id=42~hmac=3f94a8f817124b02df8949590e100b8d6c1a7b4f7557bfb3e89f77d25d8e0e87"
"Girls on Film","Duran Duran","The Singles 81-85","4304778","255605","210","false","https://cdnt-preview.dzcdn.net/api/1/1/a/e/c/0/aec4d1e9865419705f6037e69cf953ca.mp3?hdnea=exp=1781147014~acl=/api/1/1/a/e/c/0/aec4d1e9865419705f6037e69cf953ca.mp3*~data=user_id=0,application_id=42~hmac=84c1adfdc66f28bf0dbfb8df49c6316200e32959d7fdd7d08cc5977f7271ca68"
"Atomic (Remastered 2001)","Blondie","Blondie Singles Collection: 1977-1982","4305113","254356","275","false","https://cdnt-preview.dzcdn.net/api/1/1/9/8/1/0/981ee9d524005982eef7bc94f27add54.mp3?hdnea=exp=1781147014~acl=/api/1/1/9/8/1/0/981ee9d524005982eef7bc94f27add54.mp3*~data=user_id=0,application_id=42~hmac=ae5153096fa605f1bda550f2b5b0bfe2e7bf400d2607211a37a27228bc493276"
"Mary's Prayer","Danny Wilson","The Best Of Danny Wilson","3362498","247679","234","false","https://cdnt-preview.dzcdn.net/api/1/1/6/0/a/0/60a257c5f10aa16f32062734d9418054.mp3?hdnea=exp=1781147013~acl=/api/1/1/6/0/a/0/60a257c5f10aa16f32062734d9418054.mp3*~data=user_id=0,application_id=42~hmac=a452ca033281b8c2b5266b880079a019b897eb868ec6e9cc3780d9ca921ee4a9"
"Voices Carry","'Til Tuesday","Pure... Alternative 80s","13816300","244029","261","false","https://cdnt-preview.dzcdn.net/api/1/1/4/1/2/0/412501b567098242f4bbc43fd72da245.mp3?hdnea=exp=1781147012~acl=/api/1/1/4/1/2/0/412501b567098242f4bbc43fd72da245.mp3*~data=user_id=0,application_id=42~hmac=3bf7c5abce227f2716c0651aea27360f423306effb862043a210f5e0d1e46456"
"Trapped","Colonel Abrams","Legs, Leggings & Lycra","10092873","242448","250","false","https://cdnt-preview.dzcdn.net/api/1/1/6/5/b/0/65be1b0975ae3d1ba070898f7aeaf4f6.mp3?hdnea=exp=1781147015~acl=/api/1/1/6/5/b/0/65be1b0975ae3d1ba070898f7aeaf4f6.mp3*~data=user_id=0,application_id=42~hmac=462c9cdb8f73fa99b2d4d2b52453f89da79e19ab8d6633ca2d41605a5b28488e"
"I Owe You Nothing","Bros","Push (Deluxe Edition)","71732794","235970","216","false","https://cdnt-preview.dzcdn.net/api/1/1/9/1/a/0/91a355b9cd58607a69ecdf6f1f8de093.mp3?hdnea=exp=1781147014~acl=/api/1/1/9/1/a/0/91a355b9cd58607a69ecdf6f1f8de093.mp3*~data=user_id=0,application_id=42~hmac=916a691f60c78395200ea541f0a8209434a574be2d1c8ed04d1c9e0de4e7ee6a"
"Kyrie (Single Version)","Mr. Mister","LOVE","2847598","235233","256","false","https://cdnt-preview.dzcdn.net/api/1/1/4/b/e/0/4be61eb6502ee5eb063a83a33dfd65ad.mp3?hdnea=exp=1781147013~acl=/api/1/1/4/b/e/0/4be61eb6502ee5eb063a83a33dfd65ad.mp3*~data=user_id=0,application_id=42~hmac=a7f716cf1e9249450083bedc829b9e245aaa48269560fc4ebd45b0c2e91288ae"
"You Might Think","The Cars","Heartbeat City (Expanded Edition)","474178202","231355","184","false","https://cdnt-preview.dzcdn.net/api/1/1/2/5/1/0/25142a561a2054b4eb7a114a39092748.mp3?hdnea=exp=1781147013~acl=/api/1/1/2/5/1/0/25142a561a2054b4eb7a114a39092748.mp3*~data=user_id=0,application_id=42~hmac=898627cd9d0d1b14a014db193b9c267447327d0dfd3dbc780599490e4fd46286"
"The Warrior","Patty Smyth","Patty Smyth's Greatest Hits Featuring Scandal","70641893","213922","238","false","https://cdnt-preview.dzcdn.net/api/1/1/5/3/0/0/53059017ebfa1c1aa0c1ce7e6d07f5da.mp3?hdnea=exp=1781147012~acl=/api/1/1/5/3/0/0/53059017ebfa1c1aa0c1ce7e6d07f5da.mp3*~data=user_id=0,application_id=42~hmac=d6c4d4c78a7e86207016f0ff9473c1bc4ffca07100b0320992f1e7c4b18ffe21"
"Killer","Adamski","90's Pop Pre-Cleared Comp","6030237","209665","250","false","https://cdnt-preview.dzcdn.net/api/1/1/6/e/d/0/6ed3313afcdd085532e1a4e9912b09d9.mp3?hdnea=exp=1781147014~acl=/api/1/1/6/e/d/0/6ed3313afcdd085532e1a4e9912b09d9.mp3*~data=user_id=0,application_id=42~hmac=263e9e5ee9f84609bcbf92446164adb9c1ac3c6fb93a1a6e7598554068e4de0d"
"Anything for You","Gloria Estefan and Miami Sound Machine","Anything For You","1082680","207382","226","false","https://cdnt-preview.dzcdn.net/api/1/1/a/6/9/0/a692796ba7ce8f1783042c5385dc196f.mp3?hdnea=exp=1781147014~acl=/api/1/1/a/6/9/0/a692796ba7ce8f1783042c5385dc196f.mp3*~data=user_id=0,application_id=42~hmac=fa44722265d99abf32de5d0693761a2d5716770806bee551e1d841546e442dff"
"Only You","Yazoo","The Best Of","6638658","203807","194","false","https://cdnt-preview.dzcdn.net/api/1/1/d/6/a/0/d6afee002937bc0e8c24ee6185b3345b.mp3?hdnea=exp=1781147014~acl=/api/1/1/d/6/a/0/d6afee002937bc0e8c24ee6185b3345b.mp3*~data=user_id=0,application_id=42~hmac=bcc77a121155e6ee9ce49417e12079ef7d01903bdb323180085f3440a3fb0b30"
"Little Red Corvette (2019 Remaster)","Prince","1999 (Super Deluxe Edition)","819557562","196999","303","true","https://cdnt-preview.dzcdn.net/api/1/1/1/2/c/0/12ce83aebcd05fa5f53ad7b17e7f2e43.mp3?hdnea=exp=1781147013~acl=/api/1/1/1/2/c/0/12ce83aebcd05fa5f53ad7b17e7f2e43.mp3*~data=user_id=0,application_id=42~hmac=94aba54b1a5b5bf42e554c2d122e794b58db1daf185491b6b9d4538e66e11e9c"
"In Between Days (2006 Remaster)","The Cure","The Head on the Door (Deluxed Edition)","14618836","194440","178","false","https://cdnt-preview.dzcdn.net/api/1/1/4/4/f/0/44fd15856185ca4c13e12dc8f59460f1.mp3?hdnea=exp=1781147013~acl=/api/1/1/4/4/f/0/44fd15856185ca4c13e12dc8f59460f1.mp3*~data=user_id=0,application_id=42~hmac=c365d931c9f991a80d12b06f2c35ad96377ba8355bce04fd4da4bc7f121ff9c6"
"The King of Rock 'N' Roll","Prefab Sprout","From Langley Park to Memphis","733350952","187465","262","false","https://cdnt-preview.dzcdn.net/api/1/1/2/2/f/0/22f7bcaec0cb9c6551b5bab63fb9b9a1.mp3?hdnea=exp=1781147013~acl=/api/1/1/2/2/f/0/22f7bcaec0cb9c6551b5bab63fb9b9a1.mp3*~data=user_id=0,application_id=42~hmac=e894e66613d5062484890c327d68c0e56d8ac7a051413a0752d0af4b7200ff3b"
"Roam","The B-52's","Time Capsule","14637458","186675","292","false","https://cdnt-preview.dzcdn.net/api/1/1/0/9/0/0/0909ebf54a48d60c475a119361d42e25.mp3?hdnea=exp=1781147013~acl=/api/1/1/0/9/0/0/0909ebf54a48d60c475a119361d42e25.mp3*~data=user_id=0,application_id=42~hmac=540beffb3633e7fb52ef01538838352425fd8dd9f2318a945777a24d86796e4c"
"Is This Love?","Alison Moyet","Singles","10307814","180558","241","false","https://cdnt-preview.dzcdn.net/api/1/1/2/0/e/0/20e4bbc3113cc95cfe37e97f1e245b82.mp3?hdnea=exp=1781147014~acl=/api/1/1/2/0/e/0/20e4bbc3113cc95cfe37e97f1e245b82.mp3*~data=user_id=0,application_id=42~hmac=f350944b2cde4a3e33df0030e465bae188562e5f29a888e33e7bbf6179fd191f"
"What Have I Done to Deserve This? (with Dusty Springfield) (2018 Remaster)","Pet Shop Boys","Actually: Further Listening 1987 - 1988 (2018 Remaster)","462784222","170855","263","false","https://cdnt-preview.dzcdn.net/api/1/1/1/d/1/0/1d1be06834a3a7c53bec1f3ff8cc1a09.mp3?hdnea=exp=1781147013~acl=/api/1/1/1/d/1/0/1d1be06834a3a7c53bec1f3ff8cc1a09.mp3*~data=user_id=0,application_id=42~hmac=d239dbe3c2af260c6f36986ca90547756299cc4e6113a9f2641b9c840eeeb168"
"Our House","Madness","Totally '80s For Kids","87768889","168483","199","false","https://cdnt-preview.dzcdn.net/api/1/1/e/8/5/0/e8595c174f7cd69956e575c63a76a8f7.mp3?hdnea=exp=1781147013~acl=/api/1/1/e/8/5/0/e8595c174f7cd69956e575c63a76a8f7.mp3*~data=user_id=0,application_id=42~hmac=069e7685dc3a2df689284e4292ad160319801550a9e0e6dfe02829b04a92b2cf"
"The Warrior (feat. Patty Smyth)","Scandal","'80s Pop Hits","72004658","162597","235","false","https://cdnt-preview.dzcdn.net/api/1/1/0/5/5/0/0552f9c665b2566963d32ad2a9ade815.mp3?hdnea=exp=1781147013~acl=/api/1/1/0/5/5/0/0552f9c665b2566963d32ad2a9ade815.mp3*~data=user_id=0,application_id=42~hmac=f74135acea5aa4560828d4e93767c523562d6aad2a9018f8e01b117a986ea748"
"Rhythm Is Gonna Get You","Gloria Estefan and Miami Sound Machine","80s 100 Hits - Volume 2","10287111","147094","235","false","https://cdnt-preview.dzcdn.net/api/1/1/e/5/d/0/e5d8e3fecd52337ff559c59c2bc0d699.mp3?hdnea=exp=1781147014~acl=/api/1/1/e/5/d/0/e5d8e3fecd52337ff559c59c2bc0d699.mp3*~data=user_id=0,application_id=42~hmac=c986e1adfdee1c2af685eba8342822aac1399edd397afb9f02bdca1e363cffd4"
"Pretty in Pink","The Psychedelic Furs","Greatest Hits","625979","54997","237","false","https://cdnt-preview.dzcdn.net/api/1/1/8/1/2/0/812f4124043127bb947ff01d84cf0d67.mp3?hdnea=exp=1781147013~acl=/api/1/1/8/1/2/0/812f4124043127bb947ff01d84cf0d67.mp3*~data=user_id=0,application_id=42~hmac=9db0a5e1011c107f7d6daf31876457ee37c6f3badcbb1b4f183d6dac753ce69f"
"Disconnected","Retrofile","Disconnected","2984010081","40417","255","false","https://cdnt-preview.dzcdn.net/api/1/1/2/3/7/0/2378fd80424740e1a79c4bd5d0960586.mp3?hdnea=exp=1781147013~acl=/api/1/1/2/3/7/0/2378fd80424740e1a79c4bd5d0960586.mp3*~data=user_id=0,application_id=42~hmac=480ced8117e81ba9f45533855b621cee37f03a80230e5973d0966f8521b8a17b"
"This","Vita Chino","Murphy","917555552","38215","202","false","https://cdnt-preview.dzcdn.net/api/1/1/a/d/5/0/ad5b39ac60da47f1ea7a1c37610b91af.mp3?hdnea=exp=1781147012~acl=/api/1/1/a/d/5/0/ad5b39ac60da47f1ea7a1c37610b91af.mp3*~data=user_id=0,application_id=42~hmac=5b5d8d78215e52b9a8cd0bd41c76a63480b3b60fbff31c1a420a73819bb1c32a"
"Labour Of Love","Hue & Cry","Methods Of Dance (Electronica & Leftfield ‘73-‘87)","71700927","37371","212","false","https://cdnt-preview.dzcdn.net/api/1/1/d/0/1/0/d0183061662079d6087ca3cc2ba77790.mp3?hdnea=exp=1781147013~acl=/api/1/1/d/0/1/0/d0183061662079d6087ca3cc2ba77790.mp3*~data=user_id=0,application_id=42~hmac=ba2d7130e9802c5b1d02a59b100efd543e84f5cdf98ea1d5e0c859b05b8174c0"
"I Should Be so Lucky","Kylie Minogue","Kylie","53639821","32886","240","false","https://cdnt-preview.dzcdn.net/api/1/1/0/6/4/0/0645388cc3dbe49310ca825b88478de1.mp3?hdnea=exp=1781147015~acl=/api/1/1/0/6/4/0/0645388cc3dbe49310ca825b88478de1.mp3*~data=user_id=0,application_id=42~hmac=45429986d43274f99be18bb9598099c8748e9e549ac8ce8f6c5ee068a6f64098"
"Golden Brown","The Stranglers","The Very Best Of","563464","22405","206","false","https://cdnt-preview.dzcdn.net/api/1/1/f/5/7/0/f57d2e8b2eeffa195a9f31adb0e942fc.mp3?hdnea=exp=1781147013~acl=/api/1/1/f/5/7/0/f57d2e8b2eeffa195a9f31adb0e942fc.mp3*~data=user_id=0,application_id=42~hmac=21ad76c3b4e955e9acf20ea3512fb9c2c56f06c861c9485bd509ec4fb3f190ef"
"Holding Out for a Hero (From ""Footloose"" Soundtrack)","Bonnie Tyler","Book Of Lies Soundtrack","82299358","18805","349","false","https://cdnt-preview.dzcdn.net/api/1/1/7/a/c/0/7ac51221d6317b79f9279621e19ef66c.mp3?hdnea=exp=1781147012~acl=/api/1/1/7/a/c/0/7ac51221d6317b79f9279621e19ef66c.mp3*~data=user_id=0,application_id=42~hmac=7a2511c176652110cbcd264586bb6cdcca42196ddabb87245209002f8764583d"
"Hold Me Now","Thompson Twins","The Definitive 80's (eighties)","541882","3088","287","false","https://cdnt-preview.dzcdn.net/api/1/1/f/5/5/0/f55b6270da869ad60d3a6c0fee200abc.mp3?hdnea=exp=1781147014~acl=/api/1/1/f/5/5/0/f55b6270da869ad60d3a6c0fee200abc.mp3*~data=user_id=0,application_id=42~hmac=940c442fd3c19709b0ae50a4d1a048390f712572da23b35b244248f611f7b91a"
