OriginalTitle,OriginalArtist,OriginalDeezerId,OriginalRank,AlternativeTitle,AlternativeArtist,AlternativeAlbum,AlternativeDeezerId,AlternativeRank,AlternativeDurationSec,AlternativeExplicit,DeezerTrackUrl,AlternativePreviewUrl,ConfidenceNote
"(thematic candidate)","","","","Come On Get Happy (The Partridge Family Theme)","David Cassidy","Come On Get Happy! The Very Best Of The Partridge Family","13188359","192994","65","false","https://www.deezer.com/us/track/13188359","https://cdnt-preview.dzcdn.net/api/1/1/1/2/f/0/12f7903f6909e01c1105681be21b0b17.mp3?hdnea=exp=1781747675~acl=/api/1/1/1/2/f/0/12f7903f6909e01c1105681be21b0b17.mp3*~data=user_id=0,application_id=42~hmac=58ee598eb775253dd522cca7c676d96eec15d460f714dd18b4db279cc8ecdfcf","On 2 editorial lists"
"(thematic candidate)","","","","M.A.S.K. Theme (Vocal Version)","Cult Hit Tributes","Classic Cartoon Themes From The 80s & 90s","67461223","180425","61","false","https://www.deezer.com/us/track/67461223","https://cdnt-preview.dzcdn.net/api/1/1/c/8/2/0/c8272ed9b7792a42c68ea938b633ddf2.mp3?hdnea=exp=1781747680~acl=/api/1/1/c/8/2/0/c8272ed9b7792a42c68ea938b633ddf2.mp3*~data=user_id=0,application_id=42~hmac=957e8130af148331446a7dafe13244795c1c140a59332b520f1193ced0a941e8","On 2 editorial lists"
"(thematic candidate)","","","","A Pup Named Scooby Doo","Cult Hit Tributes","Classic Cartoon Themes From The 80s & 90s - Vol.3","73742078","179249","61","false","https://www.deezer.com/us/track/73742078","https://cdnt-preview.dzcdn.net/api/1/1/3/4/5/0/345bb1017b482f45b86f9d87db23c413.mp3?hdnea=exp=1781747680~acl=/api/1/1/3/4/5/0/345bb1017b482f45b86f9d87db23c413.mp3*~data=user_id=0,application_id=42~hmac=6df498ea48adb6c6886e76e31ecf6b03cfd71638a72d7acdc75cab5769309ca9","On 2 editorial lists"
"(thematic candidate)","","","","Dallas - Theme from the TV Series - Season 1","Dominik Hauser","Dallas - Theme from the TV Series (Jerrold Immel)","16992763","170672","73","false","https://www.deezer.com/us/track/16992763","https://cdnt-preview.dzcdn.net/api/1/1/a/d/5/0/ad59ed37ec1618c11d09675a82805a3a.mp3?hdnea=exp=1781747674~acl=/api/1/1/a/d/5/0/ad59ed37ec1618c11d09675a82805a3a.mp3*~data=user_id=0,application_id=42~hmac=39548febd0f1f6a777effb39401bd42614b617400deea1fd96430ed1764cc56d","On 2 editorial lists"
"(thematic candidate)","","","","""Cheers"" Theme (Full Length Record)","Gary Portnoy","""Cheers"" Theme: Official Original Versions","64301897","168929","151","false","https://www.deezer.com/us/track/64301897","https://cdnt-preview.dzcdn.net/api/1/1/2/2/b/0/22b3001ff2f924d346705c8861dc3c9c.mp3?hdnea=exp=1781747675~acl=/api/1/1/2/2/b/0/22b3001ff2f924d346705c8861dc3c9c.mp3*~data=user_id=0,application_id=42~hmac=faeb8951b8e56dda4386901470b19d0209a7f4f9b39ea8d0700037535c8dc9b9","On 2 editorial lists"
"(thematic candidate)","","","","Superman: The Animated Series (Main Title)","Shirley Walker","Superman: The Animated Series (Main and End Titles)","647838652","167058","66","false","https://www.deezer.com/us/track/647838652","https://cdnt-preview.dzcdn.net/api/1/1/5/8/9/0/589f5a69e2ca37a4f69097936471a34b.mp3?hdnea=exp=1781747679~acl=/api/1/1/5/8/9/0/589f5a69e2ca37a4f69097936471a34b.mp3*~data=user_id=0,application_id=42~hmac=221c8516798fcbc1a663e39a9d4d2eaa30a5894e6c93ce2c9952ae017744fa0b","On 2 editorial lists"
"(thematic candidate)","","","","Sailor Moon - Theme","Coded Channel","Remember the Themes - Manga Anime, and Other Cartoon Themes","859300152","162855","85","false","https://www.deezer.com/us/track/859300152","https://cdnt-preview.dzcdn.net/api/1/1/a/3/4/0/a3487180dbed872a21db3afd35355d12.mp3?hdnea=exp=1781747682~acl=/api/1/1/a/3/4/0/a3487180dbed872a21db3afd35355d12.mp3*~data=user_id=0,application_id=42~hmac=95d488d2c4645a9070954a3037fc93e5147b370a66be207e23dd968efb9281d0","On 2 editorial lists"
"(thematic candidate)","","","","Dastardly and Muttley","TV Themes","The Greatest Ever Cartoon Television Themes","113489546","140149","75","false","https://www.deezer.com/us/track/113489546","https://cdnt-preview.dzcdn.net/api/1/1/e/5/5/0/e55530f1b26da536fd7f25db46f39cf8.mp3?hdnea=exp=1781747679~acl=/api/1/1/e/5/5/0/e55530f1b26da536fd7f25db46f39cf8.mp3*~data=user_id=0,application_id=42~hmac=90dbc19eba3c172a813066db3e64f9d5748c010f7c028e111ce712cfbfe29db0","On 2 editorial lists"
"(thematic candidate)","","","","Gilligan's Island Theme","The Great TV Crew","The Greatest Tv Show Themes","64919290","113785","93","false","https://www.deezer.com/us/track/64919290","https://cdnt-preview.dzcdn.net/api/1/1/4/9/d/0/49d8f92836462ec2ad8082b0b0ffa7ec.mp3?hdnea=exp=1781747674~acl=/api/1/1/4/9/d/0/49d8f92836462ec2ad8082b0b0ffa7ec.mp3*~data=user_id=0,application_id=42~hmac=5fcbac6641cea51cb5982344045a5c6d31aee5125124b6e38df6e7a46a8f4b37","On 2 editorial lists"
"(thematic candidate)","","","","Boss Of Me (Theme From Malcolm In The Middle)","Almost Made the Mixtape","Boss Of Me (Theme From Malcolm In The Middle)","2032653307","108875","193","false","https://www.deezer.com/us/track/2032653307","https://cdnt-preview.dzcdn.net/api/1/1/e/2/1/0/e21a4b018839c022e4121509add4ae13.mp3?hdnea=exp=1781747675~acl=/api/1/1/e/2/1/0/e21a4b018839c022e4121509add4ae13.mp3*~data=user_id=0,application_id=42~hmac=c01bd5db0bbb38f06259520c2f6fc156e781e91cf4c89030f8c15fa9721fcae5","On 2 editorial lists"
"(thematic candidate)","","","","The Simpsons","TV Themes","The Greatest Ever Cartoon Television Themes","113489504","99383","82","false","https://www.deezer.com/us/track/113489504","https://cdnt-preview.dzcdn.net/api/1/1/8/b/4/0/8b4d32f9f67bd9be63a38b8c9e823926.mp3?hdnea=exp=1781747682~acl=/api/1/1/8/b/4/0/8b4d32f9f67bd9be63a38b8c9e823926.mp3*~data=user_id=0,application_id=42~hmac=8be9cab7bb59745e4b66712f0b59595c68f015223ca2e1220727b740a97dab36","On 2 editorial lists"
"(thematic candidate)","","","","Theme from ""Sex & the City""","Soundtrack & Theme Orchestra","Sitcom Themes","4014172","98906","40","false","https://www.deezer.com/us/track/4014172","https://cdnt-preview.dzcdn.net/api/1/1/d/0/5/0/d05288f99cf6934b18b3d6a0bc67ab57.mp3?hdnea=exp=1781747677~acl=/api/1/1/d/0/5/0/d05288f99cf6934b18b3d6a0bc67ab57.mp3*~data=user_id=0,application_id=42~hmac=67b9f6a10ea18841997827ed0b51f770dd9294364eed611a552c71936b277c4e","On 2 editorial lists"
"(thematic candidate)","","","","Golden Girls (Thank You for Being A Friend)","TV Tunesters","TV's Greatest Themes - 80's","62433785","92076","46","false","https://www.deezer.com/us/track/62433785","https://cdnt-preview.dzcdn.net/api/1/1/5/3/f/0/53fb672509a689ba1888bab362adaf28.mp3?hdnea=exp=1781747675~acl=/api/1/1/5/3/f/0/53fb672509a689ba1888bab362adaf28.mp3*~data=user_id=0,application_id=42~hmac=fa5c394f4ab4dce4916a9e9b2fb8ef58b799fc6afbd72d4cecbf82b43294f1ca","On 2 editorial lists"
"(thematic candidate)","","","","Theme From The Flintstones","TV Sounds Unlimited","Cartoon TV Tunes","17588155","78245","39","false","https://www.deezer.com/us/track/17588155","https://cdnt-preview.dzcdn.net/api/1/1/9/b/0/0/9b0309cddfd2cc6776456ec3e5baee91.mp3?hdnea=exp=1781747682~acl=/api/1/1/9/b/0/0/9b0309cddfd2cc6776456ec3e5baee91.mp3*~data=user_id=0,application_id=42~hmac=afb12c8f7c79de70df8ee46ea97daca410a5c0d5d7bef03e77131c19a7845f67","On 2 editorial lists"
"(thematic candidate)","","","","X Men: The Animated Series - Theme","Coded Channel","Remember the Themes - Manga Anime, and Other Cartoon Themes","859300202","75901","63","false","https://www.deezer.com/us/track/859300202","https://cdnt-preview.dzcdn.net/api/1/1/1/4/9/0/149f678a69e8ebb55c64ee288cd63b7c.mp3?hdnea=exp=1781747682~acl=/api/1/1/1/4/9/0/149f678a69e8ebb55c64ee288cd63b7c.mp3*~data=user_id=0,application_id=42~hmac=6e99ff49ff145dc7b03b9c5b8ad2cd56b7f005cbde1e333cad7ce33701ca0fec","On 2 editorial lists"
"(thematic candidate)","","","","I Dream of Jeannie","The TV Theme Players","Tv Theme Songs of the Past","62393262","73224","50","false","https://www.deezer.com/us/track/62393262","https://cdnt-preview.dzcdn.net/api/1/1/f/b/f/0/fbfd252341277be533bc1be96990750b.mp3?hdnea=exp=1781747678~acl=/api/1/1/f/b/f/0/fbfd252341277be533bc1be96990750b.mp3*~data=user_id=0,application_id=42~hmac=b62ffc9bbd75c3afdef844b6d0714b17898b5227bb9c58134f5eed6c92d2cdf5","On 2 editorial lists"
"(thematic candidate)","","","","Spider-Man the Animated Series Theme","Nstens1117","Nostalgia, Vol. 1","672879842","70247","58","false","https://www.deezer.com/us/track/672879842","https://cdnt-preview.dzcdn.net/api/1/1/f/b/c/0/fbc619ce313f6e5a4a64d3f86b427244.mp3?hdnea=exp=1781747679~acl=/api/1/1/f/b/c/0/fbc619ce313f6e5a4a64d3f86b427244.mp3*~data=user_id=0,application_id=42~hmac=9247b62517bef6185e3d65ef33e5d4580adebae16bd1c42b70876210dda3d69d","On 2 editorial lists"
"(thematic candidate)","","","","Charlie's Angels","TV Themes","The Greatest TV Heroes Of All Time","119651834","65732","66","false","https://www.deezer.com/us/track/119651834","https://cdnt-preview.dzcdn.net/api/1/1/5/7/3/0/573e3758da7ed7542df256ced00ab51d.mp3?hdnea=exp=1781747677~acl=/api/1/1/5/7/3/0/573e3758da7ed7542df256ced00ab51d.mp3*~data=user_id=0,application_id=42~hmac=f7cd771deabbb3b4c6670db8d347602c8276543050a251f782e24508842f83a0","On 2 editorial lists"
"(thematic candidate)","","","","Tiny Toon Adventures Main Theme (From ""Tiny Toon Adventures"")","Geek Music","Tiny Toon Adventures Main Theme (From ""Tiny Toon Adventures"")","1165931322","62734","118","false","https://www.deezer.com/us/track/1165931322","https://cdnt-preview.dzcdn.net/api/1/1/6/e/5/0/6e587ef54fa43d4ff98b9d1cc62eaa7e.mp3?hdnea=exp=1781747682~acl=/api/1/1/6/e/5/0/6e587ef54fa43d4ff98b9d1cc62eaa7e.mp3*~data=user_id=0,application_id=42~hmac=8bed432d2a61aa2b5846b69b7dec72b369b1452bae30d1c1c901574d34c1cd23","On 2 editorial lists"
"(thematic candidate)","","","","The Smurfs","TV Themes","The Greatest Ever Cartoon Television Themes","113489544","54628","63","false","https://www.deezer.com/us/track/113489544","https://cdnt-preview.dzcdn.net/api/1/1/2/8/8/0/288cb02edc795b376b695257ce44fc5b.mp3?hdnea=exp=1781747674~acl=/api/1/1/2/8/8/0/288cb02edc795b376b695257ce44fc5b.mp3*~data=user_id=0,application_id=42~hmac=1037d236480652dada74023da812e303d7a92daf9e8638fac0b785f7c3e252b1","On 2 editorial lists"
"(thematic candidate)","","","","The Dukes Of Hazard Main Theme (From ""The Dukes Of Hazard"")","Geek Music","The Greatest 70's Television Themes Collection, Vol. 1","1393934092","53484","61","false","https://www.deezer.com/us/track/1393934092","https://cdnt-preview.dzcdn.net/api/1/1/e/c/c/0/ecc86eae40b0ca110ec1afe8f132ba6f.mp3?hdnea=exp=1781747674~acl=/api/1/1/e/c/c/0/ecc86eae40b0ca110ec1afe8f132ba6f.mp3*~data=user_id=0,application_id=42~hmac=84be065bbc2ddeda9fa58f8709b25f42ef93e3118ed0d7f53fd696f2e3f40dd8","On 2 editorial lists"
"(thematic candidate)","","","","WKRP In Cincinnati","Television's Greatest Hits Band","Television's Greatest Hits - Classic Sitcoms","13685846","47495","44","false","https://www.deezer.com/us/track/13685846","https://cdnt-preview.dzcdn.net/api/1/1/e/4/3/0/e43bc6e7988113620b059889caf35ad1.mp3?hdnea=exp=1781747678~acl=/api/1/1/e/4/3/0/e43bc6e7988113620b059889caf35ad1.mp3*~data=user_id=0,application_id=42~hmac=251c3e3ae4d7570aa993db23b14f007fbe6eb565c8a3808cbe317ee75a6247b1","On 2 editorial lists"
"(thematic candidate)","","","","CHIPs","TV Themes","Greatest Crime TV Themes","119836798","44942","76","false","https://www.deezer.com/us/track/119836798","https://cdnt-preview.dzcdn.net/api/1/1/a/6/a/0/a6aaa6a1defbd3665f75afe2183c23e3.mp3?hdnea=exp=1781747677~acl=/api/1/1/a/6/a/0/a6aaa6a1defbd3665f75afe2183c23e3.mp3*~data=user_id=0,application_id=42~hmac=a5474d63a7282ab7ace659169315bfa5e61f409903ad8271556c46921bdbaf4a","On 2 editorial lists"
"(thematic candidate)","","","","Simon & Simon - Theme from the TV Series","Dominik Hauser","Simon & Simon - Theme from the TV Series (Barry De Vorzon, Michael Towers)","17154076","41820","65","false","https://www.deezer.com/us/track/17154076","https://cdnt-preview.dzcdn.net/api/1/1/4/a/9/0/4a96887cbdb776952658334d529cd820.mp3?hdnea=exp=1781747674~acl=/api/1/1/4/a/9/0/4a96887cbdb776952658334d529cd820.mp3*~data=user_id=0,application_id=42~hmac=eaa5b9572a4705efe701e505eb85e645b8c76cb850cff7307332dbaae7943ea7","On 2 editorial lists"
"(thematic candidate)","","","","Who's the Boss","The New South Bay Orchestra","TV Generation, Vol. 3","62091168","35201","63","false","https://www.deezer.com/us/track/62091168","https://cdnt-preview.dzcdn.net/api/1/1/7/f/0/0/7f0932dd25bbeba6678078474da6ca53.mp3?hdnea=exp=1781747675~acl=/api/1/1/7/f/0/0/7f0932dd25bbeba6678078474da6ca53.mp3*~data=user_id=0,application_id=42~hmac=2add1d87470e0a72d9cd1033539891e4f89bc103104518bf2063c870989d4acf","On 2 editorial lists"
"(thematic candidate)","","","","The Jetsons","The TV Theme Players","Tv Theme Songs of the Past","4491577","35008","100","false","https://www.deezer.com/us/track/4491577","https://cdnt-preview.dzcdn.net/api/1/1/e/7/8/0/e7803145f83573e33bf0e85962cb9555.mp3?hdnea=exp=1781747675~acl=/api/1/1/e/7/8/0/e7803145f83573e33bf0e85962cb9555.mp3*~data=user_id=0,application_id=42~hmac=14a5837b26ca07b23e3d50090e114b26939d42f4d840d78348e0079debdb9782","On 2 editorial lists"
"(thematic candidate)","","","","Josie and The Pussycats","TV Themes","The Greatest Ever Cartoon Television Themes","113489510","31046","62","false","https://www.deezer.com/us/track/113489510","https://cdnt-preview.dzcdn.net/api/1/1/4/1/1/0/411d52ee7c7238bd05783b6d968711e6.mp3?hdnea=exp=1781747677~acl=/api/1/1/4/1/1/0/411d52ee7c7238bd05783b6d968711e6.mp3*~data=user_id=0,application_id=42~hmac=baefc03dcec244b66e22308a43172ea2b393be05e285738231befbb198b9e2f5","On 2 editorial lists"
"(thematic candidate)","","","","Full House","TV Players","101 TV Themes Songs","13396711","24987","118","false","https://www.deezer.com/us/track/13396711","https://cdnt-preview.dzcdn.net/api/1/1/8/5/1/0/8519ae04785db85a296550489f7d424c.mp3?hdnea=exp=1781747675~acl=/api/1/1/8/5/1/0/8519ae04785db85a296550489f7d424c.mp3*~data=user_id=0,application_id=42~hmac=c22db518798b1d75f6346530e2eb1566e0698e5d00a1d0a158133d42b8a3a2cb","On 2 editorial lists"
"(thematic candidate)","","","","Theme from the Jetsons","TV Theme Song Library","TV Theme Library - Hit Cartoon and Kids Show Themes","117809862","23673","58","false","https://www.deezer.com/us/track/117809862","https://cdnt-preview.dzcdn.net/api/1/1/d/a/7/0/da74b366c03e7a2a070d0d63f6ffcee0.mp3?hdnea=exp=1781747675~acl=/api/1/1/d/a/7/0/da74b366c03e7a2a070d0d63f6ffcee0.mp3*~data=user_id=0,application_id=42~hmac=59c432c7effe12efe8431ff1f21dddab1961a5e814f7cf18befca4119d25dd14","On 2 editorial lists"
"(thematic candidate)","","","","Bewitched","TV Themes","The Very Best Of Modern Cult TV Themes","117180214","23140","61","false","https://www.deezer.com/us/track/117180214","https://cdnt-preview.dzcdn.net/api/1/1/1/7/b/0/17b7df6eb5a95d384312868d6bbb5d0b.mp3?hdnea=exp=1781747677~acl=/api/1/1/1/7/b/0/17b7df6eb5a95d384312868d6bbb5d0b.mp3*~data=user_id=0,application_id=42~hmac=f18001885c324cd2dc2baaf8de0eee1668f4b176eb8a5cd0c179feff30f49223","On 2 editorial lists"
"(thematic candidate)","","","","Gobots","Cult Hit Tributes","Classic Cartoon Themes From The 80s & 90s - Vol.3","73742068","22082","45","false","https://www.deezer.com/us/track/73742068","https://cdnt-preview.dzcdn.net/api/1/1/d/f/d/0/dfda6ede2f5c68efc8628821153d825a.mp3?hdnea=exp=1781747680~acl=/api/1/1/d/f/d/0/dfda6ede2f5c68efc8628821153d825a.mp3*~data=user_id=0,application_id=42~hmac=7c79f0d7d96d96b8a584c2f66bb384b6aee66145a7de7e3a71711b0a8aa6aa3c","On 2 editorial lists"
"(thematic candidate)","","","","Fantasy Island","TV Themes","Fantasy TV Themes","113317902","21334","62","false","https://www.deezer.com/us/track/113317902","https://cdnt-preview.dzcdn.net/api/1/1/e/f/6/0/ef6831ad5318569ed6b8715941c62831.mp3?hdnea=exp=1781747675~acl=/api/1/1/e/f/6/0/ef6831ad5318569ed6b8715941c62831.mp3*~data=user_id=0,application_id=42~hmac=506f0e8a7dee94e094b61ebf94958a3009acee4e7107a973bca384955f9a4d9a","On 2 editorial lists"
"(thematic candidate)","","","","Will & Grace (Opening Theme)","Piano Rumbático","Bang! - Top TV Theme Tune Hits, Vol. 3 Comedy","33785161","21195","31","false","https://www.deezer.com/us/track/33785161","https://cdnt-preview.dzcdn.net/api/1/1/8/7/d/0/87d4da048b8827cf3bd158f39b2c16f8.mp3?hdnea=exp=1781747675~acl=/api/1/1/8/7/d/0/87d4da048b8827cf3bd158f39b2c16f8.mp3*~data=user_id=0,application_id=42~hmac=4b921c6772d43b5509ea4e17651187f7d5feebebf723c2680f68d6bf971fe968","On 2 editorial lists"
"(thematic candidate)","","","","Police Woman","TV Themes","Charlie's Angels","1534306382","15329","62","false","https://www.deezer.com/us/track/1534306382","https://cdnt-preview.dzcdn.net/api/1/1/0/e/d/0/0edaf84a27ce1a8f5a6305c8d72340e2.mp3?hdnea=exp=1781747677~acl=/api/1/1/0/e/d/0/0edaf84a27ce1a8f5a6305c8d72340e2.mp3*~data=user_id=0,application_id=42~hmac=97dd2d35e43806285dc66c9b537923277bc13db47734606476a04ec44428f819","On 2 editorial lists"
"(thematic candidate)","","","","The Muppet Show","Tracy Island","Kid Stuff The Greatest Kids TV Themes","127389281","13504","71","false","https://www.deezer.com/us/track/127389281","https://cdnt-preview.dzcdn.net/api/1/1/1/a/4/0/1a4de8a8c6f49c3aac49ea3c51048bcf.mp3?hdnea=exp=1781747675~acl=/api/1/1/1/a/4/0/1a4de8a8c6f49c3aac49ea3c51048bcf.mp3*~data=user_id=0,application_id=42~hmac=755b47f96f6742289a10f7ebac63ff7b3824a5a008c1c3907b2059eebbb147d8","On 2 editorial lists"
"(thematic candidate)","","","","Get Smart","Television's Greatest Hits Band","Television's Greatest Hits - Classic Comedy","13685889","12763","57","false","https://www.deezer.com/us/track/13685889","https://cdnt-preview.dzcdn.net/api/1/1/c/8/a/0/c8a2e155b160d86860f552641b3ee701.mp3?hdnea=exp=1781747675~acl=/api/1/1/c/8/a/0/c8a2e155b160d86860f552641b3ee701.mp3*~data=user_id=0,application_id=42~hmac=58ebcdf697119dd4a6cc051b5b8e02e26526e7c955ed27e60be4466e019e36e0","On 2 editorial lists"
"(thematic candidate)","","","","Boy Meets World","TV Players","101 TV Themes Songs","13396710","10282","115","false","https://www.deezer.com/us/track/13396710","https://cdnt-preview.dzcdn.net/api/1/1/d/1/5/0/d15a2972856f027ea575e41944d03503.mp3?hdnea=exp=1781747675~acl=/api/1/1/d/1/5/0/d15a2972856f027ea575e41944d03503.mp3*~data=user_id=0,application_id=42~hmac=c276fea20c1621bcd2ac9c83d3dfb195158928ff61ce854b83e5654fd6339a99","On 2 editorial lists"
"(thematic candidate)","","","","Beverly Hills 90210 (Main Theme)","KnightsBridge","TV Themes of Today!","85821817","10009","185","false","https://www.deezer.com/us/track/85821817","https://cdnt-preview.dzcdn.net/api/1/1/8/6/4/0/864f3ed3430240d8157d168fbc83d2f0.mp3?hdnea=exp=1781747675~acl=/api/1/1/8/6/4/0/864f3ed3430240d8157d168fbc83d2f0.mp3*~data=user_id=0,application_id=42~hmac=aa6b52b90fedee84d8d1053a4ec68bf423448252f7a21b60638c0ba5dad69717","On 2 editorial lists"
"(thematic candidate)","","","","TV Theme from ""Newhart""","Henry Mancini","Premier Pops","5775336","1021","87","false","https://www.deezer.com/us/track/5775336","https://cdnt-preview.dzcdn.net/api/1/1/e/4/9/0/e49bc9aca1abe2a25a1b24aa1f583e7e.mp3?hdnea=exp=1781747675~acl=/api/1/1/e/4/9/0/e49bc9aca1abe2a25a1b24aa1f583e7e.mp3*~data=user_id=0,application_id=42~hmac=ff1d9ecfbbdc18a276d279b72e7b678c807b0e2635879deb0c28bebc1c1fcbe0","On 2 editorial lists"
"(thematic candidate)","","","","Sweet Emotion","Aerosmith","Toys In The Attic","2061076857","684020","274","false","https://www.deezer.com/us/track/2061076857","https://cdnt-preview.dzcdn.net/api/1/1/6/1/1/0/6111097e4989311b9a2bc2bf5e3fd0f6.mp3?hdnea=exp=1781747681~acl=/api/1/1/6/1/1/0/6111097e4989311b9a2bc2bf5e3fd0f6.mp3*~data=user_id=0,application_id=42~hmac=d93f2fc973d27dfe42cf211c98401f51ed8c1f4e7d2dd955d35b99de2613680c","On 1 list: 80's and 90's Cartoon Theme Songs"
"(thematic candidate)","","","","Tuyo (Narcos Theme) (A Netflix Original Series Soundtrack)","Rodrigo Amarante","Tuyo (Narcos Theme) (A Netflix Original Series Soundtrack)","573659482","673177","89","false","https://www.deezer.com/us/track/573659482","https://cdnt-preview.dzcdn.net/api/1/1/2/2/9/0/229f9e2dbb2ee21bee31a8b0590abff6.mp3?hdnea=exp=1781747676~acl=/api/1/1/2/2/9/0/229f9e2dbb2ee21bee31a8b0590abff6.mp3*~data=user_id=0,application_id=42~hmac=450c3e6cd24bd9d7aeed3772f18761e32f4773686d2fdca26da84d01ee7acbc2","On 1 list: Series Classics"
"(thematic candidate)","","","","The Mandalorian","Ludwig Göransson","The Mandalorian: Chapter 1 (Original Score)","798742662","668495","198","false","https://www.deezer.com/us/track/798742662","https://cdnt-preview.dzcdn.net/api/1/1/4/6/1/0/461eac0202e8fcca605d7ae0ad088b46.mp3?hdnea=exp=1781747684~acl=/api/1/1/4/6/1/0/461eac0202e8fcca605d7ae0ad088b46.mp3*~data=user_id=0,application_id=42~hmac=34d6670f517a14e8e9ce527b7b9add820bd0ce5cf28f1adda06a6e6b12ae8ee3","On 1 list: Best Sci-fi TV & Movie Themes"
"(thematic candidate)","","","","Rock and Roll (Remaster)","Led Zeppelin","Led Zeppelin IV (Deluxe Edition)","88003855","651651","220","false","https://www.deezer.com/us/track/88003855","https://cdnt-preview.dzcdn.net/api/1/1/3/6/7/0/367c1938e3db3b81b5602434545b63b8.mp3?hdnea=exp=1781747681~acl=/api/1/1/3/6/7/0/367c1938e3db3b81b5602434545b63b8.mp3*~data=user_id=0,application_id=42~hmac=6fbe96900bd45774d243859a039794e83a4accf30708bf0b7602a8d0defefa6d","On 1 list: 80's and 90's Cartoon Theme Songs"
"(thematic candidate)","","","","Low Rider","War","Anthology 1970-1974","143042822","647123","190","false","https://www.deezer.com/us/track/143042822","https://cdnt-preview.dzcdn.net/api/1/1/0/6/0/0/0608fe18fdf2e78a07dfef2e8db79517.mp3?hdnea=exp=1781747680~acl=/api/1/1/0/6/0/0/0608fe18fdf2e78a07dfef2e8db79517.mp3*~data=user_id=0,application_id=42~hmac=6e671d86dc41520e61e4c5a16ac2bf35511feb5ebd1e1a5262c20fa6308e4f88","On 1 list: 80's and 90's Cartoon Theme Songs"
"(thematic candidate)","","","","Dude (Looks Like A Lady)","Aerosmith","Permanent Vacation","2125097","642491","263","false","https://www.deezer.com/us/track/2125097","https://cdnt-preview.dzcdn.net/api/1/1/d/9/5/0/d95ef6c73f8693df076985a23049dc64.mp3?hdnea=exp=1781747680~acl=/api/1/1/d/9/5/0/d95ef6c73f8693df076985a23049dc64.mp3*~data=user_id=0,application_id=42~hmac=96b047ba6e15decdbb3d922607c5fd110d084483362dc3b2cc6a32474e0f23dd","On 1 list: 80's and 90's Cartoon Theme Songs"
"(thematic candidate)","","","","We Used To Be Friends","The Dandy Warhols","The Capitol Years: 1995-2007","2126030287","634730","199","false","https://www.deezer.com/us/track/2126030287","https://cdnt-preview.dzcdn.net/api/1/1/b/1/c/0/b1c0b375aef547ba020ae6452eea0598.mp3?hdnea=exp=1781747676~acl=/api/1/1/b/1/c/0/b1c0b375aef547ba020ae6452eea0598.mp3*~data=user_id=0,application_id=42~hmac=54c98898a287d94ee12496c9edd457439cf350e67be6a046b254e0f699e3ac8c","On 1 list: Series Classics"
"(thematic candidate)","","","","Jaded","Aerosmith","Just Push Play","2058921037","615968","215","false","https://www.deezer.com/us/track/2058921037","https://cdnt-preview.dzcdn.net/api/1/1/0/f/f/0/0ff320e8fa5fef39cbdcd441bc9c1fdd.mp3?hdnea=exp=1781747681~acl=/api/1/1/0/f/f/0/0ff320e8fa5fef39cbdcd441bc9c1fdd.mp3*~data=user_id=0,application_id=42~hmac=c75786ed814e50c047c47df3aec23a14344b506bf934d1aa2b41498fe1ca7c60","On 1 list: 80's and 90's Cartoon Theme Songs"
"(thematic candidate)","","","","Hole In My Soul","Aerosmith","Nine Lives","2058924247","615930","370","false","https://www.deezer.com/us/track/2058924247","https://cdnt-preview.dzcdn.net/api/1/1/2/a/d/0/2ad0d2d790582e348b7f74b00e01edc9.mp3?hdnea=exp=1781747681~acl=/api/1/1/2/a/d/0/2ad0d2d790582e348b7f74b00e01edc9.mp3*~data=user_id=0,application_id=42~hmac=c79ade9311b2d3825e07940eb2e5d558ed986be5e9b99a7b7e765de9cb91181f","On 1 list: 80's and 90's Cartoon Theme Songs"
"(thematic candidate)","","","","Mississippi Queen","Mountain","Climbing!","608589","615150","151","false","https://www.deezer.com/us/track/608589","https://cdnt-preview.dzcdn.net/api/1/1/d/6/8/0/d686bf1cf29384d34b1d4c7ae3b4f78a.mp3?hdnea=exp=1781747680~acl=/api/1/1/d/6/8/0/d686bf1cf29384d34b1d4c7ae3b4f78a.mp3*~data=user_id=0,application_id=42~hmac=2c224ada2070acc1f54d37a6f15d2aee9c5bc86a290235c9e7a708f736be7e87","On 1 list: 80's and 90's Cartoon Theme Songs"
"(thematic candidate)","","","","Achy Breaky Heart","Billy Ray Cyrus","The Best Of Billy Ray Cyrus: Cover To Cover","921154","603600","204","false","https://www.deezer.com/us/track/921154","https://cdnt-preview.dzcdn.net/api/1/1/2/b/5/0/2b5a1853e46105a06059fb3295b5a31f.mp3?hdnea=exp=1781747681~acl=/api/1/1/2/b/5/0/2b5a1853e46105a06059fb3295b5a31f.mp3*~data=user_id=0,application_id=42~hmac=9115036831820378f8b04203f1c80f4a7e318412515733839ef3f46a4e389311","On 1 list: 80's and 90's Cartoon Theme Songs"
"(thematic candidate)","","","","Far From Any Road","The Handsome Family","True Detective (Music From The HBO Series)","105572014","591917","168","false","https://www.deezer.com/us/track/105572014","https://cdnt-preview.dzcdn.net/api/1/1/1/2/1/0/121cd22f9d7835161f4d141c584368ba.mp3?hdnea=exp=1781747676~acl=/api/1/1/1/2/1/0/121cd22f9d7835161f4d141c584368ba.mp3*~data=user_id=0,application_id=42~hmac=6b5d8466737cbbca7c2276e76c703feb4609d37c35dbcde7b2a5f8720f6c300e","On 1 list: Series Classics"
"(thematic candidate)","","","","Fly Away From Here","Aerosmith","Just Push Play","2058921047","590462","301","false","https://www.deezer.com/us/track/2058921047","https://cdnt-preview.dzcdn.net/api/1/1/8/0/7/0/807bee2a1ebf9d1ecf729339838c9997.mp3?hdnea=exp=1781747681~acl=/api/1/1/8/0/7/0/807bee2a1ebf9d1ecf729339838c9997.mp3*~data=user_id=0,application_id=42~hmac=279f1c40138c963f3a0e25ed4ca1925123cb54a6f3f8479cc1e306cf0a44f722","On 1 list: 80's and 90's Cartoon Theme Songs"
"(thematic candidate)","","","","Full Circle","Aerosmith","Nine Lives","2058924267","584155","300","false","https://www.deezer.com/us/track/2058924267","https://cdnt-preview.dzcdn.net/api/1/1/6/a/a/0/6aa499f96f385e0048285be4df026322.mp3?hdnea=exp=1781747681~acl=/api/1/1/6/a/a/0/6aa499f96f385e0048285be4df026322.mp3*~data=user_id=0,application_id=42~hmac=3bd77c032a537f508a4a3e0a82aec61423de76ce81a45545cc64cdb7d83be7e4","On 1 list: 80's and 90's Cartoon Theme Songs"
"(thematic candidate)","","","","You're So Vain","Carly Simon","No Secrets","688346","558829","258","false","https://www.deezer.com/us/track/688346","https://cdnt-preview.dzcdn.net/api/1/1/9/b/a/0/9bae8ac36d8608bfb182dfa84afeab90.mp3?hdnea=exp=1781747680~acl=/api/1/1/9/b/a/0/9bae8ac36d8608bfb182dfa84afeab90.mp3*~data=user_id=0,application_id=42~hmac=ba77e1b02090e132ea5293bafeca9c888ac9c80c827e531fb0633ad8baefa576","On 1 list: 80's and 90's Cartoon Theme Songs"
"(thematic candidate)","","","","Secret","The Pierces","Thirteen Tales Of Love And Revenge","11007001","557102","229","false","https://www.deezer.com/us/track/11007001","https://cdnt-preview.dzcdn.net/api/1/1/e/d/6/0/ed687e787f5079b96f43114a98c6eadd.mp3?hdnea=exp=1781747676~acl=/api/1/1/e/d/6/0/ed687e787f5079b96f43114a98c6eadd.mp3*~data=user_id=0,application_id=42~hmac=fbf8810c7c1bf3e31de2d62fe3e30a3d0e37b204df94c55376ccc15bc9e38cf1","On 1 list: Series Classics"
"(thematic candidate)","","","","Candle In The Wind 1997","Elton John","Candle In The Wind 1997 / Something About ...","1103313","531980","247","false","https://www.deezer.com/us/track/1103313","https://cdnt-preview.dzcdn.net/api/1/1/3/9/9/0/399de4e52c6e6d468f12ff3a82e1e7bc.mp3?hdnea=exp=1781747680~acl=/api/1/1/3/9/9/0/399de4e52c6e6d468f12ff3a82e1e7bc.mp3*~data=user_id=0,application_id=42~hmac=f54ac1dcb6b9361d731c80b9b8c008d3ad9f86b13fbf0af92139560fa0cd12a8","On 1 list: 80's and 90's Cartoon Theme Songs"
"(thematic candidate)","","","","The Best of Both Worlds","Hannah Montana","Best Of Hannah Montana","13275871","524186","174","false","https://www.deezer.com/us/track/13275871","https://cdnt-preview.dzcdn.net/api/1/1/4/1/c/0/41c51c952ba9830f5df51c836ada66c1.mp3?hdnea=exp=1781747675~acl=/api/1/1/4/1/c/0/41c51c952ba9830f5df51c836ada66c1.mp3*~data=user_id=0,application_id=42~hmac=c3ed023e3fe65d5bc16d4e2c09f862ba21de231b3484477c64bc25dfffbfec59","On 1 list: TV  Theme Songs"
"(thematic candidate)","","","","I Don't Want to Miss a Thing (From ""Armageddon"" Soundtrack)","Aerosmith","Armageddon - The Album","70631608","519425","299","false","https://www.deezer.com/us/track/70631608","https://cdnt-preview.dzcdn.net/api/1/1/d/0/2/0/d02c9f8c9c06ee639a04d21e16521dd5.mp3?hdnea=exp=1781747680~acl=/api/1/1/d/0/2/0/d02c9f8c9c06ee639a04d21e16521dd5.mp3*~data=user_id=0,application_id=42~hmac=7d3088b11bfe4eaa1980344bd73b297f48209994cbb9553251ba32a294cec077","On 1 list: 80's and 90's Cartoon Theme Songs"
"(thematic candidate)","","","","You've Got Time","Regina Spektor","You've Got Time","68529043","513165","189","false","https://www.deezer.com/us/track/68529043","https://cdnt-preview.dzcdn.net/api/1/1/9/a/e/0/9aecff18c33c98aafc5a5cba72e2b3e1.mp3?hdnea=exp=1781747676~acl=/api/1/1/9/a/e/0/9aecff18c33c98aafc5a5cba72e2b3e1.mp3*~data=user_id=0,application_id=42~hmac=b84e019ab85885f493d8edc0ad19f4afda982cafa1b6e3f237a7af580b03c844","On 1 list: Series Classics"
"(thematic candidate)","","","","Rag Doll","Aerosmith","Permanent Vacation","2125095","505397","264","false","https://www.deezer.com/us/track/2125095","https://cdnt-preview.dzcdn.net/api/1/1/0/d/d/0/0dd7ef1658bfae5d7ba7ae1081f891f0.mp3?hdnea=exp=1781747681~acl=/api/1/1/0/d/d/0/0dd7ef1658bfae5d7ba7ae1081f891f0.mp3*~data=user_id=0,application_id=42~hmac=58f39226483f0ad56d45fbb6c536d597d5726bd1c3ca1dd62afffe06165fc6e2","On 1 list: 80's and 90's Cartoon Theme Songs"
"(thematic candidate)","","","","Big Time Rush","Big Time Rush","Big Time Rush","10391894","502056","195","false","https://www.deezer.com/us/track/10391894","https://cdnt-preview.dzcdn.net/api/1/1/8/8/9/0/8899d07c397899964b5da41aee6e8062.mp3?hdnea=exp=1781747675~acl=/api/1/1/8/8/9/0/8899d07c397899964b5da41aee6e8062.mp3*~data=user_id=0,application_id=42~hmac=71233414cf916262e53c00592456997ecabdc982a37cce4ecf5881831cf1131f","On 1 list: TV  Theme Songs"
"(thematic candidate)","","","","I Don't Want To Be (Live)","Gavin DeGraw","Music From The WB Television Series One Tree Hill (change in 1 track bundle status)","807005","490609","243","false","https://www.deezer.com/us/track/807005","https://cdnt-preview.dzcdn.net/api/1/1/5/e/7/0/5e75cdf701301c52267fa89aaa2314d9.mp3?hdnea=exp=1781747675~acl=/api/1/1/5/e/7/0/5e75cdf701301c52267fa89aaa2314d9.mp3*~data=user_id=0,application_id=42~hmac=0cd2a8dc73c5fa65235da12f740c5dc5a66731826008d78e20f5ab1f1fad7863","On 1 list: TV  Theme Songs"
"(thematic candidate)","","","","Bad Company (2015 Remaster)","Bad Company","Bad Company (Deluxe)","97640938","490559","288","false","https://www.deezer.com/us/track/97640938","https://cdnt-preview.dzcdn.net/api/1/1/1/a/7/0/1a7028b2694e3abc65e203a36260c17e.mp3?hdnea=exp=1781747680~acl=/api/1/1/1/a/7/0/1a7028b2694e3abc65e203a36260c17e.mp3*~data=user_id=0,application_id=42~hmac=623c348e9b35495a57e4b41ba4ce36b9c2aa295c2bcc5b243b74f6e7c05f27df","On 1 list: 80's and 90's Cartoon Theme Songs"
"(thematic candidate)","","","","Proud Mary","Tina Turner","All the Best - the Hits","3120267","480119","327","false","https://www.deezer.com/us/track/3120267","https://cdnt-preview.dzcdn.net/api/1/1/b/b/5/0/bb5b31815fdf8b575822c058543fc75e.mp3?hdnea=exp=1781747680~acl=/api/1/1/b/b/5/0/bb5b31815fdf8b575822c058543fc75e.mp3*~data=user_id=0,application_id=42~hmac=086a6987de1bea2ed2af7990c8608ad7e8ce8201dbf42220374bee946470b798","On 1 list: 80's and 90's Cartoon Theme Songs"
"(thematic candidate)","","","","All My Life","Foo Fighters","One By One (Expanded Edition)","15615724","474815","262","false","https://www.deezer.com/us/track/15615724","https://cdnt-preview.dzcdn.net/api/1/1/5/9/5/0/595e7a40ef020ce93f462bffa254bc50.mp3?hdnea=exp=1781747675~acl=/api/1/1/5/9/5/0/595e7a40ef020ce93f462bffa254bc50.mp3*~data=user_id=0,application_id=42~hmac=b376ff4545e3ee316f4ed35a80ecae70475109b4e5bd0a16e812414f10355350","On 1 list: TV  Theme Songs"
"(thematic candidate)","","","","Dream On","Metal up your Brass","Chill Em All","1894161747","472028","261","false","https://www.deezer.com/us/track/1894161747","https://cdnt-preview.dzcdn.net/api/1/1/9/3/5/0/93566866d832630dd1376a3834fdd600.mp3?hdnea=exp=1781747680~acl=/api/1/1/9/3/5/0/93566866d832630dd1376a3834fdd600.mp3*~data=user_id=0,application_id=42~hmac=97bdd314d36b0ec64d2bcb36fd85dc24f2fe3d809baaf6d30ebf8c3d14bd9c87","On 1 list: 80's and 90's Cartoon Theme Songs"
"(thematic candidate)","","","","Green River","Creedence Clearwater Revival","Green River (Expanded Edition)","593438992","464053","154","false","https://www.deezer.com/us/track/593438992","https://cdnt-preview.dzcdn.net/api/1/1/9/8/b/0/98b6f6dd595d71b121b37c2e0e8e9a57.mp3?hdnea=exp=1781747681~acl=/api/1/1/9/8/b/0/98b6f6dd595d71b121b37c2e0e8e9a57.mp3*~data=user_id=0,application_id=42~hmac=847695e44934f8b5392608e912c96d4af1b47289c57f86ca625220adde401b69","On 1 list: 80's and 90's Cartoon Theme Songs"
"(thematic candidate)","","","","Stranglehold","Ted Nugent","Great Gonzos! The Best Of Ted Nugent","848323","454459","503","false","https://www.deezer.com/us/track/848323","https://cdnt-preview.dzcdn.net/api/1/1/e/f/c/0/efc74146989e3d1589ffff5e973d719a.mp3?hdnea=exp=1781747680~acl=/api/1/1/e/f/c/0/efc74146989e3d1589ffff5e973d719a.mp3*~data=user_id=0,application_id=42~hmac=b46ba05ca95a7070c10cb097aa7680055a8d00d24f3f93356569106c2ebd84eb","On 1 list: 80's and 90's Cartoon Theme Songs"
"(thematic candidate)","","","","House Of Cards Main Title Theme","Jeff Beal","House Of Cards (Music From The Netflix Original Series)","117728240","443429","109","false","https://www.deezer.com/us/track/117728240","https://cdnt-preview.dzcdn.net/api/1/1/1/8/3/0/1838086b33d24ac64437029f8c6c91c5.mp3?hdnea=exp=1781747677~acl=/api/1/1/1/8/3/0/1838086b33d24ac64437029f8c6c91c5.mp3*~data=user_id=0,application_id=42~hmac=c085c0112b58481eaf9d6c6754e221ce2784163437d7ead348b5d94c7e009714","On 1 list: Classic TV Show Theme Songs"
"(thematic candidate)","","","","Falling In Love (Is Hard On The Knees)","Aerosmith","Nine Lives","2058924237","435075","205","true","https://www.deezer.com/us/track/2058924237","https://cdnt-preview.dzcdn.net/api/1/1/8/5/5/0/8553993619dc48006b2fc41436fa6064.mp3?hdnea=exp=1781747681~acl=/api/1/1/8/5/5/0/8553993619dc48006b2fc41436fa6064.mp3*~data=user_id=0,application_id=42~hmac=e76bc7c062c3ee2e17dab3f09134040989683ec5218785c7cc68305ae7ea0da2","On 1 list: 80's and 90's Cartoon Theme Songs"
"(thematic candidate)","","","","You Ain't Seen Nothing Yet (Single Version)","Bachman-Turner Overdrive","BTO's Greatest","778212132","433786","218","false","https://www.deezer.com/us/track/778212132","https://cdnt-preview.dzcdn.net/api/1/1/8/5/3/0/8533e9ca2bdb142d35a116a24e185cef.mp3?hdnea=exp=1781747680~acl=/api/1/1/8/5/3/0/8533e9ca2bdb142d35a116a24e185cef.mp3*~data=user_id=0,application_id=42~hmac=15d1be4f289c8b1a1f74e83dbd0d85446cd2b3313582d9c0ab4ecae050aefe2e","On 1 list: 80's and 90's Cartoon Theme Songs"
"(thematic candidate)","","","","Water Song/Janie's Got A Gun","Aerosmith","Pump","2125109","427273","333","false","https://www.deezer.com/us/track/2125109","https://cdnt-preview.dzcdn.net/api/1/1/4/d/0/0/4d0910dfed34c6f689e2376a89a6fcbf.mp3?hdnea=exp=1781747681~acl=/api/1/1/4/d/0/0/4d0910dfed34c6f689e2376a89a6fcbf.mp3*~data=user_id=0,application_id=42~hmac=a27e40e3416c61da9a268d16485ae5e7696da55b99a6234093147ab98aee2d24","On 1 list: 80's and 90's Cartoon Theme Songs"
"(thematic candidate)","","","","Yellowstone Theme","Brian Tyler","Yellowstone (Original Television Series Soundtrack)","537878752","427045","148","false","https://www.deezer.com/us/track/537878752","https://cdnt-preview.dzcdn.net/api/1/1/6/2/2/0/6228bdc028d7dca8984134e914393e57.mp3?hdnea=exp=1781747674~acl=/api/1/1/6/2/2/0/6228bdc028d7dca8984134e914393e57.mp3*~data=user_id=0,application_id=42~hmac=28f7447c3b28bf21e86a292133070916ac5329223e016f821c6833e9c7ad95c1","On 1 list: TV  Theme Songs"
"(thematic candidate)","","","","Run Through The Jungle","Creedence Clearwater Revival","Cosmo's Factory (Expanded Edition)","112839938","426598","184","false","https://www.deezer.com/us/track/112839938","https://cdnt-preview.dzcdn.net/api/1/1/7/7/8/0/778b3d126d5f10d82269d1c260ff9e3e.mp3?hdnea=exp=1781747680~acl=/api/1/1/7/7/8/0/778b3d126d5f10d82269d1c260ff9e3e.mp3*~data=user_id=0,application_id=42~hmac=281c9e8e21a266a4464795997339efffc35c7a073bdc1d8eb7dad95f09e6f1fc","On 1 list: 80's and 90's Cartoon Theme Songs"
"(thematic candidate)","","","","Leave It All To Me (Theme from iCarly) (feat. Drake Bell) (Album Version)","Miranda Cosgrove","iCarly - Music From and Inspired by the Hit TV Show","13161512","426177","156","false","https://www.deezer.com/us/track/13161512","https://cdnt-preview.dzcdn.net/api/1/1/b/7/3/0/b73678e25a5d167be06cd302880a43de.mp3?hdnea=exp=1781747675~acl=/api/1/1/b/7/3/0/b73678e25a5d167be06cd302880a43de.mp3*~data=user_id=0,application_id=42~hmac=23d7783845f0281f797d96788955fafa889a98f9302e8e68baf5b40a6f846d37","On 1 list: TV  Theme Songs"
"(thematic candidate)","","","","Easy","Troye Sivan","Easy","1172418672","420477","213","false","https://www.deezer.com/us/track/1172418672","https://cdnt-preview.dzcdn.net/api/1/1/2/7/3/0/27336e9f7adf35ba5d67e4602996e253.mp3?hdnea=exp=1781747681~acl=/api/1/1/2/7/3/0/27336e9f7adf35ba5d67e4602996e253.mp3*~data=user_id=0,application_id=42~hmac=c79a86934e7c5275a72e980087ae292685f93c914243b2cd72e4ed5ac6276497","On 1 list: 80's and 90's Cartoon Theme Songs"
"(thematic candidate)","","","","Loki Green Theme","Natalie Holt","Loki: Vol. 1 (Episodes 1-3) (Original Soundtrack)","1418010072","420307","144","false","https://www.deezer.com/us/track/1418010072","https://cdnt-preview.dzcdn.net/api/1/1/f/9/e/0/f9e6c18dbff432631973119e39d9522e.mp3?hdnea=exp=1781747684~acl=/api/1/1/f/9/e/0/f9e6c18dbff432631973119e39d9522e.mp3*~data=user_id=0,application_id=42~hmac=656a911f80b748d2a0f51f2b75b9640e0d16f9c83f25254b8a25892de96fa43c","On 1 list: Best Sci-fi TV & Movie Themes"
"(thematic candidate)","","","","Theme from Spider Man (Album Version)","Aerosmith","Spider Man - Music From And Inspired By","15216347","416470","177","false","https://www.deezer.com/us/track/15216347","https://cdnt-preview.dzcdn.net/api/1/1/b/1/a/0/b1a59eef1a8ed09caa9bb1dc99739e22.mp3?hdnea=exp=1781747680~acl=/api/1/1/b/1/a/0/b1a59eef1a8ed09caa9bb1dc99739e22.mp3*~data=user_id=0,application_id=42~hmac=d44826348583d8d9bdf32d9f8a5ecc14ba8dad17600fdbb4ebdd7301dfbf19cc","On 1 list: 80's and 90's Cartoon Theme Songs"
"(thematic candidate)","","","","Iron Man","Black Sabbath","The Ultimate Collection","141425867","409727","354","false","https://www.deezer.com/us/track/141425867","https://cdnt-preview.dzcdn.net/api/1/1/5/9/f/0/59f07cafc1d18efc199edbcd9a212452.mp3?hdnea=exp=1781747680~acl=/api/1/1/5/9/f/0/59f07cafc1d18efc199edbcd9a212452.mp3*~data=user_id=0,application_id=42~hmac=3274ee13ac23382a5a05d99f9477c1df243a64fa3f9717559cf01532f99b48b4","On 1 list: 80's and 90's Cartoon Theme Songs"
"(thematic candidate)","","","","Main Titles","Theodore Shapiro","Severance: Season 1 (Apple TV+ Original Series Soundtrack)","1644141492","405075","80","false","https://www.deezer.com/us/track/1644141492","https://cdnt-preview.dzcdn.net/api/1/1/a/6/b/0/a6b7041655ba98f7a51ae64deba47c12.mp3?hdnea=exp=1781747684~acl=/api/1/1/a/6/b/0/a6b7041655ba98f7a51ae64deba47c12.mp3*~data=user_id=0,application_id=42~hmac=b7a17611a4dbd3751bf3b35a16fddc852d22972d78467692ce3c9320cef436c5","On 1 list: Best Sci-fi TV & Movie Themes"
"(thematic candidate)","","","","In-A-Gadda-Da-Vida (2006 Remaster Full-Length)","Iron Butterfly","In-A-Gadda-Da-Vida","73516758","403162","1024","false","https://www.deezer.com/us/track/73516758","https://cdnt-preview.dzcdn.net/api/1/1/d/b/6/0/db68ef3231d971df668c34f76fec8895.mp3?hdnea=exp=1781747680~acl=/api/1/1/d/b/6/0/db68ef3231d971df668c34f76fec8895.mp3*~data=user_id=0,application_id=42~hmac=3ec58e538f0ff708c83c6d088f6528310203efb7d57649e61e2e769fe343300d","On 1 list: 80's and 90's Cartoon Theme Songs"
"(thematic candidate)","","","","Main Title Terminator 2 Theme (Remastered 2017)","Brad Fiedel","Terminator 2: Judgment Day (Remastered 2017)","142745594","398840","117","false","https://www.deezer.com/us/track/142745594","https://cdnt-preview.dzcdn.net/api/1/1/3/4/5/0/34534d0121640036947dd08ed7360bd4.mp3?hdnea=exp=1781747684~acl=/api/1/1/3/4/5/0/34534d0121640036947dd08ed7360bd4.mp3*~data=user_id=0,application_id=42~hmac=19b9a22d6ecfc535db927230c3cedda231ba734cd6d29d5633cb02a09086bb05","On 1 list: Best Sci-fi TV & Movie Themes"
"(thematic candidate)","","","","Wednesday Main Titles","Danny Elfman","Wednesday (Original Series Soundtrack)","2005660777","395475","69","false","https://www.deezer.com/us/track/2005660777","https://cdnt-preview.dzcdn.net/api/1/1/5/c/8/0/5c8414f98ce0e1bfd5b52848856e8181.mp3?hdnea=exp=1781747684~acl=/api/1/1/5/c/8/0/5c8414f98ce0e1bfd5b52848856e8181.mp3*~data=user_id=0,application_id=42~hmac=9b7e0ef9b0d7863e88143ec210d97ca0991cdb00e3e3e2fbbff50874c71f72a2","On 1 list: Best Sci-fi TV & Movie Themes"
"(thematic candidate)","","","","The Crown Main Title","Hans Zimmer","The Crown: Season One (Soundtrack from the Netflix Original Series)","135370914","395009","86","false","https://www.deezer.com/us/track/135370914","https://cdnt-preview.dzcdn.net/api/1/1/0/4/4/0/044cc1826f0d0abc7110a79e0ac5f2f3.mp3?hdnea=exp=1781747677~acl=/api/1/1/0/4/4/0/044cc1826f0d0abc7110a79e0ac5f2f3.mp3*~data=user_id=0,application_id=42~hmac=13612c9f23cbca6a9782af4bb05fed5f3b7b43bb1c2d38fcfa7d1ef251331f17","On 1 list: Classic TV Show Theme Songs"
"(thematic candidate)","","","","Love And Marriage","Frank Sinatra","Ultimate Sinatra","97327612","394556","157","false","https://www.deezer.com/us/track/97327612","https://cdnt-preview.dzcdn.net/api/1/1/7/9/8/0/798ad9380aea21bf90151b168132bef7.mp3?hdnea=exp=1781747679~acl=/api/1/1/7/9/8/0/798ad9380aea21bf90151b168132bef7.mp3*~data=user_id=0,application_id=42~hmac=8d3715678921399b442264c6ce89d06cb4d5c2cbeac1018203b38d4f6edcee0b","On 1 list: Top '80s TV Show Opening Themes"
"(thematic candidate)","","","","Boss of Me (from Malcolm in the Middle)","Southern Creek Players","Television and Movie Themes","102096884","384399","65","false","https://www.deezer.com/us/track/102096884","https://cdnt-preview.dzcdn.net/api/1/1/9/2/d/0/92d14dbb44bfbc0d0ada639f58e0433d.mp3?hdnea=exp=1781747676~acl=/api/1/1/9/2/d/0/92d14dbb44bfbc0d0ada639f58e0433d.mp3*~data=user_id=0,application_id=42~hmac=ae1a88a28a2cd81dc5f973d8718c36ed7af66d1fc91a241164513da829823ae0","On 1 list: Series Classics"
"(thematic candidate)","","","","I Ain't The One","Lynyrd Skynyrd","Pronounced 'Leh-'Nérd 'Skin-'Nérd (Expanded Edition)","1559691","379498","235","false","https://www.deezer.com/us/track/1559691","https://cdnt-preview.dzcdn.net/api/1/1/b/a/8/0/ba8fee5e016da5afa0551edfb5465984.mp3?hdnea=exp=1781747681~acl=/api/1/1/b/a/8/0/ba8fee5e016da5afa0551edfb5465984.mp3*~data=user_id=0,application_id=42~hmac=85b6e1edf2ab03794839e408cb52a4d4bf415f2b1576fe1f817a8c174c7cccf0","On 1 list: 80's and 90's Cartoon Theme Songs"
"(thematic candidate)","","","","Different World (2015 Remaster)","Iron Maiden","A Matter of Life and Death (2015 Remaster)","585864572","377968","258","false","https://www.deezer.com/us/track/585864572","https://cdnt-preview.dzcdn.net/api/1/1/6/8/c/0/68c9c96bd42c6eae270c8daf78aec291.mp3?hdnea=exp=1781747675~acl=/api/1/1/6/8/c/0/68c9c96bd42c6eae270c8daf78aec291.mp3*~data=user_id=0,application_id=42~hmac=4d1ef821e2ceb4046449c2f2bc18eef232ac930bce3f4c2cce5f9e20b4a245c9","On 1 list: TV  Theme Songs"
"(thematic candidate)","","","","The Expanse","Clinton Shorter","The Expanse (Original Television Soundtrack)","125375684","371977","64","false","https://www.deezer.com/us/track/125375684","https://cdnt-preview.dzcdn.net/api/1/1/0/a/3/0/0a3215d8d1f0bfcbd648ff31be8657b5.mp3?hdnea=exp=1781747684~acl=/api/1/1/0/a/3/0/0a3215d8d1f0bfcbd648ff31be8657b5.mp3*~data=user_id=0,application_id=42~hmac=f4d00b7f698637c9e93405895c94fa5d918c4965f694a145ba2cc6beb0429358","On 1 list: Best Sci-fi TV & Movie Themes"
"(thematic candidate)","","","","Downton Abbey - The Suite (From “Downton Abbey” Soundtrack)","The Chamber Orchestra Of London","Downton Abbey","13623182","370502","428","false","https://www.deezer.com/us/track/13623182","https://cdnt-preview.dzcdn.net/api/1/1/f/7/a/0/f7a073778885f0a8db3a8ee6d026c311.mp3?hdnea=exp=1781747677~acl=/api/1/1/f/7/a/0/f7a073778885f0a8db3a8ee6d026c311.mp3*~data=user_id=0,application_id=42~hmac=b120a11f8283a377493d22ca2cfb042ce7220e548ab2c8989109a9f612251438","On 1 list: Classic TV Show Theme Songs"
"(thematic candidate)","","","","Riders on the Storm","The Doors","Forever Changing: The Golden Age Of Elektra Records 1963-1973","3579745","369944","434","false","https://www.deezer.com/us/track/3579745","https://cdnt-preview.dzcdn.net/api/1/1/4/3/3/0/433307cb56abf41bc675eeba70573b65.mp3?hdnea=exp=1781747680~acl=/api/1/1/4/3/3/0/433307cb56abf41bc675eeba70573b65.mp3*~data=user_id=0,application_id=42~hmac=00176b4e9e7297f03fb30dc0b3a929c2c0840774eb85390e6b605557ce871f77","On 1 list: 80's and 90's Cartoon Theme Songs"
"(thematic candidate)","","","","No Ordinary Girl (From Tv Series H2o Just Add Water)","Giulia I.","No Ordinary Girl (From Tv Series H2o Just Add Water)","124855828","361573","195","false","https://www.deezer.com/us/track/124855828","https://cdnt-preview.dzcdn.net/api/1/1/4/a/f/0/4afae27ea3b0b4287a218e2b5100b610.mp3?hdnea=exp=1781747675~acl=/api/1/1/4/a/f/0/4afae27ea3b0b4287a218e2b5100b610.mp3*~data=user_id=0,application_id=42~hmac=d805d448e3317b7495ddcc1c64129c20dc40f9cb036065f11a3dff16a34d091c","On 1 list: TV  Theme Songs"
"(thematic candidate)","","","","Little Boxes","Malvina Reynolds","Weeds (Music from the Original Series)","67292542","361244","100","false","https://www.deezer.com/us/track/67292542","https://cdnt-preview.dzcdn.net/api/1/1/0/2/b/0/02bc5c87dbf7215e0c68f76942fd40af.mp3?hdnea=exp=1781747676~acl=/api/1/1/0/2/b/0/02bc5c87dbf7215e0c68f76942fd40af.mp3*~data=user_id=0,application_id=42~hmac=e87030af2c06517a654de4dc3573cd904a2e6bc9116a3a0e776125dad1fe757f","On 1 list: Series Classics"
"(thematic candidate)","","","","Saturday Night Special","Lynyrd Skynyrd","Nuthin' Fancy (Expanded Edition)","2754388","360830","308","false","https://www.deezer.com/us/track/2754388","https://cdnt-preview.dzcdn.net/api/1/1/4/0/c/0/40cc0c2d9a91770ca70553000cf9c87f.mp3?hdnea=exp=1781747681~acl=/api/1/1/4/0/c/0/40cc0c2d9a91770ca70553000cf9c87f.mp3*~data=user_id=0,application_id=42~hmac=12afcce78a35963194a8b5863bc1b4a7e36a5394ebbbfe6faa89c32b4d733238","On 1 list: 80's and 90's Cartoon Theme Songs"
"(thematic candidate)","","","","I Heard It Through The Grapevine","Creedence Clearwater Revival","Chronicle: 20 Greatest Hits","3981350","353527","667","false","https://www.deezer.com/us/track/3981350","https://cdnt-preview.dzcdn.net/api/1/1/b/f/6/0/bf6eae457a0868804d2cb4a303a20f6a.mp3?hdnea=exp=1781747680~acl=/api/1/1/b/f/6/0/bf6eae457a0868804d2cb4a303a20f6a.mp3*~data=user_id=0,application_id=42~hmac=74cf067b6ea2e76e1ecfcd9772f17ee97539ce082cb68bdafeaff7b09223cecb","On 1 list: 80's and 90's Cartoon Theme Songs"
"(thematic candidate)","","","","Abracadabra","Steve Miller Band","Abracadabra","134617107","349161","308","false","https://www.deezer.com/us/track/134617107","https://cdnt-preview.dzcdn.net/api/1/1/5/4/3/0/5430b2d597d82dee79518b05870f7261.mp3?hdnea=exp=1781747680~acl=/api/1/1/5/4/3/0/5430b2d597d82dee79518b05870f7261.mp3*~data=user_id=0,application_id=42~hmac=80b839e0da258442a112a53ea84f94b944d208f8aef20c2ae89133eff6bfc84f","On 1 list: 80's and 90's Cartoon Theme Songs"
"(thematic candidate)","","","","The Mandalorian Theme - Chapter 1 (From"" The Mandalorian"")","Geek Music","The Mandalorian Theme - Chapter 1 (From"" The Mandalorian"")","807536562","348776","145","false","https://www.deezer.com/us/track/807536562","https://cdnt-preview.dzcdn.net/api/1/1/9/3/7/0/9375a61eb726a02c28c8bc1af6dc77c1.mp3?hdnea=exp=1781747674~acl=/api/1/1/9/3/7/0/9375a61eb726a02c28c8bc1af6dc77c1.mp3*~data=user_id=0,application_id=42~hmac=6fdd7649d091a10695c1f3156e5b2c8ab61a88aabe56cd420eeb075ea280ffb8","On 1 list: TV  Theme Songs"
"(thematic candidate)","","","","Susie Q","Creedence Clearwater Revival","Chronicle: 20 Greatest Hits","3981335","347650","275","false","https://www.deezer.com/us/track/3981335","https://cdnt-preview.dzcdn.net/api/1/1/c/0/3/0/c03e669853802dab306c8f54e1311430.mp3?hdnea=exp=1781747680~acl=/api/1/1/c/0/3/0/c03e669853802dab306c8f54e1311430.mp3*~data=user_id=0,application_id=42~hmac=37b16ceb5f9dd920537f0a6161172bd335c8eb550d31cc1070262bf0b5533795","On 1 list: 80's and 90's Cartoon Theme Songs"
"(thematic candidate)","","","","Angel","Aerosmith","Permanent Vacation","2125101","345750","309","false","https://www.deezer.com/us/track/2125101","https://cdnt-preview.dzcdn.net/api/1/1/6/7/7/0/677b3eb8d76136b953dd7299f5471d66.mp3?hdnea=exp=1781747681~acl=/api/1/1/6/7/7/0/677b3eb8d76136b953dd7299f5471d66.mp3*~data=user_id=0,application_id=42~hmac=0648884292b9c073bba8fcf15ae3b9e8ce557b5e2f3e8e66c2e2940c76ccedac","On 1 list: 80's and 90's Cartoon Theme Songs"
"(thematic candidate)","","","","Make It Shine (Victorious Theme) (feat. Victoria Justice)","Victorious Cast","Victorious: Music From The Hit TV Show (feat. Victoria Justice)","15067036","342255","187","false","https://www.deezer.com/us/track/15067036","https://cdnt-preview.dzcdn.net/api/1/1/4/b/9/0/4b9b91ac6b4b1bb59b27b3424c02bfcd.mp3?hdnea=exp=1781747675~acl=/api/1/1/4/b/9/0/4b9b91ac6b4b1bb59b27b3424c02bfcd.mp3*~data=user_id=0,application_id=42~hmac=966390c733980b32126b7a87a707674ee0c7e55f473a138c888f9357b43662d6","On 1 list: TV  Theme Songs"
"(thematic candidate)","","","","Toys In The Attic","Aerosmith","Toys In The Attic","2061076807","338682","185","false","https://www.deezer.com/us/track/2061076807","https://cdnt-preview.dzcdn.net/api/1/1/d/c/0/0/dc0fd99e5d2997d5007afc76a7d46690.mp3?hdnea=exp=1781747681~acl=/api/1/1/d/c/0/0/dc0fd99e5d2997d5007afc76a7d46690.mp3*~data=user_id=0,application_id=42~hmac=011268c445237e6c4549865e9b4eda56e5c90ad0e8c97bf80cda4b08e2b19cfa","On 1 list: 80's and 90's Cartoon Theme Songs"
"(thematic candidate)","","","","Dora The Explorer Theme","Dora The Explorer","Dora The Explorer","2103020","338306","43","false","https://www.deezer.com/us/track/2103020","https://cdnt-preview.dzcdn.net/api/1/1/c/1/7/0/c17be4b6fec7e95e64b3158cdfee6d50.mp3?hdnea=exp=1781747675~acl=/api/1/1/c/1/7/0/c17be4b6fec7e95e64b3158cdfee6d50.mp3*~data=user_id=0,application_id=42~hmac=d49bd85e7319d49a57bd2ab393fa036db50f9f8448b271f8030bfb4671d2aba9","On 1 list: TV  Theme Songs"
"(thematic candidate)","","","","F.I.N.E.","Aerosmith","Pump","2125106","338047","249","false","https://www.deezer.com/us/track/2125106","https://cdnt-preview.dzcdn.net/api/1/1/9/e/d/0/9eded26bf8de2156bd4c2ea09eafb2ac.mp3?hdnea=exp=1781747681~acl=/api/1/1/9/e/d/0/9eded26bf8de2156bd4c2ea09eafb2ac.mp3*~data=user_id=0,application_id=42~hmac=5ad9046ab251a6de5a2e95d358810afd58cb93d35b776f37c5fd9fa7e353ab0d","On 1 list: 80's and 90's Cartoon Theme Songs"
"(thematic candidate)","","","","Ain't That A Bitch","Aerosmith","Nine Lives","2058924287","337972","325","false","https://www.deezer.com/us/track/2058924287","https://cdnt-preview.dzcdn.net/api/1/1/6/4/a/0/64aa16ae7581f550c2b36306d278f022.mp3?hdnea=exp=1781747681~acl=/api/1/1/6/4/a/0/64aa16ae7581f550c2b36306d278f022.mp3*~data=user_id=0,application_id=42~hmac=241140176ee32413cbb7bc9c2e8948979291b4954b69408df674b2580094508a","On 1 list: 80's and 90's Cartoon Theme Songs"
"(thematic candidate)","","","","Hell Of A View","Eric Church","Hell Of A View","1091039582","335135","175","false","https://www.deezer.com/us/track/1091039582","https://cdnt-preview.dzcdn.net/api/1/1/0/9/a/0/09a2f4cce32ec918571470d5f432e1a5.mp3?hdnea=exp=1781747680~acl=/api/1/1/0/9/a/0/09a2f4cce32ec918571470d5f432e1a5.mp3*~data=user_id=0,application_id=42~hmac=65b49aedc495e6c1b560d2f40f8589620f6c7509b81ac4d28622300d9c04bdb0","On 1 list: 80's and 90's Cartoon Theme Songs"
"(thematic candidate)","","","","Cryin' (Live Version)","Aerosmith","A Little South Of Sanity","1580118","334791","310","true","https://www.deezer.com/us/track/1580118","https://cdnt-preview.dzcdn.net/api/1/1/6/1/d/0/61dd3b5ea137f88c7af3c249e31f89b1.mp3?hdnea=exp=1781747681~acl=/api/1/1/6/1/d/0/61dd3b5ea137f88c7af3c249e31f89b1.mp3*~data=user_id=0,application_id=42~hmac=10155d9a508d8dd16090ae146dd9fe110321aff19e86770b2e7f602e21ca5ccc","On 1 list: 80's and 90's Cartoon Theme Songs"
"(thematic candidate)","","","","The Sopranos: ""Woke Up This Morning""","Dominik Hauser","The Sopranos: ""Woke Up This Morning"" - Theme from the HBO series (Single) (Alabama 3)","41172221","334341","93","false","https://www.deezer.com/us/track/41172221","https://cdnt-preview.dzcdn.net/api/1/1/9/1/d/0/91d54df47caf4a573ea502fb3d5be632.mp3?hdnea=exp=1781747676~acl=/api/1/1/9/1/d/0/91d54df47caf4a573ea502fb3d5be632.mp3*~data=user_id=0,application_id=42~hmac=2d40b0196289f137b4c10edc0566d9c69f26efe5ab9715868f44b8f3644cabe5","On 1 list: Series Classics"
"(thematic candidate)","","","","Jet Airliner","Steve Miller Band","Greatest Hits 1974-78","82323116","333538","216","false","https://www.deezer.com/us/track/82323116","https://cdnt-preview.dzcdn.net/api/1/1/0/c/e/0/0ce5584775a94a275ba38e7f413293d1.mp3?hdnea=exp=1781747681~acl=/api/1/1/0/c/e/0/0ce5584775a94a275ba38e7f413293d1.mp3*~data=user_id=0,application_id=42~hmac=106ddeb90bb30e3d4af20380dc90d7ade1c0c4b048c82d1e1c662386fe7068e4","On 1 list: 80's and 90's Cartoon Theme Songs"
"(thematic candidate)","","","","Fred Bear","Ted Nugent","Spirit of the Wild","632483532","330151","462","false","https://www.deezer.com/us/track/632483532","https://cdnt-preview.dzcdn.net/api/1/1/7/7/f/0/77f6031b1fb824fbbefb169442b4aae9.mp3?hdnea=exp=1781747680~acl=/api/1/1/7/7/f/0/77f6031b1fb824fbbefb169442b4aae9.mp3*~data=user_id=0,application_id=42~hmac=890087e146749c53df0d66037ed13685dea96a086feb75cfba3493ca9da0eb44","On 1 list: 80's and 90's Cartoon Theme Songs"
"(thematic candidate)","","","","Young Lust","Aerosmith","Pump","2125105","325963","259","false","https://www.deezer.com/us/track/2125105","https://cdnt-preview.dzcdn.net/api/1/1/0/0/0/0/0006899b74e89f5b188920b194a0b74b.mp3?hdnea=exp=1781747681~acl=/api/1/1/0/0/0/0/0006899b74e89f5b188920b194a0b74b.mp3*~data=user_id=0,application_id=42~hmac=7d4f5129c0041be8aa313c5ef45c3974d6c6e76567a7ae468a579c0d46c24287","On 1 list: 80's and 90's Cartoon Theme Songs"
"(thematic candidate)","","","","Addams Family Theme","HeathisHuman","The Addams Family (Original Motion Picture Soundtrack)","766807902","325408","52","false","https://www.deezer.com/us/track/766807902","https://cdnt-preview.dzcdn.net/api/1/1/6/4/5/0/645867bba72e342dde6c270ce9900394.mp3?hdnea=exp=1781747674~acl=/api/1/1/6/4/5/0/645867bba72e342dde6c270ce9900394.mp3*~data=user_id=0,application_id=42~hmac=0eb9b5390abac00118a54137d2684b7d6a9d19718865e9cf993af13848072dff","On 1 list: TV  Theme Songs"
"(thematic candidate)","","","","Main Title","John Paesano","Daredevil (Original Soundtrack Album)","105863724","325112","64","false","https://www.deezer.com/us/track/105863724","https://cdnt-preview.dzcdn.net/api/1/1/8/a/3/0/8a3e3c68aa5f78cb4c1fdbcadde16d04.mp3?hdnea=exp=1781747684~acl=/api/1/1/8/a/3/0/8a3e3c68aa5f78cb4c1fdbcadde16d04.mp3*~data=user_id=0,application_id=42~hmac=d3faeff31c47f6682c8ccef5b5d9ffdb362c67d5d51cdc83a2a77a3685b1afb7","On 1 list: Best Sci-fi TV & Movie Themes"
"(thematic candidate)","","","","Nine Lives","Aerosmith","Nine Lives","2058924227","322820","241","false","https://www.deezer.com/us/track/2058924227","https://cdnt-preview.dzcdn.net/api/1/1/3/8/8/0/38878eb1b0468396d52099c715001b50.mp3?hdnea=exp=1781747681~acl=/api/1/1/3/8/8/0/38878eb1b0468396d52099c715001b50.mp3*~data=user_id=0,application_id=42~hmac=c58204486d95307fc667808c8f4516f30e0195d6db9ba4294a6e612757d31d66","On 1 list: 80's and 90's Cartoon Theme Songs"
"(thematic candidate)","","","","Love In An Elevator (Single Version)","Aerosmith","Tough Love: Best Of The Ballads (International Version)","11288905","322482","322","false","https://www.deezer.com/us/track/11288905","https://cdnt-preview.dzcdn.net/api/1/1/1/1/b/0/11bc61c199aae7c9c1e9f9cfce94cf1d.mp3?hdnea=exp=1781747681~acl=/api/1/1/1/1/b/0/11bc61c199aae7c9c1e9f9cfce94cf1d.mp3*~data=user_id=0,application_id=42~hmac=11d6f0be1473df5ff4b06635dcc8dbb81050588ea1c84805a806ba00d274061b","On 1 list: 80's and 90's Cartoon Theme Songs"
"(thematic candidate)","","","","Way Down in the Hole","The Blind Boys Of Alabama","...and all the pieces matter, Five Years of Music from The Wire (deluxe version)","736732","319321","176","false","https://www.deezer.com/us/track/736732","https://cdnt-preview.dzcdn.net/api/1/1/b/0/9/0/b0961a896d648201ea9d9a47d54622fc.mp3?hdnea=exp=1781747676~acl=/api/1/1/b/0/9/0/b0961a896d648201ea9d9a47d54622fc.mp3*~data=user_id=0,application_id=42~hmac=1fb586f7c7fd64b6488badd9fdfeacb49d222bcde51d2639cc87e3961344efe8","On 1 list: Series Classics"
"(thematic candidate)","","","","Everywhere You Look (The Fuller House Theme)","Carly Rae Jepsen","Everywhere You Look (The Fuller House Theme)","647274802","317050","198","false","https://www.deezer.com/us/track/647274802","https://cdnt-preview.dzcdn.net/api/1/1/2/a/1/0/2a1c22d560a3aa4dac23eeb5915d33f1.mp3?hdnea=exp=1781747675~acl=/api/1/1/2/a/1/0/2a1c22d560a3aa4dac23eeb5915d33f1.mp3*~data=user_id=0,application_id=42~hmac=51796f24426c75dc3ccca83bea636891737ebc3519735db722172fe6b9419185","On 1 list: TV  Theme Songs"
"(thematic candidate)","","","","I Want My Mullet Back","Billy Ray Cyrus","Set the Record Straight","425176332","315773","199","false","https://www.deezer.com/us/track/425176332","https://cdnt-preview.dzcdn.net/api/1/1/1/2/d/0/12d74dcda0310f9c23b9c4ad5ca11687.mp3?hdnea=exp=1781747681~acl=/api/1/1/1/2/d/0/12d74dcda0310f9c23b9c4ad5ca11687.mp3*~data=user_id=0,application_id=42~hmac=70d41aafc6d208fa44e6e0d0cd2f72e3affea288e580d4f1ae7040abcc94e33f","On 1 list: 80's and 90's Cartoon Theme Songs"
"(thematic candidate)","","","","The Legend of Zelda","Tina Guo","Game On!","141821169","315261","360","false","https://www.deezer.com/us/track/141821169","https://cdnt-preview.dzcdn.net/api/1/1/1/5/5/0/1558f876c8b87ae7df36cd8b775f1aca.mp3?hdnea=exp=1781747680~acl=/api/1/1/1/5/5/0/1558f876c8b87ae7df36cd8b775f1aca.mp3*~data=user_id=0,application_id=42~hmac=73e3ce063f35a518d762977920891e6a2057cff079e7edb853447ca4d66887dc","On 1 list: 80's and 90's Cartoon Theme Songs"
"(thematic candidate)","","","","Original Miami Vice Theme","Jan Hammer","Miami Vice: Special Edition","508095012","314759","60","false","https://www.deezer.com/us/track/508095012","https://cdnt-preview.dzcdn.net/api/1/1/b/f/d/0/bfdde44c744d8182ed73c48814f2fdb6.mp3?hdnea=exp=1781747674~acl=/api/1/1/b/f/d/0/bfdde44c744d8182ed73c48814f2fdb6.mp3*~data=user_id=0,application_id=42~hmac=62f864f4b68bbcfa3a8fa9f9b9bddbd586e19c24bd2551199fa2b5be2cc970f1","On 1 list: TV  Theme Songs"
"(thematic candidate)","","","","Back To Tennessee","Billy Ray Cyrus","Hannah Montana The Movie","3068076","314169","256","false","https://www.deezer.com/us/track/3068076","https://cdnt-preview.dzcdn.net/api/1/1/b/7/a/0/b7a300a890aa4202f67f8cc047454d71.mp3?hdnea=exp=1781747681~acl=/api/1/1/b/7/a/0/b7a300a890aa4202f67f8cc047454d71.mp3*~data=user_id=0,application_id=42~hmac=ba2f05caf00b3832966cf8efa19c66846c02c1fd97c6b01558b582dbb85343bb","On 1 list: 80's and 90's Cartoon Theme Songs"
"(thematic candidate)","","","","Leave It All To Shine (feat. Victoria Justice) (featuring Miranda Cosgrove & Victoria Justice)","iCarly & Victorious Casts","Leave It All To Shine (featuring Miranda Cosgrove & Victoria Justice)","13783343","306361","133","false","https://www.deezer.com/us/track/13783343","https://cdnt-preview.dzcdn.net/api/1/1/b/b/e/0/bbe6f54d8d9b5fd1b2c6d59a7e6f121c.mp3?hdnea=exp=1781747675~acl=/api/1/1/b/b/e/0/bbe6f54d8d9b5fd1b2c6d59a7e6f121c.mp3*~data=user_id=0,application_id=42~hmac=d53fcb51dbc48e09aed5967f17b3aaf0529881c69511c67e453b5d39291654cd","On 1 list: TV  Theme Songs"
"(thematic candidate)","","","","The Office (Main Theme) ""Tv Short Version""","The Office Band","The Office (Theme from Tv Series)","11967190","304015","35","false","https://www.deezer.com/us/track/11967190","https://cdnt-preview.dzcdn.net/api/1/1/0/c/2/0/0c2fd48ce2fe4f3d0c5bab0a8bf42aaf.mp3?hdnea=exp=1781747676~acl=/api/1/1/0/c/2/0/0c2fd48ce2fe4f3d0c5bab0a8bf42aaf.mp3*~data=user_id=0,application_id=42~hmac=f709e06dcfb2a3341b15a5462451ad0a72fc53ad5be3fd4ab9a1990617e91cfe","On 1 list: Series Classics"
"(thematic candidate)","","","","Shut Up And Dance","Aerosmith","Get A Grip","2246520667","303005","295","false","https://www.deezer.com/us/track/2246520667","https://cdnt-preview.dzcdn.net/api/1/1/1/3/a/0/13a0c69cb3faae636eccccb8beb938ea.mp3?hdnea=exp=1781747681~acl=/api/1/1/1/3/a/0/13a0c69cb3faae636eccccb8beb938ea.mp3*~data=user_id=0,application_id=42~hmac=b8079b6b11724bb7643320e3b28daf9bfceff3b2290fda3227fc94a67c5c0f7d","On 1 list: 80's and 90's Cartoon Theme Songs"
"(thematic candidate)","","","","Mississippi Kid","Lynyrd Skynyrd","Pronounced 'Leh-'Nérd 'Skin-'Nérd (Expanded Edition)","1559706","301704","237","false","https://www.deezer.com/us/track/1559706","https://cdnt-preview.dzcdn.net/api/1/1/d/5/6/0/d560211c0a5b3176e145213359a3f9a3.mp3?hdnea=exp=1781747681~acl=/api/1/1/d/5/6/0/d560211c0a5b3176e145213359a3f9a3.mp3*~data=user_id=0,application_id=42~hmac=a08ee96a8a717fbbae6060bfe65e0b08999e797fa9285d1977f5a36123dcfe48","On 1 list: 80's and 90's Cartoon Theme Songs"
"(thematic candidate)","","","","Break on Through (To the Other Side) (New Stereo Mix)","The Doors","The Future Starts Here: The Essential Doors Hits","687984","301375","146","false","https://www.deezer.com/us/track/687984","https://cdnt-preview.dzcdn.net/api/1/1/9/7/2/0/9729967bd9a77e497a2f7f29b670bd0a.mp3?hdnea=exp=1781747680~acl=/api/1/1/9/7/2/0/9729967bd9a77e497a2f7f29b670bd0a.mp3*~data=user_id=0,application_id=42~hmac=09fc89b55786a38faabbabcd6cce8f768b841bb21ebc9eb7d54aba8a34473390","On 1 list: 80's and 90's Cartoon Theme Songs"
"(thematic candidate)","","","","Knowing You","Kenny Chesney","Here And Now","943748492","300036","226","false","https://www.deezer.com/us/track/943748492","https://cdnt-preview.dzcdn.net/api/1/1/e/b/4/0/eb44f98ac3545e7feb60728ba02f4b9d.mp3?hdnea=exp=1781747680~acl=/api/1/1/e/b/4/0/eb44f98ac3545e7feb60728ba02f4b9d.mp3*~data=user_id=0,application_id=42~hmac=4d542a63e6f17ce903a1ba46e367a0808128d3ef0168160f4a910ce11f1d80c0","On 1 list: 80's and 90's Cartoon Theme Songs"
"(thematic candidate)","","","","Light My Fire","The Doors","Forever Changing: The Golden Age Of Elektra Records 1963-1973","3579707","299674","429","false","https://www.deezer.com/us/track/3579707","https://cdnt-preview.dzcdn.net/api/1/1/1/b/7/0/1b7e93199cdcdc16f3731be54e26e5a8.mp3?hdnea=exp=1781747680~acl=/api/1/1/1/b/7/0/1b7e93199cdcdc16f3731be54e26e5a8.mp3*~data=user_id=0,application_id=42~hmac=b74c6829f8eadd87f7ee5608a53b52982ae485e53fd12cbb90b458cc9de621a3","On 1 list: 80's and 90's Cartoon Theme Songs"
"(thematic candidate)","","","","Pink","Aerosmith","Nine Lives","2058924327","299110","235","false","https://www.deezer.com/us/track/2058924327","https://cdnt-preview.dzcdn.net/api/1/1/a/d/2/0/ad263b1d8dca02d08f4c33cb6b6a9a56.mp3?hdnea=exp=1781747681~acl=/api/1/1/a/d/2/0/ad263b1d8dca02d08f4c33cb6b6a9a56.mp3*~data=user_id=0,application_id=42~hmac=e9432ef8df0db48f2134576821b93869b334f4934380122cbfa10bf732769194","On 1 list: 80's and 90's Cartoon Theme Songs"
"(thematic candidate)","","","","Whistle Stop","Roger Miller","Disney Classics","677778622","294773","90","false","https://www.deezer.com/us/track/677778622","https://cdnt-preview.dzcdn.net/api/1/1/d/3/9/0/d3921df26bd562a04e6c39408f5a475f.mp3?hdnea=exp=1781747680~acl=/api/1/1/d/3/9/0/d3921df26bd562a04e6c39408f5a475f.mp3*~data=user_id=0,application_id=42~hmac=f05afaaba3bb6c27d7394c8cbffe9abc412e5d34e3870e2b25e6563c511b1dc6","On 1 list: 80's and 90's Cartoon Theme Songs"
"(thematic candidate)","","","","The Fall Guy","TV Themes","Greatest Crime TV Themes","119836796","294673","107","false","https://www.deezer.com/us/track/119836796","https://cdnt-preview.dzcdn.net/api/1/1/0/b/0/0/0b0a1ee575fa7156fabb01fbf1c2886a.mp3?hdnea=exp=1781747679~acl=/api/1/1/0/b/0/0/0b0a1ee575fa7156fabb01fbf1c2886a.mp3*~data=user_id=0,application_id=42~hmac=5dce6b4712084cd883373f6300760221e83a8d0535435091ba185745dbc68b3d","On 1 list: Top '80s TV Show Opening Themes"
"(thematic candidate)","","","","Airwolf Main Theme","Rick Patterson","Airwolf - Main Theme from the Television Series (Sylvester Levay)","16683059","293302","164","false","https://www.deezer.com/us/track/16683059","https://cdnt-preview.dzcdn.net/api/1/1/f/2/f/0/f2fc4a1def971d5e78d3ff6a9bc0bf09.mp3?hdnea=exp=1781747679~acl=/api/1/1/f/2/f/0/f2fc4a1def971d5e78d3ff6a9bc0bf09.mp3*~data=user_id=0,application_id=42~hmac=fa9658b2e091e0b9e1b24bfb0647ce0369a82db74aefba6ba7228e3764e529ae","On 1 list: Top '80s TV Show Opening Themes"
"(thematic candidate)","","","","Sunshine","Aerosmith","Just Push Play","2058921067","292970","217","false","https://www.deezer.com/us/track/2058921067","https://cdnt-preview.dzcdn.net/api/1/1/2/9/8/0/2981c4ebf7cef23233cc26da57a0c348.mp3?hdnea=exp=1781747681~acl=/api/1/1/2/9/8/0/2981c4ebf7cef23233cc26da57a0c348.mp3*~data=user_id=0,application_id=42~hmac=04e223428821a4f9fdc0edd9c681b42abb190d61b3a94bea1f9b376cc01bdacf","On 1 list: 80's and 90's Cartoon Theme Songs"
"(thematic candidate)","","","","Mac Gyver (Générique)","Randy Edelman","This is 80's","1205075252","291192","68","false","https://www.deezer.com/us/track/1205075252","https://cdnt-preview.dzcdn.net/api/1/1/4/f/b/0/4fb6214d38151aec5716269bf18359de.mp3?hdnea=exp=1781747679~acl=/api/1/1/4/f/b/0/4fb6214d38151aec5716269bf18359de.mp3*~data=user_id=0,application_id=42~hmac=44612928460d3b5c9139c51c3fdd4b1611ee43ce838f851c72d855137aef38c9","On 1 list: Top '80s TV Show Opening Themes"
"(thematic candidate)","","","","Sunshine Of Your Love","Cream","Gold","1142039","290332","250","false","https://www.deezer.com/us/track/1142039","https://cdnt-preview.dzcdn.net/api/1/1/7/d/b/0/7dba37597de7154aa7f087beac25ea11.mp3?hdnea=exp=1781747681~acl=/api/1/1/7/d/b/0/7dba37597de7154aa7f087beac25ea11.mp3*~data=user_id=0,application_id=42~hmac=e6a410b46f1d46a0855c19361256160d61c6ab5c00a4c4df4fd09c49d61a2d11","On 1 list: 80's and 90's Cartoon Theme Songs"
"(thematic candidate)","","","","Hangman Jury","Aerosmith","Permanent Vacation","2125099","289375","333","false","https://www.deezer.com/us/track/2125099","https://cdnt-preview.dzcdn.net/api/1/1/2/3/d/0/23d90043c646a4ec2c85458a8b774c25.mp3?hdnea=exp=1781747681~acl=/api/1/1/2/3/d/0/23d90043c646a4ec2c85458a8b774c25.mp3*~data=user_id=0,application_id=42~hmac=2e71b799b23624f5fd06cc85756b2fab4e0cd3696b558defbf35a91c94df4f57","On 1 list: 80's and 90's Cartoon Theme Songs"
"(thematic candidate)","","","","No More No More","Aerosmith","Toys In The Attic","2061076867","289263","274","false","https://www.deezer.com/us/track/2061076867","https://cdnt-preview.dzcdn.net/api/1/1/2/b/c/0/2bc809e3477ab03b8315160bf6abb9e9.mp3?hdnea=exp=1781747681~acl=/api/1/1/2/b/c/0/2bc809e3477ab03b8315160bf6abb9e9.mp3*~data=user_id=0,application_id=42~hmac=5fb40b07c77020432198846456a442ff4b6390c05754db10db44232ec2f248bf","On 1 list: 80's and 90's Cartoon Theme Songs"
"(thematic candidate)","","","","I Put A Spell On You","Creedence Clearwater Revival","Chronicle: 20 Greatest Hits","3981336","284210","270","false","https://www.deezer.com/us/track/3981336","https://cdnt-preview.dzcdn.net/api/1/1/8/e/a/0/8ea4c247d0ae192249bad97a499f5f32.mp3?hdnea=exp=1781747680~acl=/api/1/1/8/e/a/0/8ea4c247d0ae192249bad97a499f5f32.mp3*~data=user_id=0,application_id=42~hmac=775d051654b2af98d92a759043dcde3f4e29ca376cd401cdc987b70183898940","On 1 list: 80's and 90's Cartoon Theme Songs"
"(thematic candidate)","","","","Crazy (Live Version)","Aerosmith","A Little South Of Sanity","1580128","279326","344","true","https://www.deezer.com/us/track/1580128","https://cdnt-preview.dzcdn.net/api/1/1/2/b/6/0/2b62f5a170c7897e30c5f23e3a182b80.mp3?hdnea=exp=1781747681~acl=/api/1/1/2/b/6/0/2b62f5a170c7897e30c5f23e3a182b80.mp3*~data=user_id=0,application_id=42~hmac=0dea25d4d171059c129ee88f1bdc4ce37bc0c820b09cc071cdf921694b4f1a07","On 1 list: 80's and 90's Cartoon Theme Songs"
"(thematic candidate)","","","","Rain On The Scarecrow","John Mellencamp","Scarecrow","80000910","278706","226","false","https://www.deezer.com/us/track/80000910","https://cdnt-preview.dzcdn.net/api/1/1/8/d/1/0/8d1cda3697e5da8feee5d67cd53725b9.mp3?hdnea=exp=1781747680~acl=/api/1/1/8/d/1/0/8d1cda3697e5da8feee5d67cd53725b9.mp3*~data=user_id=0,application_id=42~hmac=a635576d453387ba26e447265281bf83e364c7869e2833ccb589884c5c3efcdb","On 1 list: 80's and 90's Cartoon Theme Songs"
"(thematic candidate)","","","","Whiskey Rock-A-Roller","Lynyrd Skynyrd","Nuthin' Fancy (Expanded Edition)","2754395","272758","260","false","https://www.deezer.com/us/track/2754395","https://cdnt-preview.dzcdn.net/api/1/1/5/6/b/0/56b2824b9f471e50155793624914a3ea.mp3?hdnea=exp=1781747681~acl=/api/1/1/5/6/b/0/56b2824b9f471e50155793624914a3ea.mp3*~data=user_id=0,application_id=42~hmac=498b1d87df9f356e81aec26fca70c1d675cff9e637cf5c3f0d24312415aa5bdd","On 1 list: 80's and 90's Cartoon Theme Songs"
"(thematic candidate)","","","","Mission: Impossible","Lalo Schifrin","Music From Mission: Impossible (Original Television Soundtrack)","129308090","269448","151","false","https://www.deezer.com/us/track/129308090","https://cdnt-preview.dzcdn.net/api/1/1/5/5/0/0/55084d3ba0fc34d86f111cb3f946d8f3.mp3?hdnea=exp=1781747677~acl=/api/1/1/5/5/0/0/55084d3ba0fc34d86f111cb3f946d8f3.mp3*~data=user_id=0,application_id=42~hmac=248cb8192eb8656d6e8f4e0c2fc40a2d5be4e21d11e66c631f1567681816a8d1","On 1 list: Classic TV Show Theme Songs"
"(thematic candidate)","","","","The Simpsons Theme (Single)","Hollywood TV Players","The Simpsons Theme","84724989","269073","89","false","https://www.deezer.com/us/track/84724989","https://cdnt-preview.dzcdn.net/api/1/1/3/1/3/0/3136e5b63fdae97f48ac196cea435ea5.mp3?hdnea=exp=1781747676~acl=/api/1/1/3/1/3/0/3136e5b63fdae97f48ac196cea435ea5.mp3*~data=user_id=0,application_id=42~hmac=bce03bf2ad002663ae7feeb844d74ae4ab85cba484f232fb41da50c67425793d","On 1 list: Series Classics"
"(thematic candidate)","","","","The Luck You Got (Main Title)","The High Strung","Shameless (Music From The Television Series)","118208418","267883","170","false","https://www.deezer.com/us/track/118208418","https://cdnt-preview.dzcdn.net/api/1/1/1/e/b/0/1eb7f78a3b45281eee2f7d6b32b64141.mp3?hdnea=exp=1781747676~acl=/api/1/1/1/e/b/0/1eb7f78a3b45281eee2f7d6b32b64141.mp3*~data=user_id=0,application_id=42~hmac=6881083f0af776b16912cc39b4ed4cd3251393e0bf23e921c64b1e6d47200451","On 1 list: Series Classics"
"(thematic candidate)","","","","Stargate SG-1: Main Title","David Arnold, arr. Joel Goldsmith","The Best of Stargate SG-1 : Season 1 - Original Television Soundtrack","7696696","266647","63","false","https://www.deezer.com/us/track/7696696","https://cdnt-preview.dzcdn.net/api/1/1/1/4/0/0/1403557287681c712ab75a34dce073b7.mp3?hdnea=exp=1781747684~acl=/api/1/1/1/4/0/0/1403557287681c712ab75a34dce073b7.mp3*~data=user_id=0,application_id=42~hmac=4c3782fb9bf3c2058625ab709f71c49fd76c2b1122c82fc3af6446b0802dd49f","On 1 list: Best Sci-fi TV & Movie Themes"
"(thematic candidate)","","","","White Room","Cream","Gold","1142044","265185","296","false","https://www.deezer.com/us/track/1142044","https://cdnt-preview.dzcdn.net/api/1/1/4/b/4/0/4b47fde409f8a26dd9cae129a0e559cb.mp3?hdnea=exp=1781747681~acl=/api/1/1/4/b/4/0/4b47fde409f8a26dd9cae129a0e559cb.mp3*~data=user_id=0,application_id=42~hmac=2084297b8485b6c2881b3c5e742edb04b5c41788a60aa1e5233e451e7c88bd89","On 1 list: 80's and 90's Cartoon Theme Songs"
"(thematic candidate)","","","","The Theme of Law & Order","Mike Post","Inventions From The Blue Line","62253411","264886","195","false","https://www.deezer.com/us/track/62253411","https://cdnt-preview.dzcdn.net/api/1/1/5/d/9/0/5d9ac7c279f2266b9c6b851479f06d03.mp3?hdnea=exp=1781747674~acl=/api/1/1/5/d/9/0/5d9ac7c279f2266b9c6b851479f06d03.mp3*~data=user_id=0,application_id=42~hmac=726631fb91d944ab52410eb549132c78ac9118bf75d2867222f2445ee12dfc99","On 1 list: TV  Theme Songs"
"(thematic candidate)","","","","Ghostbusters","Ray Parker Jr.","Années 80: Les meilleurs hits 80's réunis dans une playlist","77235316","262642","243","false","https://www.deezer.com/us/track/77235316","https://cdnt-preview.dzcdn.net/api/1/1/4/6/3/0/463a5c6eabbcc47b3687d2666376d6f8.mp3?hdnea=exp=1781747679~acl=/api/1/1/4/6/3/0/463a5c6eabbcc47b3687d2666376d6f8.mp3*~data=user_id=0,application_id=42~hmac=84653b96cd5f1483a82f803f4661c60f053bf763dfeea14c6f72ac1c25307195","On 1 list: 90s Kids TV Show Themes Nostalgia"
"(thematic candidate)","","","","Brooklyn Nine Nine - Main Theme","Geek Music","Brooklyn Nine Nine - Main Theme","438914142","260033","105","false","https://www.deezer.com/us/track/438914142","https://cdnt-preview.dzcdn.net/api/1/1/8/7/a/0/87a4075f870fb6a18f1cbbd5895817a2.mp3?hdnea=exp=1781747674~acl=/api/1/1/8/7/a/0/87a4075f870fb6a18f1cbbd5895817a2.mp3*~data=user_id=0,application_id=42~hmac=9a2bcf6840ce81a7182a07da8e3d366d442fa2a0d2053360435e5701c7964d07","On 1 list: TV  Theme Songs"
"(thematic candidate)","","","","What It Takes","Aerosmith","Tough Love: Best Of The Ballads (International Version)","11288908","259241","310","false","https://www.deezer.com/us/track/11288908","https://cdnt-preview.dzcdn.net/api/1/1/3/9/c/0/39c5af94a04caeaf6d4e442dd4f8d249.mp3?hdnea=exp=1781747681~acl=/api/1/1/3/9/c/0/39c5af94a04caeaf6d4e442dd4f8d249.mp3*~data=user_id=0,application_id=42~hmac=cc0a48e20110b458a42a27eb2c65f7db063cf4591166b78e28d66ac88374a408","On 1 list: 80's and 90's Cartoon Theme Songs"
"(thematic candidate)","","","","That's So Raven (Theme Song)","Raven-Symoné","That's So Raven","3168513","258437","49","false","https://www.deezer.com/us/track/3168513","https://cdnt-preview.dzcdn.net/api/1/1/7/a/d/0/7ad28915da54cbb5d1033dabd121c2a9.mp3?hdnea=exp=1781747675~acl=/api/1/1/7/a/d/0/7ad28915da54cbb5d1033dabd121c2a9.mp3*~data=user_id=0,application_id=42~hmac=1fee73482c311b1321d206bbc4f9f87fbf6695f9273c5a9785ce8115fcccc6c9","On 1 list: TV  Theme Songs"
"(thematic candidate)","","","","Everything Is Not As It Seems","Selena Gomez","Wizards Of Waverly Place","4262624","256241","50","false","https://www.deezer.com/us/track/4262624","https://cdnt-preview.dzcdn.net/api/1/1/0/4/f/0/04f9ac4c688d7146b7fa2112eb70c4a8.mp3?hdnea=exp=1781747675~acl=/api/1/1/0/4/f/0/04f9ac4c688d7146b7fa2112eb70c4a8.mp3*~data=user_id=0,application_id=42~hmac=59dceb3420a8a95c7062d5a0fbc4378635dc67282e683aa3d799cfb4105e5c23","On 1 list: TV  Theme Songs"
"(thematic candidate)","","","","Proud Mary (Live At The Woodstock Music & Art Fair / 1969)","Creedence Clearwater Revival","Live At Woodstock","720620002","253342","230","false","https://www.deezer.com/us/track/720620002","https://cdnt-preview.dzcdn.net/api/1/1/e/b/3/0/eb39f0f40ca6b78d9fecd3f715f8ffb5.mp3?hdnea=exp=1781747680~acl=/api/1/1/e/b/3/0/eb39f0f40ca6b78d9fecd3f715f8ffb5.mp3*~data=user_id=0,application_id=42~hmac=b813e30ef5d2c6aa1a3d1b68458c405a09af2d6aef2d4d831db5c44a7314b89e","On 1 list: 80's and 90's Cartoon Theme Songs"
"(thematic candidate)","","","","Monk Theme (Extended Version)","Jeff Beal","Monk (Original Televsion Soundtrack)","121596760","252629","154","false","https://www.deezer.com/us/track/121596760","https://cdnt-preview.dzcdn.net/api/1/1/3/0/9/0/309f2d46b1ea18c1b54605ca792b8af0.mp3?hdnea=exp=1781747677~acl=/api/1/1/3/0/9/0/309f2d46b1ea18c1b54605ca792b8af0.mp3*~data=user_id=0,application_id=42~hmac=7ca00b40644b1cfc6951c1fd85d6634ae8ff450ed7376add519b1ec759917c71","On 1 list: Classic TV Show Theme Songs"
"(thematic candidate)","","","","Stranger Things","The Theme System","Stranger Things","129691252","252170","50","false","https://www.deezer.com/us/track/129691252","https://cdnt-preview.dzcdn.net/api/1/1/9/0/b/0/90b317ddcc890483c009dbfb73aee87d.mp3?hdnea=exp=1781747674~acl=/api/1/1/9/0/b/0/90b317ddcc890483c009dbfb73aee87d.mp3*~data=user_id=0,application_id=42~hmac=058372ee0dbaa00b1170f62d629a6a54b8e163bfb00dff1530371b41cdfe7722","On 1 list: TV  Theme Songs"
"(thematic candidate)","","","","Fraggle Rock Theme","Fraggle Rock","Fraggle Rock: Back to the Rock (Apple TV+ Original Series Soundtrack)","1617083582","252101","63","false","https://www.deezer.com/us/track/1617083582","https://cdnt-preview.dzcdn.net/api/1/1/9/f/5/0/9f5188f5b9673ded586a4c56e2a4bae6.mp3?hdnea=exp=1781747674~acl=/api/1/1/9/f/5/0/9f5188f5b9673ded586a4c56e2a4bae6.mp3*~data=user_id=0,application_id=42~hmac=f81d5ec1e2628480f4af1e9d41bd18ba56e3b2e9d462422a176386adb37c1eca","On 1 list: TV  Theme Songs"
"(thematic candidate)","","","","L.A. Woman (New Stereo Mix)","The Doors","The Future Starts Here: The Essential Doors Hits","688007","248319","478","false","https://www.deezer.com/us/track/688007","https://cdnt-preview.dzcdn.net/api/1/1/d/a/b/0/dabcb438884def1882ca3bda4d822acd.mp3?hdnea=exp=1781747680~acl=/api/1/1/d/a/b/0/dabcb438884def1882ca3bda4d822acd.mp3*~data=user_id=0,application_id=42~hmac=5ddc3903def344b75f5e249ae31b0ac45e37898d82b380e7aa94da9b3a597160","On 1 list: 80's and 90's Cartoon Theme Songs"
"(thematic candidate)","","","","One Jump Ahead","Brad Kane","Aladdin Special Edition","13665250","247082","145","false","https://www.deezer.com/us/track/13665250","https://cdnt-preview.dzcdn.net/api/1/1/3/e/8/0/3e8fd8452a47d44b55265a4a031e6bf5.mp3?hdnea=exp=1781747680~acl=/api/1/1/3/e/8/0/3e8fd8452a47d44b55265a4a031e6bf5.mp3*~data=user_id=0,application_id=42~hmac=617cb0e9638e4a19c429d496169ca3198595b1726f912a0c5b20e220ec8cd833","On 1 list: 80's and 90's Cartoon Theme Songs"
"(thematic candidate)","","","","Let The Music Do The Talking","Aerosmith","Done With Mirrors","2262178","246981","224","false","https://www.deezer.com/us/track/2262178","https://cdnt-preview.dzcdn.net/api/1/1/d/6/b/0/d6b7c09c4bdab10979ba3bdd88cd5bbc.mp3?hdnea=exp=1781747681~acl=/api/1/1/d/6/b/0/d6b7c09c4bdab10979ba3bdd88cd5bbc.mp3*~data=user_id=0,application_id=42~hmac=e0f907190f36db7ffcd247a4386d10c6596932a63520c3dcafe94e3d15c1b9fb","On 1 list: 80's and 90's Cartoon Theme Songs"
"(thematic candidate)","","","","Annie's Song","John Denver","70s 100 Hits","5404452","243971","178","false","https://www.deezer.com/us/track/5404452","https://cdnt-preview.dzcdn.net/api/1/1/2/b/0/0/2b01e27e30ab0b07e79c30bf1506391f.mp3?hdnea=exp=1781747680~acl=/api/1/1/2/b/0/0/2b01e27e30ab0b07e79c30bf1506391f.mp3*~data=user_id=0,application_id=42~hmac=d77097975c45ffdbc4bc4bd6fdb89d545cf89123fb6732e99752178314b7ac78","On 1 list: 80's and 90's Cartoon Theme Songs"
"(thematic candidate)","","","","Big Ten Inch Record","Aerosmith","Toys In The Attic","2061076847","243104","136","false","https://www.deezer.com/us/track/2061076847","https://cdnt-preview.dzcdn.net/api/1/1/5/2/7/0/527883a9a226846dc9690aeb801b113e.mp3?hdnea=exp=1781747681~acl=/api/1/1/5/2/7/0/527883a9a226846dc9690aeb801b113e.mp3*~data=user_id=0,application_id=42~hmac=df9d0b31851ba386e64f1058cb52e0c68a9adfc77ef697465a6d3637cf6b7b1b","On 1 list: 80's and 90's Cartoon Theme Songs"
"(thematic candidate)","","","","Last Child","Aerosmith","Rocks","2058920187","242521","207","false","https://www.deezer.com/us/track/2058920187","https://cdnt-preview.dzcdn.net/api/1/1/4/1/6/0/41604f5bf7fea85c0a9dec614cb82593.mp3?hdnea=exp=1781747681~acl=/api/1/1/4/1/6/0/41604f5bf7fea85c0a9dec614cb82593.mp3*~data=user_id=0,application_id=42~hmac=c41c92a9454dbcd3da72741c825330d0d1d749202945920742007d9a0e84994e","On 1 list: 80's and 90's Cartoon Theme Songs"
"(thematic candidate)","","","","Fireman Sam - Main Theme","Geek Music","Fireman Sam - Main Theme","599804832","238685","119","false","https://www.deezer.com/us/track/599804832","https://cdnt-preview.dzcdn.net/api/1/1/4/e/4/0/4e4f25040b92bd292f36507a25b3b0b7.mp3?hdnea=exp=1781747679~acl=/api/1/1/4/e/4/0/4e4f25040b92bd292f36507a25b3b0b7.mp3*~data=user_id=0,application_id=42~hmac=33275d2566d545cd2bdce60d1ee1e726aa11b9b79868361fa6156eb3bcba487c","On 1 list: 90s Kids TV Show Themes Nostalgia"
"(thematic candidate)","","","","Yu-Gi-Oh! Theme","Yu-gi-oh!","Pyramid of Light Soundtrack","2654714622","237187","127","false","https://www.deezer.com/us/track/2654714622","https://cdnt-preview.dzcdn.net/api/1/1/7/d/a/0/7da8ad1c16c229c9258e14759290d9cb.mp3?hdnea=exp=1781747685~acl=/api/1/1/7/d/a/0/7da8ad1c16c229c9258e14759290d9cb.mp3*~data=user_id=0,application_id=42~hmac=31a49520832a615075937937ce4e15cf3a09aefe8ab916d6042fe3859e23d949","On 1 list: 80s & 90s Cartoon Nostalgia"
"(thematic candidate)","","","","Back In the Saddle","Aerosmith","Rocks","2058920177","234316","279","false","https://www.deezer.com/us/track/2058920177","https://cdnt-preview.dzcdn.net/api/1/1/1/d/2/0/1d2b276caffc995e7be0216b1f722971.mp3?hdnea=exp=1781747681~acl=/api/1/1/1/d/2/0/1d2b276caffc995e7be0216b1f722971.mp3*~data=user_id=0,application_id=42~hmac=46911e79375eade8944ea37be37df8e6ec162ea69d4f39fa7a936cff28f7792e","On 1 list: 80's and 90's Cartoon Theme Songs"
"(thematic candidate)","","","","Buffy The Vampire Slayer - The Theme Music","TV Themes","Buffy The Vampire Slayer - The Theme Music","643391452","230485","84","false","https://www.deezer.com/us/track/643391452","https://cdnt-preview.dzcdn.net/api/1/1/6/b/3/0/6b3b3dad8e5d55f9b97dcf0d4aa8826f.mp3?hdnea=exp=1781747675~acl=/api/1/1/6/b/3/0/6b3b3dad8e5d55f9b97dcf0d4aa8826f.mp3*~data=user_id=0,application_id=42~hmac=8adb144c3c089c08240ae3fed2e10f3f5cefbe59db0b8bfd6c942096f531bef3","On 1 list: TV  Theme Songs"
"(thematic candidate)","","","","Look Away (From"" A Series of Unfortunate Events"")","Geek Music","Look Away (From"" A Series of Unfortunate Events"")","908271912","226270","296","false","https://www.deezer.com/us/track/908271912","https://cdnt-preview.dzcdn.net/api/1/1/e/f/c/0/efc947c7db74de7231c5b764e16f6316.mp3?hdnea=exp=1781747674~acl=/api/1/1/e/f/c/0/efc947c7db74de7231c5b764e16f6316.mp3*~data=user_id=0,application_id=42~hmac=67013f1d520563005ec34ad1ffeae91d80d2652c76d4ecc8a855cde20268aafe","On 1 list: TV  Theme Songs"
"(thematic candidate)","","","","Honky Tonk Night Time Man","Lynyrd Skynyrd","Street Survivors","540089262","225974","242","false","https://www.deezer.com/us/track/540089262","https://cdnt-preview.dzcdn.net/api/1/1/3/e/b/0/3eb25fa02a7534b302509642ca28d43c.mp3?hdnea=exp=1781747681~acl=/api/1/1/3/e/b/0/3eb25fa02a7534b302509642ca28d43c.mp3*~data=user_id=0,application_id=42~hmac=67719af5e952bc8e744bf9752b192465f29596b26dfe04938b80a2c47b3ea6f7","On 1 list: 80's and 90's Cartoon Theme Songs"
"(thematic candidate)","","","","Shake It Up (From ""Shake It Up"")","Selena Gomez","No Ritmo","132967152","225619","181","false","https://www.deezer.com/us/track/132967152","https://cdnt-preview.dzcdn.net/api/1/1/b/d/e/0/bdeb4cb0f86dbf6edfdb845ee794d17e.mp3?hdnea=exp=1781747675~acl=/api/1/1/b/d/e/0/bdeb4cb0f86dbf6edfdb845ee794d17e.mp3*~data=user_id=0,application_id=42~hmac=cea3680babde794ce04a04941cba6505276fff490b096d5f08df362405f3bf49","On 1 list: TV  Theme Songs"
"(thematic candidate)","","","","This Life","Curtis Stigers","Songs of Anarchy: Music from Sons of Anarchy Seasons 1-4","65393495","225002","142","false","https://www.deezer.com/us/track/65393495","https://cdnt-preview.dzcdn.net/api/1/1/a/0/2/0/a02bf970db10f52f468f15530cca1300.mp3?hdnea=exp=1781747674~acl=/api/1/1/a/0/2/0/a02bf970db10f52f468f15530cca1300.mp3*~data=user_id=0,application_id=42~hmac=e1b83ef927abeef9bde82aaa4437ef2a424e38d6d529e71b31b1f0a7870fdd97","On 1 list: TV  Theme Songs"
"(thematic candidate)","","","","Miami Vice Theme (From ""Miami Vice"" Soundtrack)","Jan Hammer","'80s Pop #1's","906590","224980","146","false","https://www.deezer.com/us/track/906590","https://cdnt-preview.dzcdn.net/api/1/1/2/e/2/0/2e26908ed6bb309e4ae4997113d4d510.mp3?hdnea=exp=1781747679~acl=/api/1/1/2/e/2/0/2e26908ed6bb309e4ae4997113d4d510.mp3*~data=user_id=0,application_id=42~hmac=9205eb0939294ab26bc570f32390d61acb8f07530b3eca5eae2597fb1e167514","On 1 list: Top '80s TV Show Opening Themes"
"(thematic candidate)","","","","La croisière s'amuse","The South Bay Groovy System","Les meilleurs génériques de l'histoire de la télé, Vol. 2","5933140","223759","99","false","https://www.deezer.com/us/track/5933140","https://cdnt-preview.dzcdn.net/api/1/1/2/2/9/0/229805da86e99af65a3ae3969e35f85e.mp3?hdnea=exp=1781747678~acl=/api/1/1/2/2/9/0/229805da86e99af65a3ae3969e35f85e.mp3*~data=user_id=0,application_id=42~hmac=2e318d89ebf62509b2bbe4aa1ff8e7e954d84ad736f53321bec5c326cdff4113","On 1 list: TV Show Theme Songs"
"(thematic candidate)","","","","Main Title (Shōgun)","Atticus Ross","Shōgun (Original Soundtrack)","2664910302","221405","111","false","https://www.deezer.com/us/track/2664910302","https://cdnt-preview.dzcdn.net/api/1/1/4/e/1/0/4e1186518d3916b5a0e56b1eaba304b5.mp3?hdnea=exp=1781747674~acl=/api/1/1/4/e/1/0/4e1186518d3916b5a0e56b1eaba304b5.mp3*~data=user_id=0,application_id=42~hmac=d3672887cab2289a0b9da4e2a256f3d789a138d473c50af6ff188e31379d0d39","On 1 list: TV  Theme Songs"
"(thematic candidate)","","","","Oo-De-Lally (From ""Robin Hood"")","Roger Miller","Oo-De-Lally (From ""Robin Hood"")","97233136","220947","58","false","https://www.deezer.com/us/track/97233136","https://cdnt-preview.dzcdn.net/api/1/1/b/1/f/0/b1f904c1692432b8ffb8fc78b174355a.mp3?hdnea=exp=1781747680~acl=/api/1/1/b/1/f/0/b1f904c1692432b8ffb8fc78b174355a.mp3*~data=user_id=0,application_id=42~hmac=0a860dec02cead2261e827473745392e523495c9ae13182869a9b75a756bc303","On 1 list: 80's and 90's Cartoon Theme Songs"
"(thematic candidate)","","","","Main Title (Aired Version)","Jeff Russo","Star Trek: Discovery (Original Series Soundtrack)","438734782","220104","93","false","https://www.deezer.com/us/track/438734782","https://cdnt-preview.dzcdn.net/api/1/1/a/7/e/0/a7ef789996c67eeecdcde8a014c6afca.mp3?hdnea=exp=1781747684~acl=/api/1/1/a/7/e/0/a7ef789996c67eeecdcde8a014c6afca.mp3*~data=user_id=0,application_id=42~hmac=f3b7f8d97ccf7b978c0ccd54f8b0d02c32097c8c99bd5e3a798d1dccc3c6e6e9","On 1 list: Best Sci-fi TV & Movie Themes"
"(thematic candidate)","","","","Who Are You","The Who","70s Mixtape","505536372","218374","384","true","https://www.deezer.com/us/track/505536372","https://cdnt-preview.dzcdn.net/api/1/1/2/b/5/0/2b5d3cde03a0f657a604b9472ad9b8fc.mp3?hdnea=exp=1781747680~acl=/api/1/1/2/b/5/0/2b5d3cde03a0f657a604b9472ad9b8fc.mp3*~data=user_id=0,application_id=42~hmac=cccb75e2da7d16c58331363c39c887e8cdd3c3d07af920a326d89cca6fc92c85","On 1 list: 80's and 90's Cartoon Theme Songs"
"(thematic candidate)","","","","Arabian Nights","Bruce Adler","Aladdin Special Edition","13665248","217766","79","false","https://www.deezer.com/us/track/13665248","https://cdnt-preview.dzcdn.net/api/1/1/f/f/8/0/ff8ca4c836750bc506b3855ba812cea2.mp3?hdnea=exp=1781747680~acl=/api/1/1/f/f/8/0/ff8ca4c836750bc506b3855ba812cea2.mp3*~data=user_id=0,application_id=42~hmac=4bd340ec079e166cd6d098487763853da775b1894e39454628c138020f91cffd","On 1 list: 80's and 90's Cartoon Theme Songs"
"(thematic candidate)","","","","Opening Titles (from Raised by Wolves)","Mariam Wallentin","Raised by Wolves: Season 1 (Soundtrack from the HBO Max Original Series)","1419402922","209634","66","false","https://www.deezer.com/us/track/1419402922","https://cdnt-preview.dzcdn.net/api/1/1/d/2/5/0/d25ce4cf3b0e82e3be41e06ab37d4099.mp3?hdnea=exp=1781747684~acl=/api/1/1/d/2/5/0/d25ce4cf3b0e82e3be41e06ab37d4099.mp3*~data=user_id=0,application_id=42~hmac=a115d1cd09399c478432cb7b1d513892611ac235028e4cf16428e8f48fb9ead8","On 1 list: Best Sci-fi TV & Movie Themes"
"(thematic candidate)","","","","Batman Beyond Main Title","Kristopher Carter","Batman Beyond: Original Soundtrack-Vol. 1","2555706382","206536","61","false","https://www.deezer.com/us/track/2555706382","https://cdnt-preview.dzcdn.net/api/1/1/8/b/7/0/8b79468598da23b4d51ce8ddd1c9ff3d.mp3?hdnea=exp=1781747685~acl=/api/1/1/8/b/7/0/8b79468598da23b4d51ce8ddd1c9ff3d.mp3*~data=user_id=0,application_id=42~hmac=c29154e34fcae90191999f75ce3037cb6f30be00a6275df557663beaa2bb025f","On 1 list: 80s & 90s Cartoon Nostalgia"
"(thematic candidate)","","","","Firefly Main Title","Sonny Rhodes","Firefly (Original Television Soundtrack)","913613962","204256","51","false","https://www.deezer.com/us/track/913613962","https://cdnt-preview.dzcdn.net/api/1/1/c/6/5/0/c65e8726baf062ce82483e1a1538b441.mp3?hdnea=exp=1781747684~acl=/api/1/1/c/6/5/0/c65e8726baf062ce82483e1a1538b441.mp3*~data=user_id=0,application_id=42~hmac=fbfc9e1c9070386758b1657c44deeb47f22fd88bc40acc0eb536f4d5ff7b45b2","On 1 list: Best Sci-fi TV & Movie Themes"
"(thematic candidate)","","","","Baretta's Theme","Sammy Davis Jr.","Lounge Legends: Sammy Davis Jr.","2428113","203294","145","false","https://www.deezer.com/us/track/2428113","https://cdnt-preview.dzcdn.net/api/1/1/1/5/2/0/152ec2658e5d2429446bb4f7ab7abe63.mp3?hdnea=exp=1781747677~acl=/api/1/1/1/5/2/0/152ec2658e5d2429446bb4f7ab7abe63.mp3*~data=user_id=0,application_id=42~hmac=ecdda8b59c4486f6f8df4bc803509b2927093e457e00061a80cb37d045545e15","On 1 list: Classic TV Show Theme Songs"
"(thematic candidate)","","","","Country Music Has the Blues (feat. George Jones & Loretta Lynn)","Billy Ray Cyrus","Set the Record Straight","425176322","200460","177","false","https://www.deezer.com/us/track/425176322","https://cdnt-preview.dzcdn.net/api/1/1/7/e/2/0/7e2377eeb8263400375005262e9d5e7e.mp3?hdnea=exp=1781747681~acl=/api/1/1/7/e/2/0/7e2377eeb8263400375005262e9d5e7e.mp3*~data=user_id=0,application_id=42~hmac=063919c09791d5354be29844732bf875b6072e2656db00fb0e43e1412f9453af","On 1 list: 80's and 90's Cartoon Theme Songs"
"(thematic candidate)","","","","Call Me, Beep Me! (The Kim Possible Song) (From ""Kim Possible"")","Christina Milian","Your Favorite Songs from 100 Disney Channel Original Movies","125540068","199405","159","false","https://www.deezer.com/us/track/125540068","https://cdnt-preview.dzcdn.net/api/1/1/e/c/2/0/ec2d42f48ad4fea57799f00850bb349e.mp3?hdnea=exp=1781747675~acl=/api/1/1/e/c/2/0/ec2d42f48ad4fea57799f00850bb349e.mp3*~data=user_id=0,application_id=42~hmac=b2089a6f57f4a9967344ef9641ff81532022627a439c9c7c350036860bd7118b","On 1 list: TV  Theme Songs"
"(thematic candidate)","","","","R.O.C.K. In The U.S.A. (A Salute To 60's Rock)","John Mellencamp","The Best That I Could Do 1978 - 1988","2512469","199069","174","false","https://www.deezer.com/us/track/2512469","https://cdnt-preview.dzcdn.net/api/1/1/9/4/3/0/9433569074508e0dca94705384b2354f.mp3?hdnea=exp=1781747680~acl=/api/1/1/9/4/3/0/9433569074508e0dca94705384b2354f.mp3*~data=user_id=0,application_id=42~hmac=8f8bde8d1c76b28ff0a50551aac2ece2cc4cce8e7ba0e1c66d2a5e9bea2126cd","On 1 list: 80's and 90's Cartoon Theme Songs"
"(thematic candidate)","","","","Janie's Got A Gun (Single Version)","Aerosmith","Tough Love: Best Of The Ballads (International Version)","11288915","198474","329","false","https://www.deezer.com/us/track/11288915","https://cdnt-preview.dzcdn.net/api/1/1/d/d/1/0/dd1e30ad1425a559355d17d8f363204c.mp3?hdnea=exp=1781747681~acl=/api/1/1/d/d/1/0/dd1e30ad1425a559355d17d8f363204c.mp3*~data=user_id=0,application_id=42~hmac=1a9d92ca95d3a076e52b44627f23550c5a6b3902b91ceb16321520fc2a670064","On 1 list: 80's and 90's Cartoon Theme Songs"
"(thematic candidate)","","","","Muppet Babies Theme 2018","Renee Elise Goldsberry","Disney Junior Music: Muppet Babies","463275762","198295","61","false","https://www.deezer.com/us/track/463275762","https://cdnt-preview.dzcdn.net/api/1/1/5/e/c/0/5ec3b0f959404b154e0bc72e6b2db131.mp3?hdnea=exp=1781747685~acl=/api/1/1/5/e/c/0/5ec3b0f959404b154e0bc72e6b2db131.mp3*~data=user_id=0,application_id=42~hmac=7e340e29a586087de76b89d6f65105ab914056caf2c16a4170c76cdac8a0ad24","On 1 list: 80s & 90s Cartoon Nostalgia"
"(thematic candidate)","","","","Thundercats - Main Theme","Geek Music","Thundercats - Main Theme","531016221","196588","116","false","https://www.deezer.com/us/track/531016221","https://cdnt-preview.dzcdn.net/api/1/1/a/2/a/0/a2a94847f71cfc117793c22b5bd0ab38.mp3?hdnea=exp=1781747682~acl=/api/1/1/a/2/a/0/a2a94847f71cfc117793c22b5bd0ab38.mp3*~data=user_id=0,application_id=42~hmac=db956c5bb5ca9102ac1cc1c9770fc98d14d966f7ca6fd97b1159a0b150b614ed","On 1 list: TV series & cartoons 70's/ 80's / 90's"
"(thematic candidate)","","","","SpongeBob SquarePants Theme Song","SpongeBob SquarePants","Spongebob Squarepants - The Yellow Album","2958441","194744","44","false","https://www.deezer.com/us/track/2958441","https://cdnt-preview.dzcdn.net/api/1/1/2/4/4/0/244d39b823162714a3d158b1f10df1b9.mp3?hdnea=exp=1781747675~acl=/api/1/1/2/4/4/0/244d39b823162714a3d158b1f10df1b9.mp3*~data=user_id=0,application_id=42~hmac=18ac8c84fa99da9915cdda0a1d8b841a1f8080039deefd6a672d3bcf631fdcc5","On 1 list: TV  Theme Songs"
"(thematic candidate)","","","","Daria (Official MTV Theme)","Splendora","Daria (Official MTV Theme)","1009780292","193662","49","false","https://www.deezer.com/us/track/1009780292","https://cdnt-preview.dzcdn.net/api/1/1/2/4/3/0/243f3557edc52b06874955a736f244fe.mp3?hdnea=exp=1781747675~acl=/api/1/1/2/4/3/0/243f3557edc52b06874955a736f244fe.mp3*~data=user_id=0,application_id=42~hmac=ee348f0b7d48a9e579b2df0cc1e697aecfe0a992b9b62d94f8b85f0daf21ed4b","On 1 list: TV  Theme Songs"
"(thematic candidate)","","","","Pink Soldiers (Epic Version)","Samuel K.","Pink Soldiers (Epic Version)","1550776202","190162","154","false","https://www.deezer.com/us/track/1550776202","https://cdnt-preview.dzcdn.net/api/1/1/b/8/6/0/b8624c5bd743ddfedc5cbac36d786abe.mp3?hdnea=exp=1781747684~acl=/api/1/1/b/8/6/0/b8624c5bd743ddfedc5cbac36d786abe.mp3*~data=user_id=0,application_id=42~hmac=595cdef83b2a717047c8083a2ef43d835d7e917e3ad0ec665ac6c769299e36ed","On 1 list: Best Sci-fi TV & Movie Themes"
"(thematic candidate)","","","","Star Trek: Deep Space Nine - Main Title","Dennis McCarthy","Star Trek: Deep Space Nine - The Emissary","7695347","187495","115","false","https://www.deezer.com/us/track/7695347","https://cdnt-preview.dzcdn.net/api/1/1/d/8/1/0/d81a64deb8fa4168dbf4be806c442e92.mp3?hdnea=exp=1781747684~acl=/api/1/1/d/8/1/0/d81a64deb8fa4168dbf4be806c442e92.mp3*~data=user_id=0,application_id=42~hmac=807b81a18f4469a367aa077823a731d6fd12c856b5bea36cb1f2e581276539d1","On 1 list: Best Sci-fi TV & Movie Themes"
"(thematic candidate)","","","","Benny Hill","The Edwin Davids Jazz Band","Les meilleurs génériques de l'histoire de la télé, Vol. 2","5933148","186473","66","false","https://www.deezer.com/us/track/5933148","https://cdnt-preview.dzcdn.net/api/1/1/9/4/9/0/949b67989be2e9cddb175ef0438bda8b.mp3?hdnea=exp=1781747678~acl=/api/1/1/9/4/9/0/949b67989be2e9cddb175ef0438bda8b.mp3*~data=user_id=0,application_id=42~hmac=466418e20d72eca4e89154b936912d60afff518c61cfd8bc160a87d9f114f7b2","On 1 list: TV Show Theme Songs"
"(thematic candidate)","","","","Main Theme: The Addams Family (from ""The Addams Family"" Original Motion Picture Soundtrack)","Vic Mizzy and His Orchestra and Chorus","The Addams Family (Original Music From The T.V. Show)","7526273","185800","53","false","https://www.deezer.com/us/track/7526273","https://cdnt-preview.dzcdn.net/api/1/1/9/0/3/0/903d42d5e09a5d1de5c836d1a946bae2.mp3?hdnea=exp=1781747683~acl=/api/1/1/9/0/3/0/903d42d5e09a5d1de5c836d1a946bae2.mp3*~data=user_id=0,application_id=42~hmac=f914a71892fa104609ea116136533e04801f7ad7d37c09a6dae54ae1c4875f5b","On 1 list: Sitcom Theme Songs"
"(thematic candidate)","","","","Maybe Tomorrow","Terry Bush","Maybe Tomorrow Theme from the TV Series The Littlest Hobo","704689212","185129","128","false","https://www.deezer.com/us/track/704689212","https://cdnt-preview.dzcdn.net/api/1/1/b/9/1/0/b91da083e0436bb8f653045d431a9d5f.mp3?hdnea=exp=1781747675~acl=/api/1/1/b/9/1/0/b91da083e0436bb8f653045d431a9d5f.mp3*~data=user_id=0,application_id=42~hmac=b4c5e992d3649f4980dd5e01cb82ef5fa2b070bd79419c6decd2bda8a8f2a447","On 1 list: TV  Theme Songs"
"(thematic candidate)","","","","Kings And Queens","Aerosmith","Draw The Line","2058920317","185007","295","false","https://www.deezer.com/us/track/2058920317","https://cdnt-preview.dzcdn.net/api/1/1/4/7/8/0/478857ae49e46af59a16e5a836546fee.mp3?hdnea=exp=1781747681~acl=/api/1/1/4/7/8/0/478857ae49e46af59a16e5a836546fee.mp3*~data=user_id=0,application_id=42~hmac=db5e2a565c2d5417b777fd2924c2ac11081489116dbd82534a396bc32e58a20f","On 1 list: 80's and 90's Cartoon Theme Songs"
"(thematic candidate)","","","","Come Together","Aerosmith","Pandora's Box","2061078017","184773","225","false","https://www.deezer.com/us/track/2061078017","https://cdnt-preview.dzcdn.net/api/1/1/c/e/d/0/cedc43d29c84620b4367d00cd3c55355.mp3?hdnea=exp=1781747681~acl=/api/1/1/c/e/d/0/cedc43d29c84620b4367d00cd3c55355.mp3*~data=user_id=0,application_id=42~hmac=eb94d82208b770d0f98646118728f0f18c68c34d823b7a391090e6464d2dee6c","On 1 list: 80's and 90's Cartoon Theme Songs"
"(thematic candidate)","","","","Georgia Peaches","Lynyrd Skynyrd","Street Survivors","540089282","183474","192","false","https://www.deezer.com/us/track/540089282","https://cdnt-preview.dzcdn.net/api/1/1/2/f/7/0/2f738a8acf0836aedfcaa903a85a4db3.mp3?hdnea=exp=1781747681~acl=/api/1/1/2/f/7/0/2f738a8acf0836aedfcaa903a85a4db3.mp3*~data=user_id=0,application_id=42~hmac=65ee37b3b91692f07b135d29eaf57c3b1269fb6a9325484b4216ff4c3b1be676","On 1 list: 80's and 90's Cartoon Theme Songs"
"(thematic candidate)","","","","Today is Gonna be a Great Day","Bowling For Soup","Phineas And Ferb","4285244","183439","181","false","https://www.deezer.com/us/track/4285244","https://cdnt-preview.dzcdn.net/api/1/1/6/f/b/0/6fb46aabd19f83c961d4902404cf8a09.mp3?hdnea=exp=1781747675~acl=/api/1/1/6/f/b/0/6fb46aabd19f83c961d4902404cf8a09.mp3*~data=user_id=0,application_id=42~hmac=d1492e2270baf7cd599e450988e6eec2f7fa8bbcbd12c62b9f9271ef94ba83bf","On 1 list: TV  Theme Songs"
"(thematic candidate)","","","","Animaniacs (Opening Title)","Animaniacs","Steven Spielberg Presents Animaniacs (Soundtrack from the Original Series)","1127264222","181852","69","false","https://www.deezer.com/us/track/1127264222","https://cdnt-preview.dzcdn.net/api/1/1/5/1/2/0/5124faf57c80c45d50f9758e138b43e3.mp3?hdnea=exp=1781747685~acl=/api/1/1/5/1/2/0/5124faf57c80c45d50f9758e138b43e3.mp3*~data=user_id=0,application_id=42~hmac=235af09fe9d399b36ecdf6c53fc3a20e3e456c2f138804565e90bb3ac48e3dc2","On 1 list: 80s & 90s Cartoon Nostalgia"
"(thematic candidate)","","","","Star Trek: The Next Generation - Main Title","Jerry Goldsmith","Star Trek: The Next Generation - Encounter at Farpoint","7695319","178647","105","false","https://www.deezer.com/us/track/7695319","https://cdnt-preview.dzcdn.net/api/1/1/e/b/5/0/eb5acce27f331b5283301915f3aae6c2.mp3?hdnea=exp=1781747677~acl=/api/1/1/e/b/5/0/eb5acce27f331b5283301915f3aae6c2.mp3*~data=user_id=0,application_id=42~hmac=024fbaecc28fb4e22601d1956f725c1248dba7520a4fefff27189a4d46d98869","On 1 list: Classic TV Show Theme Songs"
"(thematic candidate)","","","","These Boots Are Made For Walkin'","Billy Ray Cyrus","Some Gave All","15908157","177265","168","false","https://www.deezer.com/us/track/15908157","https://cdnt-preview.dzcdn.net/api/1/1/2/9/5/0/29594088abf398e0c5b4cf6665364eb8.mp3?hdnea=exp=1781747681~acl=/api/1/1/2/9/5/0/29594088abf398e0c5b4cf6665364eb8.mp3*~data=user_id=0,application_id=42~hmac=12dfbd638d5b3a78ced197514eaebe970847316eb0f609f32a6892365175bb75","On 1 list: 80's and 90's Cartoon Theme Songs"
"(thematic candidate)","","","","Roll On Down The Highway","Bachman-Turner Overdrive","Not Fragile","2447244","177256","237","false","https://www.deezer.com/us/track/2447244","https://cdnt-preview.dzcdn.net/api/1/1/8/c/0/0/8c0638236782a8957e444fc47966ff76.mp3?hdnea=exp=1781747680~acl=/api/1/1/8/c/0/0/8c0638236782a8957e444fc47966ff76.mp3*~data=user_id=0,application_id=42~hmac=8865601d6850c012dccca1e1c8f21b5931957a1ca06d36e910102dad07d82eb6","On 1 list: 80's and 90's Cartoon Theme Songs"
"(thematic candidate)","","","","Riptide - Theme from the TV Series","Dominik Hauser","Riptide - Theme from the TV Series (Mike Post & Pete Carpenter)","17020364","176546","69","false","https://www.deezer.com/us/track/17020364","https://cdnt-preview.dzcdn.net/api/1/1/c/8/c/0/c8cefb85370279592be79bdf0c18d039.mp3?hdnea=exp=1781747674~acl=/api/1/1/c/8/c/0/c8cefb85370279592be79bdf0c18d039.mp3*~data=user_id=0,application_id=42~hmac=b6a91678e46cef1d75bc32ce9ba2d27eb952cd5be1b3a63a017f0b207b6ec096","On 1 list: TV  Theme Songs"
"(thematic candidate)","","","","Spider Man","TV Themes","The Greatest Ever Cartoon Television Themes","113489536","172293","62","false","https://www.deezer.com/us/track/113489536","https://cdnt-preview.dzcdn.net/api/1/1/a/7/7/0/a77a32befb6c0829220908f79c2d7d32.mp3?hdnea=exp=1781747677~acl=/api/1/1/a/7/7/0/a77a32befb6c0829220908f79c2d7d32.mp3*~data=user_id=0,application_id=42~hmac=a4a849500ebef749ca472e80f006d18f6b677a2557274443c8d5486a6e368573","On 1 list: Classic TV Show Theme Songs"
"(thematic candidate)","","","","Railroad Song","Lynyrd Skynyrd","Nuthin' Fancy (Expanded Edition)","2754390","172058","254","false","https://www.deezer.com/us/track/2754390","https://cdnt-preview.dzcdn.net/api/1/1/4/c/0/0/4c0fd0331b72ad325dd0d93e5ee7f420.mp3?hdnea=exp=1781747681~acl=/api/1/1/4/c/0/0/4c0fd0331b72ad325dd0d93e5ee7f420.mp3*~data=user_id=0,application_id=42~hmac=afb8cacf9418d931b0e8e4d257756f7ecf966d52b5b8d4b8e2e73f0fda9f7fb0","On 1 list: 80's and 90's Cartoon Theme Songs"
"(thematic candidate)","","","","The Needle And The Spoon","Lynyrd Skynyrd","Second Helping","4257079","171250","232","false","https://www.deezer.com/us/track/4257079","https://cdnt-preview.dzcdn.net/api/1/1/1/9/5/0/1951c45afac53810a77d0ae49bfafc67.mp3?hdnea=exp=1781747681~acl=/api/1/1/1/9/5/0/1951c45afac53810a77d0ae49bfafc67.mp3*~data=user_id=0,application_id=42~hmac=7356c025396cdaaf5bedca252ad81dfc06036fa09531c988f6d0c94f5bc9f3d5","On 1 list: 80's and 90's Cartoon Theme Songs"
"(thematic candidate)","","","","Train Kept a Rollin'","Aerosmith","Get Your Wings","2058920147","169925","333","false","https://www.deezer.com/us/track/2058920147","https://cdnt-preview.dzcdn.net/api/1/1/f/0/0/0/f0024129a07ab397e70556163e1c5d38.mp3?hdnea=exp=1781747681~acl=/api/1/1/f/0/0/0/f0024129a07ab397e70556163e1c5d38.mp3*~data=user_id=0,application_id=42~hmac=bef4dd859d46620e39ee7fe27e22388503ec04b1aea195763861bc2238089103","On 1 list: 80's and 90's Cartoon Theme Songs"
"(thematic candidate)","","","","Deuces Are Wild","Aerosmith","Tough Love: Best Of The Ballads (International Version)","11288911","169886","213","false","https://www.deezer.com/us/track/11288911","https://cdnt-preview.dzcdn.net/api/1/1/9/a/5/0/9a51d368bfaff8e07f7dc6b2bd25ab27.mp3?hdnea=exp=1781747681~acl=/api/1/1/9/a/5/0/9a51d368bfaff8e07f7dc6b2bd25ab27.mp3*~data=user_id=0,application_id=42~hmac=9ccbfbe3894e9349cca8fa6ee3d422f130143c2cee2c524bd584274d28ffad50","On 1 list: 80's and 90's Cartoon Theme Songs"
"(thematic candidate)","","","","Theme from ""The Dukes of Hazzard"" (Good Ol' Boys)","Waylon Jennings","The Essential Waylon Jennings","7674947","168597","126","false","https://www.deezer.com/us/track/7674947","https://cdnt-preview.dzcdn.net/api/1/1/a/0/b/0/a0ba27934e477c62f191e03ad69e1d9d.mp3?hdnea=exp=1781747679~acl=/api/1/1/a/0/b/0/a0ba27934e477c62f191e03ad69e1d9d.mp3*~data=user_id=0,application_id=42~hmac=effdffa46fe5d16a86ffb01cb4c7d62fd8ae14d529e8de535d9a58b6904baa81","On 1 list: Top '80s TV Show Opening Themes"
"(thematic candidate)","","","","Hawaii Five-O","Mort Stevens And His Orchestra","Hawaii Five-O (Original Television Soundtrack)","6812111","165886","90","false","https://www.deezer.com/us/track/6812111","https://cdnt-preview.dzcdn.net/api/1/1/d/2/b/0/d2bcb28e2ad0d6dd797129581fdab0e8.mp3?hdnea=exp=1781747677~acl=/api/1/1/d/2/b/0/d2bcb28e2ad0d6dd797129581fdab0e8.mp3*~data=user_id=0,application_id=42~hmac=17be64180c63e593203d7320f32f05550f1b12d1d8c983bc77b8443da57e65ce","On 1 list: Classic TV Show Theme Songs"
"(thematic candidate)","","","","Same Old Song and Dance","Aerosmith","Get Your Wings","2058920097","165728","233","false","https://www.deezer.com/us/track/2058920097","https://cdnt-preview.dzcdn.net/api/1/1/a/0/3/0/a03067a956e4123ed9e55369f8afd482.mp3?hdnea=exp=1781747681~acl=/api/1/1/a/0/3/0/a03067a956e4123ed9e55369f8afd482.mp3*~data=user_id=0,application_id=42~hmac=62c6b50d3f553f1869d5407b390653e3a9bf129f21c7b2e681cdceb8f3914e67","On 1 list: 80's and 90's Cartoon Theme Songs"
"(thematic candidate)","","","","Theme from Magnum, P. I. (feat. Larry Carlton)","Mike Post","Television Theme Songs","756660","163495","207","false","https://www.deezer.com/us/track/756660","https://cdnt-preview.dzcdn.net/api/1/1/d/4/9/0/d49f2dfd1fe0ec17db03fadc772cf6c6.mp3?hdnea=exp=1781747679~acl=/api/1/1/d/4/9/0/d49f2dfd1fe0ec17db03fadc772cf6c6.mp3*~data=user_id=0,application_id=42~hmac=20436d5a251051ca114ebce9fe8a95a93d489aefd1c21010b9c0791d551e3282","On 1 list: Top '80s TV Show Opening Themes"
"(thematic candidate)","","","","Real Gone (Album Version)","Billy Ray Cyrus","Back to Tennessee","4230667","162919","212","false","https://www.deezer.com/us/track/4230667","https://cdnt-preview.dzcdn.net/api/1/1/d/6/0/0/d60cadfd47b3b8db6303b0dbf7f866e5.mp3?hdnea=exp=1781747681~acl=/api/1/1/d/6/0/0/d60cadfd47b3b8db6303b0dbf7f866e5.mp3*~data=user_id=0,application_id=42~hmac=cbdcbf9ec5ea94725bf721e368095da965576c584d455099377a3075e2c02414","On 1 list: 80's and 90's Cartoon Theme Songs"
"(thematic candidate)","","","","The Office Theme (from The Office)","Southern Creek Players","Television and Movie Themes","102096886","162514","64","false","https://www.deezer.com/us/track/102096886","https://cdnt-preview.dzcdn.net/api/1/1/3/a/0/0/3a0a03bd4ca2d4e43663980e482e0d5e.mp3?hdnea=exp=1781747683~acl=/api/1/1/3/a/0/0/3a0a03bd4ca2d4e43663980e482e0d5e.mp3*~data=user_id=0,application_id=42~hmac=4c017b14dadfb2efc26ebf5ef1cfa8f16e5c0670bb8e14e407485d4b35e2412b","On 1 list: Sitcom Theme Songs"
"(thematic candidate)","","","","The Powerpuff Girls End Title Theme (From ""The Powerpuff Girls"")","Geek Music","The Powerpuff Girls End Title Theme (From ""The Powerpuff Girls"")","1214090552","162495","120","false","https://www.deezer.com/us/track/1214090552","https://cdnt-preview.dzcdn.net/api/1/1/1/b/9/0/1b9f6f533936d5d7c27b251c2fd9cd87.mp3?hdnea=exp=1781747682~acl=/api/1/1/1/b/9/0/1b9f6f533936d5d7c27b251c2fd9cd87.mp3*~data=user_id=0,application_id=42~hmac=8557dada0c760864d2a3eff2f69b5f55e62b0399ed9b10ac1591c873e589d5dc","On 1 list: TV series & cartoons 70's/ 80's / 90's"
"(thematic candidate)","","","","Dallas","TV Themes","Dallas - The Main Title Theme","694104902","160441","74","false","https://www.deezer.com/us/track/694104902","https://cdnt-preview.dzcdn.net/api/1/1/e/3/7/0/e3704828f330b9e929ba26b6ac6de515.mp3?hdnea=exp=1781747677~acl=/api/1/1/e/3/7/0/e3704828f330b9e929ba26b6ac6de515.mp3*~data=user_id=0,application_id=42~hmac=67ea128e343d6569f3ee5505a38dc31ec756f1a5658e457243538cb43ff23438","On 1 list: Classic TV Show Theme Songs"
"(thematic candidate)","","","","Hakuna Matata (From ""The Lion King 1½"") (From ""The Lion King"" Soundtrack)","Nathan Lane","Best of The Lion King","13621768","160314","213","false","https://www.deezer.com/us/track/13621768","https://cdnt-preview.dzcdn.net/api/1/1/6/b/c/0/6bc0fae2c8181acf95167e145c40a649.mp3?hdnea=exp=1781747680~acl=/api/1/1/6/b/c/0/6bc0fae2c8181acf95167e145c40a649.mp3*~data=user_id=0,application_id=42~hmac=0eee7a481cedbe3db0cddf7d934b2c304136719d74337aa4fc6f52e49984128e","On 1 list: 80's and 90's Cartoon Theme Songs"
"(thematic candidate)","","","","He-Man And The Masters Of The Universe Theme (From ""He-Man And The Masters Of The Universe"")","Just Kids","He-Man And The Masters Of The Universe Theme (From ""He-Man And The Masters Of The Universe"")","848553972","159372","159","false","https://www.deezer.com/us/track/848553972","https://cdnt-preview.dzcdn.net/api/1/1/0/0/2/0/002cd1ca556f5f49670c39f9a1e0eccb.mp3?hdnea=exp=1781747682~acl=/api/1/1/0/0/2/0/002cd1ca556f5f49670c39f9a1e0eccb.mp3*~data=user_id=0,application_id=42~hmac=bcb558ff4cbc1c44ef383a41d3553e8204aada302c27ae116fb876b8b2954161","On 1 list: TV series & cartoons 70's/ 80's / 90's"
"(thematic candidate)","","","","Wanda's Theme (End Credits from ""WandaVision"")","Christophe Beck","WandaVision: Episode 1 (Original Soundtrack)","1214442932","158562","107","false","https://www.deezer.com/us/track/1214442932","https://cdnt-preview.dzcdn.net/api/1/1/2/8/b/0/28bf7cc1abb536846d6237a15b603b1e.mp3?hdnea=exp=1781747684~acl=/api/1/1/2/8/b/0/28bf7cc1abb536846d6237a15b603b1e.mp3*~data=user_id=0,application_id=42~hmac=30076b92b20ba47efd5ed818c0c70e1375a9a23a5e4c33c9d1f0912012ba2cca","On 1 list: Best Sci-fi TV & Movie Themes"
"(thematic candidate)","","","","Agents of S.H.I.E.L.D. Overture","Bear McCreary","Marvel's Agents of S.H.I.E.L.D. (Original Soundtrack Album)","106356526","158063","171","false","https://www.deezer.com/us/track/106356526","https://cdnt-preview.dzcdn.net/api/1/1/7/7/e/0/77e4cb7e29b1a0164b1e51cd4d294748.mp3?hdnea=exp=1781747684~acl=/api/1/1/7/7/e/0/77e4cb7e29b1a0164b1e51cd4d294748.mp3*~data=user_id=0,application_id=42~hmac=4fb8234f0ff683ec83cf322926ec9a11f3dd5859dcd92310c08ce4c08ba8b516","On 1 list: Best Sci-fi TV & Movie Themes"
"(thematic candidate)","","","","Cosy in the Rocket (From ""Grey's Anatomy"")","KnightsBridge","Meredith Grey Playlist (Soundtrack Inspired from TV Series Grey's Anatomy)","516973362","157700","265","false","https://www.deezer.com/us/track/516973362","https://cdnt-preview.dzcdn.net/api/1/1/4/3/b/0/43bd47ff2e981809baaf13105026bc50.mp3?hdnea=exp=1781747674~acl=/api/1/1/4/3/b/0/43bd47ff2e981809baaf13105026bc50.mp3*~data=user_id=0,application_id=42~hmac=0be2935392e4b8304dae9c7a2960749335b8d339feda2d5ab577093216af0838","On 1 list: TV  Theme Songs"
"(thematic candidate)","","","","What Could Have Been Love","Aerosmith","Music From Another Dimension!","2058923717","155870","224","false","https://www.deezer.com/us/track/2058923717","https://cdnt-preview.dzcdn.net/api/1/1/2/b/9/0/2b9a1da06e72a63670e0b77d38ebf064.mp3?hdnea=exp=1781747681~acl=/api/1/1/2/b/9/0/2b9a1da06e72a63670e0b77d38ebf064.mp3*~data=user_id=0,application_id=42~hmac=8cb818a98052d11993f6a1037cffd1d1650fb20675658d18053a79585acb4f97","On 1 list: 80's and 90's Cartoon Theme Songs"
"(thematic candidate)","","","","Livin' On The Edge","Aerosmith","Tough Love: Best Of The Ballads (International Version)","11288912","153474","373","false","https://www.deezer.com/us/track/11288912","https://cdnt-preview.dzcdn.net/api/1/1/d/f/8/0/df88f5daf55d75e28bbceecb06dc0b22.mp3?hdnea=exp=1781747681~acl=/api/1/1/d/f/8/0/df88f5daf55d75e28bbceecb06dc0b22.mp3*~data=user_id=0,application_id=42~hmac=59225873ed973cda28f4f068c58e09b3392fbbfa5150f0a5289323648c89e20c","On 1 list: 80's and 90's Cartoon Theme Songs"
"(thematic candidate)","","","","King of the Hill Theme","The Refreshments","King Of The Hill [Original Television Soundtrack]","6617264","151020","58","false","https://www.deezer.com/us/track/6617264","https://cdnt-preview.dzcdn.net/api/1/1/b/e/d/0/bed15b8e5093aec854ad67c4ba78f810.mp3?hdnea=exp=1781747674~acl=/api/1/1/b/e/d/0/bed15b8e5093aec854ad67c4ba78f810.mp3*~data=user_id=0,application_id=42~hmac=d11f55cf3e196be888b540064fe0a8bec905cd7552cc95ac1e035a276ffe225c","On 1 list: TV  Theme Songs"
"(thematic candidate)","","","","Chip Away The Stone","Aerosmith","Gems","2058924027","150519","241","false","https://www.deezer.com/us/track/2058924027","https://cdnt-preview.dzcdn.net/api/1/1/7/b/f/0/7bf98ede33eee097824f2cc571a4a556.mp3?hdnea=exp=1781747681~acl=/api/1/1/7/b/f/0/7bf98ede33eee097824f2cc571a4a556.mp3*~data=user_id=0,application_id=42~hmac=7634b35a9f4d32349e540c4a605b1268cd4da586ca8b7b343dafa77df38ce958","On 1 list: 80's and 90's Cartoon Theme Songs"
"(thematic candidate)","","","","Swamp Music","Lynyrd Skynyrd","Second Helping","4257078","146177","211","false","https://www.deezer.com/us/track/4257078","https://cdnt-preview.dzcdn.net/api/1/1/9/d/4/0/9d4f4067d061c8be94507ef7da8d35da.mp3?hdnea=exp=1781747681~acl=/api/1/1/9/d/4/0/9d4f4067d061c8be94507ef7da8d35da.mp3*~data=user_id=0,application_id=42~hmac=e4d714a314540e3c757a5ea990952b4414f8ef6db301ff21ddcc052a934157c1","On 1 list: 80's and 90's Cartoon Theme Songs"
"(thematic candidate)","","","","Les rues de San Francisco","The Spelding's Jazz Orchestra","Tv Toons: Les meilleurs génériques des séries TV Américaines 70's, Vol. 2","6172726","145615","67","false","https://www.deezer.com/us/track/6172726","https://cdnt-preview.dzcdn.net/api/1/1/7/3/5/0/7359bdca84216a91690aedd390028781.mp3?hdnea=exp=1781747678~acl=/api/1/1/7/3/5/0/7359bdca84216a91690aedd390028781.mp3*~data=user_id=0,application_id=42~hmac=afd083d7241829c496f83304d3dd23916220ce1c87f54814301fce649f1b0f01","On 1 list: TV Show Theme Songs"
"(thematic candidate)","","","","The Muppet Show","The TV Theme Players","100 TV Tunes","62605415","144890","135","false","https://www.deezer.com/us/track/62605415","https://cdnt-preview.dzcdn.net/api/1/1/0/7/a/0/07ad4e858b69259e98b2ac0946e98d07.mp3?hdnea=exp=1781747682~acl=/api/1/1/0/7/a/0/07ad4e858b69259e98b2ac0946e98d07.mp3*~data=user_id=0,application_id=42~hmac=609912e6629887a7a380cd2c1c56a6ec88d35856c6fd3bd89b6afbeacc6dcfde","On 1 list: TV series & cartoons 70's/ 80's / 90's"
"(thematic candidate)","","","","The Price Is Right - Game Show Theme","TV Tunesters","Television's Greatest Themes - Game Shows","25438691","141736","66","false","https://www.deezer.com/us/track/25438691","https://cdnt-preview.dzcdn.net/api/1/1/c/e/b/0/cebd4938783369e3e2994ced5d1ad194.mp3?hdnea=exp=1781747674~acl=/api/1/1/c/e/b/0/cebd4938783369e3e2994ced5d1ad194.mp3*~data=user_id=0,application_id=42~hmac=91ac6f8d6f4828aa13773223cf76dd9e1ee9203d2b69e869db9e4abc51053f0b","On 1 list: TV  Theme Songs"
"(thematic candidate)","","","","Danny Phantom (From ""Danny Phantom"")","Geek Music","Danny Phantom (From ""Danny Phantom"")","1015602252","141586","123","false","https://www.deezer.com/us/track/1015602252","https://cdnt-preview.dzcdn.net/api/1/1/8/7/b/0/87bc105dd5a5b9e8ea84748c6ab5fa5c.mp3?hdnea=exp=1781747685~acl=/api/1/1/8/7/b/0/87bc105dd5a5b9e8ea84748c6ab5fa5c.mp3*~data=user_id=0,application_id=42~hmac=ef4615ff9d918aafeff642c6ac239763c0a7d9b0a80ce20dce5945cdd61a4a33","On 1 list: 80s & 90s Cartoon Nostalgia"
"(thematic candidate)","","","","Scooby Doo, Where Are You? - Theme from the Hanna Barbera Cartoon Series","Dominik Hauser","Scooby Doo, Where Are You? - Theme from the Hanna-Barbera Cartoon Series (David Mook, Ben Raleigh)","17019997","140944","113","false","https://www.deezer.com/us/track/17019997","https://cdnt-preview.dzcdn.net/api/1/1/f/b/c/0/fbcb580b96676ab9be40a54f537bb66d.mp3?hdnea=exp=1781747682~acl=/api/1/1/f/b/c/0/fbcb580b96676ab9be40a54f537bb66d.mp3*~data=user_id=0,application_id=42~hmac=f5941d73fc426a16d3cb5de90e9ffe926ab8b2ebf745afef0346065eb2913335","On 1 list: TV series & cartoons 70's/ 80's / 90's"
"(thematic candidate)","","","","Power Rangers Theme","Coded Channel","Remember the Themes","105433170","140294","65","false","https://www.deezer.com/us/track/105433170","https://cdnt-preview.dzcdn.net/api/1/1/1/7/8/0/178c8b3ec27f6b0087144b3af0aeb688.mp3?hdnea=exp=1781747679~acl=/api/1/1/1/7/8/0/178c8b3ec27f6b0087144b3af0aeb688.mp3*~data=user_id=0,application_id=42~hmac=3130c71a37dd2adeea371a5c8070bd41adf01a539cc591be4609114c9ac09638","On 1 list: 90s Kids TV Show Themes Nostalgia"
"(thematic candidate)","","","","Blind Man (Album Version)","Aerosmith","Tough Love: Best Of The Ballads (International Version)","11288913","139529","237","false","https://www.deezer.com/us/track/11288913","https://cdnt-preview.dzcdn.net/api/1/1/8/2/6/0/826e627ca03a5acdad30b5495d0c46cb.mp3?hdnea=exp=1781747681~acl=/api/1/1/8/2/6/0/826e627ca03a5acdad30b5495d0c46cb.mp3*~data=user_id=0,application_id=42~hmac=ea1db0eb7d285f20fd02d0d641083ac7f0088d9ffd013bed7ea8ab8657dc6744","On 1 list: 80's and 90's Cartoon Theme Songs"
"(thematic candidate)","","","","Love Boat Theme","Jack Jones","Love Boat Theme / Reasons (Digital 45)","104279864","138332","203","false","https://www.deezer.com/us/track/104279864","https://cdnt-preview.dzcdn.net/api/1/1/6/9/5/0/6951d59b236d434ff80e8bdba5e456ff.mp3?hdnea=exp=1781747674~acl=/api/1/1/6/9/5/0/6951d59b236d434ff80e8bdba5e456ff.mp3*~data=user_id=0,application_id=42~hmac=d2e10de0698112b1c89f8ac005c1ba67e503376a0ed169e248e4827b12b39495","On 1 list: TV  Theme Songs"
"(thematic candidate)","","","","The Lone Ranger Theme","John Morgan Orquesta","El Cine Del Oeste","10714409","137991","203","false","https://www.deezer.com/us/track/10714409","https://cdnt-preview.dzcdn.net/api/1/1/8/a/2/0/8a227f0bcbe5d017d8dd5ad4e918f344.mp3?hdnea=exp=1781747674~acl=/api/1/1/8/a/2/0/8a227f0bcbe5d017d8dd5ad4e918f344.mp3*~data=user_id=0,application_id=42~hmac=6f9e943fd97958433fa040108d3406d4a908a85e5187029542982174f683afc1","On 1 list: TV  Theme Songs"
"(thematic candidate)","","","","Alf (Générique)","Alf Clausen","This is 80's","1205074982","137331","67","false","https://www.deezer.com/us/track/1205074982","https://cdnt-preview.dzcdn.net/api/1/1/7/b/f/0/7bfc38b51ccadd1e31bbb839febb78ba.mp3?hdnea=exp=1781747679~acl=/api/1/1/7/b/f/0/7bfc38b51ccadd1e31bbb839febb78ba.mp3*~data=user_id=0,application_id=42~hmac=dc5ec6bbebf817c462e887217063d015d15b24cb5cabea46d66a27380c8857d9","On 1 list: Top '80s TV Show Opening Themes"
"(thematic candidate)","","","","Opening Titles / Donovan Looks Up","Joe Harnell","V (Music from the Television Miniseries Mini-Series)","1987490817","135432","204","false","https://www.deezer.com/us/track/1987490817","https://cdnt-preview.dzcdn.net/api/1/1/f/1/4/0/f14d2eb4f4559fcbebee8480812f6e32.mp3?hdnea=exp=1781747679~acl=/api/1/1/f/1/4/0/f14d2eb4f4559fcbebee8480812f6e32.mp3*~data=user_id=0,application_id=42~hmac=6c34efad60bc90496364967db1b3665e60166df87d1b1a61cbbfb79cc70018af","On 1 list: Top '80s TV Show Opening Themes"
"(thematic candidate)","","","","That Smell","Lynyrd Skynyrd","31 - A Rob Zombie Film (Original Motion Picture Soundtrack)","138124769","135056","347","false","https://www.deezer.com/us/track/138124769","https://cdnt-preview.dzcdn.net/api/1/1/6/a/3/0/6a36002f07fecda0c8ff2856b0fa3ccd.mp3?hdnea=exp=1781747681~acl=/api/1/1/6/a/3/0/6a36002f07fecda0c8ff2856b0fa3ccd.mp3*~data=user_id=0,application_id=42~hmac=b21864a4f4b022ef5b183a72030f3bb11a463edadaf0a38a25132394bcda6c77","On 1 list: 80's and 90's Cartoon Theme Songs"
"(thematic candidate)","","","","Romeo (with Billy Ray Cyrus, Tanya Tucker, Mary Chapin Carpenter, Kathy Mattea & Pam Tillis)","Dolly Parton","Slow Dancing With The Moon","1054397","132284","213","false","https://www.deezer.com/us/track/1054397","https://cdnt-preview.dzcdn.net/api/1/1/7/e/5/0/7e54b70460b7fb160ecebe0a64f8a3fe.mp3?hdnea=exp=1781747681~acl=/api/1/1/7/e/5/0/7e54b70460b7fb160ecebe0a64f8a3fe.mp3*~data=user_id=0,application_id=42~hmac=99107d773469c62ed2928ce5874092200b5afa8cb05a9d60ba7e05ffc88c8551","On 1 list: 80's and 90's Cartoon Theme Songs"
"(thematic candidate)","","","","Denver the Last Dinosaur - Main Title","Dale Schacker","Denver the Last Dinosaur: Original Series Soundtrack","60938896","131129","94","false","https://www.deezer.com/us/track/60938896","https://cdnt-preview.dzcdn.net/api/1/1/2/5/7/0/2572ec754d4052410a7b49c7a0af5758.mp3?hdnea=exp=1781747685~acl=/api/1/1/2/5/7/0/2572ec754d4052410a7b49c7a0af5758.mp3*~data=user_id=0,application_id=42~hmac=3495031acc7fc44520f9e43d0cc0bc34b49b04ddd48a019cb889f6a83fc37d9a","On 1 list: 80s & 90s Cartoon Nostalgia"
"(thematic candidate)","","","","Baby, It's Cold Outside (with Dorothy Kirsten)","Frank Sinatra","The Classic Christmas Album","85795313","130634","137","false","https://www.deezer.com/us/track/85795313","https://cdnt-preview.dzcdn.net/api/1/1/a/8/3/0/a8374de6d81615b0b7d199fb6bce4916.mp3?hdnea=exp=1781747680~acl=/api/1/1/a/8/3/0/a8374de6d81615b0b7d199fb6bce4916.mp3*~data=user_id=0,application_id=42~hmac=bafba9154ec55c13d9882e884dee0171e01443b214b121886b43274efd788110","On 1 list: 80's and 90's Cartoon Theme Songs"
"(thematic candidate)","","","","ThunderCats Theme (Vocal Version)","Cult Hit Tributes","Classic Cartoon Themes From The 80s & 90s","67461209","127181","77","false","https://www.deezer.com/us/track/67461209","https://cdnt-preview.dzcdn.net/api/1/1/f/1/d/0/f1d4f1a286406ad790369ea117723319.mp3?hdnea=exp=1781747680~acl=/api/1/1/f/1/d/0/f1d4f1a286406ad790369ea117723319.mp3*~data=user_id=0,application_id=42~hmac=f891c63c73e929ffc90a2b18439cba6d1b60f120d337b6afb6ab9801b53148de","On 1 list: 80's and 90's Cartoon Theme Songs"
"(thematic candidate)","","","","Silverhawks Theme (Vocal Version)","Cult Hit Tributes","Classic Cartoon Themes From The 80s & 90s","67461230","127181","80","false","https://www.deezer.com/us/track/67461230","https://cdnt-preview.dzcdn.net/api/1/1/2/0/f/0/20f88eede827b42fb59aac8a691a9ed8.mp3?hdnea=exp=1781747680~acl=/api/1/1/2/0/f/0/20f88eede827b42fb59aac8a691a9ed8.mp3*~data=user_id=0,application_id=42~hmac=88b60cfa4e38657e25a91a9c4d0206618496562fb3e0195259045b8329b64a09","On 1 list: 80's and 90's Cartoon Theme Songs"
"(thematic candidate)","","","","Quantum Leap Main Title","Various Artists","Quantum Leap","1662808","126313","75","false","https://www.deezer.com/us/track/1662808","https://cdnt-preview.dzcdn.net/api/1/1/0/7/0/0/070b34b82ca9b151ea8bf1b7d0149326.mp3?hdnea=exp=1781747675~acl=/api/1/1/0/7/0/0/070b34b82ca9b151ea8bf1b7d0149326.mp3*~data=user_id=0,application_id=42~hmac=70e42e5e582ad982650f94d221aa8131faef68a3a930ee2a6871207c50ff9108","On 1 list: TV  Theme Songs"
"(thematic candidate)","","","","Oklahoma Breakdown","Toby Keith","Peso in My Pocket","1450307312","125651","211","false","https://www.deezer.com/us/track/1450307312","https://cdnt-preview.dzcdn.net/api/1/1/4/b/6/0/4b67f040f6b92715002d974bb14ff228.mp3?hdnea=exp=1781747681~acl=/api/1/1/4/b/6/0/4b67f040f6b92715002d974bb14ff228.mp3*~data=user_id=0,application_id=42~hmac=95c482c7012204dd71ce16ca646a4c072617982e67a3b7ee74a9e633fd2ca67f","On 1 list: 80's and 90's Cartoon Theme Songs"
"(thematic candidate)","","","","Magnum","TV Themes","Charlie's Angels","1534306562","124595","62","false","https://www.deezer.com/us/track/1534306562","https://cdnt-preview.dzcdn.net/api/1/1/6/c/b/0/6cb20e3831dd0e810da1c4e098835748.mp3?hdnea=exp=1781747682~acl=/api/1/1/6/c/b/0/6cb20e3831dd0e810da1c4e098835748.mp3*~data=user_id=0,application_id=42~hmac=c9da00e526447ec93a3919ff06bdf4f395b553ea8b96250a18620c4488a031b3","On 1 list: TV series & cartoons 70's/ 80's / 90's"
"(thematic candidate)","","","","Main Titles (Doom Patrol)","Clint Mansell","Doom Patrol: Season 1 (Original Television Soundtrack)","1072805892","121481","73","false","https://www.deezer.com/us/track/1072805892","https://cdnt-preview.dzcdn.net/api/1/1/f/2/d/0/f2d33dda5163b6e60764778697933c8a.mp3?hdnea=exp=1781747684~acl=/api/1/1/f/2/d/0/f2d33dda5163b6e60764778697933c8a.mp3*~data=user_id=0,application_id=42~hmac=0371c348357aa845401113f4dcc520f2a7b666224127b59c2de9c4a7bfb682d5","On 1 list: Best Sci-fi TV & Movie Themes"
"(thematic candidate)","","","","Women I've Never Had","Hank Williams, Jr.","Best Of - All My Rowdy Friends","75765956","121093","174","false","https://www.deezer.com/us/track/75765956","https://cdnt-preview.dzcdn.net/api/1/1/a/8/e/0/a8e308032b9d585fab1f72fde6a8ff58.mp3?hdnea=exp=1781747681~acl=/api/1/1/a/8/e/0/a8e308032b9d585fab1f72fde6a8ff58.mp3*~data=user_id=0,application_id=42~hmac=886a728871d398759cd3e349138248f3e3aa2c25766a56263b6806835d91b7ab","On 1 list: 80's and 90's Cartoon Theme Songs"
"(thematic candidate)","","","","Parks And Recreation - Main Theme","Geek Music","Parks And Recreation - Main Theme","353699901","120431","98","false","https://www.deezer.com/us/track/353699901","https://cdnt-preview.dzcdn.net/api/1/1/6/0/c/0/60c96f96246b3225436886b72000ec7a.mp3?hdnea=exp=1781747675~acl=/api/1/1/6/0/c/0/60c96f96246b3225436886b72000ec7a.mp3*~data=user_id=0,application_id=42~hmac=4984b048efca117d84abde85f0249c01cb8bcb19ca2485cf20234442a2a4c922","On 1 list: TV  Theme Songs"
"(thematic candidate)","","","","Les jours heureux","The Hollywood'S Graffitis Publisher","Tv Toons: Les meilleurs génériques des séries TV Américaines 70's, Vol. 2","6172735","118325","76","false","https://www.deezer.com/us/track/6172735","https://cdnt-preview.dzcdn.net/api/1/1/7/6/3/0/763bf2666ee29b282a7eabd39a652d8e.mp3?hdnea=exp=1781747678~acl=/api/1/1/7/6/3/0/763bf2666ee29b282a7eabd39a652d8e.mp3*~data=user_id=0,application_id=42~hmac=315f14c2da05e5991d0277975e9a34102f3196793eb7a99f8db31fceacb946f3","On 1 list: TV Show Theme Songs"
"(thematic candidate)","","","","DuckTales Theme (From ""DuckTales"")","Pellek","PelleK's Disney Favorites","439335582","118309","170","false","https://www.deezer.com/us/track/439335582","https://cdnt-preview.dzcdn.net/api/1/1/c/b/f/0/cbf3abf16d917745be9db8833286da88.mp3?hdnea=exp=1781747682~acl=/api/1/1/c/b/f/0/cbf3abf16d917745be9db8833286da88.mp3*~data=user_id=0,application_id=42~hmac=6fa08a19a867abe5de4b2bd350bdc6c2bff23ca5c8f23ccc3616570545c74e25","On 1 list: TV series & cartoons 70's/ 80's / 90's"
"(thematic candidate)","","","","You've Got To Stand For Somethin'","John Mellencamp","Scarecrow","80000936","116812","273","false","https://www.deezer.com/us/track/80000936","https://cdnt-preview.dzcdn.net/api/1/1/5/a/a/0/5aa4bdf954bb79238e4ed0da925b2735.mp3?hdnea=exp=1781747680~acl=/api/1/1/5/a/a/0/5aa4bdf954bb79238e4ed0da925b2735.mp3*~data=user_id=0,application_id=42~hmac=c199d76ff7652248593667803bb32fe602ed23eb294fee87762e617223e3a466","On 1 list: 80's and 90's Cartoon Theme Songs"
"(thematic candidate)","","","","The Waltons","The City of Prague Philharmonic Orchestra","100 Greatest TV Themes","11967467","116600","92","false","https://www.deezer.com/us/track/11967467","https://cdnt-preview.dzcdn.net/api/1/1/3/4/5/0/3454cf3de0a3f655bb3b9ac660c07f53.mp3?hdnea=exp=1781747677~acl=/api/1/1/3/4/5/0/3454cf3de0a3f655bb3b9ac660c07f53.mp3*~data=user_id=0,application_id=42~hmac=c415f3b7631d29cdbafff7ad7bed497581662df76dd1dcb48099b9fe64e0e7a4","On 1 list: Classic TV Show Theme Songs"
"(thematic candidate)","","","","Madame est servie","The New South Bay Orchestra","Tv Toons: Les meilleurs génériques des séries TV Américaines 80's, Vol. 3","6172971","114820","62","false","https://www.deezer.com/us/track/6172971","https://cdnt-preview.dzcdn.net/api/1/1/b/1/f/0/b1fa031852e6cdb4c1a84812998cccac.mp3?hdnea=exp=1781747682~acl=/api/1/1/b/1/f/0/b1fa031852e6cdb4c1a84812998cccac.mp3*~data=user_id=0,application_id=42~hmac=37b72fd4105f73246bf2dc0bbdbe4d24bf11c0d11fe29794d76f486b19ff15a2","On 1 list: TV series & cartoons 70's/ 80's / 90's"
"(thematic candidate)","","","","Power Rangers Theme (Instrumental Version)","Cult Hit Tributes","Classic Cartoon Themes From The 80s & 90s","67461212","113929","65","false","https://www.deezer.com/us/track/67461212","https://cdnt-preview.dzcdn.net/api/1/1/1/2/b/0/12b6e8b6c53692b3ba3300ec11e2f0a8.mp3?hdnea=exp=1781747680~acl=/api/1/1/1/2/b/0/12b6e8b6c53692b3ba3300ec11e2f0a8.mp3*~data=user_id=0,application_id=42~hmac=1dc67ebf9eda06a738b8c0ed0dab23d22508298dbfd1b390f4ce1da5b4de7914","On 1 list: 80's and 90's Cartoon Theme Songs"
"(thematic candidate)","","","","Good Friends, Good Whiskey, Good Lovin'","Hank Williams, Jr.","The Complete","75779766","113626","185","false","https://www.deezer.com/us/track/75779766","https://cdnt-preview.dzcdn.net/api/1/1/a/5/2/0/a52c24205b73eaea1bb9b2014c14f13b.mp3?hdnea=exp=1781747681~acl=/api/1/1/a/5/2/0/a52c24205b73eaea1bb9b2014c14f13b.mp3*~data=user_id=0,application_id=42~hmac=2e38064ec56bef0aaccaca7ab1977e210e139d794c41aa71d888c581cae62b33","On 1 list: 80's and 90's Cartoon Theme Songs"
"(thematic candidate)","","","","Theme from The Greatest American Hero (Believe It or Not) (feat. Joey Scarbury and Larry Carlton)","Mike Post","Television Theme Songs","756646","112908","194","false","https://www.deezer.com/us/track/756646","https://cdnt-preview.dzcdn.net/api/1/1/3/7/e/0/37e01aa53c48f8328b2df11c328e5afb.mp3?hdnea=exp=1781747678~acl=/api/1/1/3/7/e/0/37e01aa53c48f8328b2df11c328e5afb.mp3*~data=user_id=0,application_id=42~hmac=d703c663930823041b676357ee7b12fa39c172b4a1b6793edc0575061b0bd97a","On 1 list: TV Show Theme Songs"
"(thematic candidate)","","","","Muppet Show","TV Themes","Ultimate TV Theme Tunes","3704601","112295","51","false","https://www.deezer.com/us/track/3704601","https://cdnt-preview.dzcdn.net/api/1/1/f/8/c/0/f8c6d26e26665cd7f75ed163579f8be3.mp3?hdnea=exp=1781747683~acl=/api/1/1/f/8/c/0/f8c6d26e26665cd7f75ed163579f8be3.mp3*~data=user_id=0,application_id=42~hmac=a9fe17776519ef26ada4de0a5f9481a806f0c16eaa8bb72477350910e0de1441","On 1 list: Sitcom Theme Songs"
"(thematic candidate)","","","","That Drink","George Birge","That Drink","1920950987","111486","172","false","https://www.deezer.com/us/track/1920950987","https://cdnt-preview.dzcdn.net/api/1/1/a/a/d/0/aad604eecdfcec90a6ac6bc6d4ae00c5.mp3?hdnea=exp=1781747680~acl=/api/1/1/a/a/d/0/aad604eecdfcec90a6ac6bc6d4ae00c5.mp3*~data=user_id=0,application_id=42~hmac=83acb8c18811ea12b87a0dd7457579b478e75ed8648f3fcaaabb5e1d9db18e23","On 1 list: 80's and 90's Cartoon Theme Songs"
"(thematic candidate)","","","","Orange Is The New Black - You've Got Time - Main Theme","Geek Music","Orange Is The New Black - You've Got Time - Main Theme","457726872","110864","67","false","https://www.deezer.com/us/track/457726872","https://cdnt-preview.dzcdn.net/api/1/1/f/5/d/0/f5da6c23e52d00d4d72e43f3770ac769.mp3?hdnea=exp=1781747674~acl=/api/1/1/f/5/d/0/f5da6c23e52d00d4d72e43f3770ac769.mp3*~data=user_id=0,application_id=42~hmac=a8f5cc626f6432c1666936ee68a79f060e60c01ce31653087cfec8872104d907","On 1 list: TV  Theme Songs"
"(thematic candidate)","","","","Batman","Kitsch And Camp","Les plus grands thèmes de la télé","2671204","110265","74","false","https://www.deezer.com/us/track/2671204","https://cdnt-preview.dzcdn.net/api/1/1/9/d/6/0/9d6aa0349412323d995935025e084776.mp3?hdnea=exp=1781747678~acl=/api/1/1/9/d/6/0/9d6aa0349412323d995935025e084776.mp3*~data=user_id=0,application_id=42~hmac=de646dcce47c931b2830542c4d490652196f84f38b54a05d9d727cb1b119e413","On 1 list: TV Show Theme Songs"
"(thematic candidate)","","","","Mission Impossible","TV Themes","Ultimate TV Theme Tunes","3704594","109458","53","false","https://www.deezer.com/us/track/3704594","https://cdnt-preview.dzcdn.net/api/1/1/7/6/2/0/762fc4d052fcaebb16c2d0960a4a45da.mp3?hdnea=exp=1781747674~acl=/api/1/1/7/6/2/0/762fc4d052fcaebb16c2d0960a4a45da.mp3*~data=user_id=0,application_id=42~hmac=47fe4b09f7bfd0ad117f7ac1b858965d342a7c0d2ff28542ee8f630c1a93609b","On 1 list: TV  Theme Songs"
"(thematic candidate)","","","","Silverhawks Theme","Coded Channel","Remember the Themes","105433180","109178","80","false","https://www.deezer.com/us/track/105433180","https://cdnt-preview.dzcdn.net/api/1/1/d/5/0/0/d50cd8db99ddd9a2329678fe7912cec4.mp3?hdnea=exp=1781747682~acl=/api/1/1/d/5/0/0/d50cd8db99ddd9a2329678fe7912cec4.mp3*~data=user_id=0,application_id=42~hmac=56ad9f7c9be38575c03865f130288a980409025c0f12fdd14031e9935838fad4","On 1 list: TV series & cartoons 70's/ 80's / 90's"
"(thematic candidate)","","","","Who's the Boss Theme (Brand New Life)","The Hit Co.","Favorite Tv Theme Songs: The Sitcoms","63846595","108897","125","false","https://www.deezer.com/us/track/63846595","https://cdnt-preview.dzcdn.net/api/1/1/6/9/2/0/692f33f436295e3ad51285c2eb05b1ba.mp3?hdnea=exp=1781747679~acl=/api/1/1/6/9/2/0/692f33f436295e3ad51285c2eb05b1ba.mp3*~data=user_id=0,application_id=42~hmac=c9cba026878400ad835204d1ae616ef7eae5a77e5ad1b7c9df84fb9cbd6f213b","On 1 list: Top '80s TV Show Opening Themes"
"(thematic candidate)","","","","Charles in Charge","The Blanks","Riding the Wave","68039811","106783","60","false","https://www.deezer.com/us/track/68039811","https://cdnt-preview.dzcdn.net/api/1/1/f/9/7/0/f97f1cf8aa64d7e1e3f4a84cc1d9735d.mp3?hdnea=exp=1781747683~acl=/api/1/1/f/9/7/0/f97f1cf8aa64d7e1e3f4a84cc1d9735d.mp3*~data=user_id=0,application_id=42~hmac=291d62a13b2053dc9677d0c2767f79f9d59de7493edfa9934af65a273bf3af23","On 1 list: Sitcom Theme Songs"
"(thematic candidate)","","","","Biker Mice From Mars","Biker Mice From Mars","Biker Mice From Mars","1901065087","106494","148","false","https://www.deezer.com/us/track/1901065087","https://cdnt-preview.dzcdn.net/api/1/1/1/f/d/0/1fd5130591d09f2e5227fa29ce9c0dfe.mp3?hdnea=exp=1781747685~acl=/api/1/1/1/f/d/0/1fd5130591d09f2e5227fa29ce9c0dfe.mp3*~data=user_id=0,application_id=42~hmac=ea859f43b24ad7b841f3593778090762f8fe57b18ecd31e8697212c37c13ef84","On 1 list: 80s & 90s Cartoon Nostalgia"
"(thematic candidate)","","","","Hey Arnold! Intro Theme","Inheres","Cartoon Covers, Vol. 1","1539210932","105699","48","false","https://www.deezer.com/us/track/1539210932","https://cdnt-preview.dzcdn.net/api/1/1/7/6/6/0/7665b6d6aa23e8950acb05913b52fc15.mp3?hdnea=exp=1781747682~acl=/api/1/1/7/6/6/0/7665b6d6aa23e8950acb05913b52fc15.mp3*~data=user_id=0,application_id=42~hmac=cfad2ddda1b38cd31e7ae559ab482a1a760289e50c5306a77053fb3e1b9a25b2","On 1 list: TV series & cartoons 70's/ 80's / 90's"
"(thematic candidate)","","","","Can't Stop Lovin' You","Aerosmith","Music From Another Dimension!","2058923737","105235","244","false","https://www.deezer.com/us/track/2058923737","https://cdnt-preview.dzcdn.net/api/1/1/5/3/c/0/53c43f17d376e64aef49d5a71a30cebd.mp3?hdnea=exp=1781747681~acl=/api/1/1/5/3/c/0/53c43f17d376e64aef49d5a71a30cebd.mp3*~data=user_id=0,application_id=42~hmac=7537b285d38ec1d11442e9cdb7bcecdb1a7a4e1cf6ae787c7dbc6350ef5a0951","On 1 list: 80's and 90's Cartoon Theme Songs"
"(thematic candidate)","","","","Main Title","Laura Karpman","What If…Captain Carter Were The First Avenger? (Original Soundtrack)","1462845932","104372","67","false","https://www.deezer.com/us/track/1462845932","https://cdnt-preview.dzcdn.net/api/1/1/3/1/4/0/314eafaff256185daace095df140eaba.mp3?hdnea=exp=1781747684~acl=/api/1/1/3/1/4/0/314eafaff256185daace095df140eaba.mp3*~data=user_id=0,application_id=42~hmac=8cddec982487cbc201980a66cd3753500e0984c671673a406f9cee748e03e8be","On 1 list: Best Sci-fi TV & Movie Themes"
"(thematic candidate)","","","","Round the Twist","Coded Channel","Remember the Themes, Vol. 2","125238740","104285","140","false","https://www.deezer.com/us/track/125238740","https://cdnt-preview.dzcdn.net/api/1/1/5/f/b/0/5fba04e3c33c04f1fa85ae493742980e.mp3?hdnea=exp=1781747679~acl=/api/1/1/5/f/b/0/5fba04e3c33c04f1fa85ae493742980e.mp3*~data=user_id=0,application_id=42~hmac=b50bea83b1143b1060b2fefc7c30c1878234d2042ea472c356dde6b82aa52a58","On 1 list: 90s Kids TV Show Themes Nostalgia"
"(thematic candidate)","","","","Inspector Gadget","Cult Hit Tributes","Classic Cartoon Themes From The 80s & 90s - Vol.2","64728466","104141","72","false","https://www.deezer.com/us/track/64728466","https://cdnt-preview.dzcdn.net/api/1/1/9/5/8/0/9582423faf2858db99e26d0b775192cc.mp3?hdnea=exp=1781747680~acl=/api/1/1/9/5/8/0/9582423faf2858db99e26d0b775192cc.mp3*~data=user_id=0,application_id=42~hmac=b017097983cf21a9fff8668515f512f76d54b72b4e4d42028b0b50910ab0a5dc","On 1 list: 80's and 90's Cartoon Theme Songs"
"(thematic candidate)","","","","Where You Lead (From ""Gilmore Girls"")","Soundtrack & Theme Orchestra","Sex and the City & Other TV-Themes","4023050","104015","198","false","https://www.deezer.com/us/track/4023050","https://cdnt-preview.dzcdn.net/api/1/1/d/a/8/0/da86288b5d59c4ba02931f696ae55d31.mp3?hdnea=exp=1781747675~acl=/api/1/1/d/a/8/0/da86288b5d59c4ba02931f696ae55d31.mp3*~data=user_id=0,application_id=42~hmac=6113ec7afef83c75b8586fd95207c0c3ec26885abe2b4ef92db7edf5e4499b8a","On 1 list: TV  Theme Songs"
"(thematic candidate)","","","","Gotham main theme","Geek Music","Gotham Main Theme","135264146","103330","136","false","https://www.deezer.com/us/track/135264146","https://cdnt-preview.dzcdn.net/api/1/1/2/4/1/0/24140b536c6886a88f17034216e671ee.mp3?hdnea=exp=1781747674~acl=/api/1/1/2/4/1/0/24140b536c6886a88f17034216e671ee.mp3*~data=user_id=0,application_id=42~hmac=98721fb9f4b0406489ff72145678ad4ea587d9e1470f6ac6915b015db6d62430","On 1 list: TV  Theme Songs"
"(thematic candidate)","","","","Main Titles","Chris Westlake","Star Trek: Lower Decks, Vol. 1 (Original Series Soundtrack)","1499369172","102705","70","false","https://www.deezer.com/us/track/1499369172","https://cdnt-preview.dzcdn.net/api/1/1/d/d/5/0/dd5dbc1e9f4afa53c0e7f3ab3957371e.mp3?hdnea=exp=1781747684~acl=/api/1/1/d/d/5/0/dd5dbc1e9f4afa53c0e7f3ab3957371e.mp3*~data=user_id=0,application_id=42~hmac=805bd6bcb1a2415895dedfaf951c00f76cf5aad497d5112eb8182d5a1a092965","On 1 list: Best Sci-fi TV & Movie Themes"
"(thematic candidate)","","","","Serenity","David Newman","Serenity (Original Motion Picture Soundtrack)","119871644","102409","50","false","https://www.deezer.com/us/track/119871644","https://cdnt-preview.dzcdn.net/api/1/1/8/0/3/0/80303a99f01f2ffb5d4aa8da37f36200.mp3?hdnea=exp=1781747684~acl=/api/1/1/8/0/3/0/80303a99f01f2ffb5d4aa8da37f36200.mp3*~data=user_id=0,application_id=42~hmac=501df58e49ab60820052135c3c91e2fe437b7e570cc7a604f5374fcb263ada76","On 1 list: Best Sci-fi TV & Movie Themes"
"(thematic candidate)","","","","Pink Panther","TV Themes","The Greatest Ever Cartoon Television Themes","113489508","102357","120","false","https://www.deezer.com/us/track/113489508","https://cdnt-preview.dzcdn.net/api/1/1/c/5/c/0/c5c5aa39a457c36ba69f59cbfccb8291.mp3?hdnea=exp=1781747682~acl=/api/1/1/c/5/c/0/c5c5aa39a457c36ba69f59cbfccb8291.mp3*~data=user_id=0,application_id=42~hmac=4667aabf3341be8fc2eeea8b6aca7132c4b6f817c7c496a3e24acd19ca53ba06","On 1 list: TV series & cartoons 70's/ 80's / 90's"
"(thematic candidate)","","","","Melrose Place","The New South Bay Orchestra","Tv Toons: Les meilleurs génériques des séries TV Américaines 80's, Vol. 3","6172941","102305","92","false","https://www.deezer.com/us/track/6172941","https://cdnt-preview.dzcdn.net/api/1/1/d/b/4/0/db41ad651a1790b8bfff496efa3cd8d7.mp3?hdnea=exp=1781747677~acl=/api/1/1/d/b/4/0/db41ad651a1790b8bfff496efa3cd8d7.mp3*~data=user_id=0,application_id=42~hmac=b38f97bd6d565033a405c1f84c21875230e0a9fa2f0f503e199c1814913bf85d","On 1 list: Classic TV Show Theme Songs"
"(thematic candidate)","","","","Dexter's Laboratory Main Theme (From ""Dexter's Laboratory"")","Geek Music","Dexter's Laboratory Main Theme (From ""Dexter's Laboratory"")","1030570172","102162","87","false","https://www.deezer.com/us/track/1030570172","https://cdnt-preview.dzcdn.net/api/1/1/9/f/1/0/9f1a5405a6b42e81d95182e7b9d43323.mp3?hdnea=exp=1781747685~acl=/api/1/1/9/f/1/0/9f1a5405a6b42e81d95182e7b9d43323.mp3*~data=user_id=0,application_id=42~hmac=d0f4d1d8526b698fab85a1e8589f686bddcd274ba6af80d4c058126a825a9279","On 1 list: 80s & 90s Cartoon Nostalgia"
"(thematic candidate)","","","","L'homme qui valait 3 milliards","The Spelding's Jazz Orchestra","Les meilleurs génériques de l'histoire de la télé, Vol. 2","5933142","101493","63","false","https://www.deezer.com/us/track/5933142","https://cdnt-preview.dzcdn.net/api/1/1/1/d/d/0/1ddba890d29bc9f71bca028ae41fbdfd.mp3?hdnea=exp=1781747678~acl=/api/1/1/1/d/d/0/1ddba890d29bc9f71bca028ae41fbdfd.mp3*~data=user_id=0,application_id=42~hmac=24ee90fa49b05bf41e99421a1007df6be5bec2e89694a64c09ad43af02bed89a","On 1 list: TV Show Theme Songs"
"(thematic candidate)","","","","Time","Billy Ray Cyrus","Time","1962238587","99367","222","false","https://www.deezer.com/us/track/1962238587","https://cdnt-preview.dzcdn.net/api/1/1/0/d/9/0/0d9cf2a38a22f0c94ec1905750d5f390.mp3?hdnea=exp=1781747680~acl=/api/1/1/0/d/9/0/0d9cf2a38a22f0c94ec1905750d5f390.mp3*~data=user_id=0,application_id=42~hmac=a4e7eab100950aa7c2903efe6fbb739bb62fa40b54609919465a15bd76ba5228","On 1 list: 80's and 90's Cartoon Theme Songs"
"(thematic candidate)","","","","Theme to Lizzie McGuire (Extended Supa Mix)","Angie Jaree","Disney Classics","677779022","98763","154","false","https://www.deezer.com/us/track/677779022","https://cdnt-preview.dzcdn.net/api/1/1/4/d/8/0/4d8b74118c9b14341d6e393b18f6fa0e.mp3?hdnea=exp=1781747675~acl=/api/1/1/4/d/8/0/4d8b74118c9b14341d6e393b18f6fa0e.mp3*~data=user_id=0,application_id=42~hmac=f788671e3ceea9d9ed20feece1bffaa17c87d1ac85e37c8a929c7d6b9573c08a","On 1 list: TV  Theme Songs"
"(thematic candidate)","","","","Rugrats Theme","The Kiddie Katz","Tv Toons 2: Favorite Children Tv Show Themes","141722519","97327","62","false","https://www.deezer.com/us/track/141722519","https://cdnt-preview.dzcdn.net/api/1/1/c/9/9/0/c99c92736b2e6b5c115ef57742cf219b.mp3?hdnea=exp=1781747682~acl=/api/1/1/c/9/9/0/c99c92736b2e6b5c115ef57742cf219b.mp3*~data=user_id=0,application_id=42~hmac=904f857b200b20729d3ad85dd5765b1ad22fbf8e57bef53ea9bcfabeda40b493","On 1 list: TV series & cartoons 70's/ 80's / 90's"
"(thematic candidate)","","","","Seinfeld Theme","Jonathan Wolff","Seinfeld (Original Television Soundtrack)","1405392672","96045","52","false","https://www.deezer.com/us/track/1405392672","https://cdnt-preview.dzcdn.net/api/1/1/7/c/1/0/7c1e931d17cd38de2ce26c8b0bec2d34.mp3?hdnea=exp=1781747674~acl=/api/1/1/7/c/1/0/7c1e931d17cd38de2ce26c8b0bec2d34.mp3*~data=user_id=0,application_id=42~hmac=25f4a31fc6c043a86f0ce71f2b57d9aaefdae5a1fd8759d23ac2c217afc91475","On 1 list: TV  Theme Songs"
"(thematic candidate)","","","","That 70's Show TV Theme","Hollywoood TV Classics","That 70's Show TV Theme","1198103132","94938","33","false","https://www.deezer.com/us/track/1198103132","https://cdnt-preview.dzcdn.net/api/1/1/e/b/f/0/ebf285d463c8c57f44169a5f987c6048.mp3?hdnea=exp=1781747675~acl=/api/1/1/e/b/f/0/ebf285d463c8c57f44169a5f987c6048.mp3*~data=user_id=0,application_id=42~hmac=c0010ae72dc3e03ca6b88f422c3dbdebaf7aef932e36c450f8828bf8ec3f2f6e","On 1 list: TV  Theme Songs"
"(thematic candidate)","","","","Beetlejuice - Theme from the Animated Series","Dominik Hauser","Beetlejuice - Theme from the Animated Series (Single) (Danny Elfman)","43591891","94929","61","false","https://www.deezer.com/us/track/43591891","https://cdnt-preview.dzcdn.net/api/1/1/4/f/f/0/4ff617960e9c1534cac3d768817e9f77.mp3?hdnea=exp=1781747682~acl=/api/1/1/4/f/f/0/4ff617960e9c1534cac3d768817e9f77.mp3*~data=user_id=0,application_id=42~hmac=178feae386ad6a7d0881c4d11fffd4bd0dab7a89df5c4c0e3068a1640b3eee1b","On 1 list: TV series & cartoons 70's/ 80's / 90's"
"(thematic candidate)","","","","Rawhide","TV Theme Players","Western TV Themes","7832559","94248","128","false","https://www.deezer.com/us/track/7832559","https://cdnt-preview.dzcdn.net/api/1/1/7/7/b/0/77b32f7f23a98dadb6b8638e7a5c4e8f.mp3?hdnea=exp=1781747678~acl=/api/1/1/7/7/b/0/77b32f7f23a98dadb6b8638e7a5c4e8f.mp3*~data=user_id=0,application_id=42~hmac=aa675874a121c94c9bf1ea42f92913b07f121e4916c6d9516fe1fe789fa16051","On 1 list: TV Show Theme Songs"
"(thematic candidate)","","","","Theme from ""Psych""","Soundtrack & Theme Orchestra","Sex and the City & Other TV-Themes","4023067","93393","72","false","https://www.deezer.com/us/track/4023067","https://cdnt-preview.dzcdn.net/api/1/1/3/8/9/0/389bb4125ab10048e343d8c619ccf761.mp3?hdnea=exp=1781747678~acl=/api/1/1/3/8/9/0/389bb4125ab10048e343d8c619ccf761.mp3*~data=user_id=0,application_id=42~hmac=b012852fdc25a3cb8269ebb7eeb12f9c0a76dce4415a6c651560de6c784131e1","On 1 list: TV Show Theme Songs"
"(thematic candidate)","","","","Fairly Odd Parents (Main Title Theme)","Coded Channel","Remember the Themes, Vol. 7","1009490922","93025","47","false","https://www.deezer.com/us/track/1009490922","https://cdnt-preview.dzcdn.net/api/1/1/9/5/f/0/95fc080b14839ea448b758b38b1e2062.mp3?hdnea=exp=1781747675~acl=/api/1/1/9/5/f/0/95fc080b14839ea448b758b38b1e2062.mp3*~data=user_id=0,application_id=42~hmac=a97173b77af101bb070c7688102d4567ec4fc8f5ee8e272fd6d7b9f209ac89bf","On 1 list: TV  Theme Songs"
"(thematic candidate)","","","","Main Title And Closing Theme","Fred Steiner","Star Trek, Vol. 1 (Original Television Scores)","119874782","92437","83","false","https://www.deezer.com/us/track/119874782","https://cdnt-preview.dzcdn.net/api/1/1/a/b/4/0/ab4a3cf1f673a39ee4543d9fb5d23bd6.mp3?hdnea=exp=1781747677~acl=/api/1/1/a/b/4/0/ab4a3cf1f673a39ee4543d9fb5d23bd6.mp3*~data=user_id=0,application_id=42~hmac=dc5097870916401f7d94d30fc32e5ff3286e2ee82c3453ee3814ce31ed7bff68","On 1 list: Classic TV Show Theme Songs"
"(thematic candidate)","","","","South Park Theme","Voidoid","South Park - The Complete Fantasy Playlist","409342702","92240","30","false","https://www.deezer.com/us/track/409342702","https://cdnt-preview.dzcdn.net/api/1/1/8/6/f/0/86f55e001ef23bcf5c5dccc95499542d.mp3?hdnea=exp=1781747674~acl=/api/1/1/8/6/f/0/86f55e001ef23bcf5c5dccc95499542d.mp3*~data=user_id=0,application_id=42~hmac=db131eaa3e4df1e1f8336d3e6f7fb7d1e3b4d8cdf693b1633c0baecaf6048e26","On 1 list: TV  Theme Songs"
"(thematic candidate)","","","","Main Title: Theme From Battlestar Galictica (Album Version)","Los Angeles Philharmonic","Battlestar Galactica 25th Anniversary","7315354","91961","88","false","https://www.deezer.com/us/track/7315354","https://cdnt-preview.dzcdn.net/api/1/1/7/6/5/0/7651de310b0c862099f0ce272ab092a8.mp3?hdnea=exp=1781747677~acl=/api/1/1/7/6/5/0/7651de310b0c862099f0ce272ab092a8.mp3*~data=user_id=0,application_id=42~hmac=cee75e9d44d11ee67cd82051dc43800a3bfcadd2d846561b8c2a570229c54c0a","On 1 list: Classic TV Show Theme Songs"
"(thematic candidate)","","","","I Love Lucy","The TV Theme Players","Tv Theme Songs of the Past","4491576","91048","61","false","https://www.deezer.com/us/track/4491576","https://cdnt-preview.dzcdn.net/api/1/1/7/f/9/0/7f9d78634c53b8ec860702c314096865.mp3?hdnea=exp=1781747678~acl=/api/1/1/7/f/9/0/7f9d78634c53b8ec860702c314096865.mp3*~data=user_id=0,application_id=42~hmac=5f73a6cb0b2bdc0b36ca94aa1f982b6f829f0a526c69c1ee29265214e12e6e4d","On 1 list: TV Show Theme Songs"
"(thematic candidate)","","","","Voltron Opener (Narration)","John Petersen","Voltron: Defender of the Universe -Original Series Soundtrack-","61131261","90884","77","false","https://www.deezer.com/us/track/61131261","https://cdnt-preview.dzcdn.net/api/1/1/1/c/3/0/1c3527d923ba83ab83f1223298d4f7aa.mp3?hdnea=exp=1781747685~acl=/api/1/1/1/c/3/0/1c3527d923ba83ab83f1223298d4f7aa.mp3*~data=user_id=0,application_id=42~hmac=107e4e35c3871f566147978ca835e66860a027091282503e682524d1ddb7fffe","On 1 list: 80s & 90s Cartoon Nostalgia"
"(thematic candidate)","","","","I Found A Way","Drake Bell","Drake & Josh: Songs From & Inspired By The Hit TV Series","71424671","90641","179","false","https://www.deezer.com/us/track/71424671","https://cdnt-preview.dzcdn.net/api/1/1/0/0/3/0/003e1d5e8ce3bea324b80298333ef80e.mp3?hdnea=exp=1781747675~acl=/api/1/1/0/0/3/0/003e1d5e8ce3bea324b80298333ef80e.mp3*~data=user_id=0,application_id=42~hmac=d9ebe641b5c7958c58cb61f6455dddea5099b97c6c27d272739eae78481f5840","On 1 list: TV  Theme Songs"
"(thematic candidate)","","","","The Fairly Oddparents Main Theme (From ""The Fairly Oddparents"")","Geek Music","The Fairly Oddparents Main Theme (From ""The Fairly Oddparents"")","1036819612","90598","126","false","https://www.deezer.com/us/track/1036819612","https://cdnt-preview.dzcdn.net/api/1/1/5/7/e/0/57e8ad94297197457464ed9162290e81.mp3?hdnea=exp=1781747675~acl=/api/1/1/5/7/e/0/57e8ad94297197457464ed9162290e81.mp3*~data=user_id=0,application_id=42~hmac=94ec992a84178e02f20ba5b3fd715814fabae3c360a2d1511b5ed556369ff48a","On 1 list: TV  Theme Songs"
"(thematic candidate)","","","","Airwolf Theme","Mitch Murder","Selection 1","140236897","90200","106","false","https://www.deezer.com/us/track/140236897","https://cdnt-preview.dzcdn.net/api/1/1/c/0/2/0/c023496b79df30dce187e2f321bc2357.mp3?hdnea=exp=1781747674~acl=/api/1/1/c/0/2/0/c023496b79df30dce187e2f321bc2357.mp3*~data=user_id=0,application_id=42~hmac=f999f1ec32741006cccd2eaa07676c630e5b8846f41aaf4088427be51d77b92b","On 1 list: TV  Theme Songs"
"(thematic candidate)","","","","Thundercats (1985) - Theme Song","Geek Music","The Very Best 80's Television Cartoon Shows Ever","572368292","89457","116","false","https://www.deezer.com/us/track/572368292","https://cdnt-preview.dzcdn.net/api/1/1/3/7/e/0/37ebcd49b4a99dfc2557c26a936873d5.mp3?hdnea=exp=1781747682~acl=/api/1/1/3/7/e/0/37ebcd49b4a99dfc2557c26a936873d5.mp3*~data=user_id=0,application_id=42~hmac=aba2dd52221ec2828ba70ff95359f0a880a712b8a730061867f7b4c3abbbdbcc","On 1 list: TV series & cartoons 70's/ 80's / 90's"
"(thematic candidate)","","","","Jeopardy! Main Theme (From ""Jeopardy!"")","Geek Music","Jeopardy! Main Theme (From ""Jeopardy!"")","135264336","89079","127","false","https://www.deezer.com/us/track/135264336","https://cdnt-preview.dzcdn.net/api/1/1/6/7/1/0/6716196cf67d02acd4c582d2178ecbe6.mp3?hdnea=exp=1781747674~acl=/api/1/1/6/7/1/0/6716196cf67d02acd4c582d2178ecbe6.mp3*~data=user_id=0,application_id=42~hmac=3b7fe57d3e2ca970a801eaa28eaa690aea5166abb86b5f11130dd80e3fcc5fa6","On 1 list: TV  Theme Songs"
"(thematic candidate)","","","","The Twilight Zone","The TV Theme Players","Tv Theme Songs of the Past","4491557","88625","56","false","https://www.deezer.com/us/track/4491557","https://cdnt-preview.dzcdn.net/api/1/1/3/3/5/0/33574a5f73e667818203d5e89df4e066.mp3?hdnea=exp=1781747678~acl=/api/1/1/3/3/5/0/33574a5f73e667818203d5e89df4e066.mp3*~data=user_id=0,application_id=42~hmac=6a5cbb3604ad22ef12f41818d62bdbfc25cc0e86114e20774b94c0cc21085179","On 1 list: TV Show Theme Songs"
"(thematic candidate)","","","","The More it Snows (Tiddely-Pom) (Album Version)","Jim Cummings","Piglet's Big Movie","71561622","88261","61","false","https://www.deezer.com/us/track/71561622","https://cdnt-preview.dzcdn.net/api/1/1/8/1/f/0/81fe2aa98ee773e701172f7226be49cb.mp3?hdnea=exp=1781747680~acl=/api/1/1/8/1/f/0/81fe2aa98ee773e701172f7226be49cb.mp3*~data=user_id=0,application_id=42~hmac=50f110b8596fd4eaeb1a1f0946e26a59ccc26a9eed18c48431619ef3f71041de","On 1 list: 80's and 90's Cartoon Theme Songs"
"(thematic candidate)","","","","Page Off Intro / Theme From 30 Rock / Kenneth Chokes (Medley)","Jeff Richmond","30 Rock","64386278","88216","50","false","https://www.deezer.com/us/track/64386278","https://cdnt-preview.dzcdn.net/api/1/1/6/6/f/0/66f14b97a95dc2600e0788acd916fef4.mp3?hdnea=exp=1781747683~acl=/api/1/1/6/6/f/0/66f14b97a95dc2600e0788acd916fef4.mp3*~data=user_id=0,application_id=42~hmac=8030ba415712f48d7dee71cff0af0def2fc183bceaf882fd0874aec4c1fc6622","On 1 list: Sitcom Theme Songs"
"(thematic candidate)","","","","Brooklyn Nine-Nine","Stuart Petty","Brooklyn Nine-Nine","547274782","87585","85","false","https://www.deezer.com/us/track/547274782","https://cdnt-preview.dzcdn.net/api/1/1/9/9/3/0/99354f628684b49c872d0bae1a01fb34.mp3?hdnea=exp=1781747675~acl=/api/1/1/9/9/3/0/99354f628684b49c872d0bae1a01fb34.mp3*~data=user_id=0,application_id=42~hmac=fe5ef4c125d457ce9e63e8f6352904d375211eb1ed143cab2591dc7dc1bd82ff","On 1 list: TV  Theme Songs"
"(thematic candidate)","","","","Seinfeld","Charlie's Angels","The Young Ones","127560707","87523","54","false","https://www.deezer.com/us/track/127560707","https://cdnt-preview.dzcdn.net/api/1/1/0/3/4/0/0347364ca49369ea55283259a390c40d.mp3?hdnea=exp=1781747683~acl=/api/1/1/0/3/4/0/0347364ca49369ea55283259a390c40d.mp3*~data=user_id=0,application_id=42~hmac=39daecf600b271f6f8b37ee4f423cf130ac302ffc355f73d709d2b76df8a1ba8","On 1 list: Sitcom Theme Songs"
"(thematic candidate)","","","","The Ballad of Jed Clampett (with The Foggy Mountain Boys)","Lester Flatt","Country 100","4253222","83474","123","false","https://www.deezer.com/us/track/4253222","https://cdnt-preview.dzcdn.net/api/1/1/4/f/5/0/4f5447a472dfe5ee63987236cc21d5c7.mp3?hdnea=exp=1781747683~acl=/api/1/1/4/f/5/0/4f5447a472dfe5ee63987236cc21d5c7.mp3*~data=user_id=0,application_id=42~hmac=c096275d5abc152106ac28c61d9cef08b9939fe1145ac024bc6cd3c706bcf730","On 1 list: Sitcom Theme Songs"
"(thematic candidate)","","","","He-Man Theme (Instrumental Version)","Cult Hit Tributes","Classic Cartoon Themes From The 80s & 90s","67461227","83453","72","false","https://www.deezer.com/us/track/67461227","https://cdnt-preview.dzcdn.net/api/1/1/e/e/d/0/eedcbd7b643d9a60f648c379b96845cc.mp3?hdnea=exp=1781747680~acl=/api/1/1/e/e/d/0/eedcbd7b643d9a60f648c379b96845cc.mp3*~data=user_id=0,application_id=42~hmac=4ae2b368ab5336d237f8c7096a6f9002476c604f936ffc237ad555e05c28bd64","On 1 list: 80's and 90's Cartoon Theme Songs"
"(thematic candidate)","","","","Saved By The Bell - The TV Theme","TV Themes","Saved By The Bell - The TV Theme","644702932","82544","66","false","https://www.deezer.com/us/track/644702932","https://cdnt-preview.dzcdn.net/api/1/1/d/e/8/0/de8bd15c5c9745bb8141baeb8e347b33.mp3?hdnea=exp=1781747674~acl=/api/1/1/d/e/8/0/de8bd15c5c9745bb8141baeb8e347b33.mp3*~data=user_id=0,application_id=42~hmac=dc7e463f484533e9558f66c2507cfc47688ad82a5b96bae951a86e374a094699","On 1 list: TV  Theme Songs"
"(thematic candidate)","","","","Theme from The Rockford Files (feat. Larry Carlton)","Mike Post","Television Theme Songs","756668","82507","186","false","https://www.deezer.com/us/track/756668","https://cdnt-preview.dzcdn.net/api/1/1/2/b/4/0/2b404e032f580d421f1f76d0ae9e049a.mp3?hdnea=exp=1781747678~acl=/api/1/1/2/b/4/0/2b404e032f580d421f1f76d0ae9e049a.mp3*~data=user_id=0,application_id=42~hmac=3a372ad0299f4dafb1c7df1f0f8d2ff0ecebcfbec824a417b89f47173faf335f","On 1 list: TV Show Theme Songs"
"(thematic candidate)","","","","Season 2 Main Title","Jeff Russo","Star Trek: Picard – Season 2 (Original Series Soundtrack)","1722555307","82457","119","false","https://www.deezer.com/us/track/1722555307","https://cdnt-preview.dzcdn.net/api/1/1/5/e/1/0/5e1abd34fcff2dd0f51b059b0943071d.mp3?hdnea=exp=1781747684~acl=/api/1/1/5/e/1/0/5e1abd34fcff2dd0f51b059b0943071d.mp3*~data=user_id=0,application_id=42~hmac=4816a542874c43006fac53efe0e974f8a0b2c3d3d819f10e4af76072853b4d76","On 1 list: Best Sci-fi TV & Movie Themes"
"(thematic candidate)","","","","Jonny Quest","TV Themes","The Greatest Ever Cartoon Television Themes","113489534","79549","95","false","https://www.deezer.com/us/track/113489534","https://cdnt-preview.dzcdn.net/api/1/1/4/b/b/0/4bbe7583e7890f3875049bca4ef9eec8.mp3?hdnea=exp=1781747682~acl=/api/1/1/4/b/b/0/4bbe7583e7890f3875049bca4ef9eec8.mp3*~data=user_id=0,application_id=42~hmac=0d0db2287003bc47294da44b67413bce0436a66336725cfb9ae72f95faff66f3","On 1 list: TV series & cartoons 70's/ 80's / 90's"
"(thematic candidate)","","","","The Andy Griffith Show","The TV Theme Players","Tv Theme Songs of the Past","4491526","78935","54","false","https://www.deezer.com/us/track/4491526","https://cdnt-preview.dzcdn.net/api/1/1/f/d/8/0/fd8dbe2fa9d4fc12ce2fe88d508765ea.mp3?hdnea=exp=1781747678~acl=/api/1/1/f/d/8/0/fd8dbe2fa9d4fc12ce2fe88d508765ea.mp3*~data=user_id=0,application_id=42~hmac=b875cd8979f1189085c0816e04defba9c2765ec3bad313a84f72dc830c0adc58","On 1 list: TV Show Theme Songs"
"(thematic candidate)","","","","Mission: Impossible","The Spelding's Jazz Orchestra","Les plus grands thèmes de la télé","2671207","78529","55","false","https://www.deezer.com/us/track/2671207","https://cdnt-preview.dzcdn.net/api/1/1/4/8/3/0/483ffda31785c1ae410e577a0da69039.mp3?hdnea=exp=1781747678~acl=/api/1/1/4/8/3/0/483ffda31785c1ae410e577a0da69039.mp3*~data=user_id=0,application_id=42~hmac=50d80a60d4dbad159ca99bdce7cddfc1df877d103db7ba1d527d0e5465ce835f","On 1 list: TV Show Theme Songs"
"(thematic candidate)","","","","Wonder Woman","The New South Bay Orchestra","Tv Toons: Les meilleurs génériques des séries TV Américaines 70's, Vol. 2","6172755","77101","97","false","https://www.deezer.com/us/track/6172755","https://cdnt-preview.dzcdn.net/api/1/1/a/9/1/0/a91287401c3b395f191892d8820ea89f.mp3?hdnea=exp=1781747678~acl=/api/1/1/a/9/1/0/a91287401c3b395f191892d8820ea89f.mp3*~data=user_id=0,application_id=42~hmac=947c04678c982a3784d6f0f649d2f78bf69a481ee434a28e9ea0881a00948cc7","On 1 list: TV Show Theme Songs"
"(thematic candidate)","","","","The Suite Life of Zack and Cody","TV Tunesters","Television's Greatest Themes - Children's Cable Shows","25437421","76710","61","false","https://www.deezer.com/us/track/25437421","https://cdnt-preview.dzcdn.net/api/1/1/8/c/b/0/8cb8cabe01adb8626b0f9a81cd97fbeb.mp3?hdnea=exp=1781747675~acl=/api/1/1/8/c/b/0/8cb8cabe01adb8626b0f9a81cd97fbeb.mp3*~data=user_id=0,application_id=42~hmac=ca339b89c80975b8a8aa93bbc16ec1832a852274eb630232fdffc9ac4a2e1920","On 1 list: TV  Theme Songs"
"(thematic candidate)","","","","The Banana Splits","The TV Theme Players","All-Time Tv Hits","5533198","76101","86","false","https://www.deezer.com/us/track/5533198","https://cdnt-preview.dzcdn.net/api/1/1/3/b/a/0/3ba73c462239b1d821c0d55b8a76297d.mp3?hdnea=exp=1781747678~acl=/api/1/1/3/b/a/0/3ba73c462239b1d821c0d55b8a76297d.mp3*~data=user_id=0,application_id=42~hmac=ae1336ed7fd33ebfc2b66e05ab4bd4b6c4c4298166b6b4694708f5d88401a282","On 1 list: TV Show Theme Songs"
"(thematic candidate)","","","","As Long as We Got Each Other (Theme from Growing Pains)","B.J. Thomas","Favorite Country Duets","6640446","76014","264","false","https://www.deezer.com/us/track/6640446","https://cdnt-preview.dzcdn.net/api/1/1/0/2/5/0/0252c8fa20e5d4384c5df120f06ded1f.mp3?hdnea=exp=1781747674~acl=/api/1/1/0/2/5/0/0252c8fa20e5d4384c5df120f06ded1f.mp3*~data=user_id=0,application_id=42~hmac=9efad5e820a78218f399795805869a227de9e5ffea9c772602347264db46be60","On 1 list: TV  Theme Songs"
"(thematic candidate)","","","","The Other Side (Single Version)","Aerosmith","Big Ones","1761368497","75790","243","false","https://www.deezer.com/us/track/1761368497","https://cdnt-preview.dzcdn.net/api/1/1/1/7/8/0/1785433c8c15cfcac0070a0d8d33814d.mp3?hdnea=exp=1781747681~acl=/api/1/1/1/7/8/0/1785433c8c15cfcac0070a0d8d33814d.mp3*~data=user_id=0,application_id=42~hmac=7bb62a7b8e63f8b2604f2c548fb7fe625641aabbfe5be8936c71c5aed8a0ea83","On 1 list: 80's and 90's Cartoon Theme Songs"
"(thematic candidate)","","","","You'd Be So Nice To Come Home To","Vera Lynn","The Best of Vera Lynn Vol 3","12650726","75780","163","false","https://www.deezer.com/us/track/12650726","https://cdnt-preview.dzcdn.net/api/1/1/d/f/7/0/df75847adfa99c4563151d47be6cc82e.mp3?hdnea=exp=1781747677~acl=/api/1/1/d/f/7/0/df75847adfa99c4563151d47be6cc82e.mp3*~data=user_id=0,application_id=42~hmac=21de113ed70c48f7507763672ec4f20513bc86676b684271f17cc52df1345f30","On 1 list: Classic TV Show Theme Songs"
"(thematic candidate)","","","","Pinky And The Brain Main Theme (From ""Pinky And The Brain"")","Geek Music","Pinky And The Brain Main Theme (From ""Pinky And The Brain"")","1145369892","75427","108","false","https://www.deezer.com/us/track/1145369892","https://cdnt-preview.dzcdn.net/api/1/1/7/6/c/0/76c4e150cd2224f50c2c42321f4a47e3.mp3?hdnea=exp=1781747685~acl=/api/1/1/7/6/c/0/76c4e150cd2224f50c2c42321f4a47e3.mp3*~data=user_id=0,application_id=42~hmac=c3d12ea2881d60dde7fddfd71dbd5a4b7bab1c69bbd039c96e43fa3b422de05a","On 1 list: 80s & 90s Cartoon Nostalgia"
"(thematic candidate)","","","","The Big Bang Theory - Main Theme","Geek Music","The Big Bang Theory - Main Theme","458784952","73590","102","false","https://www.deezer.com/us/track/458784952","https://cdnt-preview.dzcdn.net/api/1/1/d/1/8/0/d18ef79b6244bf69a2b5c71db5d8929b.mp3?hdnea=exp=1781747683~acl=/api/1/1/d/1/8/0/d18ef79b6244bf69a2b5c71db5d8929b.mp3*~data=user_id=0,application_id=42~hmac=74079f936f88b6f2fe893340d76ef905def1b048f5ee142057db6c7da2b4c71e","On 1 list: Sitcom Theme Songs"
"(thematic candidate)","","","","Hey Elvis (feat. Bryan Adams & Glenn Hughes)","Billy Ray Cyrus","Hey Elvis (feat. Bryan Adams & Glenn Hughes)","125364974","73204","249","false","https://www.deezer.com/us/track/125364974","https://cdnt-preview.dzcdn.net/api/1/1/7/a/e/0/7ae6962d731b3aa4d217d0bf18254737.mp3?hdnea=exp=1781747681~acl=/api/1/1/7/a/e/0/7ae6962d731b3aa4d217d0bf18254737.mp3*~data=user_id=0,application_id=42~hmac=4568a9b267333328c2f41a185714f18b91be6f30fd6c3b11d525ce81f7296fa0","On 1 list: 80's and 90's Cartoon Theme Songs"
"(thematic candidate)","","","","George of the Jungle","The TV Theme Players","All-Time Tv Hits","5533262","72999","62","false","https://www.deezer.com/us/track/5533262","https://cdnt-preview.dzcdn.net/api/1/1/7/5/6/0/7567c03822c4b073122f63c6df127e8d.mp3?hdnea=exp=1781747678~acl=/api/1/1/7/5/6/0/7567c03822c4b073122f63c6df127e8d.mp3*~data=user_id=0,application_id=42~hmac=8d3667e66e81605150783bb827ce287d3a166d9857b5912ebf26d1e1286e7406","On 1 list: TV Show Theme Songs"
"(thematic candidate)","","","","Peanuts Theme","Television's Greatest Hits Band","Peanuts Theme","90700403","72142","141","false","https://www.deezer.com/us/track/90700403","https://cdnt-preview.dzcdn.net/api/1/1/f/c/a/0/fca6865b30cf2f082651e525f9a96ec7.mp3?hdnea=exp=1781747682~acl=/api/1/1/f/c/a/0/fca6865b30cf2f082651e525f9a96ec7.mp3*~data=user_id=0,application_id=42~hmac=328a6460e4eaf79c37053e77f8370b31350d342555be9da07a3154146781cb99","On 1 list: TV series & cartoons 70's/ 80's / 90's"
"(thematic candidate)","","","","Main Title (From ""Dynasty"")","Meridian Productions","The Film and TV Themes of Bill Conti","2326521415","72070","93","false","https://www.deezer.com/us/track/2326521415","https://cdnt-preview.dzcdn.net/api/1/1/6/4/7/0/647a0d3cf8087224fa43b33646b60d69.mp3?hdnea=exp=1781747679~acl=/api/1/1/6/4/7/0/647a0d3cf8087224fa43b33646b60d69.mp3*~data=user_id=0,application_id=42~hmac=26a6fc864e92f8d7b841ff0e6059002035bcc7f86124357763d368873230884e","On 1 list: Top '80s TV Show Opening Themes"
"(thematic candidate)","","","","Alfred Hitchcock Presents","Television's Greatest Hits Band","Alfred Hitchcock Presents","90700227","71255","59","false","https://www.deezer.com/us/track/90700227","https://cdnt-preview.dzcdn.net/api/1/1/3/a/f/0/3afcd835bccf0ae947ee5b60cfaf66cd.mp3?hdnea=exp=1781747675~acl=/api/1/1/3/a/f/0/3afcd835bccf0ae947ee5b60cfaf66cd.mp3*~data=user_id=0,application_id=42~hmac=e9d10053f3129e147eb451a906cb2ae08b2d66486da94a339f4baf90afa72c06","On 1 list: TV  Theme Songs"
"(thematic candidate)","","","","End Title (From ""Lost"")","Michael Giacchino","Lost: Season 3 (Original Television Soundtrack)","119439394","71164","32","false","https://www.deezer.com/us/track/119439394","https://cdnt-preview.dzcdn.net/api/1/1/6/6/6/0/6665392c16582cb79f2a043ba55a66ad.mp3?hdnea=exp=1781747674~acl=/api/1/1/6/6/6/0/6665392c16582cb79f2a043ba55a66ad.mp3*~data=user_id=0,application_id=42~hmac=d06b32c600af7672d652ae8cc001cc191058cb179bb5bdd183906bfe8cd968af","On 1 list: TV  Theme Songs"
"(thematic candidate)","","","","Go Go Power Rangers (From ""Power Ranger Mighty Morphin"")","Just Kids","Go Go Power Rangers (From ""Power Ranger Mighty Morphin"")","851783342","71067","143","false","https://www.deezer.com/us/track/851783342","https://cdnt-preview.dzcdn.net/api/1/1/2/5/7/0/257f706b4f360683a0d79a3c25b923b3.mp3?hdnea=exp=1781747682~acl=/api/1/1/2/5/7/0/257f706b4f360683a0d79a3c25b923b3.mp3*~data=user_id=0,application_id=42~hmac=f76902d4618e6d7b2cb52d63129b3a1f3d7b30aec65a637babdb5353e9b55780","On 1 list: TV series & cartoons 70's/ 80's / 90's"
"(thematic candidate)","","","","Modern Family Main Theme","Geek Music","Modern Family Main Theme","135263556","70108","83","false","https://www.deezer.com/us/track/135263556","https://cdnt-preview.dzcdn.net/api/1/1/a/8/c/0/a8c1325940e6cdcf5991bfc340443dab.mp3?hdnea=exp=1781747674~acl=/api/1/1/a/8/c/0/a8c1325940e6cdcf5991bfc340443dab.mp3*~data=user_id=0,application_id=42~hmac=68f714e91132bceaafb5fb9732c2268e6234a0d9768dd5f720a8a6a864149687","On 1 list: TV  Theme Songs"
"(thematic candidate)","","","","She Ra","Cult Hit Tributes","Classic Cartoon Themes From The 80s & 90s - Vol.3","73742082","70055","68","false","https://www.deezer.com/us/track/73742082","https://cdnt-preview.dzcdn.net/api/1/1/0/3/7/0/037bd1ff4cb29a749e5420b530e178f2.mp3?hdnea=exp=1781747680~acl=/api/1/1/0/3/7/0/037bd1ff4cb29a749e5420b530e178f2.mp3*~data=user_id=0,application_id=42~hmac=3f2b185cd4d5b1bf5e1f39443cb7d9cab6af6aeab65fde051b4aef9e25ac8759","On 1 list: 80's and 90's Cartoon Theme Songs"
"(thematic candidate)","","","","The Fishin' Hole (Remastered 1993)","Andy Griffith","American Originals (Remastered)","3380026","69745","117","false","https://www.deezer.com/us/track/3380026","https://cdnt-preview.dzcdn.net/api/1/1/1/5/7/0/157d7697cdb7d2d0571b38ed159a95cb.mp3?hdnea=exp=1781747683~acl=/api/1/1/1/5/7/0/157d7697cdb7d2d0571b38ed159a95cb.mp3*~data=user_id=0,application_id=42~hmac=4dbe7704d4d076977403e2d8beeebd3cdf6d67762fb1191e24f92924df60d5ac","On 1 list: Sitcom Theme Songs"
"(thematic candidate)","","","","Mr. Belvedere","TV Tunesters","TV's Greatest Themes - 80's","62433784","69585","59","false","https://www.deezer.com/us/track/62433784","https://cdnt-preview.dzcdn.net/api/1/1/4/9/8/0/49857f43a197f0fb48eb6fbe71d42419.mp3?hdnea=exp=1781747675~acl=/api/1/1/4/9/8/0/49857f43a197f0fb48eb6fbe71d42419.mp3*~data=user_id=0,application_id=42~hmac=1b466a0f22dc59e6fa1f2a07a8dfd55b3686268e9f213593d79faebae1b16777","On 1 list: TV  Theme Songs"
"(thematic candidate)","","","","The Garfield Show - Theme","Coded Channel","Remember the Themes - Manga Anime, and Other Cartoon Themes","859300132","69407","24","false","https://www.deezer.com/us/track/859300132","https://cdnt-preview.dzcdn.net/api/1/1/6/d/e/0/6de4d1b8c419d3c4749b79419c532dc0.mp3?hdnea=exp=1781747682~acl=/api/1/1/6/d/e/0/6de4d1b8c419d3c4749b79419c532dc0.mp3*~data=user_id=0,application_id=42~hmac=3ff9cc5d6d0e3746a407ab22e2997d7405a918396d34bc56b9c421bf8eca9409","On 1 list: TV series & cartoons 70's/ 80's / 90's"
"(thematic candidate)","","","","Falcon Crest MT-S1","Dominik Hauser","Falcon Crest - Theme from the TV Series - Season One (Bill Conti)","16992771","69185","70","false","https://www.deezer.com/us/track/16992771","https://cdnt-preview.dzcdn.net/api/1/1/b/f/5/0/bf5ea81331806205f84a41b39445d999.mp3?hdnea=exp=1781747679~acl=/api/1/1/b/f/5/0/bf5ea81331806205f84a41b39445d999.mp3*~data=user_id=0,application_id=42~hmac=ad7197f2b031a7760296a1cd104236d8832a5a0045387d027cb40605635e94b6","On 1 list: Top '80s TV Show Opening Themes"
"(thematic candidate)","","","","Fairly Odd Parents","Tainted Flavor","I Want Cartoons","73282279","68861","55","false","https://www.deezer.com/us/track/73282279","https://cdnt-preview.dzcdn.net/api/1/1/5/0/4/0/50435c63a69513015e7415cb01f442f4.mp3?hdnea=exp=1781747679~acl=/api/1/1/5/0/4/0/50435c63a69513015e7415cb01f442f4.mp3*~data=user_id=0,application_id=42~hmac=0b390040d75628156ac01c4840a12e21455e07872dc1f62801dd5414ac8fafeb","On 1 list: 90s Kids TV Show Themes Nostalgia"
"(thematic candidate)","","","","The Cosby Show","The Edwin Davids Jazz Band","TV Generation, Vol. 3","62091165","68666","59","false","https://www.deezer.com/us/track/62091165","https://cdnt-preview.dzcdn.net/api/1/1/9/f/6/0/9f64a33cfd60696bef672d13953d1c4a.mp3?hdnea=exp=1781747674~acl=/api/1/1/9/f/6/0/9f64a33cfd60696bef672d13953d1c4a.mp3*~data=user_id=0,application_id=42~hmac=7c0097603964e5a4c2b1983ac1b616cac562f463275d79b4e0650b3d021f5501","On 1 list: TV  Theme Songs"
"(thematic candidate)","","","","It's Terror Time Again","An Awful Mess","An Awful Halloween","1127240152","68480","176","false","https://www.deezer.com/us/track/1127240152","https://cdnt-preview.dzcdn.net/api/1/1/b/0/c/0/b0ca279ad5a2169241bb6f30405a044e.mp3?hdnea=exp=1781747685~acl=/api/1/1/b/0/c/0/b0ca279ad5a2169241bb6f30405a044e.mp3*~data=user_id=0,application_id=42~hmac=dc51224fc3607917bc791f378cfb13c739d7c25db6b351219623de6b856f3740","On 1 list: 80s & 90s Cartoon Nostalgia"
"(thematic candidate)","","","","Digimon","Rhymes 'n' Rhythm","Childrens Favourite Cartoon Themes","10678391","67918","178","false","https://www.deezer.com/us/track/10678391","https://cdnt-preview.dzcdn.net/api/1/1/d/9/1/0/d91f753e123f5eb17cc2b2fcf95d906c.mp3?hdnea=exp=1781747685~acl=/api/1/1/d/9/1/0/d91f753e123f5eb17cc2b2fcf95d906c.mp3*~data=user_id=0,application_id=42~hmac=b0bef42467a4b3f95d7bd04a5d6f4ba9e56998f2c957ba8c9c20ea8a7d5597bf","On 1 list: 80s & 90s Cartoon Nostalgia"
"(thematic candidate)","","","","Little House On The Prairie","TV Themes","The Greatest Ever Western Movie Themes","113596100","67731","57","false","https://www.deezer.com/us/track/113596100","https://cdnt-preview.dzcdn.net/api/1/1/9/b/7/0/9b722baa0e9170571046f819f23d14c6.mp3?hdnea=exp=1781747677~acl=/api/1/1/9/b/7/0/9b722baa0e9170571046f819f23d14c6.mp3*~data=user_id=0,application_id=42~hmac=57bb79f6f61eaabb46d0ba1c003f065a54b38d92617ae9b6beafd77b11fbf953","On 1 list: Classic TV Show Theme Songs"
"(thematic candidate)","","","","S.W.A.T. Main Theme (From ""S.W.A.T."")","Geek Music","The Greatest 70's Television Themes Collection, Vol. 1","1393934062","67708","72","false","https://www.deezer.com/us/track/1393934062","https://cdnt-preview.dzcdn.net/api/1/1/a/b/2/0/ab247421f7eb1c1e2c53a95031ee2346.mp3?hdnea=exp=1781747682~acl=/api/1/1/a/b/2/0/ab247421f7eb1c1e2c53a95031ee2346.mp3*~data=user_id=0,application_id=42~hmac=f5840cc927c148dd81b093b6068a4e5602a9dc0aa69e15a74ed45b47cb81700a","On 1 list: TV series & cartoons 70's/ 80's / 90's"
"(thematic candidate)","","","","Alrighty Then Mantra Chant","Jim Carrey","Ace Ventura: When Nature Calls (Original Motion Picture Score)","412833102","67412","54","false","https://www.deezer.com/us/track/412833102","https://cdnt-preview.dzcdn.net/api/1/1/f/4/e/0/f4e831c7e9440f51e55420771f057e14.mp3?hdnea=exp=1781747675~acl=/api/1/1/f/4/e/0/f4e831c7e9440f51e55420771f057e14.mp3*~data=user_id=0,application_id=42~hmac=79fd45447ce714c39fa5cd9d92b3b553a6a1422fa826ac417bad1d6972662692","On 1 list: TV  Theme Songs"
"(thematic candidate)","","","","My Name Is Bocephus","Hank Williams, Jr.","That's How They Do It In Dixie - The Essential Collection","75767981","66582","282","false","https://www.deezer.com/us/track/75767981","https://cdnt-preview.dzcdn.net/api/1/1/8/1/6/0/8164c663e7f3705070b05b741e18e4ae.mp3?hdnea=exp=1781747681~acl=/api/1/1/8/1/6/0/8164c663e7f3705070b05b741e18e4ae.mp3*~data=user_id=0,application_id=42~hmac=533ca1eae8ee5154f7799582e8369cc00e6d9ea77e713c64a30cfd04ed50dc7e","On 1 list: 80's and 90's Cartoon Theme Songs"
"(thematic candidate)","","","","The Green Hornet","The TV Theme Players","All-Time Tv Hits","5533200","66438","59","false","https://www.deezer.com/us/track/5533200","https://cdnt-preview.dzcdn.net/api/1/1/8/a/d/0/8adc77416b92e68a86704b3c901f82d4.mp3?hdnea=exp=1781747678~acl=/api/1/1/8/a/d/0/8adc77416b92e68a86704b3c901f82d4.mp3*~data=user_id=0,application_id=42~hmac=34c7d0261dc06059b7c83d38e38588464e821f1f4c9380ad8950214389f9bd6d","On 1 list: TV Show Theme Songs"
"(thematic candidate)","","","","Sherlock Main Theme","Geek Music","Sherlock Main Theme","135264124","66343","97","false","https://www.deezer.com/us/track/135264124","https://cdnt-preview.dzcdn.net/api/1/1/9/9/2/0/992d6bc6bc67cf1865825c7312679f59.mp3?hdnea=exp=1781747674~acl=/api/1/1/9/9/2/0/992d6bc6bc67cf1865825c7312679f59.mp3*~data=user_id=0,application_id=42~hmac=e21ca1ef762f28bd36bc9de34990599b3353b47d52aef312f6f31f1bc3cc3268","On 1 list: TV  Theme Songs"
"(thematic candidate)","","","","A-Team (Main Theme)","Oberaargauer Brass Band","Crazy Little Things","63928213","65641","136","false","https://www.deezer.com/us/track/63928213","https://cdnt-preview.dzcdn.net/api/1/1/9/a/d/0/9adcb28b562f30359e8606eca1c67ff9.mp3?hdnea=exp=1781747679~acl=/api/1/1/9/a/d/0/9adcb28b562f30359e8606eca1c67ff9.mp3*~data=user_id=0,application_id=42~hmac=0497a9e12b21814de2f7d46e978e0d5d2f81942a3922f399864becc8bb8f8d4a","On 1 list: Top '80s TV Show Opening Themes"
"(thematic candidate)","","","","Mystical Adventure (From ""Dragon Ball"")","We.B","Mystical Adventure (From ""Dragon Ball"")","640492442","65008","110","false","https://www.deezer.com/us/track/640492442","https://cdnt-preview.dzcdn.net/api/1/1/6/5/e/0/65e1a423e72c5cf0b12052b25ae8e276.mp3?hdnea=exp=1781747685~acl=/api/1/1/6/5/e/0/65e1a423e72c5cf0b12052b25ae8e276.mp3*~data=user_id=0,application_id=42~hmac=aab0da6d0ed384642cd6888291206195a771beeba62d806936ece203d38115e3","On 1 list: 80s & 90s Cartoon Nostalgia"
"(thematic candidate)","","","","Theme from ""Stranger Things""","TV Sounds Unlimited","Stranger Things - Music Inspired by the TV Series","131795376","64891","68","false","https://www.deezer.com/us/track/131795376","https://cdnt-preview.dzcdn.net/api/1/1/2/c/7/0/2c717fcca2f558e426137de6b59f0dd4.mp3?hdnea=exp=1781747684~acl=/api/1/1/2/c/7/0/2c717fcca2f558e426137de6b59f0dd4.mp3*~data=user_id=0,application_id=42~hmac=e2b314e9d1d97efdd1af26ef7316316d571028ce36d92b0e6254ce91fbe6fcb0","On 1 list: Best Sci-fi TV & Movie Themes"
"(thematic candidate)","","","","Centurions (1986) - Theme Song","Geek Music","The Very Best 80's Television Cartoon Shows Ever","572368302","64863","99","false","https://www.deezer.com/us/track/572368302","https://cdnt-preview.dzcdn.net/api/1/1/6/a/6/0/6a6f720069c55e0f4e9988bb4d88f9e6.mp3?hdnea=exp=1781747682~acl=/api/1/1/6/a/6/0/6a6f720069c55e0f4e9988bb4d88f9e6.mp3*~data=user_id=0,application_id=42~hmac=fdad7307b97096ae4ef2abb8e473dccdc554cce8b8c139564b04b30a6be203f3","On 1 list: TV series & cartoons 70's/ 80's / 90's"
"(thematic candidate)","","","","Growing Pains (As Long As We've Got Each Other)","TV Tunesters","TV's Greatest Themes - 80's","62433786","64791","69","false","https://www.deezer.com/us/track/62433786","https://cdnt-preview.dzcdn.net/api/1/1/1/4/c/0/14c78b978a42db48f44b9b831621883c.mp3?hdnea=exp=1781747683~acl=/api/1/1/1/4/c/0/14c78b978a42db48f44b9b831621883c.mp3*~data=user_id=0,application_id=42~hmac=52ca6bf5ac7b110b4dc9702e8c3467fee7732923ffb34259d832d2880a701981","On 1 list: Sitcom Theme Songs"
"(thematic candidate)","","","","Thundercats","The Hit Crew","80's Cartoon Themes","1349105","64463","60","false","https://www.deezer.com/us/track/1349105","https://cdnt-preview.dzcdn.net/api/1/1/f/3/e/0/f3ee09a7c69f982420ec03a09df8d78e.mp3?hdnea=exp=1781747679~acl=/api/1/1/f/3/e/0/f3ee09a7c69f982420ec03a09df8d78e.mp3*~data=user_id=0,application_id=42~hmac=7e948e864b209df062cbc038435fcef652941e7b6f2090a96f195ff2bedc7228","On 1 list: 90s Kids TV Show Themes Nostalgia"
"(thematic candidate)","","","","Digimon Theme","Coded Channel","Remember the Themes - Manga, Anime and Other Cartoon Themes Reloaded","983826822","64287","61","false","https://www.deezer.com/us/track/983826822","https://cdnt-preview.dzcdn.net/api/1/1/3/b/5/0/3b54a6dfd160eaffa48475ef17a73514.mp3?hdnea=exp=1781747682~acl=/api/1/1/3/b/5/0/3b54a6dfd160eaffa48475ef17a73514.mp3*~data=user_id=0,application_id=42~hmac=03917bf32592d959fa87ed721bccf623da3597d13edcbe263952798595b5871b","On 1 list: TV series & cartoons 70's/ 80's / 90's"
"(thematic candidate)","","","","The Super Mario Bros Super Show - Main Theme","Geek Music","The Super Mario Bros Super Show - Main Theme","568738372","64123","57","false","https://www.deezer.com/us/track/568738372","https://cdnt-preview.dzcdn.net/api/1/1/f/1/5/0/f15c06bd8bc5d262dafdb107e202dfc1.mp3?hdnea=exp=1781747685~acl=/api/1/1/f/1/5/0/f15c06bd8bc5d262dafdb107e202dfc1.mp3*~data=user_id=0,application_id=42~hmac=0ebdbc3d45ffdb628b26ee93a6afa5770be28838e57d5895571a8e19bd08efc2","On 1 list: 80s & 90s Cartoon Nostalgia"
"(thematic candidate)","","","","Super Chicken","The Cartoonz","The Pink Panther Presents","88337643","64049","32","false","https://www.deezer.com/us/track/88337643","https://cdnt-preview.dzcdn.net/api/1/1/5/9/f/0/59f2fc56ed9a27464a20cca816f2ccf2.mp3?hdnea=exp=1781747678~acl=/api/1/1/5/9/f/0/59f2fc56ed9a27464a20cca816f2ccf2.mp3*~data=user_id=0,application_id=42~hmac=79a7e6a44975d88d55f2e1b3e6ae1b4a38802db52f05c92dc171af1e5b67de2b","On 1 list: TV Show Theme Songs"
