OriginalTitle,OriginalArtist,OriginalDeezerId,OriginalRank,AlternativeTitle,AlternativeArtist,AlternativeAlbum,AlternativeDeezerId,AlternativeRank,AlternativeDurationSec,AlternativeExplicit,DeezerTrackUrl,AlternativePreviewUrl,ConfidenceNote
"(thematic candidate)","","","","I'm Breaking Down","Stephanie J. Block","Falsettos (2016 Broadway Cast Recording)","394747312","197670","288","false","https://www.deezer.com/us/track/394747312","https://cdnt-preview.dzcdn.net/api/1/1/7/f/8/0/7f874686df9ca32ed5aa6605d6fff074.mp3?hdnea=exp=1781745672~acl=/api/1/1/7/f/8/0/7f874686df9ca32ed5aa6605d6fff074.mp3*~data=user_id=0,application_id=42~hmac=18a666f2ef3346d2d1b7118c95e0ec09340ff05fefffb7f9b97d76de4a35b8a4","On 2 editorial lists"
"(thematic candidate)","","","","Always Look On The Bright Side Of Life (From ""Spamalot"" Original Broadway Cast Recording)","Michael McGrath","Monty Python's Spamalot","2440642","195953","269","false","https://www.deezer.com/us/track/2440642","https://cdnt-preview.dzcdn.net/api/1/1/0/5/2/0/052a2fb926d1698b87deb4c0a79948ec.mp3?hdnea=exp=1781745671~acl=/api/1/1/0/5/2/0/052a2fb926d1698b87deb4c0a79948ec.mp3*~data=user_id=0,application_id=42~hmac=8bf00f131b4e3f5c239473b27402d30e753d6aaa41ba996ab392fd9dea41e640","On 2 editorial lists"
"(thematic candidate)","","","","Diamonds Are a Girl's Best Friend (Original Mix)","Marilyn Monroe","Diamonds Are a Girl's Best Friend","347949561","193684","211","false","https://www.deezer.com/us/track/347949561","https://cdnt-preview.dzcdn.net/api/1/1/9/a/d/0/9addd741cd7748da4365aedd5d0fe84a.mp3?hdnea=exp=1781745671~acl=/api/1/1/9/a/d/0/9addd741cd7748da4365aedd5d0fe84a.mp3*~data=user_id=0,application_id=42~hmac=7e196a8b0a79d4ba42929d6082165baa484cb50e793ea667f461a91297c418e1","On 2 editorial lists"
"(thematic candidate)","","","","A Musical","Brad Oscar","Something Rotten! (Original Broadway Cast Recording)","392425342","192584","467","false","https://www.deezer.com/us/track/392425342","https://cdnt-preview.dzcdn.net/api/1/1/a/e/4/0/ae4a061e4f6ac50c21c4258d89ebc1c2.mp3?hdnea=exp=1781745669~acl=/api/1/1/a/e/4/0/ae4a061e4f6ac50c21c4258d89ebc1c2.mp3*~data=user_id=0,application_id=42~hmac=81bf12913127694d7e5ed591971b9fce8e4781046157a2bcbe8efa863716ea02","On 2 editorial lists"
"(thematic candidate)","","","","The Impossible Dream (The Quest)","Brian Stokes Mitchell","Man of La Mancha (New Broadway Cast Recording (2002))","964050","190306","233","false","https://www.deezer.com/us/track/964050","https://cdnt-preview.dzcdn.net/api/1/1/d/3/2/0/d32f3b50d66e681e3779ec55274a3d6c.mp3?hdnea=exp=1781745671~acl=/api/1/1/d/3/2/0/d32f3b50d66e681e3779ec55274a3d6c.mp3*~data=user_id=0,application_id=42~hmac=f6a350f036139d2b89b60e0ca05f009b6fbedb488b75ea3de796cb728312f941","On 2 editorial lists"
"(thematic candidate)","","","","This Had Better Come to a Stop","Christian Borle","Falsettos (2016 Broadway Cast Recording)","394747302","187102","170","false","https://www.deezer.com/us/track/394747302","https://cdnt-preview.dzcdn.net/api/1/1/4/e/8/0/4e81b20f2f494eb6fd34d454db964560.mp3?hdnea=exp=1781745670~acl=/api/1/1/4/e/8/0/4e81b20f2f494eb6fd34d454db964560.mp3*~data=user_id=0,application_id=42~hmac=0f5c0394271fd58170bd15e99b86438d5e90361425dcb79b8811fadd4aa42495","On 2 editorial lists"
"(thematic candidate)","","","","Luck Be a Lady","Peter Gallagher","Guys and Dolls (New Broadway Cast Recording (1992))","15728546","171111","182","false","https://www.deezer.com/us/track/15728546","https://cdnt-preview.dzcdn.net/api/1/1/1/e/e/0/1eef5f4df6ff7d2523886c4e11d17858.mp3?hdnea=exp=1781745669~acl=/api/1/1/1/e/e/0/1eef5f4df6ff7d2523886c4e11d17858.mp3*~data=user_id=0,application_id=42~hmac=c2f10119c7448e7708b935032e46d6c8bf55bf1dcc2131b44e31c7ef52c4c0ce","On 2 editorial lists"
"(thematic candidate)","","","","Run and Tell That!","Corey Reynolds","Hairspray (Original Broadway Cast Recording)","849112","169349","229","false","https://www.deezer.com/us/track/849112","https://cdnt-preview.dzcdn.net/api/1/1/4/c/8/0/4c8699b37e7226fcb1a6ac040d5bb1ba.mp3?hdnea=exp=1781745669~acl=/api/1/1/4/c/8/0/4c8699b37e7226fcb1a6ac040d5bb1ba.mp3*~data=user_id=0,application_id=42~hmac=7d83c1ba200dfb9948e494c6905ca15a112cfca3790e64b5e7757622d15a3dbc","On 2 editorial lists"
"(thematic candidate)","","","","Diva's Lament (What Ever Happened To My Part?) (From ""Spamalot"" Original Broadway Cast Recording)","Sara Ramirez","Monty Python's Spamalot","2440645","162514","151","false","https://www.deezer.com/us/track/2440645","https://cdnt-preview.dzcdn.net/api/1/1/4/0/4/0/4044312ee00a1c0cc45e8527871ace91.mp3?hdnea=exp=1781745670~acl=/api/1/1/4/0/4/0/4044312ee00a1c0cc45e8527871ace91.mp3*~data=user_id=0,application_id=42~hmac=26b98fe492eebd32878ec5b6d9662e4ebc19192733e5ff8e0ddc23784a37c352","On 2 editorial lists"
"(thematic candidate)","","","","Shall We Dance? (From ""The King And I"" Soundtrack)","Deborah Kerr","The Marvelous Mrs. Maisel: Season 2 (Music From The Prime Original Series)","602456292","155565","262","false","https://www.deezer.com/us/track/602456292","https://cdnt-preview.dzcdn.net/api/1/1/5/2/5/0/5256873656e36bf85736a5c9bfdfc5d1.mp3?hdnea=exp=1781745671~acl=/api/1/1/5/2/5/0/5256873656e36bf85736a5c9bfdfc5d1.mp3*~data=user_id=0,application_id=42~hmac=51d70471416ae2c857ce7d432f18991b8d45853539ef24859d751cbe6b0ca6a1","On 2 editorial lists"
"(thematic candidate)","","","","Prologue","Original Broadway Company of Natasha, Pierre & the Great Comet of 1812","Natasha, Pierre & the Great Comet of 1812 (Original Broadway Cast Recording)","358223571","143189","261","false","https://www.deezer.com/us/track/358223571","https://cdnt-preview.dzcdn.net/api/1/1/a/d/e/0/ade470c3d2cac1b3350dbd42f2a5c686.mp3?hdnea=exp=1781745669~acl=/api/1/1/a/d/e/0/ade470c3d2cac1b3350dbd42f2a5c686.mp3*~data=user_id=0,application_id=42~hmac=d93384293eb0d28dbe5cefad98f809b2fdf44818eb6a077644fdbad1066e5e7f","On 2 editorial lists"
"(thematic candidate)","","","","Ya Got Trouble","Robert Preston","The Music Man (Original Broadway Cast)","3318630","138637","230","false","https://www.deezer.com/us/track/3318630","https://cdnt-preview.dzcdn.net/api/1/1/a/4/0/0/a40ca59b54372d962f0a7ccccca25833.mp3?hdnea=exp=1781745670~acl=/api/1/1/a/4/0/0/a40ca59b54372d962f0a7ccccca25833.mp3*~data=user_id=0,application_id=42~hmac=31d033e9da6c74e224ddd4cfe1a74130f7bd0cbd98bc3cd8716ac87ffc3bb674","On 2 editorial lists"
"(thematic candidate)","","","","The Flesh Failures (Let the Sunshine In) (from ""Hair"")","James Rado","The Essential Broadway","71957289","122682","219","false","https://www.deezer.com/us/track/71957289","https://cdnt-preview.dzcdn.net/api/1/1/3/d/2/0/3d2b6b50d649cc1403712a1d8d3b0f8c.mp3?hdnea=exp=1781745671~acl=/api/1/1/3/d/2/0/3d2b6b50d649cc1403712a1d8d3b0f8c.mp3*~data=user_id=0,application_id=42~hmac=b293484216a470aa0fd8db358f82e5e905b53b8889cf5ad517cf3d286152697c","On 2 editorial lists"
"(thematic candidate)","","","","Put on Your Sunday Clothes","Gavin Creel","Hello, Dolly! (New Broadway Cast Recording)","349716551","113468","310","false","https://www.deezer.com/us/track/349716551","https://cdnt-preview.dzcdn.net/api/1/1/2/4/d/0/24df830c14a0c24d1cd0588408832d54.mp3?hdnea=exp=1781745670~acl=/api/1/1/2/4/d/0/24df830c14a0c24d1cd0588408832d54.mp3*~data=user_id=0,application_id=42~hmac=c5c0e28ee87727a9b424b04f4bcaba10f43ad727b5c6e34da231f08351d03522","On 2 editorial lists"
"(thematic candidate)","","","","Forget About the Boy","Sutton Foster","Thoroughly Modern Millie (Original Broadway Cast Recording)","545997","105082","203","false","https://www.deezer.com/us/track/545997","https://cdnt-preview.dzcdn.net/api/1/1/8/f/3/0/8f3d6a0dff62576b6c7b492694531335.mp3?hdnea=exp=1781745669~acl=/api/1/1/8/f/3/0/8f3d6a0dff62576b6c7b492694531335.mp3*~data=user_id=0,application_id=42~hmac=d409c8db8fb6f7b79eb731abd91208e1f13c42ea3aeeac71186d8265ae5632c0","On 2 editorial lists"
"(thematic candidate)","","","","Getting To Know You","Kelli O'Hara","The King And I (The 2015 Broadway Cast Recording)","100870124","72147","212","false","https://www.deezer.com/us/track/100870124","https://cdnt-preview.dzcdn.net/api/1/1/7/3/6/0/736007ab84c07ddb0e2266a6e12f9d83.mp3?hdnea=exp=1781745669~acl=/api/1/1/7/3/6/0/736007ab84c07ddb0e2266a6e12f9d83.mp3*~data=user_id=0,application_id=42~hmac=6d69bc2be62efda0a87063503bd9d08bed199c7d1c3c115fc81f865d358eea47","On 2 editorial lists"
"(thematic candidate)","","","","Hello, Dolly!","Carol Channing","Celebrate Broadway Vol. 3/Lullaby of Broadway","1044929","26582","341","false","https://www.deezer.com/us/track/1044929","https://cdnt-preview.dzcdn.net/api/1/1/b/0/a/0/b0afaeef776a6596cad4959a985be4f0.mp3?hdnea=exp=1781745673~acl=/api/1/1/b/0/a/0/b0afaeef776a6596cad4959a985be4f0.mp3*~data=user_id=0,application_id=42~hmac=515102589c8e93532a15da8252a335c0ef70522d28fad502a64172e061bf9253","On 2 editorial lists"
"(thematic candidate)","","","","There's No Business Like Show Business (From ""Annie Get Your Gun"")","Ethel Merman","Composers On Broadway: Irving Berlin","4276087","13142","187","false","https://www.deezer.com/us/track/4276087","https://cdnt-preview.dzcdn.net/api/1/1/c/0/d/0/c0d7d0855484a03ecd6424ce88b95c5d.mp3?hdnea=exp=1781745672~acl=/api/1/1/c/0/d/0/c0d7d0855484a03ecd6424ce88b95c5d.mp3*~data=user_id=0,application_id=42~hmac=4b7be52cddd25f86722bbd93fe703e83790a5199c8b3c36abfdd6984fc2dc68d","On 2 editorial lists"
"(thematic candidate)","","","","The Other Side","Hugh Jackman","The Greatest Showman (Original Motion Picture Soundtrack)","435175492","690843","214","false","https://www.deezer.com/us/track/435175492","https://cdnt-preview.dzcdn.net/api/1/1/7/3/c/0/73ceb55c973c65681b46283fb047ab41.mp3?hdnea=exp=1781745669~acl=/api/1/1/7/3/c/0/73ceb55c973c65681b46283fb047ab41.mp3*~data=user_id=0,application_id=42~hmac=476c141b0c7ab6c7c084f1a2ef4a26d464fd5bd2350171eac10e589db546c8bb","On 1 list: Broadway"
"(thematic candidate)","","","","Come Alive","Hugh Jackman","The Greatest Showman (Original Motion Picture Soundtrack)","435175482","690189","225","false","https://www.deezer.com/us/track/435175482","https://cdnt-preview.dzcdn.net/api/1/1/d/1/5/0/d151193ccbce036a7b451a1b9048b160.mp3?hdnea=exp=1781745669~acl=/api/1/1/d/1/5/0/d151193ccbce036a7b451a1b9048b160.mp3*~data=user_id=0,application_id=42~hmac=5f207c7458b22a7d8e687bf836dc78315ef8222adf370e63f5e95a19772df301","On 1 list: Broadway"
"(thematic candidate)","","","","Money, Money, Money (From 'Mamma Mia!' Original Motion Picture Soundtrack)","Meryl Streep","Mamma Mia! The Movie Soundtrack","1578991","682252","186","false","https://www.deezer.com/us/track/1578991","https://cdnt-preview.dzcdn.net/api/1/1/c/1/b/0/c1b339da36a5ae14053ccd88e160162d.mp3?hdnea=exp=1781745669~acl=/api/1/1/c/1/b/0/c1b339da36a5ae14053ccd88e160162d.mp3*~data=user_id=0,application_id=42~hmac=1b2d5b9ce1def4341c18a2949803c4a3b48e1b444f36b890c1dbfe3ff9dfef00","On 1 list: Broadway"
"(thematic candidate)","","","","Super Trouper (From 'Mamma Mia!' Original Motion Picture Soundtrack)","Meryl Streep","Mamma Mia! The Movie Soundtrack","1578996","675221","233","false","https://www.deezer.com/us/track/1578996","https://cdnt-preview.dzcdn.net/api/1/1/c/e/3/0/ce3863a6f13accedaa7f62e52f16fcef.mp3?hdnea=exp=1781745670~acl=/api/1/1/c/e/3/0/ce3863a6f13accedaa7f62e52f16fcef.mp3*~data=user_id=0,application_id=42~hmac=373935871740ceb36c2a91b5cd562e19d6acd8618941c30fc0673b2ebb9d7921","On 1 list: Broadway"
"(thematic candidate)","","","","Tightrope","Michelle Williams","The Greatest Showman (Original Motion Picture Soundtrack)","435175532","638278","234","false","https://www.deezer.com/us/track/435175532","https://cdnt-preview.dzcdn.net/api/1/1/6/5/f/0/65fb5eb5562e3fef3d6e8bffff6bf713.mp3?hdnea=exp=1781745668~acl=/api/1/1/6/5/f/0/65fb5eb5562e3fef3d6e8bffff6bf713.mp3*~data=user_id=0,application_id=42~hmac=fce8bb89d88367520de85c827a653375b7de655291661f95cae2e1b3aa8529c0","On 1 list: Broadway"
"(thematic candidate)","","","","Does Your Mother Know (From 'Mamma Mia!' Original Motion Picture Soundtrack)","Christine Baranski","Mamma Mia! The Movie Soundtrack","1579001","633890","181","false","https://www.deezer.com/us/track/1579001","https://cdnt-preview.dzcdn.net/api/1/1/a/0/9/0/a092f69e6e3332c7bc4f106ca763206d.mp3?hdnea=exp=1781745670~acl=/api/1/1/a/0/9/0/a092f69e6e3332c7bc4f106ca763206d.mp3*~data=user_id=0,application_id=42~hmac=ed45056d32c5ff970423c4139fa0e94592ad8bc21a2121c8376e6d53663d7356","On 1 list: Broadway"
"(thematic candidate)","","","","SOS (From 'Mamma Mia!' Original Motion Picture Soundtrack)","Pierce Brosnan","Mamma Mia! The Movie Soundtrack","1579000","625572","199","false","https://www.deezer.com/us/track/1579000","https://cdnt-preview.dzcdn.net/api/1/1/8/c/b/0/8cb887db0611a5172db7140595ca2937.mp3?hdnea=exp=1781745670~acl=/api/1/1/8/c/b/0/8cb887db0611a5172db7140595ca2937.mp3*~data=user_id=0,application_id=42~hmac=b6674950f1333875b4656b833678f7fde1ebb366ac59dd560366c7edc2bf2643","On 1 list: Broadway"
"(thematic candidate)","","","","Take A Chance On Me (From 'Mamma Mia!' Original Motion Picture Soundtrack)","Julie Walters","Mamma Mia! The Movie Soundtrack","1579005","610654","241","false","https://www.deezer.com/us/track/1579005","https://cdnt-preview.dzcdn.net/api/1/1/a/2/a/0/a2a0cc01dc20435d89d9d04360d65290.mp3?hdnea=exp=1781745669~acl=/api/1/1/a/2/a/0/a2a0cc01dc20435d89d9d04360d65290.mp3*~data=user_id=0,application_id=42~hmac=593e62c72f79cdd6afa2e007ac3985d756f4e3cab0e056d486d48be27a6afb2d","On 1 list: Broadway"
"(thematic candidate)","","","","Popular","Ariana Grande","Wicked: The Soundtrack","3100316021","608951","241","false","https://www.deezer.com/us/track/3100316021","https://cdnt-preview.dzcdn.net/api/1/1/d/0/1/0/d01fa3488392548d35f310a1c35b084c.mp3?hdnea=exp=1781745671~acl=/api/1/1/d/0/1/0/d01fa3488392548d35f310a1c35b084c.mp3*~data=user_id=0,application_id=42~hmac=97e367b1f24b44a44eea99a3ed935f028b614b0302c96b4fbbdad1e28bf03ad9","On 1 list: Broadway Classics"
"(thematic candidate)","","","","Your Song (From ""Moulin Rouge"" Soundtrack)","Ewan McGregor","Moulin Rouge","2438249","594162","217","false","https://www.deezer.com/us/track/2438249","https://cdnt-preview.dzcdn.net/api/1/1/1/5/b/0/15be12488c7791004b8d4baa0cfdb771.mp3?hdnea=exp=1781745671~acl=/api/1/1/1/5/b/0/15be12488c7791004b8d4baa0cfdb771.mp3*~data=user_id=0,application_id=42~hmac=62ab02da387122d9edf527c20172614f8691ab152328a2d2b3cfa1ec4012cbe4","On 1 list: Broadway Classics"
"(thematic candidate)","","","","Once Upon a December","Christy Altomare","Anastasia (Original Broadway Cast Recording)","2104086157","581861","179","false","https://www.deezer.com/us/track/2104086157","https://cdnt-preview.dzcdn.net/api/1/1/d/3/a/0/d3a2fca58dbd2a3d4d60631ab8a36a20.mp3?hdnea=exp=1781745669~acl=/api/1/1/d/3/a/0/d3a2fca58dbd2a3d4d60631ab8a36a20.mp3*~data=user_id=0,application_id=42~hmac=e23fd635d1d8b4ee9a7ccbb512865704a8398b9abebaca3a678d50e90a5c1682","On 1 list: Broadway"
"(thematic candidate)","","","","Angel Eyes","Christine Baranski","Mamma Mia! Here We Go Again (Original Motion Picture Soundtrack)","526033242","569752","251","false","https://www.deezer.com/us/track/526033242","https://cdnt-preview.dzcdn.net/api/1/1/0/5/1/0/05137a1d2e4af40eee61e34cba9e8239.mp3?hdnea=exp=1781745668~acl=/api/1/1/0/5/1/0/05137a1d2e4af40eee61e34cba9e8239.mp3*~data=user_id=0,application_id=42~hmac=f20688bbdcc07aabb25871af2d9eda169642b651e15182ae7e6f7f689934280a","On 1 list: Broadway"
"(thematic candidate)","","","","Thank You For The Music (From 'Mamma Mia!' Original Motion Picture Soundtrack)","Amanda Seyfried","Mamma Mia! The Movie Soundtrack","1579007","560167","223","false","https://www.deezer.com/us/track/1579007","https://cdnt-preview.dzcdn.net/api/1/1/e/0/8/0/e089567b62f460ee5b7e50e1b5e270f5.mp3?hdnea=exp=1781745670~acl=/api/1/1/e/0/8/0/e089567b62f460ee5b7e50e1b5e270f5.mp3*~data=user_id=0,application_id=42~hmac=488268b28dda5491b03f56f632e511be300220703a491acd11e51c5c1d02e9fc","On 1 list: Broadway"
"(thematic candidate)","","","","Aquarius","Galt MacDermot","Hair","967017","542525","287","false","https://www.deezer.com/us/track/967017","https://cdnt-preview.dzcdn.net/api/1/1/4/9/b/0/49ba979a50bf0d1f2bfa37ce4a16176a.mp3?hdnea=exp=1781745668~acl=/api/1/1/4/9/b/0/49ba979a50bf0d1f2bfa37ce4a16176a.mp3*~data=user_id=0,application_id=42~hmac=7f269e9c8d96b7707871c3d9818665f462dec6db00daed9b4ab7ebc79a1806a2","On 1 list: Broadway"
"(thematic candidate)","","","","One Of Us","Amanda Seyfried","Mamma Mia! Here We Go Again (Original Motion Picture Soundtrack)","526033162","530334","225","false","https://www.deezer.com/us/track/526033162","https://cdnt-preview.dzcdn.net/api/1/1/f/0/5/0/f05641e6b460f715db71a67011baec21.mp3?hdnea=exp=1781745670~acl=/api/1/1/f/0/5/0/f05641e6b460f715db71a67011baec21.mp3*~data=user_id=0,application_id=42~hmac=0056000fd18c8b83ea892c6a7c8d17bf51ee53f83a680cd1892135c3e92091e4","On 1 list: Broadway"
"(thematic candidate)","","","","My Love, My Life","Amanda Seyfried","Mamma Mia! Here We Go Again (Original Motion Picture Soundtrack)","526033292","530177","229","false","https://www.deezer.com/us/track/526033292","https://cdnt-preview.dzcdn.net/api/1/1/a/1/6/0/a16162a002baa4a51d3e035fdb540277.mp3?hdnea=exp=1781745669~acl=/api/1/1/a/1/6/0/a16162a002baa4a51d3e035fdb540277.mp3*~data=user_id=0,application_id=42~hmac=0187d23d7c7b479caafd26597429ba146762fd96e7ca3180c04cee5846ce9761","On 1 list: Broadway"
"(thematic candidate)","","","","Super Trouper","Cher","Mamma Mia! Here We Go Again (Original Motion Picture Soundtrack)","526033302","514829","231","false","https://www.deezer.com/us/track/526033302","https://cdnt-preview.dzcdn.net/api/1/1/7/3/f/0/73f6564d5bcafe221e1ee14bc63c4f84.mp3?hdnea=exp=1781745669~acl=/api/1/1/7/3/f/0/73f6564d5bcafe221e1ee14bc63c4f84.mp3*~data=user_id=0,application_id=42~hmac=e3656db153c8f4a15fb8db30ab6ee2069438c5006f59e00bc2380587a7ccf700","On 1 list: Broadway"
"(thematic candidate)","","","","Never Ever Getting Rid of Me","Christopher Fitzgerald","Waitress (Original Broadway Cast Recording)","125627170","500773","136","false","https://www.deezer.com/us/track/125627170","https://cdnt-preview.dzcdn.net/api/1/1/6/1/f/0/61faf5cc178c7e2e48472c49142bc122.mp3?hdnea=exp=1781745669~acl=/api/1/1/6/1/f/0/61faf5cc178c7e2e48472c49142bc122.mp3*~data=user_id=0,application_id=42~hmac=d19acdaa25ce7e6aa158be23a6551f7ffa52afaae7df5e3e083ddd966eb99d6b","On 1 list: Broadway"
"(thematic candidate)","","","","Waterloo","Hugh Skinner","Mamma Mia! Here We Go Again (Original Motion Picture Soundtrack)","526033172","491614","169","false","https://www.deezer.com/us/track/526033172","https://cdnt-preview.dzcdn.net/api/1/1/0/2/3/0/023605337a6bc5ad07d91c891970c5db.mp3?hdnea=exp=1781745668~acl=/api/1/1/0/2/3/0/023605337a6bc5ad07d91c891970c5db.mp3*~data=user_id=0,application_id=42~hmac=36913aa9420e8e8117c2b3c9f53c1a0f8d592a6382b6a043870ea781befc6877","On 1 list: Broadway"
"(thematic candidate)","","","","Omigod You Guys","Annaleigh Ashford","Legally Blonde The Musical (Original Broadway Cast Recording)","393556892","489818","346","false","https://www.deezer.com/us/track/393556892","https://cdnt-preview.dzcdn.net/api/1/1/4/0/5/0/405426f1a1b3503a4ed8d4d874edd25e.mp3?hdnea=exp=1781745669~acl=/api/1/1/4/0/5/0/405426f1a1b3503a4ed8d4d874edd25e.mp3*~data=user_id=0,application_id=42~hmac=7f7862a99dec746486abb486583708b433dd3bb5391598257b143825f52a2f14","On 1 list: Broadway"
"(thematic candidate)","","","","Dancing Queen","Colin Firth","Mamma Mia! Here We Go Again (Original Motion Picture Soundtrack)","526033262","488972","221","false","https://www.deezer.com/us/track/526033262","https://cdnt-preview.dzcdn.net/api/1/1/3/c/3/0/3c3510e448a9710fc0c34261f88db45f.mp3?hdnea=exp=1781745671~acl=/api/1/1/3/c/3/0/3c3510e448a9710fc0c34261f88db45f.mp3*~data=user_id=0,application_id=42~hmac=1b0e663f4f7d58c242d6fd5e51c89d5c402b7463b529645fff76d1052b0b1442","On 1 list: Broadway Classics"
"(thematic candidate)","","","","The Flesh Failures (Let the Sunshine In)","Galt MacDermot","Hair","967064","485847","364","false","https://www.deezer.com/us/track/967064","https://cdnt-preview.dzcdn.net/api/1/1/0/9/d/0/09d8c1fc7b84281984f7f29fd57ec130.mp3?hdnea=exp=1781745671~acl=/api/1/1/0/9/d/0/09d8c1fc7b84281984f7f29fd57ec130.mp3*~data=user_id=0,application_id=42~hmac=231fce21c763d675efaf281e6d474105f193a7fe2ce49750b44a6c144589220b","On 1 list: Broadway Classics"
"(thematic candidate)","","","","Sweet Transvestite","Tim Curry","The Rocky Horror Picture Show - Original Soundtrack","2412068","482785","204","false","https://www.deezer.com/us/track/2412068","https://cdnt-preview.dzcdn.net/api/1/1/a/5/c/0/a5cd5e57e550b183b537fb00061c4ddf.mp3?hdnea=exp=1781745671~acl=/api/1/1/a/5/c/0/a5cd5e57e550b183b537fb00061c4ddf.mp3*~data=user_id=0,application_id=42~hmac=58b9f848ac362a0bb00bfc44d7bc3abb3794d53180a6c542564a5782cb427f23","On 1 list: Broadway"
"(thematic candidate)","","","","Fernando","Cher","Mamma Mia! Here We Go Again (Original Motion Picture Soundtrack)","526033282","478495","239","false","https://www.deezer.com/us/track/526033282","https://cdnt-preview.dzcdn.net/api/1/1/4/b/1/0/4b1e106dda9e3b43e1d55dc97371e15b.mp3?hdnea=exp=1781745668~acl=/api/1/1/4/b/1/0/4b1e106dda9e3b43e1d55dc97371e15b.mp3*~data=user_id=0,application_id=42~hmac=ec96a3f32e11a6781a78e97bd7baabdefd72a5f144f3a65dfb5694e50a873179","On 1 list: Broadway"
"(thematic candidate)","","","","We Both Reached For The Gun (Album Version)","Christine Baranski","Chicago - Music From The Miramax Motion Picture","850099","478260","237","false","https://www.deezer.com/us/track/850099","https://cdnt-preview.dzcdn.net/api/1/1/e/d/9/0/ed9a31e6d15872bed34528a78441c7f5.mp3?hdnea=exp=1781745669~acl=/api/1/1/e/d/9/0/ed9a31e6d15872bed34528a78441c7f5.mp3*~data=user_id=0,application_id=42~hmac=2c78cc469b4f0cc6b73df5506947030c9ebb837a525e52a2feea53fb021d0868","On 1 list: Broadway"
"(thematic candidate)","","","","Time Warp","Little Nell","The Rocky Horror Picture Show - Original Soundtrack","2412065","476612","199","false","https://www.deezer.com/us/track/2412065","https://cdnt-preview.dzcdn.net/api/1/1/a/c/1/0/ac16bce9f5b48f682c2e36a9f2bfa94f.mp3?hdnea=exp=1781745669~acl=/api/1/1/a/c/1/0/ac16bce9f5b48f682c2e36a9f2bfa94f.mp3*~data=user_id=0,application_id=42~hmac=f94cece3582a7c21574a88177f70f242457e11ddcb2f22351c03d1710d361570","On 1 list: Broadway"
"(thematic candidate)","","","","All I Want (From ""High School Musical: The Musical: The Series"")","Olivia Rodrigo","All I Want (From ""High School Musical: The Musical: The Series"")","814101802","476423","177","false","https://www.deezer.com/us/track/814101802","https://cdnt-preview.dzcdn.net/api/1/1/d/0/a/0/d0a8c4ec145c4c8cfabc0996a966f32b.mp3?hdnea=exp=1781745669~acl=/api/1/1/d/0/a/0/d0a8c4ec145c4c8cfabc0996a966f32b.mp3*~data=user_id=0,application_id=42~hmac=6abd5ec5c9540d14cbe3bc87652d4ad4cd1144d710d867dc2ad89f5d2dfdd20b","On 1 list: Broadway"
"(thematic candidate)","","","","Knowing Me, Knowing You","Jeremy Irvine","Mamma Mia! Here We Go Again (Original Motion Picture Soundtrack)","526033232","472888","225","false","https://www.deezer.com/us/track/526033232","https://cdnt-preview.dzcdn.net/api/1/1/e/d/d/0/edd8d66306addf3ccc6190ac0fe3fd66.mp3?hdnea=exp=1781745669~acl=/api/1/1/e/d/d/0/edd8d66306addf3ccc6190ac0fe3fd66.mp3*~data=user_id=0,application_id=42~hmac=cdc2de8874b07c7636d585346cd3f429550b8a04e06d6d311ef87b5694d6f0e4","On 1 list: Broadway"
"(thematic candidate)","","","","Overture/And All That Jazz (Album Version)","Catherine Zeta-Jones","Chicago - Music From The Miramax Motion Picture","850073","465941","363","false","https://www.deezer.com/us/track/850073","https://cdnt-preview.dzcdn.net/api/1/1/9/3/e/0/93ee2b102045b22a3ddb9c5a4f45e3b1.mp3?hdnea=exp=1781745671~acl=/api/1/1/9/3/e/0/93ee2b102045b22a3ddb9c5a4f45e3b1.mp3*~data=user_id=0,application_id=42~hmac=48a9d0bed3bea9c61325c7601e7c8f8b242c4727f44903563b8bce660bb6d041","On 1 list: Broadway Classics"
"(thematic candidate)","","","","The Name Of The Game","Lily James","Mamma Mia! Here We Go Again (Original Motion Picture Soundtrack)","526033222","460793","286","false","https://www.deezer.com/us/track/526033222","https://cdnt-preview.dzcdn.net/api/1/1/8/c/9/0/8c977050cb033da973f19c6de9ea1749.mp3?hdnea=exp=1781745670~acl=/api/1/1/8/c/9/0/8c977050cb033da973f19c6de9ea1749.mp3*~data=user_id=0,application_id=42~hmac=97ce578ed873eda6e20267de4ccd55f4564073354a41e9b82b3baae292daa445","On 1 list: Broadway"
"(thematic candidate)","","","","El Tango De Roxanne","Aaron Tveit","Moulin Rouge! The Musical (Original Broadway Cast Recording)","739166782","457430","217","false","https://www.deezer.com/us/track/739166782","https://cdnt-preview.dzcdn.net/api/1/1/5/d/f/0/5df5e918179150f641f8cf1491473fa4.mp3?hdnea=exp=1781745670~acl=/api/1/1/5/d/f/0/5df5e918179150f641f8cf1491473fa4.mp3*~data=user_id=0,application_id=42~hmac=7ce0ed5bc7627f1e9d50cfdad410369d7d72fbbabf7eaa113cc074e456c7ceab","On 1 list: Broadway"
"(thematic candidate)","","","","Circle of Life with Nants' Ingonyama","Tsidii Le Loka","The Lion King: Original Broadway Cast Recording","5323217","456819","270","false","https://www.deezer.com/us/track/5323217","https://cdnt-preview.dzcdn.net/api/1/1/9/8/f/0/98f6c868b4805c552ef0d010c797ed92.mp3?hdnea=exp=1781745671~acl=/api/1/1/9/8/f/0/98f6c868b4805c552ef0d010c797ed92.mp3*~data=user_id=0,application_id=42~hmac=01123f4c1720fb4028c521b48ea0241cefd6a0285b7bde4d82ab1e49f4e7526c","On 1 list: Broadway Classics"
"(thematic candidate)","","","","Fascinating Rhythm","Tony Bennett","Fascinating Rhythm","534400962","438787","159","false","https://www.deezer.com/us/track/534400962","https://cdnt-preview.dzcdn.net/api/1/1/0/c/e/0/0cee20ea9817ea1f2b1b4b7838701eb7.mp3?hdnea=exp=1781745672~acl=/api/1/1/0/c/e/0/0cee20ea9817ea1f2b1b4b7838701eb7.mp3*~data=user_id=0,application_id=42~hmac=f114997240f08bf6b4df025bc6591ce3accdf4955dce7a21a4dc28046e8c9208","On 1 list: Broadway Hits"
"(thematic candidate)","","","","I Dreamed A Dream (From ""Les Misérables"")","Anne Hathaway","Les Misérables: The Motion Picture Soundtrack Deluxe (Deluxe Edition)","65153345","434010","279","false","https://www.deezer.com/us/track/65153345","https://cdnt-preview.dzcdn.net/api/1/1/d/6/3/0/d638c591fe2157ab5f129cce2704880a.mp3?hdnea=exp=1781745671~acl=/api/1/1/d/6/3/0/d638c591fe2157ab5f129cce2704880a.mp3*~data=user_id=0,application_id=42~hmac=a8ddb07d9766bf0a5079f376171178a95b0db43dfc2079bc6324af45d1a553ad","On 1 list: Broadway Classics"
"(thematic candidate)","","","","One Day More","Les Misérables Cast","Les Misérables: The Motion Picture Soundtrack Deluxe (Deluxe Edition)","65153362","433098","219","false","https://www.deezer.com/us/track/65153362","https://cdnt-preview.dzcdn.net/api/1/1/f/3/d/0/f3d500211c8bf72a7a924dd4f93c7f95.mp3?hdnea=exp=1781745670~acl=/api/1/1/f/3/d/0/f3d500211c8bf72a7a924dd4f93c7f95.mp3*~data=user_id=0,application_id=42~hmac=06886c6abda26b087ee056ee4670c53ae2a53d6beac3909da53cc63f4a43a7b2","On 1 list: Broadway"
"(thematic candidate)","","","","When He Sees Me","Kimiko Glenn","Waitress (Original Broadway Cast Recording)","125627162","425179","223","false","https://www.deezer.com/us/track/125627162","https://cdnt-preview.dzcdn.net/api/1/1/a/d/d/0/add1aa0cc6532e25239d84f3d97bace0.mp3?hdnea=exp=1781745668~acl=/api/1/1/a/d/d/0/add1aa0cc6532e25239d84f3d97bace0.mp3*~data=user_id=0,application_id=42~hmac=73f9fa4d9690951697034c20ae8f52b301a2a7109effb02c7b6ace38c0a88f85","On 1 list: Broadway"
"(thematic candidate)","","","","Seventeen","Carrie Hope Fletcher","Heathers the Musical (Original West End Cast Recording)","639462482","415924","197","false","https://www.deezer.com/us/track/639462482","https://cdnt-preview.dzcdn.net/api/1/1/0/f/d/0/0fd16520b4cae50e3d6b7dbffcc46961.mp3?hdnea=exp=1781745669~acl=/api/1/1/0/f/d/0/0fd16520b4cae50e3d6b7dbffcc46961.mp3*~data=user_id=0,application_id=42~hmac=64ae8ec326a68aecf87d2518cd2b9ae54a8706cfee5406387d25770b5cfa52a4","On 1 list: Broadway"
"(thematic candidate)","","","","Sincerely, Me","Mike Faist","Dear Evan Hansen (Original Broadway Cast Recording)","141338431","405334","222","false","https://www.deezer.com/us/track/141338431","https://cdnt-preview.dzcdn.net/api/1/1/f/9/4/0/f94c4df3cf091a719f50b321fada3f0a.mp3?hdnea=exp=1781745668~acl=/api/1/1/f/9/4/0/f94c4df3cf091a719f50b321fada3f0a.mp3*~data=user_id=0,application_id=42~hmac=bd16a6119c04825bc01c0909b96a30452145447225ba571ac69b9ae7bc387134","On 1 list: Broadway"
"(thematic candidate)","","","","Roxie (Album Version)","Renée Zellweger","Chicago - Music From The Miramax Motion Picture","850102","403570","200","false","https://www.deezer.com/us/track/850102","https://cdnt-preview.dzcdn.net/api/1/1/6/a/e/0/6aef109f28e48f22b48ab17033a9fbf0.mp3?hdnea=exp=1781745669~acl=/api/1/1/6/a/e/0/6aef109f28e48f22b48ab17033a9fbf0.mp3*~data=user_id=0,application_id=42~hmac=e99220ef8f27ed14f711655a863ba5dea4477195aa7a2f6e6c06cf1ce942ed4b","On 1 list: Broadway"
"(thematic candidate)","","","","West Side Story: Act I: Maria","Jim Bryant","West Side Story (Original Motion Picture Soundtrack)","71946990","389595","155","false","https://www.deezer.com/us/track/71946990","https://cdnt-preview.dzcdn.net/api/1/1/b/b/4/0/bb4532ba4cacc814079e793382f891ae.mp3?hdnea=exp=1781745669~acl=/api/1/1/b/b/4/0/bb4532ba4cacc814079e793382f891ae.mp3*~data=user_id=0,application_id=42~hmac=b1fbde1d31b473f3cb4d53249d65ce3aafb934de5cca0f0e819914d8560b8f25","On 1 list: Broadway"
"(thematic candidate)","","","","The Last Ship","Sting","The Last Ship","70386129","389016","230","false","https://www.deezer.com/us/track/70386129","https://cdnt-preview.dzcdn.net/api/1/1/e/3/b/0/e3bc4454d8acc48db79d16b5dcd29b64.mp3?hdnea=exp=1781745671~acl=/api/1/1/e/3/b/0/e3bc4454d8acc48db79d16b5dcd29b64.mp3*~data=user_id=0,application_id=42~hmac=a9b79fb12792194cff6f960c3c4a98d56a0e36d1acf01b464090c1106fe83a81","On 1 list: Broadway"
"(thematic candidate)","","","","Revolting Children","Original Broadway Cast of Matilda The Musical","Matilda the Musical (Deluxe Edition of Original Broadway Cast Recording)","2104082007","388387","153","false","https://www.deezer.com/us/track/2104082007","https://cdnt-preview.dzcdn.net/api/1/1/6/c/0/0/6c0b58331a582a57093f7eb20d64a2d7.mp3?hdnea=exp=1781745670~acl=/api/1/1/6/c/0/0/6c0b58331a582a57093f7eb20d64a2d7.mp3*~data=user_id=0,application_id=42~hmac=1e23db326585d29905af65609c23222ab49c4223e3ff3b49b9576437e26aa0fd","On 1 list: Broadway"
"(thematic candidate)","","","","If I Could Tell Her","Ben Platt","Dear Evan Hansen (Original Broadway Cast Recording)","141338439","385980","248","false","https://www.deezer.com/us/track/141338439","https://cdnt-preview.dzcdn.net/api/1/1/8/9/d/0/89db2feda3008e00ea30951940b34e0f.mp3?hdnea=exp=1781745668~acl=/api/1/1/8/9/d/0/89db2feda3008e00ea30951940b34e0f.mp3*~data=user_id=0,application_id=42~hmac=f21951ce06ca2452848c76dd65673745860e1d8793c3e096e04f68154499d6a1","On 1 list: Broadway"
"(thematic candidate)","","","","Chim Chim Cher-ee (From ""Mary Poppins""/Soundtrack Version)","Dick Van Dyke","Mary Poppins Original Soundtrack","3118724","385339","166","false","https://www.deezer.com/us/track/3118724","https://cdnt-preview.dzcdn.net/api/1/1/a/5/d/0/a5d9209ba046f7cfa9f3c9b2d017e972.mp3?hdnea=exp=1781745671~acl=/api/1/1/a/5/d/0/a5d9209ba046f7cfa9f3c9b2d017e972.mp3*~data=user_id=0,application_id=42~hmac=24d2514d07cf3c895cc7f98628efd32900a31a157517ff59294724dd7a11b112","On 1 list: Broadway Classics"
"(thematic candidate)","","","","For Forever","Ben Platt","Dear Evan Hansen (Broadway Cast Recording) (Deluxe)","576950722","384999","301","false","https://www.deezer.com/us/track/576950722","https://cdnt-preview.dzcdn.net/api/1/1/e/1/1/0/e116e0402b4fb770708d4111994ced96.mp3?hdnea=exp=1781745668~acl=/api/1/1/e/1/1/0/e116e0402b4fb770708d4111994ced96.mp3*~data=user_id=0,application_id=42~hmac=feb21fb223f6244eccd700caa9176aa8e39d3cf63245f5bc3b2234bb15227c20","On 1 list: Broadway"
"(thematic candidate)","","","","A Spoonful of Sugar (From ""Mary Poppins"")","Julie Andrews","Disney Classics","677778572","371272","247","false","https://www.deezer.com/us/track/677778572","https://cdnt-preview.dzcdn.net/api/1/1/2/b/3/0/2b3a56059ca5eaa2e8716592cc5a3760.mp3?hdnea=exp=1781745670~acl=/api/1/1/2/b/3/0/2b3a56059ca5eaa2e8716592cc5a3760.mp3*~data=user_id=0,application_id=42~hmac=a45a34f7da683b1be8282c5490dd5a40869ea7062eb34914c807ee563ad95b4a","On 1 list: Broadway"
"(thematic candidate)","","","","Journey to the Past","Christy Altomare","Anastasia (Original Broadway Cast Recording)","2104086197","366159","196","false","https://www.deezer.com/us/track/2104086197","https://cdnt-preview.dzcdn.net/api/1/1/1/e/b/0/1eb413b9596b30eb2d93b1bbcdaa5d4c.mp3?hdnea=exp=1781745668~acl=/api/1/1/1/e/b/0/1eb413b9596b30eb2d93b1bbcdaa5d4c.mp3*~data=user_id=0,application_id=42~hmac=af3fa9e1d27d9df4a1dd6adea40b679e53fba8a9a89bd527f4d608cfdd7d30e0","On 1 list: Broadway"
"(thematic candidate)","","","","Requiem","Laura Dreyfuss","Dear Evan Hansen (Original Broadway Cast Recording)","141338435","362786","259","false","https://www.deezer.com/us/track/141338435","https://cdnt-preview.dzcdn.net/api/1/1/8/f/b/0/8fb1979d94f928d9fc4e2a75f65128ec.mp3?hdnea=exp=1781745668~acl=/api/1/1/8/f/b/0/8fb1979d94f928d9fc4e2a75f65128ec.mp3*~data=user_id=0,application_id=42~hmac=e53271b84ba8d69e4b3a4e373a56ea9df0d3c0f9ac2b7a7b622021274841c89e","On 1 list: Broadway"
"(thematic candidate)","","","","West Side Story: Act I: Tonight","Jim Bryant","West Side Story (Original Motion Picture Soundtrack)","71946993","357568","400","false","https://www.deezer.com/us/track/71946993","https://cdnt-preview.dzcdn.net/api/1/1/a/4/d/0/a4dd88d044a67186bca9d410efb991cf.mp3?hdnea=exp=1781745669~acl=/api/1/1/a/4/d/0/a4dd88d044a67186bca9d410efb991cf.mp3*~data=user_id=0,application_id=42~hmac=b9d50c1e623d64bfb5d1d93df9eb41124508d3bb701f17f3966d098494b3ce0b","On 1 list: Broadway"
"(thematic candidate)","","","","Follow The Yellow Brick Road / You're Off To See The Wizard","Judy Garland","The Wizard of Oz (Original Motion Picture Soundtrack) (Deluxe Edition)","647350662","355642","49","false","https://www.deezer.com/us/track/647350662","https://cdnt-preview.dzcdn.net/api/1/1/d/2/8/0/d28048bf1426e23d23c2f89e7a2d6a6c.mp3?hdnea=exp=1781745670~acl=/api/1/1/d/2/8/0/d28048bf1426e23d23c2f89e7a2d6a6c.mp3*~data=user_id=0,application_id=42~hmac=50c3f3d1eecdd1d1b7486817102439889cf162979b221dadd7d6338787361689","On 1 list: Broadway"
"(thematic candidate)","","","","Two by Two","Andrew Rannells","The Book Of Mormon (Original Broadway Cast Recording)","393557152","351550","271","false","https://www.deezer.com/us/track/393557152","https://cdnt-preview.dzcdn.net/api/1/1/f/5/c/0/f5c02fd7a86c0357324be4d082711bf6.mp3?hdnea=exp=1781745670~acl=/api/1/1/f/5/c/0/f5c02fd7a86c0357324be4d082711bf6.mp3*~data=user_id=0,application_id=42~hmac=10068b01fa4212011159e5db909d4de0be3f8fe63c0aa7ed16951dca84972dbf","On 1 list: Broadway"
"(thematic candidate)","","","","You and Me (But Mostly Me)","Josh Gad","The Book Of Mormon (Original Broadway Cast Recording)","393557162","350515","163","false","https://www.deezer.com/us/track/393557162","https://cdnt-preview.dzcdn.net/api/1/1/1/2/8/0/12819ec558a867c3fdcb105e9e465fd8.mp3?hdnea=exp=1781745673~acl=/api/1/1/1/2/8/0/12819ec558a867c3fdcb105e9e465fd8.mp3*~data=user_id=0,application_id=42~hmac=410af63d919d926401f423a6b6e9983a2744b47c4217abf3e83429d4a7469ca0","On 1 list: Hello, Broadway! Hits from Musicals"
"(thematic candidate)","","","","So Much Better","Laura Bell Bundy","Legally Blonde The Musical (Original Broadway Cast Recording)","393556992","347663","209","false","https://www.deezer.com/us/track/393556992","https://cdnt-preview.dzcdn.net/api/1/1/4/a/3/0/4a3a315e60040d640ec6d9d2ca9da662.mp3?hdnea=exp=1781745669~acl=/api/1/1/4/a/3/0/4a3a315e60040d640ec6d9d2ca9da662.mp3*~data=user_id=0,application_id=42~hmac=a68dd545c4338fdc670439eaa147f93de4c07bdcdb07b434460cc1a24ed625c4","On 1 list: Broadway"
"(thematic candidate)","","","","Ease On Down The Road #1 (From ""The Wiz"" Soundtrack)","Diana Ross","The Wiz","2523776","340636","234","false","https://www.deezer.com/us/track/2523776","https://cdnt-preview.dzcdn.net/api/1/1/9/c/e/0/9ce04c833856e78f479b90b6f0b62d95.mp3?hdnea=exp=1781745670~acl=/api/1/1/9/c/e/0/9ce04c833856e78f479b90b6f0b62d95.mp3*~data=user_id=0,application_id=42~hmac=c2218501db938b4d57a5f8a4a6bd82b0b35f1f56038a56225f919dc31c6599ae","On 1 list: Broadway"
"(thematic candidate)","","","","Only Us","Laura Dreyfuss","Dear Evan Hansen (Original Broadway Cast Recording)","141338459","338517","227","false","https://www.deezer.com/us/track/141338459","https://cdnt-preview.dzcdn.net/api/1/1/2/5/9/0/259f830b680ddcf52717171ebabb00ff.mp3?hdnea=exp=1781745669~acl=/api/1/1/2/5/9/0/259f830b680ddcf52717171ebabb00ff.mp3*~data=user_id=0,application_id=42~hmac=8517ec0ab31ed76edf6100b04d55efa0ff0d796fa05b990ecc50109231e0b9c5","On 1 list: Broadway"
"(thematic candidate)","","","","You Can't Stop The Beat","Motion Picture Cast of Hairspray","Hairspray - Soundtrack To The Motion Picture (Collector's Edition)","647303022","336343","324","false","https://www.deezer.com/us/track/647303022","https://cdnt-preview.dzcdn.net/api/1/1/9/d/a/0/9da2ba44cee00cac528399b063419fe8.mp3?hdnea=exp=1781745671~acl=/api/1/1/9/d/a/0/9da2ba44cee00cac528399b063419fe8.mp3*~data=user_id=0,application_id=42~hmac=980217d6fbc582cfaa34663928295e48296767fc8ac8978443c54029180fe929","On 1 list: Broadway Classics"
"(thematic candidate)","","","","Dammit Janet","Susan Sarandon","The Rocky Horror Picture Show - Original Soundtrack","2412061","335552","166","false","https://www.deezer.com/us/track/2412061","https://cdnt-preview.dzcdn.net/api/1/1/0/d/9/0/0d9574fd01faed2b89b9d356747e6c13.mp3?hdnea=exp=1781745669~acl=/api/1/1/0/d/9/0/0d9574fd01faed2b89b9d356747e6c13.mp3*~data=user_id=0,application_id=42~hmac=6af9821e3cd25d80e32744ee2156b5e5f2c3f9fcb98195b1f8a21b9087ed4d67","On 1 list: Broadway"
"(thematic candidate)","","","","West Side Story: Act I: Jet Song","Russ Tamblyn","West Side Story (Original Motion Picture Soundtrack)","71946985","329456","125","false","https://www.deezer.com/us/track/71946985","https://cdnt-preview.dzcdn.net/api/1/1/1/f/b/0/1fb97b67193f5cce45617b7f5fb56529.mp3?hdnea=exp=1781745671~acl=/api/1/1/1/f/b/0/1fb97b67193f5cce45617b7f5fb56529.mp3*~data=user_id=0,application_id=42~hmac=00720f088afd7fba69b683f097d49be5e23d18b8ce2665bae5ec009e1dc14052","On 1 list: Broadway Classics"
"(thematic candidate)","","","","Good For You","Rachel Bay Jones","Dear Evan Hansen (Original Broadway Cast Recording)","141338461","325706","185","false","https://www.deezer.com/us/track/141338461","https://cdnt-preview.dzcdn.net/api/1/1/1/8/a/0/18aacfc3ce482e02977ead78df36b757.mp3?hdnea=exp=1781745669~acl=/api/1/1/1/8/a/0/18aacfc3ce482e02977ead78df36b757.mp3*~data=user_id=0,application_id=42~hmac=582c1513161c4fce14dc9ced5ed113b6f4eb8e9a6564124db36f27588d6ed4c0","On 1 list: Broadway"
"(thematic candidate)","","","","Suddenly Seymour","Alan Menken","Little Shop Of Horrors - New Broadway Cast","66001424","324003","218","false","https://www.deezer.com/us/track/66001424","https://cdnt-preview.dzcdn.net/api/1/1/f/9/0/0/f908e3dd906553cc9b8a022d2238ab67.mp3?hdnea=exp=1781745669~acl=/api/1/1/f/9/0/0/f908e3dd906553cc9b8a022d2238ab67.mp3*~data=user_id=0,application_id=42~hmac=cb0f07fe484d822a3ffceca048d2b266a3875dc4e36bc46f4f7bf5c6a8843ed2","On 1 list: Broadway"
"(thematic candidate)","","","","Opening Up","Jessie Mueller","Waitress (Original Broadway Cast Recording)","125627152","322852","154","false","https://www.deezer.com/us/track/125627152","https://cdnt-preview.dzcdn.net/api/1/1/2/2/e/0/22ecdd44eca2c709741807e33e34cb7f.mp3?hdnea=exp=1781745669~acl=/api/1/1/2/2/e/0/22ecdd44eca2c709741807e33e34cb7f.mp3*~data=user_id=0,application_id=42~hmac=11432409f21ba7619361acb7c463de0840c90c0d8bd67d4974b97b71ed2c9474","On 1 list: Broadway"
"(thematic candidate)","","","","Skid Row (Downtown)","Alan Menken","Little Shop Of Horrors - New Broadway Cast","66001410","318812","247","false","https://www.deezer.com/us/track/66001410","https://cdnt-preview.dzcdn.net/api/1/1/b/9/c/0/b9c6e9a62018c6e8aa8b6d2a491b3487.mp3?hdnea=exp=1781745669~acl=/api/1/1/b/9/c/0/b9c6e9a62018c6e8aa8b6d2a491b3487.mp3*~data=user_id=0,application_id=42~hmac=41d4c316798da994bbbf44d77825ffaf539fe1fe2637f3cc67dcb71ba179644c","On 1 list: Broadway"
"(thematic candidate)","","","","Anybody Have a Map?","Rachel Bay Jones","Dear Evan Hansen (Broadway Cast Recording) (Deluxe)","576950702","313153","146","false","https://www.deezer.com/us/track/576950702","https://cdnt-preview.dzcdn.net/api/1/1/1/d/0/0/1d0b11c7e42399e3a10184f7896b376f.mp3?hdnea=exp=1781745668~acl=/api/1/1/1/d/0/0/1d0b11c7e42399e3a10184f7896b376f.mp3*~data=user_id=0,application_id=42~hmac=fd0b95a70de8c3bb878510cd1310531e98c63a2861fe8c12cb6b75a710b8ed54","On 1 list: Broadway"
"(thematic candidate)","","","","Mister Cellophane (Album Version)","John C. Reilly","Chicago - Music From The Miramax Motion Picture","850111","312742","236","false","https://www.deezer.com/us/track/850111","https://cdnt-preview.dzcdn.net/api/1/1/6/1/8/0/6188a7cbc78e54b7a06e6881ac8585dc.mp3?hdnea=exp=1781745669~acl=/api/1/1/6/1/8/0/6188a7cbc78e54b7a06e6881ac8585dc.mp3*~data=user_id=0,application_id=42~hmac=9c3b4edf12e03dba6edac1051a718817ddb71493b77d26bdfe724e2511431c3d","On 1 list: Broadway"
"(thematic candidate)","","","","Words Fail","Ben Platt","Dear Evan Hansen (Original Broadway Cast Recording)","141338463","311083","351","false","https://www.deezer.com/us/track/141338463","https://cdnt-preview.dzcdn.net/api/1/1/7/3/4/0/7344493f8409de2b4fd4d8c4abc30283.mp3?hdnea=exp=1781745669~acl=/api/1/1/7/3/4/0/7344493f8409de2b4fd4d8c4abc30283.mp3*~data=user_id=0,application_id=42~hmac=9ccf2c4526c4941782aebc0472fff8611596478330fc092ebd02e6ca900bbae4","On 1 list: Broadway"
"(thematic candidate)","","","","I'm Here","Cynthia Erivo","The Color Purple (New Broadway Cast Recording)","2104074167","310625","271","false","https://www.deezer.com/us/track/2104074167","https://cdnt-preview.dzcdn.net/api/1/1/e/b/a/0/ebafc4cf390d146de360f84dc13706cd.mp3?hdnea=exp=1781745670~acl=/api/1/1/e/b/a/0/ebafc4cf390d146de360f84dc13706cd.mp3*~data=user_id=0,application_id=42~hmac=04c2df6370bff2df7f6e08b75982e3400c25737273740d73e87ed5b3c515b578","On 1 list: Broadway"
"(thematic candidate)","","","","Bad Idea","Jessie Mueller","Waitress (Original Broadway Cast Recording)","125627172","307765","186","false","https://www.deezer.com/us/track/125627172","https://cdnt-preview.dzcdn.net/api/1/1/9/5/f/0/95fe382d649f84b977fd102eb2b047dd.mp3?hdnea=exp=1781745668~acl=/api/1/1/9/5/f/0/95fe382d649f84b977fd102eb2b047dd.mp3*~data=user_id=0,application_id=42~hmac=4aa13ee54025cce95e3ee6c01b4a04e7dcd2d3a47e059e4c77d32cddbfcfa97d","On 1 list: Broadway"
"(thematic candidate)","","","","West Side Story: Act I: Dance at the Gym: Blues - Promenade - Mambo - Pas de deux - Jump","Johnny Green","West Side Story (Original Motion Picture Soundtrack)","71946988","307477","567","false","https://www.deezer.com/us/track/71946988","https://cdnt-preview.dzcdn.net/api/1/1/4/4/d/0/44d0edb2e5673745af217d48df96fc7b.mp3?hdnea=exp=1781745671~acl=/api/1/1/4/4/d/0/44d0edb2e5673745af217d48df96fc7b.mp3*~data=user_id=0,application_id=42~hmac=fc0431c96d4af4a064f488bc7999e89409e224977268eb8259aee18eca50e8fb","On 1 list: Broadway Classics"
"(thematic candidate)","","","","And I Am Telling You I'm Not Going","Jennifer Hudson","Dreamgirls (Music from the Motion Picture) [Deluxe Edition]","14876343","305650","305","false","https://www.deezer.com/us/track/14876343","https://cdnt-preview.dzcdn.net/api/1/1/0/4/b/0/04b716b071559027d2e1e6af55a85ef4.mp3?hdnea=exp=1781745670~acl=/api/1/1/0/4/b/0/04b716b071559027d2e1e6af55a85ef4.mp3*~data=user_id=0,application_id=42~hmac=a0935c79d828738bc80bebca321962cac91361cc47d83629b8682ca2ffa86969","On 1 list: Broadway"
"(thematic candidate)","","","","What Baking Can Do","Jessie Mueller","Waitress (Original Broadway Cast Recording)","125627156","304797","210","false","https://www.deezer.com/us/track/125627156","https://cdnt-preview.dzcdn.net/api/1/1/a/9/e/0/a9e764188617976a2180ed4023a0faaf.mp3?hdnea=exp=1781745669~acl=/api/1/1/a/9/e/0/a9e764188617976a2180ed4023a0faaf.mp3*~data=user_id=0,application_id=42~hmac=2d0b5d849124b9f3416728b29b082fd89771f67c625f494e948301cbd50e9895","On 1 list: Broadway"
"(thematic candidate)","","","","Prologue: Into the Woods","Company - Into the Woods (Motion Picture Cast)","Into the Woods (Original Motion Picture Soundtrack)","90945563","299076","875","false","https://www.deezer.com/us/track/90945563","https://cdnt-preview.dzcdn.net/api/1/1/7/5/5/0/755af27607c482611917320709648e0e.mp3?hdnea=exp=1781745669~acl=/api/1/1/7/5/5/0/755af27607c482611917320709648e0e.mp3*~data=user_id=0,application_id=42~hmac=519fd1b060e69663fd59e09383209f2266451effad4782a841d7973021438335","On 1 list: Broadway"
"(thematic candidate)","","","","Jump, Jive, An' Wail (Remastered)","Louis Prima","The Wildest! (Expanded Edition)","3099301","297341","209","false","https://www.deezer.com/us/track/3099301","https://cdnt-preview.dzcdn.net/api/1/1/c/c/3/0/cc30138a8c2402115db66a3f4bd385d8.mp3?hdnea=exp=1781745670~acl=/api/1/1/c/c/3/0/cc30138a8c2402115db66a3f4bd385d8.mp3*~data=user_id=0,application_id=42~hmac=9112f6da4cc979de270089ce50c62085ec4c3be2972bf6f401acbc3b07a72e40","On 1 list: Broadway"
"(thematic candidate)","","","","The Life I Lead","David Tomlinson","Mary Poppins Original Soundtrack","3118713","296351","120","false","https://www.deezer.com/us/track/3118713","https://cdnt-preview.dzcdn.net/api/1/1/d/0/b/0/d0b1d46cdd408e55ea8df9d218bb5056.mp3?hdnea=exp=1781745671~acl=/api/1/1/d/0/b/0/d0b1d46cdd408e55ea8df9d218bb5056.mp3*~data=user_id=0,application_id=42~hmac=40fe0bcabb562e0a2a6d7139a2ac31b72f765768114315a4c10279f6792a16b5","On 1 list: Broadway Classics"
"(thematic candidate)","","","","If I Were A Rich Man","John Williams","Fiddler On The Roof (Original Motion Picture Soundtrack)","3142440","294004","325","false","https://www.deezer.com/us/track/3142440","https://cdnt-preview.dzcdn.net/api/1/1/0/5/0/0/05028eb0dd8ba1b0ffa6faba6d200ba3.mp3?hdnea=exp=1781745669~acl=/api/1/1/0/5/0/0/05028eb0dd8ba1b0ffa6faba6d200ba3.mp3*~data=user_id=0,application_id=42~hmac=8fe3b4efefd6b068a99e9498bf577d3e22d424672c3343580f7739e9774b4ec5","On 1 list: Broadway"
"(thematic candidate)","","","","I'd Rather Be Me","Barrett Wilbert Weed","Mean Girls (Original Broadway Cast Recording)","499199162","293691","170","false","https://www.deezer.com/us/track/499199162","https://cdnt-preview.dzcdn.net/api/1/1/a/b/0/0/ab03f497abbb38876dc5ffba0be09a8f.mp3?hdnea=exp=1781745671~acl=/api/1/1/a/b/0/0/ab03f497abbb38876dc5ffba0be09a8f.mp3*~data=user_id=0,application_id=42~hmac=cad6a946d74cd32389602807f651344ee1268927601cf7ba7e2637131499fcba","On 1 list: Broadway"
"(thematic candidate)","","","","Wait for Me (Reprise)","Andre De Shields","Wait for Me (Reprise)","710340572","292684","192","false","https://www.deezer.com/us/track/710340572","https://cdnt-preview.dzcdn.net/api/1/1/e/e/b/0/eebdc084fcf2facc603c8420d4f82400.mp3?hdnea=exp=1781745669~acl=/api/1/1/e/e/b/0/eebdc084fcf2facc603c8420d4f82400.mp3*~data=user_id=0,application_id=42~hmac=bd786a1228cb932a1411be5e1a8bc2966042876209b386158a574b80e1cc0294","On 1 list: Broadway"
"(thematic candidate)","","","","Stick It to the Man","The Original Broadway Cast Of School Of Rock","School of Rock: The Musical (Original Cast Recording)","113564960","291895","192","false","https://www.deezer.com/us/track/113564960","https://cdnt-preview.dzcdn.net/api/1/1/0/e/f/0/0efabb599c145978d74b48f371c1accf.mp3?hdnea=exp=1781745670~acl=/api/1/1/0/e/f/0/0efabb599c145978d74b48f371c1accf.mp3*~data=user_id=0,application_id=42~hmac=460a8e6cda9e90db7ce09c47de0e928ff1ddef280a2223b68444afc71aa8ac5a","On 1 list: Broadway"
"(thematic candidate)","","","","Evergreen (Love Theme from ""A Star Is Born"")","Barbra Streisand","The Ultimate Collection","7365587","290759","185","false","https://www.deezer.com/us/track/7365587","https://cdnt-preview.dzcdn.net/api/1/1/6/d/b/0/6db93ef724cdcdba3cb49bfd5019c2a6.mp3?hdnea=exp=1781745670~acl=/api/1/1/6/d/b/0/6db93ef724cdcdba3cb49bfd5019c2a6.mp3*~data=user_id=0,application_id=42~hmac=c24a84bb76bb0284e450e6354380cc2ae2e395a07caaaf3dcbc115d219419474","On 1 list: Broadway"
"(thematic candidate)","","","","The Ballad of Sara Berry","Lindsay Mendez","35MM: A Musical Exhibition (Original Cast Recording)","422961132","290643","289","false","https://www.deezer.com/us/track/422961132","https://cdnt-preview.dzcdn.net/api/1/1/5/9/7/0/597b8e2c0414e338e857617bef0a4b5b.mp3?hdnea=exp=1781745671~acl=/api/1/1/5/9/7/0/597b8e2c0414e338e857617bef0a4b5b.mp3*~data=user_id=0,application_id=42~hmac=a47b1341962d5ccfb3676c3c01809db3ff9b97004b8de94aa8161908d235bb0f","On 1 list: Broadway"
"(thematic candidate)","","","","When I Kissed The Teacher","Lily James","Mamma Mia! Here We Go Again (Original Motion Picture Soundtrack / Singalong Version)","588221282","289135","182","false","https://www.deezer.com/us/track/588221282","https://cdnt-preview.dzcdn.net/api/1/1/b/1/1/0/b11118437f384e0ab4902cf84fc5899c.mp3?hdnea=exp=1781745668~acl=/api/1/1/b/1/1/0/b11118437f384e0ab4902cf84fc5899c.mp3*~data=user_id=0,application_id=42~hmac=fdcb6a0b97456bb83ec298387a4f16f600d8898adcf8882a5d8be7c3f4dde044","On 1 list: Broadway"
"(thematic candidate)","","","","Congratulations","Dessa","The Hamilton Mixtape","137041178","288421","131","false","https://www.deezer.com/us/track/137041178","https://cdnt-preview.dzcdn.net/api/1/1/6/8/a/0/68a00450f34fc902b6e67fc3fbe59844.mp3?hdnea=exp=1781745674~acl=/api/1/1/6/8/a/0/68a00450f34fc902b6e67fc3fbe59844.mp3*~data=user_id=0,application_id=42~hmac=893084c8b02dbd4b3ebc62bb92774fdc92ec31549724441fd449794a5e191c18","On 1 list: Hamilton: The Complete Playlist"
"(thematic candidate)","","","","Out Tonight","Rosario Dawson","RENT (Original Motion Picture Soundtrack)","3664299","286700","234","false","https://www.deezer.com/us/track/3664299","https://cdnt-preview.dzcdn.net/api/1/1/6/c/b/0/6cb330536f7f56f7ec58f062871c3e11.mp3?hdnea=exp=1781745669~acl=/api/1/1/6/c/b/0/6cb330536f7f56f7ec58f062871c3e11.mp3*~data=user_id=0,application_id=42~hmac=70fc956db4406a0a3e40059a782c9ffdfed2511d92ce340e6c9cbbe485bcd3e7","On 1 list: Broadway"
"(thematic candidate)","","","","What You Want","Annaleigh Ashford","Legally Blonde The Musical (Original Broadway Cast Recording)","393556912","283334","487","false","https://www.deezer.com/us/track/393556912","https://cdnt-preview.dzcdn.net/api/1/1/0/e/8/0/0e8de47605afa553280ab0e8f10a1a3b.mp3?hdnea=exp=1781745670~acl=/api/1/1/0/e/8/0/0e8de47605afa553280ab0e8f10a1a3b.mp3*~data=user_id=0,application_id=42~hmac=cc3129869221464d7282bc8494f40b71f3161c9c39ed381fe55740d51d8e0b10","On 1 list: Broadway"
"(thematic candidate)","","","","Still Hurting","Anna Kendrick","The Last Five Years (Original Motion Picture Soundtrack)","422982372","282953","335","false","https://www.deezer.com/us/track/422982372","https://cdnt-preview.dzcdn.net/api/1/1/8/b/3/0/8b3c8fd8d9e5f4e675c29eba03f109ea.mp3?hdnea=exp=1781745669~acl=/api/1/1/8/b/3/0/8b3c8fd8d9e5f4e675c29eba03f109ea.mp3*~data=user_id=0,application_id=42~hmac=ee64ecd9b26defb593c18c522eeed4e517a58eec82a7f638d8087ed01631c23f","On 1 list: Broadway"
"(thematic candidate)","","","","Light My Candle","Adam Pascal","RENT (Original Motion Picture Soundtrack)","3664295","275542","250","false","https://www.deezer.com/us/track/3664295","https://cdnt-preview.dzcdn.net/api/1/1/9/a/1/0/9a1d4ed6700900fc7c83db3666709712.mp3?hdnea=exp=1781745670~acl=/api/1/1/9/a/1/0/9a1d4ed6700900fc7c83db3666709712.mp3*~data=user_id=0,application_id=42~hmac=42fc41063630197f60a56914ba95fbeb170d27c40a46acb65e330eb4dd5869cd","On 1 list: Broadway"
"(thematic candidate)","","","","Bend and Snap","Annaleigh Ashford","Legally Blonde The Musical (Original Broadway Cast Recording)","393557022","272734","200","false","https://www.deezer.com/us/track/393557022","https://cdnt-preview.dzcdn.net/api/1/1/b/c/c/0/bcc9d822f1885d805f0d7c23833a3764.mp3?hdnea=exp=1781745670~acl=/api/1/1/b/c/c/0/bcc9d822f1885d805f0d7c23833a3764.mp3*~data=user_id=0,application_id=42~hmac=7e5c2989a572f307415936ea0a39f8985b1cfbab306a344020750cd0a68af93f","On 1 list: Broadway"
"(thematic candidate)","","","","Seasons of Love (From the Motion Picture RENT)","Cast Of Rent","Seasons of Love (From the Motion Picture RENT)","3911216","270758","182","false","https://www.deezer.com/us/track/3911216","https://cdnt-preview.dzcdn.net/api/1/1/0/2/f/0/02fdc481bfd427086da081182d30acd6.mp3?hdnea=exp=1781745671~acl=/api/1/1/0/2/f/0/02fdc481bfd427086da081182d30acd6.mp3*~data=user_id=0,application_id=42~hmac=782f368c723bcfce7991d4f751cf45568c7663092b3e20a6486563144038f2e1","On 1 list: Broadway Classics"
"(thematic candidate)","","","","Your Fault","Daniel Huttlestone","Into the Woods (Original Motion Picture Soundtrack)","90945593","270695","117","false","https://www.deezer.com/us/track/90945593","https://cdnt-preview.dzcdn.net/api/1/1/7/3/2/0/73267ae49be1dc61844cad435642369a.mp3?hdnea=exp=1781745669~acl=/api/1/1/7/3/2/0/73267ae49be1dc61844cad435642369a.mp3*~data=user_id=0,application_id=42~hmac=595fea7490e425766bfd71e9a21ee77a8df625d3e267124e88264e96ea131121","On 1 list: Broadway"
"(thematic candidate)","","","","Agony","Chris Pine","Into the Woods (Original Motion Picture Soundtrack)","90945575","270632","152","false","https://www.deezer.com/us/track/90945575","https://cdnt-preview.dzcdn.net/api/1/1/3/e/e/0/3ee90097256e9dd2f7ece68a22f17365.mp3?hdnea=exp=1781745668~acl=/api/1/1/3/e/e/0/3ee90097256e9dd2f7ece68a22f17365.mp3*~data=user_id=0,application_id=42~hmac=2cf8258213bb9ca9e0ef0876b612b6d9c32de5eea743d06ac4527539d10d9039","On 1 list: Broadway"
"(thematic candidate)","","","","Don't Rain On My Parade","Barbra Streisand","The Essential Barbra Streisand","625683","269740","165","false","https://www.deezer.com/us/track/625683","https://cdnt-preview.dzcdn.net/api/1/1/e/d/3/0/ed3f5432fadb8c21417534ba394a28ba.mp3?hdnea=exp=1781745668~acl=/api/1/1/e/d/3/0/ed3f5432fadb8c21417534ba394a28ba.mp3*~data=user_id=0,application_id=42~hmac=b0dd2d56815b49af20924875854a0e37a5ce3275566e6075ec4b4721bb1a6e70","On 1 list: Broadway"
"(thematic candidate)","","","","It Only Takes A Moment","Michael Crawford","Hello, Dolly!","2305917","268554","252","false","https://www.deezer.com/us/track/2305917","https://cdnt-preview.dzcdn.net/api/1/1/1/5/5/0/155747c095ada4ea00503985b874fb4e.mp3?hdnea=exp=1781745669~acl=/api/1/1/1/5/5/0/155747c095ada4ea00503985b874fb4e.mp3*~data=user_id=0,application_id=42~hmac=82f8af98d0254dec393db02336e95402a012437091939b5acae469a0b0d872ab","On 1 list: Broadway"
"(thematic candidate)","","","","My Shot (feat. Busta Rhymes, Joell Ortiz & Nate Ruess) (Rise Up Remix)","The Roots","My Shot (feat. Busta Rhymes, Joell Ortiz & Nate Ruess) [Rise Up Remix] [from The Hamilton Mixtape]","135451970","266951","270","false","https://www.deezer.com/us/track/135451970","https://cdnt-preview.dzcdn.net/api/1/1/e/f/0/0/ef02fa123f6dbf7631385e232acd1801.mp3?hdnea=exp=1781745674~acl=/api/1/1/e/f/0/0/ef02fa123f6dbf7631385e232acd1801.mp3*~data=user_id=0,application_id=42~hmac=73c454fcfabd044a8b207411dcf7f3918054a7923a1861df4b44fdd208d32b1f","On 1 list: Hamilton: The Complete Playlist"
"(thematic candidate)","","","","Seasons of Love","Rosario Dawson","RENT (Selections from the Original Motion Picture Soundtrack)","680155","266140","182","false","https://www.deezer.com/us/track/680155","https://cdnt-preview.dzcdn.net/api/1/1/7/1/a/0/71abf81ed4e8fca7d5afbf4310c354e5.mp3?hdnea=exp=1781745668~acl=/api/1/1/7/1/a/0/71abf81ed4e8fca7d5afbf4310c354e5.mp3*~data=user_id=0,application_id=42~hmac=3d79eae5a83481406bb424de597fd84560b88ad48c7958bc964d91dd1937f7ec","On 1 list: Broadway"
"(thematic candidate)","","","","Time Warp","The New Musical Cast","A Salute To The Rocky Horror Picture Show - The Musical","1383129","263269","194","false","https://www.deezer.com/us/track/1383129","https://cdnt-preview.dzcdn.net/api/1/1/0/d/a/0/0da483d543033f73415ddad2615c622b.mp3?hdnea=exp=1781745671~acl=/api/1/1/0/d/a/0/0da483d543033f73415ddad2615c622b.mp3*~data=user_id=0,application_id=42~hmac=052b00c9cc5efe329dc9906fbadf2ef35979a872b561eef01a539562f744c1cf","On 1 list: Broadway Classics"
"(thematic candidate)","","","","Moving Too Fast","Jeremy Jordan","The Last Five Years (Original Motion Picture Soundtrack)","422982402","262755","244","false","https://www.deezer.com/us/track/422982402","https://cdnt-preview.dzcdn.net/api/1/1/3/3/5/0/335bdddd5d667134c12f83b2fa30c97c.mp3?hdnea=exp=1781745670~acl=/api/1/1/3/3/5/0/335bdddd5d667134c12f83b2fa30c97c.mp3*~data=user_id=0,application_id=42~hmac=9930eeb3e33a960eddee3f3ef6a88b041b478628ca3bf43211060ec0a81bb193","On 1 list: Broadway"
"(thematic candidate)","","","","Our Last Summer (From 'Mamma Mia!' Original Motion Picture Soundtrack)","Colin Firth","Mamma Mia! The Movie Soundtrack","915801","261349","177","false","https://www.deezer.com/us/track/915801","https://cdnt-preview.dzcdn.net/api/1/1/a/3/7/0/a3779d02bea5ee9252416cd87130f7c2.mp3?hdnea=exp=1781745669~acl=/api/1/1/a/3/7/0/a3779d02bea5ee9252416cd87130f7c2.mp3*~data=user_id=0,application_id=42~hmac=f434ca3c38d9fc00fe795058fc38ade3cff8f6fd110ce61ff0298bf3c3e9e254","On 1 list: Broadway"
"(thematic candidate)","","","","Prologue / Little Shop Of Horrors","Alan Menken","Little Shop Of Horrors - New Broadway Cast","66001409","259141","203","false","https://www.deezer.com/us/track/66001409","https://cdnt-preview.dzcdn.net/api/1/1/b/3/2/0/b320fabdb4cfe2aef05c44fd7d7dcf96.mp3?hdnea=exp=1781745669~acl=/api/1/1/b/3/2/0/b320fabdb4cfe2aef05c44fd7d7dcf96.mp3*~data=user_id=0,application_id=42~hmac=fa0ecf38e772914716b1531682633f50c206e94913e47056073721c00bf59f4a","On 1 list: Broadway"
"(thematic candidate)","","","","Immigrants (We Get The Job Done)","K'NAAN","Immigrants (We Get The Job Done) [from The Hamilton Mixtape]","135876000","258455","281","true","https://www.deezer.com/us/track/135876000","https://cdnt-preview.dzcdn.net/api/1/1/7/f/7/0/7f74c34cdd25c9fec0d5df5326506e13.mp3?hdnea=exp=1781745674~acl=/api/1/1/7/f/7/0/7f74c34cdd25c9fec0d5df5326506e13.mp3*~data=user_id=0,application_id=42~hmac=e82b9697ad5a931f0e74c93cbbf16faa5c030c89a50fd046518aed04de492683","On 1 list: Hamilton: The Complete Playlist"
"(thematic candidate)","","","","Raise You Up / Just Be","Full Company","Kinky Boots (Original Broadway Cast Recording)","67420620","257464","369","false","https://www.deezer.com/us/track/67420620","https://cdnt-preview.dzcdn.net/api/1/1/f/8/9/0/f893396d9dc45d9f4b2924e1c0f5cd80.mp3?hdnea=exp=1781745670~acl=/api/1/1/f/8/9/0/f893396d9dc45d9f4b2924e1c0f5cd80.mp3*~data=user_id=0,application_id=42~hmac=46dea28e7a28c84a1c95273fbbceff00794d7e275e70acf1fda08fbe2de8137f","On 1 list: Broadway"
"(thematic candidate)","","","","And I Am Telling You I'm Not Going (Original Broadway Cast/1982)","Jennifer Holliday","Dreamgirls: Original Broadway Cast Album (25th Anniversary Special Edition)","1110776","257033","246","false","https://www.deezer.com/us/track/1110776","https://cdnt-preview.dzcdn.net/api/1/1/6/e/0/0/6e0d107a7966c8fcec416144d95525a3.mp3?hdnea=exp=1781745672~acl=/api/1/1/6/e/0/0/6e0d107a7966c8fcec416144d95525a3.mp3*~data=user_id=0,application_id=42~hmac=85f97310e0d48f166354ba17df07e0ff5a1549bbe1c99dafab2b1cf4fecd1f56","On 1 list: Broadway Hits"
"(thematic candidate)","","","","The Movie In My Mind (Live)","Miss Saigon Original Cast","Miss Saigon: The Definitive Live Recording (Original Cast Recording / Deluxe)","85271004","255100","306","false","https://www.deezer.com/us/track/85271004","https://cdnt-preview.dzcdn.net/api/1/1/b/6/9/0/b6981259ab44387c5bc236d7de2a04d5.mp3?hdnea=exp=1781745670~acl=/api/1/1/b/6/9/0/b6981259ab44387c5bc236d7de2a04d5.mp3*~data=user_id=0,application_id=42~hmac=0432081003a6b62b71f6a4ef76578e8f646d06ec47f4ee2e8caa4d6dfbfdb7fb","On 1 list: Broadway"
"(thematic candidate)","","","","La Vie Boheme","Cast Of The Motion Picture Rent","RENT (Original Motion Picture Soundtrack)","3664305","254900","419","false","https://www.deezer.com/us/track/3664305","https://cdnt-preview.dzcdn.net/api/1/1/3/5/e/0/35e10d21443138a7e585a83e55748e4a.mp3?hdnea=exp=1781745669~acl=/api/1/1/3/5/e/0/35e10d21443138a7e585a83e55748e4a.mp3*~data=user_id=0,application_id=42~hmac=64d39d0c72f93ef97945ed0b5d8b399e321c482debc5fb8a43c8bd0472deb997","On 1 list: Broadway"
"(thematic candidate)","","","","Razzle Dazzle (Album Version)","Richard Gere","Chicago - Music From The Miramax Motion Picture","850114","253168","225","false","https://www.deezer.com/us/track/850114","https://cdnt-preview.dzcdn.net/api/1/1/b/5/9/0/b59321d98920e4480ed362035aaf329a.mp3?hdnea=exp=1781745669~acl=/api/1/1/b/5/9/0/b59321d98920e4480ed362035aaf329a.mp3*~data=user_id=0,application_id=42~hmac=17fbd67bf62e123dbd488241a8f57bde92b9c36515de395b3a971b039b3ac371","On 1 list: Broadway"
"(thematic candidate)","","","","Last Dance","LaChanze","Summer: The Donna Summer Musical","530877181","252695","183","false","https://www.deezer.com/us/track/530877181","https://cdnt-preview.dzcdn.net/api/1/1/7/4/4/0/744beaf3ec26bd3e497806358244019e.mp3?hdnea=exp=1781745672~acl=/api/1/1/7/4/4/0/744beaf3ec26bd3e497806358244019e.mp3*~data=user_id=0,application_id=42~hmac=5e5eccbd1b0cd19f18c367945fe519a8a38db793a910f82814b9b7dde21f6fe7","On 1 list: Broadway Hits"
"(thematic candidate)","","","","Slipping Through My Fingers (From 'Mamma Mia!' Original Motion Picture Soundtrack)","Meryl Streep","Mamma Mia! The Movie Soundtrack","915814","251166","230","false","https://www.deezer.com/us/track/915814","https://cdnt-preview.dzcdn.net/api/1/1/1/9/1/0/191f86f0f3d9f9e8138ae9641c77d5ed.mp3?hdnea=exp=1781745669~acl=/api/1/1/1/9/1/0/191f86f0f3d9f9e8138ae9641c77d5ed.mp3*~data=user_id=0,application_id=42~hmac=a33ed4d98d4572b6affff4077a9a9824a7abca00a64c55091922c77a14af1f66","On 1 list: Broadway"
"(thematic candidate)","","","","The Thrill of First Love","Christian Borle","Falsettos (2016 Broadway Cast Recording)","394747272","250673","252","false","https://www.deezer.com/us/track/394747272","https://cdnt-preview.dzcdn.net/api/1/1/1/5/2/0/15246a4b285e8aed44a9b501d5dde717.mp3?hdnea=exp=1781745672~acl=/api/1/1/1/5/2/0/15246a4b285e8aed44a9b501d5dde717.mp3*~data=user_id=0,application_id=42~hmac=72749f95a69c6c7fa1e6f619987051551009f2cf29e17bb467dd47c6f016ea56","On 1 list: Broadway Hits"
"(thematic candidate)","","","","Anything Goes","Sutton Foster","Anything Goes (New Broadway Cast Recording)","422962242","250576","348","false","https://www.deezer.com/us/track/422962242","https://cdnt-preview.dzcdn.net/api/1/1/5/8/3/0/58349adefb804eef49a78e987b55e965.mp3?hdnea=exp=1781745668~acl=/api/1/1/5/8/3/0/58349adefb804eef49a78e987b55e965.mp3*~data=user_id=0,application_id=42~hmac=a8c9649397dd83c2e6f068b208f62e04b80222a1468c6ee5501b18d023f9aa2c","On 1 list: Broadway"
"(thematic candidate)","","","","Giants in the Sky","Daniel Huttlestone","Into the Woods (Original Motion Picture Soundtrack)","90945573","249484","146","false","https://www.deezer.com/us/track/90945573","https://cdnt-preview.dzcdn.net/api/1/1/6/d/6/0/6d6a18a9acae1484d287493468a5e564.mp3?hdnea=exp=1781745669~acl=/api/1/1/6/d/6/0/6d6a18a9acae1484d287493468a5e564.mp3*~data=user_id=0,application_id=42~hmac=f0ae1ecc86b4c2107559a969fa07f56086c063c099cbfff213d70fc9f0edc4ca","On 1 list: Broadway"
"(thematic candidate)","","","","Dentist!","Alan Menken","Little Shop Of Horrors - New Broadway Cast","66001417","247980","152","false","https://www.deezer.com/us/track/66001417","https://cdnt-preview.dzcdn.net/api/1/1/8/1/3/0/8134cb0dcf130b870cb8050d76f98b53.mp3?hdnea=exp=1781745669~acl=/api/1/1/8/1/3/0/8134cb0dcf130b870cb8050d76f98b53.mp3*~data=user_id=0,application_id=42~hmac=61ef21f281ebe27a3f8fc3a81a10aaf942ee2df1e00115ab857af0db3132d6dc","On 1 list: Broadway"
"(thematic candidate)","","","","Screech In","Joel Hatch","Come From Away (Original Broadway Cast Recording)","143785180","247628","243","false","https://www.deezer.com/us/track/143785180","https://cdnt-preview.dzcdn.net/api/1/1/0/0/1/0/001298da0b27b223a095b2125eff5eed.mp3?hdnea=exp=1781745670~acl=/api/1/1/0/0/1/0/001298da0b27b223a095b2125eff5eed.mp3*~data=user_id=0,application_id=42~hmac=7aa397a8ff63847ecff1ab644add1bb2270812362bb2865dfd7f600861e453cf","On 1 list: Broadway"
"(thematic candidate)","","","","The History of Wrong Guys","Annaleigh Ashford","Kinky Boots (Original Broadway Cast Recording)","67420612","246638","228","false","https://www.deezer.com/us/track/67420612","https://cdnt-preview.dzcdn.net/api/1/1/7/8/3/0/783d680d4d9e548200b188f9049feed5.mp3?hdnea=exp=1781745673~acl=/api/1/1/7/8/3/0/783d680d4d9e548200b188f9049feed5.mp3*~data=user_id=0,application_id=42~hmac=cd3744e18ec517888e851928668ce6aefbe91a3f6e33343a47a6edc736a09c10","On 1 list: Hello, Broadway! Hits from Musicals"
"(thematic candidate)","","","","Cell Block Tango","Michael Berresse","Chicago The Musical (New Broadway Cast Recording (1997))","969543","246489","374","false","https://www.deezer.com/us/track/969543","https://cdnt-preview.dzcdn.net/api/1/1/a/4/2/0/a421870c2d8bdf140dad46a7f038d4f5.mp3?hdnea=exp=1781745673~acl=/api/1/1/a/4/2/0/a421870c2d8bdf140dad46a7f038d4f5.mp3*~data=user_id=0,application_id=42~hmac=6d1237dbd003127d629566487b4613621e51a452ebaf392cc074413f21bd83b5","On 1 list: Hello, Broadway! Hits from Musicals"
"(thematic candidate)","","","","No Good Deed (From ""Wicked"" Original Broadway Cast Recording/2003)","Idina Menzel","Wicked (Original Broadway Cast Recording / Deluxe Edition)","72567299","245744","211","false","https://www.deezer.com/us/track/72567299","https://cdnt-preview.dzcdn.net/api/1/1/f/4/3/0/f432510ac59510bfc9deb1efb5877755.mp3?hdnea=exp=1781745669~acl=/api/1/1/f/4/3/0/f432510ac59510bfc9deb1efb5877755.mp3*~data=user_id=0,application_id=42~hmac=959089429e46493be929866559a31ed5781b81e0b718052b68d6865fb62728c9","On 1 list: Broadway"
"(thematic candidate)","","","","I'd Rather Be Blue Over You (Than Happy With Somebody Else)","Barbra Streisand","Funny Girl - Original Soundtrack Recording","857328","245118","158","false","https://www.deezer.com/us/track/857328","https://cdnt-preview.dzcdn.net/api/1/1/4/2/2/0/422f9291b35c09b5ff04365acb82b773.mp3?hdnea=exp=1781745671~acl=/api/1/1/4/2/2/0/422f9291b35c09b5ff04365acb82b773.mp3*~data=user_id=0,application_id=42~hmac=2e95b393078542560a66fe2e0181c03976d645a1bf6f27f9430cd3c358886c44","On 1 list: Broadway Classics"
"(thematic candidate)","","","","Dancing Through Life (From ""Wicked"" Original Broadway Cast Recording/2003)","Norbert Leo Butz","Wicked","2124206","244326","455","false","https://www.deezer.com/us/track/2124206","https://cdnt-preview.dzcdn.net/api/1/1/2/e/8/0/2e8c5b780c8ecb8f73e99cd7d01d274c.mp3?hdnea=exp=1781745669~acl=/api/1/1/2/e/8/0/2e8c5b780c8ecb8f73e99cd7d01d274c.mp3*~data=user_id=0,application_id=42~hmac=d2c5e5e9a8d8d2b913af4775fbfc3e9233019fa9474bfcf1775a131908799442","On 1 list: Broadway"
"(thematic candidate)","","","","Dancing Queen (From 'Mamma Mia!' Original Motion Picture Soundtrack)","Meryl Streep","Mamma Mia! The Movie Soundtrack","915799","242223","244","false","https://www.deezer.com/us/track/915799","https://cdnt-preview.dzcdn.net/api/1/1/b/a/1/0/ba1a13664085f1d46796c6d67bbfc2cc.mp3?hdnea=exp=1781745668~acl=/api/1/1/b/a/1/0/ba1a13664085f1d46796c6d67bbfc2cc.mp3*~data=user_id=0,application_id=42~hmac=d875d5188b7603ea171c4151b36729da45d5da4b4aae624aa63d0dcd29cbe25b","On 1 list: Broadway"
"(thematic candidate)","","","","Just Blew In From the Windy City","Doris Day","Calamity Jane","12230353","241590","123","false","https://www.deezer.com/us/track/12230353","https://cdnt-preview.dzcdn.net/api/1/1/6/4/5/0/6458d5e6838dbe53c0fdeb126277434b.mp3?hdnea=exp=1781745671~acl=/api/1/1/6/4/5/0/6458d5e6838dbe53c0fdeb126277434b.mp3*~data=user_id=0,application_id=42~hmac=61a6ede4a854184724f997b0f377514d6deaf4d7f3ce7d95a036c556113109bd","On 1 list: Broadway Classics"
"(thematic candidate)","","","","Goodbye Love","Rosario Dawson","RENT (Original Motion Picture Soundtrack)","3664313","240413","384","false","https://www.deezer.com/us/track/3664313","https://cdnt-preview.dzcdn.net/api/1/1/5/9/2/0/592b93370a8592a6b7c18e9fb0da355e.mp3?hdnea=exp=1781745671~acl=/api/1/1/5/9/2/0/592b93370a8592a6b7c18e9fb0da355e.mp3*~data=user_id=0,application_id=42~hmac=2bcdb005e82c3d34417c136264e9c28266b8ea34ed6e07a489a88f24d2405874","On 1 list: Broadway"
"(thematic candidate)","","","","Somewhere That's Green","Alan Menken","Little Shop Of Horrors - New Broadway Cast","66001415","239972","251","false","https://www.deezer.com/us/track/66001415","https://cdnt-preview.dzcdn.net/api/1/1/4/a/c/0/4ac3ce88a98efb93129fb8a9c408933f.mp3?hdnea=exp=1781745669~acl=/api/1/1/4/a/c/0/4ac3ce88a98efb93129fb8a9c408933f.mp3*~data=user_id=0,application_id=42~hmac=88d913ab26f5a99e79339626c1713cabeea47845769c18f087256054492412fb","On 1 list: Broadway"
"(thematic candidate)","","","","So Big / So Small","Rachel Bay Jones","Dear Evan Hansen (Original Broadway Cast Recording)","141338465","239492","252","false","https://www.deezer.com/us/track/141338465","https://cdnt-preview.dzcdn.net/api/1/1/3/7/a/0/37a9fcf9fb69d91d676e7fed74b86d03.mp3?hdnea=exp=1781745669~acl=/api/1/1/3/7/a/0/37a9fcf9fb69d91d676e7fed74b86d03.mp3*~data=user_id=0,application_id=42~hmac=cf2b87de925390b22fc7aaed7851c91d1b9834acd5ca66aca59ca47b435bb468","On 1 list: Broadway"
"(thematic candidate)","","","","Opening: I Hope I Get It","A Chorus Line Ensemble (2006)","A Chorus Line (New Broadway Cast Recording (2006))","13160703","238589","417","false","https://www.deezer.com/us/track/13160703","https://cdnt-preview.dzcdn.net/api/1/1/0/e/e/0/0ee418e3405b2725e757d063d7ed6faf.mp3?hdnea=exp=1781745669~acl=/api/1/1/0/e/e/0/0ee418e3405b2725e757d063d7ed6faf.mp3*~data=user_id=0,application_id=42~hmac=ce9e5faf6b51aecb47222faaacd82a38a152bc7ffdd600f980ceeec0dcdc447c","On 1 list: Broadway"
"(thematic candidate)","","","","Come So Far (Got So Far to Go)","Ariana Grande","Hairspray LIVE! Original Soundtrack of the NBC Television Event","137205692","237221","248","false","https://www.deezer.com/us/track/137205692","https://cdnt-preview.dzcdn.net/api/1/1/a/f/2/0/af2040cb2178ed6320554d0552ec8123.mp3?hdnea=exp=1781745673~acl=/api/1/1/a/f/2/0/af2040cb2178ed6320554d0552ec8123.mp3*~data=user_id=0,application_id=42~hmac=cf9228a8707aba389d5d52e90ae8a23f0c722cdaf480718ad107ebe561c6c08f","On 1 list: Hello, Broadway! Hits from Musicals"
"(thematic candidate)","","","","Anything You Can Do","Bernadette Peters","Annie Get Your Gun: The New Broadway Cast Recording","3141806","236307","197","false","https://www.deezer.com/us/track/3141806","https://cdnt-preview.dzcdn.net/api/1/1/5/0/b/0/50bb863fa5b067622ee415871449a6ea.mp3?hdnea=exp=1781745669~acl=/api/1/1/5/0/b/0/50bb863fa5b067622ee415871449a6ea.mp3*~data=user_id=0,application_id=42~hmac=eac569d8a02b27db5c334d1b7fddefac045ccb555dedd3022f168a0f78590b10","On 1 list: Broadway"
"(thematic candidate)","","","","And I Am Telling You I'm Not Going (From ""Dreamgirls"")","The Studio Sound Ensemble","High School Musicals","4014926","235835","285","false","https://www.deezer.com/us/track/4014926","https://cdnt-preview.dzcdn.net/api/1/1/e/c/b/0/ecba2251d818ca0f929fde101cc7a840.mp3?hdnea=exp=1781745671~acl=/api/1/1/e/c/b/0/ecba2251d818ca0f929fde101cc7a840.mp3*~data=user_id=0,application_id=42~hmac=76d348340fba7cb752a00d5903988ec7f30b50bb64f9f76917c9cae72f18f6db","On 1 list: Broadway Classics"
"(thematic candidate)","","","","For Good (From ""Wicked"" Original Broadway Cast Recording/2003)","Kristin Chenoweth","Wicked (Original Broadway Cast Recording / Deluxe Edition)","72567301","232914","306","false","https://www.deezer.com/us/track/72567301","https://cdnt-preview.dzcdn.net/api/1/1/5/a/f/0/5af9283d4bc4203b5c561674e40a95c3.mp3?hdnea=exp=1781745668~acl=/api/1/1/5/a/f/0/5af9283d4bc4203b5c561674e40a95c3.mp3*~data=user_id=0,application_id=42~hmac=16e5799de36f278fb3f22fac82ab92ba949de4359a0bd054214f8f078f5ca900","On 1 list: Broadway"
"(thematic candidate)","","","","People","Barbra Streisand","Funny Girl - Original Soundtrack Recording","848107","232897","301","false","https://www.deezer.com/us/track/848107","https://cdnt-preview.dzcdn.net/api/1/1/d/3/6/0/d3604b875edd504ee053a3c39f7ac11e.mp3?hdnea=exp=1781745670~acl=/api/1/1/d/3/6/0/d3604b875edd504ee053a3c39f7ac11e.mp3*~data=user_id=0,application_id=42~hmac=18e5bc5cfd64a94dcbd7fa4cff71ff6649c3809fb1e8007e48fd5198c12ff04b","On 1 list: Broadway"
"(thematic candidate)","","","","What the Heck I Gotta Do","Original Radio Cast, Lin Manuel Miranda, Lindsay Mendez, Anthony Ramos, Alex Boniello, Gerard Canonico & Antwaun Holley","21 Chump Street - The Musical","366030451","232660","217","false","https://www.deezer.com/us/track/366030451","https://cdnt-preview.dzcdn.net/api/1/1/9/e/b/0/9eb7d77f1448244db6063e4bb15296b3.mp3?hdnea=exp=1781745670~acl=/api/1/1/9/e/b/0/9eb7d77f1448244db6063e4bb15296b3.mp3*~data=user_id=0,application_id=42~hmac=380b44275c7868ccefd45fdda529884caf908ad9fa244806c65016f0c7a818af","On 1 list: Broadway"
"(thematic candidate)","","","","It's The Hard-Knock Life","Annie & the Orphans","Annie: The Broadway Musical 30th Anniversary Cast Recording (2CD)","829281","231684","184","false","https://www.deezer.com/us/track/829281","https://cdnt-preview.dzcdn.net/api/1/1/e/d/b/0/edbb23a9e6d55a39169aa9377bd94da0.mp3?hdnea=exp=1781745670~acl=/api/1/1/e/d/b/0/edbb23a9e6d55a39169aa9377bd94da0.mp3*~data=user_id=0,application_id=42~hmac=133a4dccc88bd70b8d94a8733bcf527b68bf6c5b625285ccead8e0fdda288014","On 1 list: Broadway"
"(thematic candidate)","","","","If You Were Gay","John Tartaglia","Avenue Q (Original Broadway Cast Recording)","628504","231579","150","false","https://www.deezer.com/us/track/628504","https://cdnt-preview.dzcdn.net/api/1/1/c/d/5/0/cd5564893e7f50bb3bc50eab7b0fbd9d.mp3?hdnea=exp=1781745673~acl=/api/1/1/c/d/5/0/cd5564893e7f50bb3bc50eab7b0fbd9d.mp3*~data=user_id=0,application_id=42~hmac=963b5bc989f4b4d86864694dd44dc432669a5d5805ae3c9ca58c93ec094937ee","On 1 list: Hello, Broadway! Hits from Musicals"
"(thematic candidate)","","","","I Could Have Danced All Night (from ""My Fair Lady"")","Julie Andrews","My Fair Lady","853909","230356","209","false","https://www.deezer.com/us/track/853909","https://cdnt-preview.dzcdn.net/api/1/1/d/a/f/0/daf0ecdd9b8c93bdd7e55cba7db33b75.mp3?hdnea=exp=1781745670~acl=/api/1/1/d/a/f/0/daf0ecdd9b8c93bdd7e55cba7db33b75.mp3*~data=user_id=0,application_id=42~hmac=e4f528a78d87f5e78bb9d8675c988938b87ba21e03e2f544395284da36c54e06","On 1 list: Broadway"
"(thematic candidate)","","","","No One Is Alone","Anna Kendrick","Into the Woods (Original Motion Picture Soundtrack)","90945597","227804","178","false","https://www.deezer.com/us/track/90945597","https://cdnt-preview.dzcdn.net/api/1/1/6/a/a/0/6aabafda7426cd44206db316873a83ed.mp3?hdnea=exp=1781745669~acl=/api/1/1/6/a/a/0/6aabafda7426cd44206db316873a83ed.mp3*~data=user_id=0,application_id=42~hmac=43082fbe59f093e2b1b94c9f6d74dc88ac550788b4a8b8196b466ee54a649cab","On 1 list: Broadway"
"(thematic candidate)","","","","Grow for Me","Jonathan Groff","Little Shop of Horrors (The New Off-Broadway Cast Album)","835179052","225392","149","false","https://www.deezer.com/us/track/835179052","https://cdnt-preview.dzcdn.net/api/1/1/2/8/1/0/281f6a378115f8d0094bbe4b0906a3a8.mp3?hdnea=exp=1781745669~acl=/api/1/1/2/8/1/0/281f6a378115f8d0094bbe4b0906a3a8.mp3*~data=user_id=0,application_id=42~hmac=7aa72222399f842e04aafffd3fe7f8ae976d9879b95b5dddc92b91a20eed68ef","On 1 list: Broadway"
"(thematic candidate)","","","","I Love You Like a Table","Christopher Fitzgerald","Waitress (Original Broadway Cast Recording)","125627180","224255","116","false","https://www.deezer.com/us/track/125627180","https://cdnt-preview.dzcdn.net/api/1/1/f/1/9/0/f193ed8c0a1ba09a5303ffb5a512485f.mp3?hdnea=exp=1781745669~acl=/api/1/1/f/1/9/0/f193ed8c0a1ba09a5303ffb5a512485f.mp3*~data=user_id=0,application_id=42~hmac=42dae36477c66b4de6ede8cc834dc1a782f6e4683471bfffa04eb4e41a38c7c2","On 1 list: Broadway"
"(thematic candidate)","","","","Wrote My Way Out","Nas","Wrote My Way Out (from The Hamilton Mixtape)","136334110","223135","261","true","https://www.deezer.com/us/track/136334110","https://cdnt-preview.dzcdn.net/api/1/1/b/4/3/0/b4379c7ed38783ddc94bbcf3e63b4ae3.mp3?hdnea=exp=1781745674~acl=/api/1/1/b/4/3/0/b4379c7ed38783ddc94bbcf3e63b4ae3.mp3*~data=user_id=0,application_id=42~hmac=50eafca9b173cce0e8977a796523d5643b25bf8ecd697c0eda484fcdf4adc7be","On 1 list: Hamilton: The Complete Playlist"
"(thematic candidate)","","","","Dear Theodosia (feat. Ben Folds)","Regina Spektor","The Hamilton Mixtape","137041160","220205","145","false","https://www.deezer.com/us/track/137041160","https://cdnt-preview.dzcdn.net/api/1/1/7/b/5/0/7b5477ac800a5b5dcbeb4b8861f4997f.mp3?hdnea=exp=1781745674~acl=/api/1/1/7/b/5/0/7b5477ac800a5b5dcbeb4b8861f4997f.mp3*~data=user_id=0,application_id=42~hmac=b5e1b5de91d39fee7b5eb92b3d5e664a779bbca44c3c97dd3debacb5b5967980","On 1 list: Hamilton: The Complete Playlist"
"(thematic candidate)","","","","Everyone's a Little Bit Racist","John Tartaglia","Avenue Q (Original Broadway Cast Recording)","628506","218093","327","true","https://www.deezer.com/us/track/628506","https://cdnt-preview.dzcdn.net/api/1/1/2/c/1/0/2c19328ee099544f1837a5371d7b0d08.mp3?hdnea=exp=1781745670~acl=/api/1/1/2/c/1/0/2c19328ee099544f1837a5371d7b0d08.mp3*~data=user_id=0,application_id=42~hmac=246c6ef44027d635b3bf4b2a8f7373cc6192bc7f10873006ab1dba6bdc590c52","On 1 list: Broadway"
"(thematic candidate)","","","","Voulez-Vous (From 'Mamma Mia!' Original Motion Picture Soundtrack)","Cast of Mamma Mia! The Movie","Mamma Mia! The Movie Soundtrack","915809","216169","275","false","https://www.deezer.com/us/track/915809","https://cdnt-preview.dzcdn.net/api/1/1/8/d/5/0/8d5562d8ec883029ee2a19fe76337c0c.mp3?hdnea=exp=1781745670~acl=/api/1/1/8/d/5/0/8d5562d8ec883029ee2a19fe76337c0c.mp3*~data=user_id=0,application_id=42~hmac=0534077b01b78ead4f8e71acfaabe0e5ee46a0fe3812e0f8e83cefa0bafbad74","On 1 list: Broadway"
"(thematic candidate)","","","","Funny Girl","Barbra Streisand","Funny Girl - Original Soundtrack Recording","851318","215994","163","false","https://www.deezer.com/us/track/851318","https://cdnt-preview.dzcdn.net/api/1/1/0/7/9/0/0799b879d7fe329fcfab7f74017a0b0f.mp3?hdnea=exp=1781745669~acl=/api/1/1/0/7/9/0/0799b879d7fe329fcfab7f74017a0b0f.mp3*~data=user_id=0,application_id=42~hmac=4dc3b3e3607d18af54039643556aed6d0c6064692a8a81fd5faf8a994d7441f3","On 1 list: Broadway"
"(thematic candidate)","","","","Good Girl Winnie Foster","Sarah Charles Lewis","Tuck Everlasting (Original Broadway Cast Recording)","125651334","214980","179","false","https://www.deezer.com/us/track/125651334","https://cdnt-preview.dzcdn.net/api/1/1/5/6/4/0/564af70ba5c8efc944dbc59cf36807f8.mp3?hdnea=exp=1781745670~acl=/api/1/1/5/6/4/0/564af70ba5c8efc944dbc59cf36807f8.mp3*~data=user_id=0,application_id=42~hmac=41620f783fd99943ec640705c1423bc2dca788101ab7941794402207d821d559","On 1 list: Broadway"
"(thematic candidate)","","","","A Summer in Ohio","Anna Kendrick","The Last Five Years (Original Motion Picture Soundtrack)","422982432","214577","245","false","https://www.deezer.com/us/track/422982432","https://cdnt-preview.dzcdn.net/api/1/1/0/c/4/0/0c4c7c3305018c6299d4dc6a1d217aec.mp3?hdnea=exp=1781745669~acl=/api/1/1/0/c/4/0/0c4c7c3305018c6299d4dc6a1d217aec.mp3*~data=user_id=0,application_id=42~hmac=d1f9edb77ed2ea61832c99f42eb13448df571764b630061b6d37030362f289aa","On 1 list: Broadway"
"(thematic candidate)","","","","Satisfied (feat. Miguel & Queen Latifah)","Sia","Satisfied (feat. Miguel & Queen Latifah) [from The Hamilton Mixtape]","135876106","214402","318","false","https://www.deezer.com/us/track/135876106","https://cdnt-preview.dzcdn.net/api/1/1/2/8/9/0/2896dce8a545475b4483d1cb81eda9ae.mp3?hdnea=exp=1781745674~acl=/api/1/1/2/8/9/0/2896dce8a545475b4483d1cb81eda9ae.mp3*~data=user_id=0,application_id=42~hmac=c970c04db6fd9af1115b27030939b9fe528f6c40d8967c0e235226510f71076e","On 1 list: Hamilton: The Complete Playlist"
"(thematic candidate)","","","","My Friend, the Dictionary","25th Annual Putnam County Spelling Bee Original Cast","25th Annual Putnam County Spelling Bee (Original Broadway Cast Recording)","422962352","213928","165","false","https://www.deezer.com/us/track/422962352","https://cdnt-preview.dzcdn.net/api/1/1/a/7/4/0/a74bbc6cb90112209717432f4195783b.mp3?hdnea=exp=1781745669~acl=/api/1/1/a/7/4/0/a74bbc6cb90112209717432f4195783b.mp3*~data=user_id=0,application_id=42~hmac=90099a371966b74b356411e5bef47071918412ba2d421ba4cc7df36d2ac3af2d","On 1 list: Broadway"
"(thematic candidate)","","","","No One Is Alone (From ""Into The Woods"")","Chip Zien","Into the Woods (Original Broadway Cast Recording)","15743748","212630","237","false","https://www.deezer.com/us/track/15743748","https://cdnt-preview.dzcdn.net/api/1/1/5/9/e/0/59e8500c75c5678b0699457633b31e42.mp3?hdnea=exp=1781745673~acl=/api/1/1/5/9/e/0/59e8500c75c5678b0699457633b31e42.mp3*~data=user_id=0,application_id=42~hmac=9c4596f2d4d315fd203dd9c972d616e83df5591f8336da0632d079580d531428","On 1 list: Hello, Broadway! Hits from Musicals"
"(thematic candidate)","","","","On the Steps of the Palace","Anna Kendrick","Into the Woods (Original Motion Picture Soundtrack)","90945581","211844","194","false","https://www.deezer.com/us/track/90945581","https://cdnt-preview.dzcdn.net/api/1/1/5/4/7/0/547627b6f8f4561569ef5cbf46c678ac.mp3?hdnea=exp=1781745669~acl=/api/1/1/5/4/7/0/547627b6f8f4561569ef5cbf46c678ac.mp3*~data=user_id=0,application_id=42~hmac=fbac4fd62e6f87b87a4ace068a835c52ea76df588e6807edf1a4e6ac27d7d147","On 1 list: Broadway"
"(thematic candidate)","","","","No John Trumbull (Intro)","The Roots","The Hamilton Mixtape","137041148","209599","46","false","https://www.deezer.com/us/track/137041148","https://cdnt-preview.dzcdn.net/api/1/1/d/c/f/0/dcf7b2b012244e3f562e26b04cb72c97.mp3?hdnea=exp=1781745674~acl=/api/1/1/d/c/f/0/dcf7b2b012244e3f562e26b04cb72c97.mp3*~data=user_id=0,application_id=42~hmac=9cdc12844c8802434c89e10dc21a77d9414ab80e9957c2e051f2a25be82cb4d8","On 1 list: Hamilton: The Complete Playlist"
"(thematic candidate)","","","","Do-doo","Alan Menken","Little Shop Of Horrors - New Broadway Cast","66001411","208717","85","false","https://www.deezer.com/us/track/66001411","https://cdnt-preview.dzcdn.net/api/1/1/4/1/2/0/412cbb5c26e994e3f930d0bd8393b039.mp3?hdnea=exp=1781745669~acl=/api/1/1/4/1/2/0/412cbb5c26e994e3f930d0bd8393b039.mp3*~data=user_id=0,application_id=42~hmac=ef0da01abf6a5e2d2b30d3d70bd310a1530ad6bdd8c67656e40aec3daaafa770","On 1 list: Broadway"
"(thematic candidate)","","","","Don't Cry For Me Argentina","Andrew Lloyd Webber","Evita","1137921","207789","350","false","https://www.deezer.com/us/track/1137921","https://cdnt-preview.dzcdn.net/api/1/1/9/6/d/0/96dfcfef85d444761ec9c076f66769dc.mp3?hdnea=exp=1781745670~acl=/api/1/1/9/6/d/0/96dfcfef85d444761ec9c076f66769dc.mp3*~data=user_id=0,application_id=42~hmac=ec6046eebafdbb2834bf88de466e62abe22915899874a8901957c89d4c6d212c","On 1 list: Broadway"
"(thematic candidate)","","","","Astonishing","Mindi Dickstein","Little Women - The Musical (Original Broadway Cast Recording)","422962702","205820","275","false","https://www.deezer.com/us/track/422962702","https://cdnt-preview.dzcdn.net/api/1/1/4/a/9/0/4a948710f5c02601dc8654f05acbafc3.mp3?hdnea=exp=1781745669~acl=/api/1/1/4/a/9/0/4a948710f5c02601dc8654f05acbafc3.mp3*~data=user_id=0,application_id=42~hmac=75ca7c02ec4512cbcc82489a25490463f90c2f85e30262774a97dcc63e7edd14","On 1 list: Broadway"
"(thematic candidate)","","","","Tonight (Cal Tjader Plays West Side Story)","Cal Tjader","West Side Story: Jazz Impressions/Unique Perspectives","1906985357","205355","130","false","https://www.deezer.com/us/track/1906985357","https://cdnt-preview.dzcdn.net/api/1/1/e/5/a/0/e5a99ec3e0b9bcfa8912cacca8d981a7.mp3?hdnea=exp=1781745671~acl=/api/1/1/e/5/a/0/e5a99ec3e0b9bcfa8912cacca8d981a7.mp3*~data=user_id=0,application_id=42~hmac=89a2b24e129c3e6860488d01430ccf83baa757a7a89a23cacb5c85f2364dbd95","On 1 list: Broadway Classics"
"(thematic candidate)","","","","New York, New York","Frank Sinatra","On The Town - Original Cast Soundtrack","12383420","204447","206","false","https://www.deezer.com/us/track/12383420","https://cdnt-preview.dzcdn.net/api/1/1/6/3/e/0/63e2b80b31db40c7d2b8525e3eaa0901.mp3?hdnea=exp=1781745671~acl=/api/1/1/6/3/e/0/63e2b80b31db40c7d2b8525e3eaa0901.mp3*~data=user_id=0,application_id=42~hmac=a3b9feaf0ccb13af6a9718c61cb66b1b92ced72d7f758f35ec414c73eb757bdc","On 1 list: Broadway Classics"
"(thematic candidate)","","","","Seasons Of Love (Original Cast Recording/1996)","Anthony Rapp","Broadway Today: Broadway 1993-2005","4274972","200690","172","false","https://www.deezer.com/us/track/4274972","https://cdnt-preview.dzcdn.net/api/1/1/f/c/9/0/fc9fe3fc15acc1c56a6af8b08d5ddbfc.mp3?hdnea=exp=1781745672~acl=/api/1/1/f/c/9/0/fc9fe3fc15acc1c56a6af8b08d5ddbfc.mp3*~data=user_id=0,application_id=42~hmac=43501c3aa482f3b595980deebf53261d45a4d37c2d0834d406371ce96b52f492","On 1 list: Broadway Hits"
"(thematic candidate)","","","","My New Philosophy","Kristin Chenoweth","You're a Good Man, Charlie Brown (New Broadway Cast Recording (1999))","967636","200524","174","false","https://www.deezer.com/us/track/967636","https://cdnt-preview.dzcdn.net/api/1/1/9/b/f/0/9bf3e5d3532d282a3157978dd8c4567d.mp3?hdnea=exp=1781745670~acl=/api/1/1/9/b/f/0/9bf3e5d3532d282a3157978dd8c4567d.mp3*~data=user_id=0,application_id=42~hmac=1ec94c80fc4d30738fe52ea53f21fa2774c934cadddc5360ae41fbf3f50032d6","On 1 list: Broadway"
"(thematic candidate)","","","","One Short Day (From ""Wicked"" Original Broadway Cast Recording/2003)","Kristin Chenoweth","Wicked","2124209","200354","183","false","https://www.deezer.com/us/track/2124209","https://cdnt-preview.dzcdn.net/api/1/1/4/c/f/0/4cf5b136b01cbad0f1db49383c8f2a81.mp3?hdnea=exp=1781745669~acl=/api/1/1/4/c/f/0/4cf5b136b01cbad0f1db49383c8f2a81.mp3*~data=user_id=0,application_id=42~hmac=bddd45622dca22686d3d7d57470d9f9665c0ffe61bd19fe0a3f28c9322e99691","On 1 list: Broadway"
"(thematic candidate)","","","","Four Jews in a Room Bitching","Andrew Rannells","Falsettos (2016 Broadway Cast Recording)","394747252","198394","203","false","https://www.deezer.com/us/track/394747252","https://cdnt-preview.dzcdn.net/api/1/1/1/9/c/0/19cb7fc1b41f1b2b1c8c7754db37768a.mp3?hdnea=exp=1781745670~acl=/api/1/1/1/9/c/0/19cb7fc1b41f1b2b1c8c7754db37768a.mp3*~data=user_id=0,application_id=42~hmac=eacaccf3ba2ab565e41533f857d9472f64d141cd104428c7cc3afe9c680c8b0d","On 1 list: Broadway"
"(thematic candidate)","","","","Have Yourself a Merry Little Christmas","Judy Garland","Meet Me in St. Louis (O.S.T - 1944)","16234545","198190","153","false","https://www.deezer.com/us/track/16234545","https://cdnt-preview.dzcdn.net/api/1/1/e/f/c/0/efcbd22a9a3caeb9c376efa9696cedd1.mp3?hdnea=exp=1781745671~acl=/api/1/1/e/f/c/0/efcbd22a9a3caeb9c376efa9696cedd1.mp3*~data=user_id=0,application_id=42~hmac=16c5272d28d92393a0e2e9f68a28f20817aa7cb89d788ac0df68f641e46996be","On 1 list: Broadway Classics"
"(thematic candidate)","","","","Finale Ultimo (Don't Feed The Plants)","Alan Menken","Little Shop Of Horrors - New Broadway Cast","66001430","192694","210","false","https://www.deezer.com/us/track/66001430","https://cdnt-preview.dzcdn.net/api/1/1/4/e/8/0/4e8224fc5b511c9855698dca3f9a1a82.mp3?hdnea=exp=1781745669~acl=/api/1/1/4/e/8/0/4e8224fc5b511c9855698dca3f9a1a82.mp3*~data=user_id=0,application_id=42~hmac=fe56e5cea71686b50d25e60d4fa03622b2dd20cb91dbdc33354a6065c1d15b13","On 1 list: Broadway"
"(thematic candidate)","","","","Let It Go (From ""Frozen: The Broadway Musical"")","Caissie Levy","Frozen: The Broadway Musical (Original Broadway Cast Recording)","497210842","192477","226","false","https://www.deezer.com/us/track/497210842","https://cdnt-preview.dzcdn.net/api/1/1/8/a/f/0/8afda960836d6725ddcf5d75ce2477c8.mp3?hdnea=exp=1781745670~acl=/api/1/1/8/a/f/0/8afda960836d6725ddcf5d75ce2477c8.mp3*~data=user_id=0,application_id=42~hmac=e4ba774ef8d46fab02b2c50c9a3564c5864b5db5643d97383ab6c58f03c1ea27","On 1 list: Broadway"
"(thematic candidate)","","","","Dear Theodosia (Reprise)","Chance The Rapper","The Hamilton Mixtape","137041192","190734","219","false","https://www.deezer.com/us/track/137041192","https://cdnt-preview.dzcdn.net/api/1/1/d/a/a/0/daa0604d54f09a66491212660bfd026d.mp3?hdnea=exp=1781745674~acl=/api/1/1/d/a/a/0/daa0604d54f09a66491212660bfd026d.mp3*~data=user_id=0,application_id=42~hmac=95bd8aa7338edd505c5ad73c0f49d182c2675fd5401eba391bf35163cf76129c","On 1 list: Hamilton: The Complete Playlist"
"(thematic candidate)","","","","I Still Believe (From 'Miss Saigon' / Live)","'Miss Saigon' Original London Cast","Miss Saigon: The Definitive Live Recording (Original Cast Recording / Deluxe)","85271028","189801","257","false","https://www.deezer.com/us/track/85271028","https://cdnt-preview.dzcdn.net/api/1/1/1/0/b/0/10bca78850ef98969dff62a04997a95c.mp3?hdnea=exp=1781745670~acl=/api/1/1/1/0/b/0/10bca78850ef98969dff62a04997a95c.mp3*~data=user_id=0,application_id=42~hmac=1422ce705222afdac4c93498a22fe0d7fe8b3c192db8766c8e1435bf3ea119e1","On 1 list: Broadway"
"(thematic candidate)","","","","It Takes Two","Emily Blunt","Into the Woods (Original Motion Picture Soundtrack)","90945577","189196","149","false","https://www.deezer.com/us/track/90945577","https://cdnt-preview.dzcdn.net/api/1/1/b/2/c/0/b2c4c098e7540d51e54afcf2ff5666d7.mp3?hdnea=exp=1781745669~acl=/api/1/1/b/2/c/0/b2c4c098e7540d51e54afcf2ff5666d7.mp3*~data=user_id=0,application_id=42~hmac=1e3e5e8bc97e6d122aeaedd339ea3f7cc19ac166c442200c8fb90389ee06281c","On 1 list: Broadway"
"(thematic candidate)","","","","Just Leave Everything To Me","Barbra Streisand","Hello, Dolly!","2305907","186866","202","false","https://www.deezer.com/us/track/2305907","https://cdnt-preview.dzcdn.net/api/1/1/d/5/9/0/d5933ad1828963ad94bdc5d4f79d46cf.mp3?hdnea=exp=1781745669~acl=/api/1/1/d/5/9/0/d5933ad1828963ad94bdc5d4f79d46cf.mp3*~data=user_id=0,application_id=42~hmac=76adf2983200bf3150b07ca15e432f94823fb417d6f9b1fdb23898f148648d1a","On 1 list: Broadway"
"(thematic candidate)","","","","Honey Honey (1999 / Musical ""Mamma Mia"")","Lisa Stokke","Mamma Mia!","1582498","186370","122","false","https://www.deezer.com/us/track/1582498","https://cdnt-preview.dzcdn.net/api/1/1/2/1/d/0/21d8fc281de44e3a0adfe916001812d0.mp3?hdnea=exp=1781745672~acl=/api/1/1/2/1/d/0/21d8fc281de44e3a0adfe916001812d0.mp3*~data=user_id=0,application_id=42~hmac=9ad633baefab7985beef9d5fc0897004727f41c6a554001741be0a93fb683a2f","On 1 list: Broadway Hits"
"(thematic candidate)","","","","Under Pressure","Galiléo","We Will Rock You: Cast Album","3091403","186011","227","false","https://www.deezer.com/us/track/3091403","https://cdnt-preview.dzcdn.net/api/1/1/b/8/4/0/b842b72c4d3d13480e387508ac6b4d1e.mp3?hdnea=exp=1781745672~acl=/api/1/1/b/8/4/0/b842b72c4d3d13480e387508ac6b4d1e.mp3*~data=user_id=0,application_id=42~hmac=0786f1d7e93741b2d7bd924126c6aa1249785d5d2b6a62efea9fd0a04019dda7","On 1 list: Broadway Hits"
"(thematic candidate)","","","","You're in the Band","The Original Broadway Cast Of School Of Rock","You're In The Band","111923356","185629","294","false","https://www.deezer.com/us/track/111923356","https://cdnt-preview.dzcdn.net/api/1/1/d/3/e/0/d3e09dad6edb1267e638203a4471221e.mp3?hdnea=exp=1781745673~acl=/api/1/1/d/3/e/0/d3e09dad6edb1267e638203a4471221e.mp3*~data=user_id=0,application_id=42~hmac=17ea918a20ad74e5c41e5849dd5385631368ba8bcb093360d0a204099583d79d","On 1 list: Hello, Broadway! Hits from Musicals"
"(thematic candidate)","","","","A Very Nice Prince","Anna Kendrick","Into the Woods (Original Motion Picture Soundtrack)","90945571","185206","91","false","https://www.deezer.com/us/track/90945571","https://cdnt-preview.dzcdn.net/api/1/1/1/2/9/0/1294dbb64da9d702614667470428b2f0.mp3?hdnea=exp=1781745669~acl=/api/1/1/1/2/9/0/1294dbb64da9d702614667470428b2f0.mp3*~data=user_id=0,application_id=42~hmac=b224575f5340d6de8aa885ceb36ce54b7979e19c1d6eecbfb97f555c0889d81b","On 1 list: Broadway"
"(thematic candidate)","","","","The Spelling Rules / My Favorite Moment of the Bee 1","25th Annual Putnam County Spelling Bee Original Cast","25th Annual Putnam County Spelling Bee (Original Broadway Cast Recording)","422962342","184517","101","false","https://www.deezer.com/us/track/422962342","https://cdnt-preview.dzcdn.net/api/1/1/4/4/7/0/447e0e646eb792bf3f789562cf5ad936.mp3?hdnea=exp=1781745669~acl=/api/1/1/4/4/7/0/447e0e646eb792bf3f789562cf5ad936.mp3*~data=user_id=0,application_id=42~hmac=75a86416a91ad17486a230ab4456ec39a510b7ae41567f262e036be53dd30e05","On 1 list: Broadway"
"(thematic candidate)","","","","The Ballad of Sweeney Todd","Stephen Sondheim","Sweeney Todd","735697","184375","169","false","https://www.deezer.com/us/track/735697","https://cdnt-preview.dzcdn.net/api/1/1/3/e/0/0/3e0abe03e26047f91c008775228d75e0.mp3?hdnea=exp=1781745671~acl=/api/1/1/3/e/0/0/3e0abe03e26047f91c008775228d75e0.mp3*~data=user_id=0,application_id=42~hmac=928fb3b94e7f3fa33ba217e071a834c5c014728073fee2aafd1002ecf45a601b","On 1 list: Broadway Classics"
"(thematic candidate)","","","","The Candy Man","Christian Borle","Charlie and the Chocolate Factory (Original Broadway Cast Recording)","366051211","183145","197","false","https://www.deezer.com/us/track/366051211","https://cdnt-preview.dzcdn.net/api/1/1/4/7/5/0/47522d2614ebadad96fe22d36412c55c.mp3?hdnea=exp=1781745673~acl=/api/1/1/4/7/5/0/47522d2614ebadad96fe22d36412c55c.mp3*~data=user_id=0,application_id=42~hmac=ac33e46a2b2513c67c3effe12ebc99e0a1bb2fce8b364ad40a3941a93f2cb4a2","On 1 list: Hello, Broadway! Hits from Musicals"
"(thematic candidate)","","","","Getting Married Today","Stephen Sondheim","Company","746548","183063","243","false","https://www.deezer.com/us/track/746548","https://cdnt-preview.dzcdn.net/api/1/1/1/9/a/0/19a9701f3c09a5f3fa4e4e8600076a44.mp3?hdnea=exp=1781745669~acl=/api/1/1/1/9/a/0/19a9701f3c09a5f3fa4e4e8600076a44.mp3*~data=user_id=0,application_id=42~hmac=af77e86736cc041316d5f9a62d1064f2bc29f7e03557362f9bfaf64fa557fa22","On 1 list: Broadway"
"(thematic candidate)","","","","Burn","Andra Day","The Hamilton Mixtape","137041180","181919","219","false","https://www.deezer.com/us/track/137041180","https://cdnt-preview.dzcdn.net/api/1/1/8/7/7/0/877fe4addcd3590ca6e74857ad067041.mp3?hdnea=exp=1781745674~acl=/api/1/1/8/7/7/0/877fe4addcd3590ca6e74857ad067041.mp3*~data=user_id=0,application_id=42~hmac=01a8e333d8edf9d9a14f179e3d42bbe6fa3bcaae9885f2ff56a0ad897f5a8c90","On 1 list: Hamilton: The Complete Playlist"
"(thematic candidate)","","","","Gimme Gimme","Sutton Foster","Thoroughly Modern Millie (Original Broadway Cast Recording)","546001","181613","214","false","https://www.deezer.com/us/track/546001","https://cdnt-preview.dzcdn.net/api/1/1/1/a/d/0/1ad3cfcc14a0180f4f1f8b079fc1f01f.mp3?hdnea=exp=1781745669~acl=/api/1/1/1/a/d/0/1ad3cfcc14a0180f4f1f8b079fc1f01f.mp3*~data=user_id=0,application_id=42~hmac=a000d2fe49353870bd2b6b96b4591aca48a13955b47a167fbcf3d3aa164daf6f","On 1 list: Broadway"
"(thematic candidate)","","","","Mama, I'm a Big Girl Now","Marissa Jaret Winokur","Hairspray (Original Broadway Cast Recording)","848463","179398","198","false","https://www.deezer.com/us/track/848463","https://cdnt-preview.dzcdn.net/api/1/1/5/c/5/0/5c50e473d4a9c04ffcdf30fe3c9689e5.mp3?hdnea=exp=1781745669~acl=/api/1/1/5/c/5/0/5c50e473d4a9c04ffcdf30fe3c9689e5.mp3*~data=user_id=0,application_id=42~hmac=04806d9e866f82c26f8f0b3b46d98a105ee73475f596cc105837885977a938a1","On 1 list: Broadway"
"(thematic candidate)","","","","What I Did for Love","Natalie Cortez","A Chorus Line (New Broadway Cast Recording (2006))","13160712","178245","216","false","https://www.deezer.com/us/track/13160712","https://cdnt-preview.dzcdn.net/api/1/1/3/c/3/0/3c3beaebc39e95ea5efafd709a41b439.mp3?hdnea=exp=1781745669~acl=/api/1/1/3/c/3/0/3c3beaebc39e95ea5efafd709a41b439.mp3*~data=user_id=0,application_id=42~hmac=18e00810865e11b93e35cb5497f66c2b35060716138963367d1f0d71ff754bca","On 1 list: Broadway"
"(thematic candidate)","","","","And I Am Telling You I'm Not Going","Amber Riley","Dreamgirls (Original London Cast Recording)","349749781","177243","312","false","https://www.deezer.com/us/track/349749781","https://cdnt-preview.dzcdn.net/api/1/1/0/d/b/0/0db70dc9a4582c00d84e0e0e44ad7148.mp3?hdnea=exp=1781745673~acl=/api/1/1/0/d/b/0/0db70dc9a4582c00d84e0e0e44ad7148.mp3*~data=user_id=0,application_id=42~hmac=2cb32812734c4dc7fc8d003c9f54a1440a230d03b7471a0685223110eb753159","On 1 list: Hello, Broadway! Hits from Musicals"
"(thematic candidate)","","","","I Got Rhythm","Gene Kelly","An American in Paris (Remastered)","5192742","174848","225","false","https://www.deezer.com/us/track/5192742","https://cdnt-preview.dzcdn.net/api/1/1/7/d/a/0/7da63b7c47efc2249c50592aa291f57b.mp3?hdnea=exp=1781745671~acl=/api/1/1/7/d/a/0/7da63b7c47efc2249c50592aa291f57b.mp3*~data=user_id=0,application_id=42~hmac=04b82d1e6b34f2a150c516c40b7d65c29a1669cb9ab7e1e23e99eb164016e468","On 1 list: Broadway Classics"
"(thematic candidate)","","","","Moments in the Woods","Emily Blunt","Into the Woods (Original Motion Picture Soundtrack)","90945591","173898","187","false","https://www.deezer.com/us/track/90945591","https://cdnt-preview.dzcdn.net/api/1/1/6/4/b/0/64b1bcc72c807bc011f04c2c653fb2ab.mp3?hdnea=exp=1781745669~acl=/api/1/1/6/4/b/0/64b1bcc72c807bc011f04c2c653fb2ab.mp3*~data=user_id=0,application_id=42~hmac=33a95727a61cd0c2e1a0053b71d6caea9f3d902e58152ae63fb9b8155f983e16","On 1 list: Broadway"
"(thematic candidate)","","","","I Can Do Better Than That","Anna Kendrick","The Last Five Years (Original Motion Picture Soundtrack)","422982482","173144","297","true","https://www.deezer.com/us/track/422982482","https://cdnt-preview.dzcdn.net/api/1/1/7/a/7/0/7a72460afe3ceae7c526d210b23a4b77.mp3?hdnea=exp=1781745669~acl=/api/1/1/7/a/7/0/7a72460afe3ceae7c526d210b23a4b77.mp3*~data=user_id=0,application_id=42~hmac=eabf062047a6699e4eaeb24fe665b6420fd755f902f38ad1b1c959571c7b6646","On 1 list: Broadway"
"(thematic candidate)","","","","I'm A Believer (From ""Shrek The Musical"" Original Cast Recording)","Shrek Ensemble","Musical Hits","965003702","172445","159","false","https://www.deezer.com/us/track/965003702","https://cdnt-preview.dzcdn.net/api/1/1/7/4/b/0/74bc6c7995ff04e3d3467127462280b7.mp3?hdnea=exp=1781745672~acl=/api/1/1/7/4/b/0/74bc6c7995ff04e3d3467127462280b7.mp3*~data=user_id=0,application_id=42~hmac=437c8ba37b8e0670b1d39f57136e87f26d72b3cf4cdf251740c34818faf7fc53","On 1 list: Broadway Hits"
"(thematic candidate)","","","","Maybe This Time","Natasha Richardson","Musical Love","71946075","170656","180","false","https://www.deezer.com/us/track/71946075","https://cdnt-preview.dzcdn.net/api/1/1/0/d/a/0/0da05c0a40a9f94205390fa1e9c288b7.mp3?hdnea=exp=1781745669~acl=/api/1/1/0/d/a/0/0da05c0a40a9f94205390fa1e9c288b7.mp3*~data=user_id=0,application_id=42~hmac=3f029f13e2138770a50dc550b84f2de35826b2014dce82b1d115e72bc972a9ec","On 1 list: Broadway"
"(thematic candidate)","","","","There Will be Sun","Groundhog Day The Musical Company","Groundhog Day The Musical (Original Broadway Cast Recording)","350921641","170510","152","false","https://www.deezer.com/us/track/350921641","https://cdnt-preview.dzcdn.net/api/1/1/e/6/f/0/e6f9e81c32d1597285aa8774c68f9853.mp3?hdnea=exp=1781745672~acl=/api/1/1/e/6/f/0/e6f9e81c32d1597285aa8774c68f9853.mp3*~data=user_id=0,application_id=42~hmac=3471f3e79d2db1b351feea080e2ad2c983b91e12a13b1fb1aa5c7f436deef470","On 1 list: Broadway Hits"
"(thematic candidate)","","","","You're Nothing Without Me (From ""City of Angels"")","Gregg Edelman","City of Angels (Original Broadway Cast Recording)","1066001","170355","203","false","https://www.deezer.com/us/track/1066001","https://cdnt-preview.dzcdn.net/api/1/1/5/b/3/0/5b3b07fbf55928fbaf2f8cdc36d51301.mp3?hdnea=exp=1781745673~acl=/api/1/1/5/b/3/0/5b3b07fbf55928fbaf2f8cdc36d51301.mp3*~data=user_id=0,application_id=42~hmac=eec2b97b16695800aefa78b272620550e71dd8317056c614f1580911d7a10fee","On 1 list: Hello, Broadway! Hits from Musicals"
"(thematic candidate)","","","","Finale/Children Will Listen (Pt. 1)","James Corden","Into the Woods (Original Motion Picture Soundtrack)","90945599","170354","210","false","https://www.deezer.com/us/track/90945599","https://cdnt-preview.dzcdn.net/api/1/1/0/5/c/0/05cce5c6b1e820a181a7f42b524ec5ea.mp3?hdnea=exp=1781745669~acl=/api/1/1/0/5/c/0/05cce5c6b1e820a181a7f42b524ec5ea.mp3*~data=user_id=0,application_id=42~hmac=74a91ff62e8bc862cf49731c0d0c17a5de698afd48f303e0aac3baad34f610eb","On 1 list: Broadway"
"(thematic candidate)","","","","What Is This Feeling? (From ""Wicked"" Original Broadway Cast Recording/2003)","Kristin Chenoweth","Wicked (Original Broadway Cast Recording / Deluxe Edition)","72567287","169584","211","false","https://www.deezer.com/us/track/72567287","https://cdnt-preview.dzcdn.net/api/1/1/8/6/a/0/86a65a23ca958964cd3fb29b222c354f.mp3?hdnea=exp=1781745668~acl=/api/1/1/8/6/a/0/86a65a23ca958964cd3fb29b222c354f.mp3*~data=user_id=0,application_id=42~hmac=55e3bf813484dfb9b8335fbb7226b22afee127eb4faabf9921551dc299def577","On 1 list: Broadway"
"(thematic candidate)","","","","Nobody Cares","Andy Karl","Groundhog Day The Musical (Original Broadway Cast Recording)","350921691","168015","313","false","https://www.deezer.com/us/track/350921691","https://cdnt-preview.dzcdn.net/api/1/1/9/f/3/0/9f3492ed615812ff2d13a2e7f03c58cc.mp3?hdnea=exp=1781745673~acl=/api/1/1/9/f/3/0/9f3492ed615812ff2d13a2e7f03c58cc.mp3*~data=user_id=0,application_id=42~hmac=57ffbcc0fa66296841378325cacad5a85bdcf6c83b06ee9eabecd3fa8cdaa634","On 1 list: Hello, Broadway! Hits from Musicals"
"(thematic candidate)","","","","One","A Chorus Line Ensemble","A Chorus Line - 40th Anniversary Celebration (Original Broadway Cast Recording)","107819400","166976","284","false","https://www.deezer.com/us/track/107819400","https://cdnt-preview.dzcdn.net/api/1/1/f/e/d/0/fedf57cb4525f867b085d0042f67b1b6.mp3?hdnea=exp=1781745669~acl=/api/1/1/f/e/d/0/fedf57cb4525f867b085d0042f67b1b6.mp3*~data=user_id=0,application_id=42~hmac=7d65c678515851d1e7d51ff607fcfd60a1229d5688b4dfa0845393518e168ee6","On 1 list: Broadway"
"(thematic candidate)","","","","We Both Reached for the Gun","Marcia Lewis","Chicago The Musical (New Broadway Cast Recording (1997))","970477","166812","237","false","https://www.deezer.com/us/track/970477","https://cdnt-preview.dzcdn.net/api/1/1/5/2/d/0/52dcca7ff0a707c6be3a10738e5498c8.mp3?hdnea=exp=1781745670~acl=/api/1/1/5/2/d/0/52dcca7ff0a707c6be3a10738e5498c8.mp3*~data=user_id=0,application_id=42~hmac=0ebea0902ee10d60c393fb1cbe3ca6fcb57aaa35265b26e657d38f0b19f06ab2","On 1 list: Broadway"
"(thematic candidate)","","","","Dancing Queen (1999 / Musical ""Mamma Mia"")","Jenny Galloway","Mamma Mia!","1582503","165993","222","false","https://www.deezer.com/us/track/1582503","https://cdnt-preview.dzcdn.net/api/1/1/7/3/1/0/731dfa0c2b32abff1739791673dac551.mp3?hdnea=exp=1781745672~acl=/api/1/1/7/3/1/0/731dfa0c2b32abff1739791673dac551.mp3*~data=user_id=0,application_id=42~hmac=be617bcbc90006fe16af2a457fd6e09dbe8add3e314494334a3d9005ded7cf37","On 1 list: Broadway Hits"
"(thematic candidate)","","","","Wait For It","USHER","Wait For It (from The Hamilton Mixtape)","136334122","165773","208","false","https://www.deezer.com/us/track/136334122","https://cdnt-preview.dzcdn.net/api/1/1/1/7/b/0/17b46525a5860256f255db55d9d35590.mp3?hdnea=exp=1781745674~acl=/api/1/1/1/7/b/0/17b46525a5860256f255db55d9d35590.mp3*~data=user_id=0,application_id=42~hmac=9eb994b42e350de3ded385857ded3a7c6b9214c955060cc5dff19df0d242674d","On 1 list: Hamilton: The Complete Playlist"
"(thematic candidate)","","","","Before The Parade Passes By","Barbra Streisand","Hello, Dolly!","2305913","165627","294","false","https://www.deezer.com/us/track/2305913","https://cdnt-preview.dzcdn.net/api/1/1/b/4/b/0/b4b5020a1b4c23ea0b5f25298bc53b49.mp3?hdnea=exp=1781745669~acl=/api/1/1/b/4/b/0/b4b5020a1b4c23ea0b5f25298bc53b49.mp3*~data=user_id=0,application_id=42~hmac=d7d3c49b834154143e148caccc7f8369b3b4b6ba7e45a9f1919bb2870c81a131","On 1 list: Broadway"
"(thematic candidate)","","","","Alexander Hamilton (Instrumental)","Original Broadway Cast of Hamilton","The Hamilton Instrumentals","378170521","165370","236","false","https://www.deezer.com/us/track/378170521","https://cdnt-preview.dzcdn.net/api/1/1/5/e/1/0/5e10734a77204bc8285f3c5f33aa5e22.mp3?hdnea=exp=1781745674~acl=/api/1/1/5/e/1/0/5e10734a77204bc8285f3c5f33aa5e22.mp3*~data=user_id=0,application_id=42~hmac=167583b44276c6f84eaf4444f8fe2c5837805df30c0bcf8c7d1a12e248e5c1b4","On 1 list: Hamilton: The Complete Playlist"
"(thematic candidate)","","","","With a Little Bit of Luck","Stanley Holloway","My Fair Lady","851310","164436","247","false","https://www.deezer.com/us/track/851310","https://cdnt-preview.dzcdn.net/api/1/1/6/0/9/0/6097a8f65110bf000e41e9151c8af60e.mp3?hdnea=exp=1781745670~acl=/api/1/1/6/0/9/0/6097a8f65110bf000e41e9151c8af60e.mp3*~data=user_id=0,application_id=42~hmac=94f064917c130f4f95a0d04635fcebd8df64607cdb9f2dc15e50af25d716d13a","On 1 list: Broadway"
"(thematic candidate)","","","","Mamma Mia (Remastered 1999 / From The Musical ""Mamma Mia"")","Siobhan McCarthy","Mamma Mia!","1582501","164133","200","false","https://www.deezer.com/us/track/1582501","https://cdnt-preview.dzcdn.net/api/1/1/6/3/0/0/630ece84aecd87479e66a3429cc8e9a7.mp3?hdnea=exp=1781745672~acl=/api/1/1/6/3/0/0/630ece84aecd87479e66a3429cc8e9a7.mp3*~data=user_id=0,application_id=42~hmac=804e638daff7c19bcc6169b417f9e80e3329313e359d7526ff514c4c015a249a","On 1 list: Broadway Hits"
"(thematic candidate)","","","","So Far Away","Jessie Mueller","Beautiful: The Carole King Musical (Original Broadway Cast Recording)","392424472","163870","102","false","https://www.deezer.com/us/track/392424472","https://cdnt-preview.dzcdn.net/api/1/1/4/e/5/0/4e57731a9f1f1c50ae8b5b45dc7f302f.mp3?hdnea=exp=1781745669~acl=/api/1/1/4/e/5/0/4e57731a9f1f1c50ae8b5b45dc7f302f.mp3*~data=user_id=0,application_id=42~hmac=e3683c28307513b3a8fd028e57f132d86e04c14f8deb2a728ee209447da498b9","On 1 list: Broadway"
"(thematic candidate)","","","","I Am the Very Model of a Modern","The Pirates of Penzance","The Pirates Of Penzance","74269651","163691","355","false","https://www.deezer.com/us/track/74269651","https://cdnt-preview.dzcdn.net/api/1/1/0/d/8/0/0d8e7811f78cb5c7e126f0cd1987b274.mp3?hdnea=exp=1781745669~acl=/api/1/1/0/d/8/0/0d8e7811f78cb5c7e126f0cd1987b274.mp3*~data=user_id=0,application_id=42~hmac=a17973eb5b7a9337b2ba9fe8018624853a3c340214cb436c05800a9a927502bd","On 1 list: Broadway"
"(thematic candidate)","","","","Suppertime","Alan Menken","Little Shop Of Horrors - New Broadway Cast","66001425","163238","149","false","https://www.deezer.com/us/track/66001425","https://cdnt-preview.dzcdn.net/api/1/1/6/1/7/0/61776ebfcf65d74838dee6cddcc83cd7.mp3?hdnea=exp=1781745669~acl=/api/1/1/6/1/7/0/61776ebfcf65d74838dee6cddcc83cd7.mp3*~data=user_id=0,application_id=42~hmac=d34582f1e966784e58b6530a53ac59fe1ce724c2265a5cfc5d2f85b10cc344e2","On 1 list: Broadway"
"(thematic candidate)","","","","To Life","John Williams","Fiddler On The Roof (Original Motion Picture Soundtrack)","3142442","161915","374","false","https://www.deezer.com/us/track/3142442","https://cdnt-preview.dzcdn.net/api/1/1/5/e/e/0/5ee067cc02b5ed83106c428b15fcf553.mp3?hdnea=exp=1781745670~acl=/api/1/1/5/e/e/0/5ee067cc02b5ed83106c428b15fcf553.mp3*~data=user_id=0,application_id=42~hmac=09d4d927c2d92376e4c014e46d6655652f3569ce006ffca0286efc884af78f37","On 1 list: Broadway"
"(thematic candidate)","","","","An Open Letter (feat. Shockwave) (Interlude)","Watsky","The Hamilton Mixtape","137041156","161908","68","true","https://www.deezer.com/us/track/137041156","https://cdnt-preview.dzcdn.net/api/1/1/a/e/c/0/aece3ffdd4596f4a68c1f65cca72c5c2.mp3?hdnea=exp=1781745674~acl=/api/1/1/a/e/c/0/aece3ffdd4596f4a68c1f65cca72c5c2.mp3*~data=user_id=0,application_id=42~hmac=7c084c41985949d14a095f1275be1242b4c57dc7ef677c6143e0c8cf35f4e1fb","On 1 list: Hamilton: The Complete Playlist"
"(thematic candidate)","","","","Good Morning","Gene Kelly","Singin' in the Rain (Original Motion Picture Soundtrack)","647366242","161090","255","false","https://www.deezer.com/us/track/647366242","https://cdnt-preview.dzcdn.net/api/1/1/b/4/f/0/b4f1210b1504680d3a73cc1af650a4c7.mp3?hdnea=exp=1781745669~acl=/api/1/1/b/4/f/0/b4f1210b1504680d3a73cc1af650a4c7.mp3*~data=user_id=0,application_id=42~hmac=d7e636cc512abf4579ea095b9e738017549ad37936b0bd42ac93cde1fad2bd1b","On 1 list: Broadway"
"(thematic candidate)","","","","Thank You For The Music (1999 / Musical ""Mamma Mia"")","Paul Clarkson","Mamma Mia!","1582500","158768","183","false","https://www.deezer.com/us/track/1582500","https://cdnt-preview.dzcdn.net/api/1/1/0/6/7/0/06716fe483d12879b7d97ad0cf6b5b7e.mp3?hdnea=exp=1781745669~acl=/api/1/1/0/6/7/0/06716fe483d12879b7d97ad0cf6b5b7e.mp3*~data=user_id=0,application_id=42~hmac=f8ffaec4a2b94dab406df522f5e4cdf8f265b7e24e568bb26b32c23ec3e075c0","On 1 list: Broadway"
"(thematic candidate)","","","","I Get a Kick out of You","Sutton Foster","Anything Goes (New Broadway Cast Recording)","422962152","158737","144","false","https://www.deezer.com/us/track/422962152","https://cdnt-preview.dzcdn.net/api/1/1/e/c/f/0/ecff929964beb23ae67365b26556db81.mp3?hdnea=exp=1781745669~acl=/api/1/1/e/c/f/0/ecff929964beb23ae67365b26556db81.mp3*~data=user_id=0,application_id=42~hmac=351702b33ed1fd7e4d5713920d45d10d9102e762506e8af5217fcfdf7f9804fd","On 1 list: Broadway"
"(thematic candidate)","","","","Cabinet Battle 3 (Demo)","Lin-Manuel Miranda","The Hamilton Mixtape","137041184","158597","169","false","https://www.deezer.com/us/track/137041184","https://cdnt-preview.dzcdn.net/api/1/1/8/0/c/0/80c4357295571f130505d7f8d5f4ee72.mp3?hdnea=exp=1781745674~acl=/api/1/1/8/0/c/0/80c4357295571f130505d7f8d5f4ee72.mp3*~data=user_id=0,application_id=42~hmac=23e93d89687dfb6c0138856ca3c7aacd036c2204964c3b53ddaf464b75442e04","On 1 list: Hamilton: The Complete Playlist"
"(thematic candidate)","","","","Chiquitita (1999 / Musical ""Mamma Mia"")","Jenny Galloway","Mamma Mia!","1582502","158565","147","false","https://www.deezer.com/us/track/1582502","https://cdnt-preview.dzcdn.net/api/1/1/9/b/2/0/9b20b18618fe6650c0421ef2d95bf43a.mp3?hdnea=exp=1781745669~acl=/api/1/1/9/b/2/0/9b20b18618fe6650c0421ef2d95bf43a.mp3*~data=user_id=0,application_id=42~hmac=8fb80d00799447b6ea3189fdbe92bed987dfe781444b614cc8da4dff4f9927e9","On 1 list: Broadway"
"(thematic candidate)","","","","The Meek Shall Inherit","Alan Menken","Little Shop Of Horrors - New Broadway Cast","66001426","158271","407","false","https://www.deezer.com/us/track/66001426","https://cdnt-preview.dzcdn.net/api/1/1/f/1/8/0/f188a10ef80da2e50baa0a5147cc5377.mp3?hdnea=exp=1781745669~acl=/api/1/1/f/1/8/0/f188a10ef80da2e50baa0a5147cc5377.mp3*~data=user_id=0,application_id=42~hmac=3ab888e5affe01a94f08b073503cdbae4af14c80c57ea556c378a475c5fe81e8","On 1 list: Broadway"
"(thematic candidate)","","","","No One Else","Denée Benton","Natasha, Pierre & the Great Comet of 1812 (Original Broadway Cast Recording)","358223621","157849","260","false","https://www.deezer.com/us/track/358223621","https://cdnt-preview.dzcdn.net/api/1/1/2/6/3/0/263d4a167c3aae952a038e0f5486e24a.mp3?hdnea=exp=1781745673~acl=/api/1/1/2/6/3/0/263d4a167c3aae952a038e0f5486e24a.mp3*~data=user_id=0,application_id=42~hmac=b32424c1fe508077fa5fae0a53aced87b1be8b7db72d396693886effbf41ba32","On 1 list: Hello, Broadway! Hits from Musicals"
"(thematic candidate)","","","","Helpless (feat. Ja Rule)","Ashanti","Helpless (feat. Ja Rule) [from The Hamilton Mixtape]","136803322","157232","215","false","https://www.deezer.com/us/track/136803322","https://cdnt-preview.dzcdn.net/api/1/1/8/a/3/0/8a37c0b0f39506c099f15fe4ed5778de.mp3?hdnea=exp=1781745674~acl=/api/1/1/8/a/3/0/8a37c0b0f39506c099f15fe4ed5778de.mp3*~data=user_id=0,application_id=42~hmac=581e04e4c92be9a4daf0901e85dc8302cf7e48b11d75db14c2d30e3949412a7b","On 1 list: Hamilton: The Complete Playlist"
"(thematic candidate)","","","","Ya Never Know","Alan Menken","Little Shop Of Horrors - New Broadway Cast","66001414","157168","190","false","https://www.deezer.com/us/track/66001414","https://cdnt-preview.dzcdn.net/api/1/1/2/e/2/0/2e2efba34b1ac82aa1701982e1755558.mp3?hdnea=exp=1781745669~acl=/api/1/1/2/e/2/0/2e2efba34b1ac82aa1701982e1755558.mp3*~data=user_id=0,application_id=42~hmac=d0db1e42a610f8bbc4e0551fa09d8905ffb86c6c95a091a708c6d8caf69513c1","On 1 list: Broadway"
"(thematic candidate)","","","","So Long Dearie","Barbra Streisand","Hello, Dolly!","2305918","156692","156","false","https://www.deezer.com/us/track/2305918","https://cdnt-preview.dzcdn.net/api/1/1/4/3/8/0/4389e7056fcd7d8abc0e8a1b601c37ff.mp3?hdnea=exp=1781745669~acl=/api/1/1/4/3/8/0/4389e7056fcd7d8abc0e8a1b601c37ff.mp3*~data=user_id=0,application_id=42~hmac=48097964b58e162bdc44e34e17436af7b82c81e4a1fcf59a6712e930fefc911f","On 1 list: Broadway"
"(thematic candidate)","","","","It's Quiet Uptown","Kelly Clarkson","It's Quiet Uptown","135450644","156429","277","false","https://www.deezer.com/us/track/135450644","https://cdnt-preview.dzcdn.net/api/1/1/0/6/f/0/06f0434b2677c0c18bdeff18aa2e1d90.mp3?hdnea=exp=1781745674~acl=/api/1/1/0/6/f/0/06f0434b2677c0c18bdeff18aa2e1d90.mp3*~data=user_id=0,application_id=42~hmac=3a4a4f8eaae16793447d7ab63cd0ab9e212a9ceac10a5d46482052166e577be2","On 1 list: Hamilton: The Complete Playlist"
"(thematic candidate)","","","","What'd I Miss? (Instrumental)","Original Broadway Cast of Hamilton","The Hamilton Instrumentals","378170751","155775","236","false","https://www.deezer.com/us/track/378170751","https://cdnt-preview.dzcdn.net/api/1/1/3/5/f/0/35f37cc46c714ffd0115ba6a95d980ef.mp3?hdnea=exp=1781745674~acl=/api/1/1/3/5/f/0/35f37cc46c714ffd0115ba6a95d980ef.mp3*~data=user_id=0,application_id=42~hmac=6f98ae08c0b543fccbb201aeffdee2f2fbe1f1baeb10f4bff3c19e29791d7e30","On 1 list: Hamilton: The Complete Playlist"
"(thematic candidate)","","","","The Nicest Kids in Town","Clarke Thorell","Hairspray (Original Broadway Cast Recording)","850422","154505","156","false","https://www.deezer.com/us/track/850422","https://cdnt-preview.dzcdn.net/api/1/1/3/e/2/0/3e2f60d57294f922c8ccb683788b6342.mp3?hdnea=exp=1781745669~acl=/api/1/1/3/e/2/0/3e2f60d57294f922c8ccb683788b6342.mp3*~data=user_id=0,application_id=42~hmac=3a86308cc1fc55065115323a1421bbcb6847c52d87b3d52b771b88bbe266bb78","On 1 list: Broadway"
"(thematic candidate)","","","","Not for the Life of Me","Sutton Foster","Thoroughly Modern Millie (Original Broadway Cast Recording)","545988","154361","130","false","https://www.deezer.com/us/track/545988","https://cdnt-preview.dzcdn.net/api/1/1/7/3/2/0/732e70b5495f27653d9e9f637683a53d.mp3?hdnea=exp=1781745669~acl=/api/1/1/7/3/2/0/732e70b5495f27653d9e9f637683a53d.mp3*~data=user_id=0,application_id=42~hmac=ac3283b0890e3225092d3ce334bde0f377709a3fa5a20cc0c185712f25ff18ca","On 1 list: Broadway"
"(thematic candidate)","","","","Don't Cry for Me Argentina","Elena Roger","Evita (New Broadway Cast Recording (2012))","38024381","154280","414","false","https://www.deezer.com/us/track/38024381","https://cdnt-preview.dzcdn.net/api/1/1/d/4/7/0/d47ca677090de3a8adab43d6667ae3fc.mp3?hdnea=exp=1781745673~acl=/api/1/1/d/4/7/0/d47ca677090de3a8adab43d6667ae3fc.mp3*~data=user_id=0,application_id=42~hmac=805927bc3ceb638d62125e8a239400aad9f5af6a7096492fb15d6c06b95f3e49","On 1 list: Hello, Broadway! Hits from Musicals"
"(thematic candidate)","","","","As Long As You're Mine (From ""Wicked"" Original Broadway Cast Recording/2003)","Idina Menzel","Wicked (Original Broadway Cast Recording / Deluxe Edition)","72567298","153918","226","false","https://www.deezer.com/us/track/72567298","https://cdnt-preview.dzcdn.net/api/1/1/6/2/f/0/62fd5df4f449db8c7dd6996f592617d7.mp3?hdnea=exp=1781745669~acl=/api/1/1/6/2/f/0/62fd5df4f449db8c7dd6996f592617d7.mp3*~data=user_id=0,application_id=42~hmac=f604f3eb9ee8c837d9978ad40589302dfa83e29f1e531f89583d565443a0c280","On 1 list: Broadway"
"(thematic candidate)","","","","Woe Is Me","25th Annual Putnam County Spelling Bee Original Cast","25th Annual Putnam County Spelling Bee (Original Broadway Cast Recording)","422962452","153901","151","false","https://www.deezer.com/us/track/422962452","https://cdnt-preview.dzcdn.net/api/1/1/d/b/5/0/db504dcaf2d5af28188bf6d36b1d75fb.mp3?hdnea=exp=1781745669~acl=/api/1/1/d/b/5/0/db504dcaf2d5af28188bf6d36b1d75fb.mp3*~data=user_id=0,application_id=42~hmac=ed9478e9e4be2cc5d17a8175298153a3473227198633858e37034e9fd81ac12a","On 1 list: Broadway"
"(thematic candidate)","","","","Spread a Little Sunshine","Charlotte D'Amboise","Pippin (New Broadway Cast Recording)","392424782","153835","183","false","https://www.deezer.com/us/track/392424782","https://cdnt-preview.dzcdn.net/api/1/1/4/d/6/0/4d609fee9d8668e0360e0349823f9b53.mp3?hdnea=exp=1781745670~acl=/api/1/1/4/d/6/0/4d609fee9d8668e0360e0349823f9b53.mp3*~data=user_id=0,application_id=42~hmac=3aa7d4a2a421b88d3a6ab537e232ef18be91ec48b449e7e90e329e96c287041b","On 1 list: Broadway"
"(thematic candidate)","","","","Stay Alive (Interlude)","J.PERIOD","The Hamilton Mixtape","137041182","153271","33","false","https://www.deezer.com/us/track/137041182","https://cdnt-preview.dzcdn.net/api/1/1/3/a/3/0/3a34c10bfda346df424f2bfb32bad633.mp3?hdnea=exp=1781745674~acl=/api/1/1/3/a/3/0/3a34c10bfda346df424f2bfb32bad633.mp3*~data=user_id=0,application_id=42~hmac=408c1a4b7509e24b4533bf912b8de95fae487d10cba14e1c3f76c68a2c628f80","On 1 list: Hamilton: The Complete Playlist"
"(thematic candidate)","","","","History Has Its Eyes On You","John Legend","The Hamilton Mixtape","137041188","152516","196","false","https://www.deezer.com/us/track/137041188","https://cdnt-preview.dzcdn.net/api/1/1/f/a/4/0/fa497102b7bc1f3e57a6576c34a2cfb9.mp3?hdnea=exp=1781745674~acl=/api/1/1/f/a/4/0/fa497102b7bc1f3e57a6576c34a2cfb9.mp3*~data=user_id=0,application_id=42~hmac=eb328370c37b5f2b0379bbf679441ce9c95ac2293cf32517e7ec08acbd1eb9e1","On 1 list: Hamilton: The Complete Playlist"
"(thematic candidate)","","","","Say Yes to This","Jill Scott","The Hamilton Mixtape","137041176","151653","230","false","https://www.deezer.com/us/track/137041176","https://cdnt-preview.dzcdn.net/api/1/1/6/1/2/0/612d54ba20505cd3ba2e2b941658286c.mp3?hdnea=exp=1781745674~acl=/api/1/1/6/1/2/0/612d54ba20505cd3ba2e2b941658286c.mp3*~data=user_id=0,application_id=42~hmac=d7c20687cf4989738282e0c985d00c8040d06942444b0b3720e326f0c5be234d","On 1 list: Hamilton: The Complete Playlist"
"(thematic candidate)","","","","My Unfortunate Erection (Chip's Lament)","25th Annual Putnam County Spelling Bee Original Cast","25th Annual Putnam County Spelling Bee (Original Broadway Cast Recording)","422962442","150999","158","false","https://www.deezer.com/us/track/422962442","https://cdnt-preview.dzcdn.net/api/1/1/3/3/2/0/332c3f3780b2f8f037f3a63d5deaf500.mp3?hdnea=exp=1781745669~acl=/api/1/1/3/3/2/0/332c3f3780b2f8f037f3a63d5deaf500.mp3*~data=user_id=0,application_id=42~hmac=2b52ab6048ea43e807548a05846fb0f618e38043c7c20a568f8853f155560240","On 1 list: Broadway"
"(thematic candidate)","","","","Matchmaker","John Williams","Fiddler On The Roof (Original Motion Picture Soundtrack)","3142439","150258","237","false","https://www.deezer.com/us/track/3142439","https://cdnt-preview.dzcdn.net/api/1/1/7/a/2/0/7a2133b4bb005a97391beb8eb724e280.mp3?hdnea=exp=1781745670~acl=/api/1/1/7/a/2/0/7a2133b4bb005a97391beb8eb724e280.mp3*~data=user_id=0,application_id=42~hmac=16b64209598a4c3d3d5fb10a88ac9adc6873559978d51a1c8a1bb897a7d76dd6","On 1 list: Broadway"
"(thematic candidate)","","","","If I Had My Time Again","Barrett Doss","If I Had My Time Again","345347081","148323","299","false","https://www.deezer.com/us/track/345347081","https://cdnt-preview.dzcdn.net/api/1/1/2/4/e/0/24e66321b4e02697e2c94ce0cffa3fcf.mp3?hdnea=exp=1781745673~acl=/api/1/1/2/4/e/0/24e66321b4e02697e2c94ce0cffa3fcf.mp3*~data=user_id=0,application_id=42~hmac=85b705fe59d86380aa446a91c81c12ec7afd37ea5ee80c7f1d39f4a6529c9d82","On 1 list: Hello, Broadway! Hits from Musicals"
"(thematic candidate)","","","","Right Hand Man (Instrumental)","Original Broadway Cast of Hamilton","The Hamilton Instrumentals","378170591","147881","321","false","https://www.deezer.com/us/track/378170591","https://cdnt-preview.dzcdn.net/api/1/1/6/0/5/0/605c4adec742331ed5e098e2a05bd320.mp3?hdnea=exp=1781745674~acl=/api/1/1/6/0/5/0/605c4adec742331ed5e098e2a05bd320.mp3*~data=user_id=0,application_id=42~hmac=21b6d60074059402fe016a67f19ea3a52da338116db8a10c8f7488ae591bec86","On 1 list: Hamilton: The Complete Playlist"
"(thematic candidate)","","","","Satisfied (Instrumental)","Original Broadway Cast of Hamilton","The Hamilton Instrumentals","378170621","147716","330","false","https://www.deezer.com/us/track/378170621","https://cdnt-preview.dzcdn.net/api/1/1/2/3/1/0/231fba697fbf813c3b8789d0a8aeec64.mp3?hdnea=exp=1781745674~acl=/api/1/1/2/3/1/0/231fba697fbf813c3b8789d0a8aeec64.mp3*~data=user_id=0,application_id=42~hmac=cf9ee06016258d2008fc0d0e1dab82fbc5cb11520236422f9ef6dd4e5a585f12","On 1 list: Hamilton: The Complete Playlist"
"(thematic candidate)","","","","We Will Rock You","Galiléo","We Will Rock You: Cast Album","3091417","146963","128","false","https://www.deezer.com/us/track/3091417","https://cdnt-preview.dzcdn.net/api/1/1/9/7/2/0/97279031a440b2d280a090958caf93dc.mp3?hdnea=exp=1781745672~acl=/api/1/1/9/7/2/0/97279031a440b2d280a090958caf93dc.mp3*~data=user_id=0,application_id=42~hmac=3defe05706da9740331b0c3bd991baf9ec907f4a33f37298e54b48f7093ee815","On 1 list: Broadway Hits"
"(thematic candidate)","","","","Magic Foot","25th Annual Putnam County Spelling Bee Original Cast","25th Annual Putnam County Spelling Bee (Original Broadway Cast Recording)","422962402","144131","155","false","https://www.deezer.com/us/track/422962402","https://cdnt-preview.dzcdn.net/api/1/1/3/3/e/0/33ed7bd980c01b217ee45d478889695a.mp3?hdnea=exp=1781745669~acl=/api/1/1/3/3/e/0/33ed7bd980c01b217ee45d478889695a.mp3*~data=user_id=0,application_id=42~hmac=1bf936ea5a004d046f60f01c6fe8438cb57cae0feefa4a4bd63ad678bf0835e3","On 1 list: Broadway"
"(thematic candidate)","","","","Valley Forge (Demo)","Lin-Manuel Miranda","The Hamilton Mixtape","137041162","143920","166","true","https://www.deezer.com/us/track/137041162","https://cdnt-preview.dzcdn.net/api/1/1/4/0/a/0/40ac0b665329b5ed17d3a6d46d39d0dd.mp3?hdnea=exp=1781745674~acl=/api/1/1/4/0/a/0/40ac0b665329b5ed17d3a6d46d39d0dd.mp3*~data=user_id=0,application_id=42~hmac=7008b0c16763870fdb80caaeecbff0661d2535ef28835f3ea4a8a32830f0e05c","On 1 list: Hamilton: The Complete Playlist"
"(thematic candidate)","","","","I'm Not That Smart","25th Annual Putnam County Spelling Bee Original Cast","25th Annual Putnam County Spelling Bee (Original Broadway Cast Recording)","422962382","143618","159","false","https://www.deezer.com/us/track/422962382","https://cdnt-preview.dzcdn.net/api/1/1/b/c/a/0/bcae3883797b4a8d0c984d58cbcf64c2.mp3?hdnea=exp=1781745669~acl=/api/1/1/b/c/a/0/bcae3883797b4a8d0c984d58cbcf64c2.mp3*~data=user_id=0,application_id=42~hmac=50adf84c3688cbed6de27f0a174c95357359cb0e90dc54c90a9f3347b377d0d2","On 1 list: Broadway"
"(thematic candidate)","","","","We Got Work to Do","Original Cast of Firebringer","Firebringer (Original Cast Recording)","1187410202","143475","233","false","https://www.deezer.com/us/track/1187410202","https://cdnt-preview.dzcdn.net/api/1/1/d/5/8/0/d581b8d557afb895e494fc7c67fd52e6.mp3?hdnea=exp=1781745670~acl=/api/1/1/d/5/8/0/d581b8d557afb895e494fc7c67fd52e6.mp3*~data=user_id=0,application_id=42~hmac=ff1b5e764aca5abde6fc41b0e4d27e400f58c177419bf7253bb1146d7a3f4051","On 1 list: Broadway"
"(thematic candidate)","","","","I Speak Six Languages","25th Annual Putnam County Spelling Bee Original Cast","25th Annual Putnam County Spelling Bee (Original Broadway Cast Recording)","422962472","142744","149","false","https://www.deezer.com/us/track/422962472","https://cdnt-preview.dzcdn.net/api/1/1/b/d/3/0/bd3ba1c68df55cc1e2d7d00b2a1adda8.mp3?hdnea=exp=1781745669~acl=/api/1/1/b/d/3/0/bd3ba1c68df55cc1e2d7d00b2a1adda8.mp3*~data=user_id=0,application_id=42~hmac=c25a26385e001fd5e2b267e69ca928eebde46ba0c89847aa8098cc2dc10a27c0","On 1 list: Broadway"
"(thematic candidate)","","","","The I Love You Song","25th Annual Putnam County Spelling Bee Original Cast","25th Annual Putnam County Spelling Bee (Original Broadway Cast Recording)","422962482","141483","356","false","https://www.deezer.com/us/track/422962482","https://cdnt-preview.dzcdn.net/api/1/1/0/e/1/0/0e10f106c3b64cf5200cce60bfafa20f.mp3?hdnea=exp=1781745669~acl=/api/1/1/0/e/1/0/0e10f106c3b64cf5200cce60bfafa20f.mp3*~data=user_id=0,application_id=42~hmac=c931ac53e0fa34ac49460ad3a51b7c817cd1163668f2bc1b74f64cff3ff375c3","On 1 list: Broadway"
"(thematic candidate)","","","","My Shot (Instrumental)","Original Broadway Cast of Hamilton","The Hamilton Instrumentals","378170541","140716","339","false","https://www.deezer.com/us/track/378170541","https://cdnt-preview.dzcdn.net/api/1/1/8/8/1/0/8819e24e6c2597fb388acd95e482b108.mp3?hdnea=exp=1781745674~acl=/api/1/1/8/8/1/0/8819e24e6c2597fb388acd95e482b108.mp3*~data=user_id=0,application_id=42~hmac=46a0d72ac3440286498f4a7b64e1fd102bfa95f73b12ef5cf626d206ae44b571","On 1 list: Hamilton: The Complete Playlist"
"(thematic candidate)","","","","We Can Do It","Nathan Lane","The Producers (Original Broadway Cast Recording)","70622192","140647","215","false","https://www.deezer.com/us/track/70622192","https://cdnt-preview.dzcdn.net/api/1/1/5/a/d/0/5ad1cf33d0a3a0e1642c148ce9366f9a.mp3?hdnea=exp=1781745673~acl=/api/1/1/5/a/d/0/5ad1cf33d0a3a0e1642c148ce9366f9a.mp3*~data=user_id=0,application_id=42~hmac=f38e29a161175909fbc551ae81af1fcfb9ff61b210bbc9463fd59ae76eb12987","On 1 list: Hello, Broadway! Hits from Musicals"
"(thematic candidate)","","","","Send in the Clowns","Barbra Streisand","The Essential Barbra Streisand","625755","140550","283","false","https://www.deezer.com/us/track/625755","https://cdnt-preview.dzcdn.net/api/1/1/c/6/5/0/c652237b4e6216c53c707506318e7bd8.mp3?hdnea=exp=1781745671~acl=/api/1/1/c/6/5/0/c652237b4e6216c53c707506318e7bd8.mp3*~data=user_id=0,application_id=42~hmac=1b01bfb601c75ba27fa775aca44c0a8b15a1b19028972dc81bf215298e246692","On 1 list: Broadway"
"(thematic candidate)","","","","Company - Original Broadway Cast: The Ladies Who Lunch","Elaine Stritch","Company (Original Broadway Cast Recording)","71952511","140489","268","false","https://www.deezer.com/us/track/71952511","https://cdnt-preview.dzcdn.net/api/1/1/f/d/2/0/fd2586bed5f5ef682c53136c09e382f2.mp3?hdnea=exp=1781745673~acl=/api/1/1/f/d/2/0/fd2586bed5f5ef682c53136c09e382f2.mp3*~data=user_id=0,application_id=42~hmac=34d2739554cb54d6e13f694f2b79c0342b171f50afde10a5b7b55166ecbe0d22","On 1 list: Hello, Broadway! Hits from Musicals"
"(thematic candidate)","","","","That Would Be Enough","Alicia Keys","The Hamilton Mixtape","137041166","139603","244","false","https://www.deezer.com/us/track/137041166","https://cdnt-preview.dzcdn.net/api/1/1/9/7/a/0/97a1d24f147ac15555f6aa42afc36abe.mp3?hdnea=exp=1781745674~acl=/api/1/1/9/7/a/0/97a1d24f147ac15555f6aa42afc36abe.mp3*~data=user_id=0,application_id=42~hmac=090cd3a12cbbb79d5743bb4810f4c788448bdc2fcd9c8ce2494ab64f86e69531","On 1 list: Hamilton: The Complete Playlist"
"(thematic candidate)","","","","Seventy Six Trombones","Robert Preston","The Music Man (Original Broadway Cast)","3318633","138487","182","false","https://www.deezer.com/us/track/3318633","https://cdnt-preview.dzcdn.net/api/1/1/c/6/0/0/c6048c8a023f1ea5c7e448ff13a8053f.mp3?hdnea=exp=1781745670~acl=/api/1/1/c/6/0/0/c6048c8a023f1ea5c7e448ff13a8053f.mp3*~data=user_id=0,application_id=42~hmac=c90193f2ae59b8b3a17c1dc91132e30cc0ac9f1a5078d8ad3619fbf2bc98a9e6","On 1 list: Broadway"
"(thematic candidate)","","","","Burn (Instrumental)","Original Broadway Cast of Hamilton","The Hamilton Instrumentals","378170891","138461","226","false","https://www.deezer.com/us/track/378170891","https://cdnt-preview.dzcdn.net/api/1/1/d/0/3/0/d03df6cd28b5afea10c43eb22546136c.mp3?hdnea=exp=1781745674~acl=/api/1/1/d/0/3/0/d03df6cd28b5afea10c43eb22546136c.mp3*~data=user_id=0,application_id=42~hmac=28637d309f036fa6b5fd4b05b37f6a31ffbd0019dd02034aa31bd6cde4e7a0a6","On 1 list: Hamilton: The Complete Playlist"
"(thematic candidate)","","","","Make 'em Laugh","Donald O'Connor","Singing In The Rain - Original Film Soundtrack","3991706","137869","148","false","https://www.deezer.com/us/track/3991706","https://cdnt-preview.dzcdn.net/api/1/1/5/2/3/0/5233ff9b3d585c1c654095ca78c22a27.mp3?hdnea=exp=1781745669~acl=/api/1/1/5/2/3/0/5233ff9b3d585c1c654095ca78c22a27.mp3*~data=user_id=0,application_id=42~hmac=8f35756a50d507c159074051399a537ca0f8efb0c62099f9052b010c91f221f1","On 1 list: Broadway"
"(thematic candidate)","","","","Washingtons by Your Side","Wiz Khalifa","The Hamilton Mixtape","137041186","137565","175","false","https://www.deezer.com/us/track/137041186","https://cdnt-preview.dzcdn.net/api/1/1/b/a/d/0/bad434f2803275ebf90cc319ca2d407e.mp3?hdnea=exp=1781745674~acl=/api/1/1/b/a/d/0/bad434f2803275ebf90cc319ca2d407e.mp3*~data=user_id=0,application_id=42~hmac=9122bb548a59b9cbcff3d136146fa59301b5f0c0ad7d1d5cac4bfbb26ae537c7","On 1 list: Hamilton: The Complete Playlist"
"(thematic candidate)","","","","Thoroughly Modern Millie","Sutton Foster","Thoroughly Modern Millie (Original Broadway Cast Recording)","545989","137319","177","false","https://www.deezer.com/us/track/545989","https://cdnt-preview.dzcdn.net/api/1/1/e/7/4/0/e74538e26402ea74160bbd26ee9184e2.mp3?hdnea=exp=1781745669~acl=/api/1/1/e/7/4/0/e74538e26402ea74160bbd26ee9184e2.mp3*~data=user_id=0,application_id=42~hmac=ea87ad4dc21a64035b84cbb1b11d1c35c020fb897dfaa4e310b3453b487166b6","On 1 list: Broadway"
"(thematic candidate)","","","","Aaron Burr, Sir (Instrumental)","Original Broadway Cast of Hamilton","The Hamilton Instrumentals","378170531","137295","151","false","https://www.deezer.com/us/track/378170531","https://cdnt-preview.dzcdn.net/api/1/1/e/a/6/0/ea6cbc358bb6bd414fa6241d3b5491ed.mp3?hdnea=exp=1781745674~acl=/api/1/1/e/a/6/0/ea6cbc358bb6bd414fa6241d3b5491ed.mp3*~data=user_id=0,application_id=42~hmac=c64bb88d69c60132d441939b88b1e45dd38424b297ddc6eedca66f19b2f47370","On 1 list: Hamilton: The Complete Playlist"
"(thematic candidate)","","","","Non-Stop (Instrumental)","Original Broadway Cast of Hamilton","The Hamilton Instrumentals","378170741","137279","385","false","https://www.deezer.com/us/track/378170741","https://cdnt-preview.dzcdn.net/api/1/1/9/7/4/0/974b75b42d158986a209ee0b19a49a85.mp3?hdnea=exp=1781745674~acl=/api/1/1/9/7/4/0/974b75b42d158986a209ee0b19a49a85.mp3*~data=user_id=0,application_id=42~hmac=4f4d1b34714a423254fad9f39f4252f19677d9538b10a2ff353622e652c2bc72","On 1 list: Hamilton: The Complete Playlist"
"(thematic candidate)","","","","Finale/Children Will Listen (Pt. 2)","Company - Into the Woods (Motion Picture Cast)","Into the Woods (Original Motion Picture Soundtrack)","90945601","136941","104","false","https://www.deezer.com/us/track/90945601","https://cdnt-preview.dzcdn.net/api/1/1/1/0/f/0/10fa83b3f5d872313ed5f54b6fcce3a1.mp3?hdnea=exp=1781745669~acl=/api/1/1/1/0/f/0/10fa83b3f5d872313ed5f54b6fcce3a1.mp3*~data=user_id=0,application_id=42~hmac=d4b36017f02d1eefa618bbc7b4a1344cfa8414505644b02df0fefd77b78a715e","On 1 list: Broadway"
"(thematic candidate)","","","","First Date / Last Night","Lindsay Mendez","Dogfight (Original Cast Recording)","422953802","136710","221","false","https://www.deezer.com/us/track/422953802","https://cdnt-preview.dzcdn.net/api/1/1/f/8/d/0/f8dc60127387603ee0f156bc34dafac0.mp3?hdnea=exp=1781745669~acl=/api/1/1/f/8/d/0/f8dc60127387603ee0f156bc34dafac0.mp3*~data=user_id=0,application_id=42~hmac=4ea32c6026d42d13e28c39785cbe003a0be0145ac70a56e5615c2e26083135f1","On 1 list: Broadway"
"(thematic candidate)","","","","It Takes A Woman (Reprise)","Barbra Streisand","Hello, Dolly!","2305909","134843","133","false","https://www.deezer.com/us/track/2305909","https://cdnt-preview.dzcdn.net/api/1/1/f/1/6/0/f16c030745561b957951bef068f30f03.mp3?hdnea=exp=1781745669~acl=/api/1/1/f/1/6/0/f16c030745561b957951bef068f30f03.mp3*~data=user_id=0,application_id=42~hmac=16f8547f716e7a9f80caa4d5226f3fa362ce696e8530b8feb5299264505229f3","On 1 list: Broadway"
"(thematic candidate)","","","","You'll Be Back (Instrumental)","Original Broadway Cast of Hamilton","The Hamilton Instrumentals","378170581","134475","207","false","https://www.deezer.com/us/track/378170581","https://cdnt-preview.dzcdn.net/api/1/1/a/9/6/0/a96f442d35e3035e2773915332a6a1cb.mp3?hdnea=exp=1781745674~acl=/api/1/1/a/9/6/0/a96f442d35e3035e2773915332a6a1cb.mp3*~data=user_id=0,application_id=42~hmac=37230128918017bb965cb5dee84fd266d23f011135bfb3edb8b54d2a4a6125a8","On 1 list: Hamilton: The Complete Playlist"
"(thematic candidate)","","","","Welcome to the 60's","Marissa Jaret Winokur","Hairspray (Original Broadway Cast Recording)","850702","134297","237","false","https://www.deezer.com/us/track/850702","https://cdnt-preview.dzcdn.net/api/1/1/9/8/8/0/9888bf5167722358f801e9edd9418145.mp3?hdnea=exp=1781745669~acl=/api/1/1/9/8/8/0/9888bf5167722358f801e9edd9418145.mp3*~data=user_id=0,application_id=42~hmac=2387d50e665fc8171783ff545e7620d7a1032dc160a4f269f09dc1e8b2832885","On 1 list: Broadway"
"(thematic candidate)","","","","Cabaret : Willkommen","Joel Grey","Cabaret (Original Broadway Cast Recording)","71888721","128651","309","false","https://www.deezer.com/us/track/71888721","https://cdnt-preview.dzcdn.net/api/1/1/1/0/d/0/10dbca30337fb151bec2b81d07ebd690.mp3?hdnea=exp=1781745671~acl=/api/1/1/1/0/d/0/10dbca30337fb151bec2b81d07ebd690.mp3*~data=user_id=0,application_id=42~hmac=08d193d6de081b984f797b887c9abd2a7cdac33c36fac0da07458179caf85c4f","On 1 list: Broadway"
"(thematic candidate)","","","","Oh, What A Beautiful Mornin'","Alfred Drake","Oklahoma! 75th Anniversary (Original Broadway Cast Album)","502771512","126573","152","false","https://www.deezer.com/us/track/502771512","https://cdnt-preview.dzcdn.net/api/1/1/6/2/7/0/6278f81169e39905e41be906e1155f50.mp3?hdnea=exp=1781745672~acl=/api/1/1/6/2/7/0/6278f81169e39905e41be906e1155f50.mp3*~data=user_id=0,application_id=42~hmac=08c42af214a5ee43376ed438322e7dfb276d35c9b812bd55be660faf0f14c32e","On 1 list: Broadway Hits"
"(thematic candidate)","","","","A Little Priest","Johnny Depp","Sweeney Todd, The Demon Barber of Fleet Street, The Motion Picture Soundtrack","738177","124274","315","false","https://www.deezer.com/us/track/738177","https://cdnt-preview.dzcdn.net/api/1/1/3/c/2/0/3c29244afcce15b6e4ea6e6439658ac9.mp3?hdnea=exp=1781745671~acl=/api/1/1/3/c/2/0/3c29244afcce15b6e4ea6e6439658ac9.mp3*~data=user_id=0,application_id=42~hmac=d2e3cdc2daaeff084abe2368e62a6fd935ba96d430074a78fcf729d4dc874692","On 1 list: Broadway"
"(thematic candidate)","","","","The Schuyler Sisters (Instrumental)","Original Broadway Cast of Hamilton","The Hamilton Instrumentals","378170561","124168","187","false","https://www.deezer.com/us/track/378170561","https://cdnt-preview.dzcdn.net/api/1/1/a/b/a/0/abac874ef94cb8e0aeaabd9e8c76a78e.mp3?hdnea=exp=1781745674~acl=/api/1/1/a/b/a/0/abac874ef94cb8e0aeaabd9e8c76a78e.mp3*~data=user_id=0,application_id=42~hmac=2d4bbe03a141075158d0fb86d1b0371038e1cfb3f801121167a28fece38ffaa6","On 1 list: Hamilton: The Complete Playlist"
"(thematic candidate)","","","","I'm Not That Girl (From ""Wicked"" Original Broadway Cast Recording/2003)","Idina Menzel","Wicked (Original Broadway Cast Recording / Deluxe Edition)","72567291","123805","178","false","https://www.deezer.com/us/track/72567291","https://cdnt-preview.dzcdn.net/api/1/1/d/0/5/0/d05027ac9008533fe41020e76b039e37.mp3?hdnea=exp=1781745668~acl=/api/1/1/d/0/5/0/d05027ac9008533fe41020e76b039e37.mp3*~data=user_id=0,application_id=42~hmac=960522c1596ca33b2707ae5b5ed63c24e5a2912dfdce108bef61140ba64a4d11","On 1 list: Broadway"
"(thematic candidate)","","","","A Bushel and a Peck","Faith Prince","Guys and Dolls (New Broadway Cast Recording (1992))","15728459","123691","188","false","https://www.deezer.com/us/track/15728459","https://cdnt-preview.dzcdn.net/api/1/1/7/4/a/0/74a162d6c54f3ede3bd25d82a853b940.mp3?hdnea=exp=1781745669~acl=/api/1/1/7/4/a/0/74a162d6c54f3ede3bd25d82a853b940.mp3*~data=user_id=0,application_id=42~hmac=17487a5cb3379ba69b3388489640dba8cfb0483535564c0cd7d6c22f9e0dcd4f","On 1 list: Broadway"
"(thematic candidate)","","","","Guns and Ships (Instrumental)","Original Broadway Cast of Hamilton","The Hamilton Instrumentals","378170691","123175","127","false","https://www.deezer.com/us/track/378170691","https://cdnt-preview.dzcdn.net/api/1/1/1/b/9/0/1b992e475556ab49d32049039c3016f7.mp3?hdnea=exp=1781745674~acl=/api/1/1/1/b/9/0/1b992e475556ab49d32049039c3016f7.mp3*~data=user_id=0,application_id=42~hmac=7ee2663ca14552c37f4f94a76a0ab222ca24e54e4e49b15e6f028f4713a90aca","On 1 list: Hamilton: The Complete Playlist"
"(thematic candidate)","","","","Elegance","Michael Crawford","Hello, Dolly!","2305914","122743","175","false","https://www.deezer.com/us/track/2305914","https://cdnt-preview.dzcdn.net/api/1/1/0/c/5/0/0c599a9757a994401f93b3aae25e1533.mp3?hdnea=exp=1781745669~acl=/api/1/1/0/c/5/0/0c599a9757a994401f93b3aae25e1533.mp3*~data=user_id=0,application_id=42~hmac=c5259d61afabca198bbab005019b8386dadbd41d54c475ca6dc9d3be5168bdea","On 1 list: Broadway"
"(thematic candidate)","","","","Home","Susan Egan","Beauty And The Beast: The Broadway Musical","5323243","121745","229","false","https://www.deezer.com/us/track/5323243","https://cdnt-preview.dzcdn.net/api/1/1/1/1/4/0/11412f992f7d03e273235839d18dc034.mp3?hdnea=exp=1781745672~acl=/api/1/1/1/1/4/0/11412f992f7d03e273235839d18dc034.mp3*~data=user_id=0,application_id=42~hmac=e74391a80aa57bfaff05c2e60eea81cdf151dc8e15ef234dfb71b2c67170667d","On 1 list: Broadway Hits"
"(thematic candidate)","","","","It's De-Lovely","Colin Donnell","Anything Goes (New Broadway Cast Recording)","422962232","121028","299","false","https://www.deezer.com/us/track/422962232","https://cdnt-preview.dzcdn.net/api/1/1/6/3/7/0/637380e1ff793f23328b3a2eeabdcb7f.mp3?hdnea=exp=1781745669~acl=/api/1/1/6/3/7/0/637380e1ff793f23328b3a2eeabdcb7f.mp3*~data=user_id=0,application_id=42~hmac=9703dfca6bb7d114737e7f2d4a8d5134ef214b5a9ba89ab9b00be694e8ab81ad","On 1 list: Broadway"
"(thematic candidate)","","","","Too Darn Hot","Cole Porter","Kiss Me, Kate (The New Broadway Cast Recording)","66001216","120934","361","false","https://www.deezer.com/us/track/66001216","https://cdnt-preview.dzcdn.net/api/1/1/f/e/3/0/fe32202ffd800e6aa9ea45163c3bc202.mp3?hdnea=exp=1781745670~acl=/api/1/1/f/e/3/0/fe32202ffd800e6aa9ea45163c3bc202.mp3*~data=user_id=0,application_id=42~hmac=6f259f257620421520e3fdd0906df3f7d0326e255775d82553d9ff2cdc227fa7","On 1 list: Broadway"
"(thematic candidate)","","","","Cabaret : Cabaret","Jill Haworth","Cabaret (Original Broadway Cast Recording)","71888736","120214","269","false","https://www.deezer.com/us/track/71888736","https://cdnt-preview.dzcdn.net/api/1/1/e/1/4/0/e14961a84d6ab16b0af9643bf9a8515b.mp3?hdnea=exp=1781745673~acl=/api/1/1/e/1/4/0/e14961a84d6ab16b0af9643bf9a8515b.mp3*~data=user_id=0,application_id=42~hmac=9fdb1cc1f5840dc8ce06eae6d8b880b77f50122ca426eaaae77d3e8f40fc8a0f","On 1 list: Hello, Broadway! Hits from Musicals"
"(thematic candidate)","","","","Best of Wives and Best of Women (Instrumental)","Original Broadway Cast of Hamilton","The Hamilton Instrumentals","378170951","120016","48","false","https://www.deezer.com/us/track/378170951","https://cdnt-preview.dzcdn.net/api/1/1/8/9/b/0/89b8584803167c62f74988929338bd7e.mp3?hdnea=exp=1781745674~acl=/api/1/1/8/9/b/0/89b8584803167c62f74988929338bd7e.mp3*~data=user_id=0,application_id=42~hmac=33bea7e26299e8785e6253ccd161aaec739f483ef58a8e2036ea4c9671a8822a","On 1 list: Hamilton: The Complete Playlist"
"(thematic candidate)","","","","Annie : Little Girls","Annie (Original Broadway Cast)","Annie (Original Broadway Cast Recording)","71947023","119827","163","false","https://www.deezer.com/us/track/71947023","https://cdnt-preview.dzcdn.net/api/1/1/b/1/d/0/b1dcaa9ee70b6f42407f1a93370ccc79.mp3?hdnea=exp=1781745669~acl=/api/1/1/b/1/d/0/b1dcaa9ee70b6f42407f1a93370ccc79.mp3*~data=user_id=0,application_id=42~hmac=5196be8e5f9546eff5042185e33a3ea8c42c49b259fcf40370a379e1e5d2d0b3","On 1 list: Broadway"
"(thematic candidate)","","","","1776 : Sit Down, John","William Daniels","1776 (Original Broadway Cast Recording)","2482240","119469","117","false","https://www.deezer.com/us/track/2482240","https://cdnt-preview.dzcdn.net/api/1/1/f/b/2/0/fb27079028b511bf1844238b35d7d871.mp3?hdnea=exp=1781745673~acl=/api/1/1/f/b/2/0/fb27079028b511bf1844238b35d7d871.mp3*~data=user_id=0,application_id=42~hmac=1a993844973ec7e5cb3c327736e8dddc01a182ae7eff0c7ae3addbdf1c905f09","On 1 list: Hello, Broadway! Hits from Musicals"
"(thematic candidate)","","","","Take A Break (Interlude)","!llmind","The Hamilton Mixtape","137041174","117639","48","false","https://www.deezer.com/us/track/137041174","https://cdnt-preview.dzcdn.net/api/1/1/1/7/d/0/17d589714787a8733ec4f8cf9b70aaa9.mp3?hdnea=exp=1781745674~acl=/api/1/1/1/7/d/0/17d589714787a8733ec4f8cf9b70aaa9.mp3*~data=user_id=0,application_id=42~hmac=0422b63d33fc9c2ca360f7fbd5fa11378a4671dc5331a6adb974f09466a3d18a","On 1 list: Hamilton: The Complete Playlist"
"(thematic candidate)","","","","You'll Be Back","Jimmy Fallon","The Hamilton Mixtape","137041170","116768","250","false","https://www.deezer.com/us/track/137041170","https://cdnt-preview.dzcdn.net/api/1/1/c/5/7/0/c570c5d7c5c9e8187c53c6c4fe7d498f.mp3?hdnea=exp=1781745674~acl=/api/1/1/c/5/7/0/c570c5d7c5c9e8187c53c6c4fe7d498f.mp3*~data=user_id=0,application_id=42~hmac=3bb3665439384a7f61caa6be622180810bf149739d431a430339bded80868b1b","On 1 list: Hamilton: The Complete Playlist"
"(thematic candidate)","","","","Willkommen","Alan Cumming","There's No Business Like Show Business","71740037","116264","452","false","https://www.deezer.com/us/track/71740037","https://cdnt-preview.dzcdn.net/api/1/1/d/9/9/0/d99aee785a3f542508e7cc6c29a58ea3.mp3?hdnea=exp=1781745670~acl=/api/1/1/d/9/9/0/d99aee785a3f542508e7cc6c29a58ea3.mp3*~data=user_id=0,application_id=42~hmac=41724a32fe5183c60eb3444411c8f9b80b66f4b2aca5e14c4053994ad5d06e60","On 1 list: Broadway"
"(thematic candidate)","","","","Cheering For Me Now","John Kander","Cheering For Me Now","587968962","115454","173","false","https://www.deezer.com/us/track/587968962","https://cdnt-preview.dzcdn.net/api/1/1/d/7/6/0/d76734416e5e8d6af2932fc659183d78.mp3?hdnea=exp=1781745674~acl=/api/1/1/d/7/6/0/d76734416e5e8d6af2932fc659183d78.mp3*~data=user_id=0,application_id=42~hmac=cfc7f263d196d757c0347d6e682a385c80b500f794ba99ad597879f1704b12b5","On 1 list: Hamilton: The Complete Playlist"
"(thematic candidate)","","","","Finale","Walter Matthau","Hello, Dolly!","2305919","115116","256","false","https://www.deezer.com/us/track/2305919","https://cdnt-preview.dzcdn.net/api/1/1/b/9/5/0/b95ff4d32fbdf282b0624db3658dee0f.mp3?hdnea=exp=1781745669~acl=/api/1/1/b/9/5/0/b95ff4d32fbdf282b0624db3658dee0f.mp3*~data=user_id=0,application_id=42~hmac=5ea7fe2a2473500610e422936dd88d7802137b3231ca0aea936a64e5acd40a5d","On 1 list: Broadway"
"(thematic candidate)","","","","The 25th Annual Putnam County Spelling Bee","25th Annual Putnam County Spelling Bee Original Cast","25th Annual Putnam County Spelling Bee (Original Broadway Cast Recording)","422962332","114896","284","false","https://www.deezer.com/us/track/422962332","https://cdnt-preview.dzcdn.net/api/1/1/d/b/2/0/db2b25f24139a15189530f5d44563527.mp3?hdnea=exp=1781745669~acl=/api/1/1/d/b/2/0/db2b25f24139a15189530f5d44563527.mp3*~data=user_id=0,application_id=42~hmac=ce2ffefe4a8710e684b0be9bc57da24e37f5d0224fe3c0f8af7e88c2207e0d0f","On 1 list: Broadway"
"(thematic candidate)","","","","My Fair Lady: I Could Have Danced All Night","Julie Andrews","My Fair Lady (Original London Cast Recording)","831721","114609","222","false","https://www.deezer.com/us/track/831721","https://cdnt-preview.dzcdn.net/api/1/1/b/c/8/0/bc877243f4afabb3dec230ee0f8142b2.mp3?hdnea=exp=1781745673~acl=/api/1/1/b/c/8/0/bc877243f4afabb3dec230ee0f8142b2.mp3*~data=user_id=0,application_id=42~hmac=05b81fbb902b9336ce7b27781281396989bdcaea34ebcbf843d1d4f6bea70247","On 1 list: Hello, Broadway! Hits from Musicals"
"(thematic candidate)","","","","Who Tells Your Story (feat. Common & Ingrid Michaelson)","The Roots","The Hamilton Mixtape","137041190","114411","253","true","https://www.deezer.com/us/track/137041190","https://cdnt-preview.dzcdn.net/api/1/1/8/c/8/0/8c85e193d5f89b3c9af546171f092921.mp3?hdnea=exp=1781745674~acl=/api/1/1/8/c/8/0/8c85e193d5f89b3c9af546171f092921.mp3*~data=user_id=0,application_id=42~hmac=ec0fa0fb0f377c583424137ff46e553e480787f2f62b76219c927107e3891af3","On 1 list: Hamilton: The Complete Playlist"
"(thematic candidate)","","","","Sweet Charity: If My Friends Could See Me Now","Gwen Verdon","Sweet Charity (Original Broadway Cast Recording)","76575562","114267","209","false","https://www.deezer.com/us/track/76575562","https://cdnt-preview.dzcdn.net/api/1/1/1/4/b/0/14be7497f9216cfcb556b2502b8f15f8.mp3?hdnea=exp=1781745673~acl=/api/1/1/1/4/b/0/14be7497f9216cfcb556b2502b8f15f8.mp3*~data=user_id=0,application_id=42~hmac=49b1ffb7e466649ddd06357e577e1d930a55242548f2b5ad6d4a4f25a379ce32","On 1 list: Hello, Broadway! Hits from Musicals"
"(thematic candidate)","","","","Sunday","Mandy Patinkin","Sunday in the Park with George (Original Broadway Cast Recording)","7410560","113902","268","false","https://www.deezer.com/us/track/7410560","https://cdnt-preview.dzcdn.net/api/1/1/5/e/3/0/5e3ba17b65419e2d48f9e004468d5585.mp3?hdnea=exp=1781745673~acl=/api/1/1/5/e/3/0/5e3ba17b65419e2d48f9e004468d5585.mp3*~data=user_id=0,application_id=42~hmac=e116061ea144efa8a9ebe314a2f3148275be35fbbe5d3c55539aec7db12ffa67","On 1 list: Hello, Broadway! Hits from Musicals"
"(thematic candidate)","","","","Bless the Lord","Lindsay Mendez","Godspell (The New Broadway Cast Recording)","392424052","113703","185","false","https://www.deezer.com/us/track/392424052","https://cdnt-preview.dzcdn.net/api/1/1/6/6/8/0/668f8ff05eac5473ad406fe9a06480d7.mp3?hdnea=exp=1781745669~acl=/api/1/1/6/6/8/0/668f8ff05eac5473ad406fe9a06480d7.mp3*~data=user_id=0,application_id=42~hmac=6ad871ff8a4c42a1b08c2a42cb270448ef5584a866e2b266da84bf71e7c08666","On 1 list: Broadway"
"(thematic candidate)","","","","Pandemonium / My Favorite Moment of the Bee 2 (Reprise)","25th Annual Putnam County Spelling Bee Original Cast","25th Annual Putnam County Spelling Bee (Original Broadway Cast Recording)","422962412","113181","108","false","https://www.deezer.com/us/track/422962412","https://cdnt-preview.dzcdn.net/api/1/1/4/b/2/0/4b2b69de2d430a434865ef895cffc132.mp3?hdnea=exp=1781745669~acl=/api/1/1/4/b/2/0/4b2b69de2d430a434865ef895cffc132.mp3*~data=user_id=0,application_id=42~hmac=9d66ea3c0f7443ca37d9308c29d6e9de9bcbb86370aaf156f235f742bfb5f068","On 1 list: Broadway"
"(thematic candidate)","","","","If I Were a Rich Man","Danny Burstein","Fiddler on the Roof (2016 Broadway Cast Recording)","2134278927","112438","279","false","https://www.deezer.com/us/track/2134278927","https://cdnt-preview.dzcdn.net/api/1/1/9/4/3/0/943e658a6fb9d23d9661e33171404451.mp3?hdnea=exp=1781745670~acl=/api/1/1/9/4/3/0/943e658a6fb9d23d9661e33171404451.mp3*~data=user_id=0,application_id=42~hmac=e93fdf23484f918fedc844e22bcd19731c53c7b04c24a1dc51add645d96b2262","On 1 list: Broadway"
"(thematic candidate)","","","","Candide, Act I: Glitter and Be Gay","Barbara Cook","Candide (Original Broadway Cast Recording)","609687","111149","343","false","https://www.deezer.com/us/track/609687","https://cdnt-preview.dzcdn.net/api/1/1/0/2/a/0/02acbe5c353bc87cc5fd17be9d76506b.mp3?hdnea=exp=1781745673~acl=/api/1/1/0/2/a/0/02acbe5c353bc87cc5fd17be9d76506b.mp3*~data=user_id=0,application_id=42~hmac=0c790fb3ba9bbf3e55021f0ede41b39e02239b6acd4a5d31412118a0efa1be8d","On 1 list: Hello, Broadway! Hits from Musicals"
"(thematic candidate)","","","","Dancing","Barbra Streisand","Hello, Dolly!","2305912","111053","206","false","https://www.deezer.com/us/track/2305912","https://cdnt-preview.dzcdn.net/api/1/1/9/a/d/0/9adf0ccc6ec275bdffe318f5e5e8f7fb.mp3?hdnea=exp=1781745669~acl=/api/1/1/9/a/d/0/9adf0ccc6ec275bdffe318f5e5e8f7fb.mp3*~data=user_id=0,application_id=42~hmac=2b3dadf825a6d51198413158edb7029205d781a4888bce1bfc8b331ca46ba7b6","On 1 list: Broadway"
"(thematic candidate)","","","","Day by Day","Anna Maria Perez de Taglé","Godspell (The New Broadway Cast Recording)","392424032","110582","190","false","https://www.deezer.com/us/track/392424032","https://cdnt-preview.dzcdn.net/api/1/1/8/e/2/0/8e25c9a471826bc484b5b387fae04885.mp3?hdnea=exp=1781745669~acl=/api/1/1/8/e/2/0/8e25c9a471826bc484b5b387fae04885.mp3*~data=user_id=0,application_id=42~hmac=6d36fb9e00d9d9522774e474722386c5a2e503e64de06db65a6ef647047e7ccd","On 1 list: Broadway"
"(thematic candidate)","","","","A Winter's Ball (Instrumental)","Original Broadway Cast of Hamilton","The Hamilton Instrumentals","378170601","110343","64","false","https://www.deezer.com/us/track/378170601","https://cdnt-preview.dzcdn.net/api/1/1/b/b/4/0/bb405c1b3a2d948d1cc89f5641bd83f0.mp3?hdnea=exp=1781745674~acl=/api/1/1/b/b/4/0/bb405c1b3a2d948d1cc89f5641bd83f0.mp3*~data=user_id=0,application_id=42~hmac=8a4607eb5d828f930b8fbaabb52243a42b46ce3a354cd099d803fa57255b7c6e","On 1 list: Hamilton: The Complete Playlist"
"(thematic candidate)","","","","Ribbons Down My Back","Various Artists","Hello, Dolly!","2305911","108803","146","false","https://www.deezer.com/us/track/2305911","https://cdnt-preview.dzcdn.net/api/1/1/5/3/3/0/533f7c40c1ad5d4953f1428f3e7d6b92.mp3?hdnea=exp=1781745669~acl=/api/1/1/5/3/3/0/533f7c40c1ad5d4953f1428f3e7d6b92.mp3*~data=user_id=0,application_id=42~hmac=bc62d11870ebde466e36a0e6443aec143b43f0da2f3dc592dc5da9aed32ba2ad","On 1 list: Broadway"
"(thematic candidate)","","","","The Story of Tonight (Instrumental)","Original Broadway Cast of Hamilton","The Hamilton Instrumentals","378170551","108705","93","false","https://www.deezer.com/us/track/378170551","https://cdnt-preview.dzcdn.net/api/1/1/5/f/1/0/5f1d30e62159f40db99ce31285d6da48.mp3?hdnea=exp=1781745674~acl=/api/1/1/5/f/1/0/5f1d30e62159f40db99ce31285d6da48.mp3*~data=user_id=0,application_id=42~hmac=72cf154c7724044794106bf06f03952c0e19b31d6706184c155d3bb579b212e1","On 1 list: Hamilton: The Complete Playlist"
"(thematic candidate)","","","","Rose's Turn","Rose","Gypsy - The 2008 Broadway Cast Recording","1196280","108496","259","false","https://www.deezer.com/us/track/1196280","https://cdnt-preview.dzcdn.net/api/1/1/f/9/a/0/f9a9c3eab4d0e426eefec6287e1582cf.mp3?hdnea=exp=1781745671~acl=/api/1/1/f/9/a/0/f9a9c3eab4d0e426eefec6287e1582cf.mp3*~data=user_id=0,application_id=42~hmac=b112d06a87d332c4e5982ba9ec75ba56e2bdbb051261570e8a029dfa3a8886d2","On 1 list: Broadway"
"(thematic candidate)","","","","To Life","Danny Burstein","Fiddler on the Roof (2016 Broadway Cast Recording)","2134278947","107556","334","false","https://www.deezer.com/us/track/2134278947","https://cdnt-preview.dzcdn.net/api/1/1/7/0/a/0/70a129d628ed897bca729d62ab059d3e.mp3?hdnea=exp=1781745670~acl=/api/1/1/7/0/a/0/70a129d628ed897bca729d62ab059d3e.mp3*~data=user_id=0,application_id=42~hmac=b3ae15cd9191b857753c0d03148731cc75a006cc0d0abca01250b931d68924c7","On 1 list: Broadway"
"(thematic candidate)","","","","My Favorite Moment of the Bee 3 / Second","25th Annual Putnam County Spelling Bee Original Cast","25th Annual Putnam County Spelling Bee (Original Broadway Cast Recording)","422962502","106503","395","false","https://www.deezer.com/us/track/422962502","https://cdnt-preview.dzcdn.net/api/1/1/7/9/8/0/79839cc271ac665525d4d39af9ef6fee.mp3?hdnea=exp=1781745669~acl=/api/1/1/7/9/8/0/79839cc271ac665525d4d39af9ef6fee.mp3*~data=user_id=0,application_id=42~hmac=182615dc5f47631eabcd205a52f47146fa0a67af4678bdc4a24dfe722da354b4","On 1 list: Broadway"
"(thematic candidate)","","","","'S Wonderful","Brandon Uranowitz","An American in Paris (Original Broadway Cast Recording)","100087692","105869","189","false","https://www.deezer.com/us/track/100087692","https://cdnt-preview.dzcdn.net/api/1/1/6/e/c/0/6ec509577ccb4cb450bc5742a1a14e64.mp3?hdnea=exp=1781745673~acl=/api/1/1/6/e/c/0/6ec509577ccb4cb450bc5742a1a14e64.mp3*~data=user_id=0,application_id=42~hmac=6485efb931a776a14ac78228a1da80c6495da8f97b77709cbe71013c3d55f779","On 1 list: Hello, Broadway! Hits from Musicals"
"(thematic candidate)","","","","Marry the Man Today","Faith Prince","Guys and Dolls (New Broadway Cast Recording (1992))","15728570","105452","155","false","https://www.deezer.com/us/track/15728570","https://cdnt-preview.dzcdn.net/api/1/1/f/3/4/0/f34388f989f81d900594d7da5af26617.mp3?hdnea=exp=1781745669~acl=/api/1/1/f/3/4/0/f34388f989f81d900594d7da5af26617.mp3*~data=user_id=0,application_id=42~hmac=ccdde5ec4f9ca2284488066a63d3867fae0af1241751c65aa0ae10c9e85f2c56","On 1 list: Broadway"
"(thematic candidate)","","","","Pandemonium","25th Annual Putnam County Spelling Bee Original Cast","25th Annual Putnam County Spelling Bee (Original Broadway Cast Recording)","422962372","105359","172","false","https://www.deezer.com/us/track/422962372","https://cdnt-preview.dzcdn.net/api/1/1/2/1/5/0/215dc617951fe43558d95420ff09e792.mp3?hdnea=exp=1781745669~acl=/api/1/1/2/1/5/0/215dc617951fe43558d95420ff09e792.mp3*~data=user_id=0,application_id=42~hmac=576a796b599fd8e990c26277741a25c34bc9a30cde0b44f44d7a9155a9982d82","On 1 list: Broadway"
"(thematic candidate)","","","","Prelude: Take Me Back","Lindsay Mendez","Dogfight (Original Cast Recording)","422953702","105249","122","false","https://www.deezer.com/us/track/422953702","https://cdnt-preview.dzcdn.net/api/1/1/7/d/6/0/7d66f99ffdb76c9149825208cc17ec53.mp3?hdnea=exp=1781745670~acl=/api/1/1/7/d/6/0/7d66f99ffdb76c9149825208cc17ec53.mp3*~data=user_id=0,application_id=42~hmac=31147b11bbeb30d1124e35ebf4e0517b0072039fa67379379dbb058144266124","On 1 list: Broadway"
"(thematic candidate)","","","","You'll Never Walk Alone","Meg Johnson","Carousel (1993 London Cast Recording)","1189420","105075","236","false","https://www.deezer.com/us/track/1189420","https://cdnt-preview.dzcdn.net/api/1/1/6/a/7/0/6a774c70ecfd01aee7fc34d9a37042c7.mp3?hdnea=exp=1781745670~acl=/api/1/1/6/a/7/0/6a774c70ecfd01aee7fc34d9a37042c7.mp3*~data=user_id=0,application_id=42~hmac=c2b90669979c094845e63751a7684349aca2f36e86958abd37855178b64842cd","On 1 list: Broadway"
"(thematic candidate)","","","","The Great Comet of 1812","Josh Groban","Natasha, Pierre & the Great Comet of 1812 (Original Broadway Cast Recording)","358223831","104973","302","false","https://www.deezer.com/us/track/358223831","https://cdnt-preview.dzcdn.net/api/1/1/7/a/d/0/7ad46deeb358055c8f3aaeec0ef5558c.mp3?hdnea=exp=1781745673~acl=/api/1/1/7/a/d/0/7ad46deeb358055c8f3aaeec0ef5558c.mp3*~data=user_id=0,application_id=42~hmac=d62c5643ffaf991d08be1f3b29b713763334051277d7e981dd0840eca9a1ff89","On 1 list: Hello, Broadway! Hits from Musicals"
"(thematic candidate)","","","","Wait for It (Instrumental)","Original Broadway Cast of Hamilton","The Hamilton Instrumentals","378170641","104771","193","false","https://www.deezer.com/us/track/378170641","https://cdnt-preview.dzcdn.net/api/1/1/7/2/7/0/727d770ac3ccaae8262e5efeba79cef5.mp3?hdnea=exp=1781745674~acl=/api/1/1/7/2/7/0/727d770ac3ccaae8262e5efeba79cef5.mp3*~data=user_id=0,application_id=42~hmac=1382c675b474a7546a63eb4de6483f1b170e073719be34c5ff05679ffb49e2e3","On 1 list: Hamilton: The Complete Playlist"
"(thematic candidate)","","","","Listen","Liisi Lafontaine","Dreamgirls (Original London Cast Recording)","349749881","104041","229","false","https://www.deezer.com/us/track/349749881","https://cdnt-preview.dzcdn.net/api/1/1/a/3/1/0/a31ea9da70d7c54b52faaa80df5a6d0b.mp3?hdnea=exp=1781745673~acl=/api/1/1/a/3/1/0/a31ea9da70d7c54b52faaa80df5a6d0b.mp3*~data=user_id=0,application_id=42~hmac=f834226691b4d36280d100abfcc8730cf5d3db803bc0aef2545c1d7434358209","On 1 list: Hello, Broadway! Hits from Musicals"
"(thematic candidate)","","","","Dogfight","Annaleigh Ashford","Dogfight (Original Cast Recording)","422953772","101901","183","false","https://www.deezer.com/us/track/422953772","https://cdnt-preview.dzcdn.net/api/1/1/7/f/9/0/7f9179d8c5acd1cb3bf8ddaa20536866.mp3?hdnea=exp=1781745669~acl=/api/1/1/7/f/9/0/7f9179d8c5acd1cb3bf8ddaa20536866.mp3*~data=user_id=0,application_id=42~hmac=da713e53b79ecd90bdcfe53db746d7f34785c8313d0184c7888d1a526dad0716","On 1 list: Broadway"
"(thematic candidate)","","","","It's Your Wedding Day","Stephen Lynch","The Wedding Singer (Original Broadway Cast Recording)","8164723","101240","234","false","https://www.deezer.com/us/track/8164723","https://cdnt-preview.dzcdn.net/api/1/1/7/8/c/0/78cd3e3a5fa051c95f33b6d32392f7f1.mp3?hdnea=exp=1781745673~acl=/api/1/1/7/8/c/0/78cd3e3a5fa051c95f33b6d32392f7f1.mp3*~data=user_id=0,application_id=42~hmac=bad97c9403fc4475f02a0dedf405bb329ccb9067e052c9015e97970e2c9c473e","On 1 list: Hello, Broadway! Hits from Musicals"
"(thematic candidate)","","","","I'm Here","Original Broadway Cast Of The Color Purple","Oprah Winfrey Presents: The Color Purple, A New Musical (Original Broadway Cast Recording)","3120321","101143","266","false","https://www.deezer.com/us/track/3120321","https://cdnt-preview.dzcdn.net/api/1/1/1/a/9/0/1a928fe9b7fb2f74384768d55851a697.mp3?hdnea=exp=1781745673~acl=/api/1/1/1/a/9/0/1a928fe9b7fb2f74384768d55851a697.mp3*~data=user_id=0,application_id=42~hmac=fe3382fc42ed1d3612edf4d329b114b6b1f18fc66b7b327a615146eff54dacb0","On 1 list: Hello, Broadway! Hits from Musicals"
"(thematic candidate)","","","","I've Never Been in Love Before","Josie de Guzman","Falling in Love Is Wonderful: Broadway's Greatest Love Duets","534339","100969","126","false","https://www.deezer.com/us/track/534339","https://cdnt-preview.dzcdn.net/api/1/1/6/4/7/0/6474bb0593e3e59ea9cde5bc18fb24a9.mp3?hdnea=exp=1781745669~acl=/api/1/1/6/4/7/0/6474bb0593e3e59ea9cde5bc18fb24a9.mp3*~data=user_id=0,application_id=42~hmac=2d308d13bbfd6d9c15bc4f8517b7e3b332ab05eed28d52b16f03269cda1504be","On 1 list: Broadway"
"(thematic candidate)","","","","Mame: Bosom Buddies","Angela Lansbury","Mame (Original Broadway Cast Recording)","71888813","100952","248","false","https://www.deezer.com/us/track/71888813","https://cdnt-preview.dzcdn.net/api/1/1/0/c/d/0/0cd2806567f0976075fc3f6de586aea6.mp3?hdnea=exp=1781745673~acl=/api/1/1/0/c/d/0/0cd2806567f0976075fc3f6de586aea6.mp3*~data=user_id=0,application_id=42~hmac=f7868da43a5dab0e0c161b02e709e98a6fcf68896feefb87849101adf911290a","On 1 list: Hello, Broadway! Hits from Musicals"
"(thematic candidate)","","","","Finale","25th Annual Putnam County Spelling Bee Original Cast","25th Annual Putnam County Spelling Bee (Original Broadway Cast Recording)","422962512","100642","61","false","https://www.deezer.com/us/track/422962512","https://cdnt-preview.dzcdn.net/api/1/1/3/1/f/0/31fb4e3971d66efb8efaa051b34e7498.mp3?hdnea=exp=1781745669~acl=/api/1/1/3/1/f/0/31fb4e3971d66efb8efaa051b34e7498.mp3*~data=user_id=0,application_id=42~hmac=708c69ae0e2a960c44c778c3c1c37d2aa99a3011cc96b3d2658e99cb2b8837cc","On 1 list: Broadway"
"(thematic candidate)","","","","The Life of the Party","Idina Menzel","The Wild Party (Original Off-Broadway Cast Recording)","963576","100619","205","false","https://www.deezer.com/us/track/963576","https://cdnt-preview.dzcdn.net/api/1/1/1/0/4/0/1044d617fb542f986431a70cfb85e195.mp3?hdnea=exp=1781745673~acl=/api/1/1/1/0/4/0/1044d617fb542f986431a70cfb85e195.mp3*~data=user_id=0,application_id=42~hmac=dd5fa7f4091c0c0a385beb259a3cc32ff6894b7ff203117040a5289af73e5abc","On 1 list: Hello, Broadway! Hits from Musicals"
"(thematic candidate)","","","","It Takes A Woman","Walter Matthau","Hello, Dolly!","2305908","98950","183","false","https://www.deezer.com/us/track/2305908","https://cdnt-preview.dzcdn.net/api/1/1/6/0/6/0/60608dd45b43b576c44eea130a8ebc32.mp3?hdnea=exp=1781745669~acl=/api/1/1/6/0/6/0/60608dd45b43b576c44eea130a8ebc32.mp3*~data=user_id=0,application_id=42~hmac=d82891882595cbf62eba7b3c27489c47f8fe6a49d5fb774639d3875a79ce10b6","On 1 list: Broadway"
"(thematic candidate)","","","","Helpless (Instrumental)","Original Broadway Cast of Hamilton","The Hamilton Instrumentals","378170611","98865","254","false","https://www.deezer.com/us/track/378170611","https://cdnt-preview.dzcdn.net/api/1/1/3/f/1/0/3f1c44097ae3dffd7b794ba311b4f1b0.mp3?hdnea=exp=1781745674~acl=/api/1/1/3/f/1/0/3f1c44097ae3dffd7b794ba311b4f1b0.mp3*~data=user_id=0,application_id=42~hmac=8ad81f70e63943c638e0a75c291c1191a56cee1b56cc99975e887dc12385f3b4","On 1 list: Hamilton: The Complete Playlist"
"(thematic candidate)","","","","The Room Where It Happens (Instrumental)","Original Broadway Cast of Hamilton","The Hamilton Instrumentals","378170791","98339","318","false","https://www.deezer.com/us/track/378170791","https://cdnt-preview.dzcdn.net/api/1/1/b/3/e/0/b3edb2660952e4b34895feb805e89a0a.mp3?hdnea=exp=1781745674~acl=/api/1/1/b/3/e/0/b3edb2660952e4b34895feb805e89a0a.mp3*~data=user_id=0,application_id=42~hmac=dd0d65b20c672e3b41802bad2b016f8d685ca8935b785b04e091be41cc3225b6","On 1 list: Hamilton: The Complete Playlist"
"(thematic candidate)","","","","Before the Parade Passes By","Bette Midler","Hello, Dolly! (New Broadway Cast Recording)","349716591","98134","274","false","https://www.deezer.com/us/track/349716591","https://cdnt-preview.dzcdn.net/api/1/1/c/0/1/0/c01eb19c1fe98d29a72911a22377298d.mp3?hdnea=exp=1781745673~acl=/api/1/1/c/0/1/0/c01eb19c1fe98d29a72911a22377298d.mp3*~data=user_id=0,application_id=42~hmac=4f18b43e659bb59fcccad4490b5bfdf233b4067fcfa8e31892954d458e3565c3","On 1 list: Hello, Broadway! Hits from Musicals"
"(thematic candidate)","","","","Dear Theodosia (Instrumental)","Original Broadway Cast of Hamilton","The Hamilton Instrumentals","378170731","97707","185","false","https://www.deezer.com/us/track/378170731","https://cdnt-preview.dzcdn.net/api/1/1/b/e/f/0/bef2cacfae1161b611949f50621b5873.mp3?hdnea=exp=1781745674~acl=/api/1/1/b/e/f/0/bef2cacfae1161b611949f50621b5873.mp3*~data=user_id=0,application_id=42~hmac=16edafa4c8efcef241821935f1f7c4a06462e46edc88b5cae623ecc80ab1a1f3","On 1 list: Hamilton: The Complete Playlist"
"(thematic candidate)","","","","At the Ballet","Carole Bishop","A Chorus Line - 40th Anniversary Celebration (Original Broadway Cast Recording)","107819384","97589","353","false","https://www.deezer.com/us/track/107819384","https://cdnt-preview.dzcdn.net/api/1/1/1/d/b/0/1db7f2da0d00b6424027d3e32145e428.mp3?hdnea=exp=1781745670~acl=/api/1/1/1/d/b/0/1db7f2da0d00b6424027d3e32145e428.mp3*~data=user_id=0,application_id=42~hmac=1d18588013585f0c276a53c4d9bd2490bfa48e493d81aa073ebd699fbff76597","On 1 list: Broadway"
"(thematic candidate)","","","","Farmer Refuted (Instrumental)","Original Broadway Cast of Hamilton","The Hamilton Instrumentals","378170571","97391","112","false","https://www.deezer.com/us/track/378170571","https://cdnt-preview.dzcdn.net/api/1/1/6/2/3/0/623b45fc3ca0a9868f05b07a163ea749.mp3?hdnea=exp=1781745674~acl=/api/1/1/6/2/3/0/623b45fc3ca0a9868f05b07a163ea749.mp3*~data=user_id=0,application_id=42~hmac=bf374eabdaf8e5b3b70ca5817077ea1a3cab542f1582f6bb48b8d4eefbc816d8","On 1 list: Hamilton: The Complete Playlist"
"(thematic candidate)","","","","You Learn to Live Without","Idina Menzel","If/Then: A New Musical (Original Broadway Cast Recording)","78575444","96711","221","false","https://www.deezer.com/us/track/78575444","https://cdnt-preview.dzcdn.net/api/1/1/e/6/d/0/e6dae154a6d3ab010c17e88e9933df1f.mp3?hdnea=exp=1781745673~acl=/api/1/1/e/6/d/0/e6dae154a6d3ab010c17e88e9933df1f.mp3*~data=user_id=0,application_id=42~hmac=ff10bc4d575293fdb06a9369c418d70570c991b15ae80789ad8129872e0d159b","On 1 list: Hello, Broadway! Hits from Musicals"
"(thematic candidate)","","","","I Know Him (Instrumental)","Original Broadway Cast of Hamilton","The Hamilton Instrumentals","378170841","96665","97","false","https://www.deezer.com/us/track/378170841","https://cdnt-preview.dzcdn.net/api/1/1/6/9/c/0/69ca86babcbaee46b8e68875ea067cbc.mp3?hdnea=exp=1781745674~acl=/api/1/1/6/9/c/0/69ca86babcbaee46b8e68875ea067cbc.mp3*~data=user_id=0,application_id=42~hmac=dc9035efe9a144dbd6cefaed6ecdb1f889df3612f4c4f5c4b72954872d7b12a0","On 1 list: Hamilton: The Complete Playlist"
"(thematic candidate)","","","","I Can Do That","Wayne Cilento","A Chorus Line - 40th Anniversary Celebration (Original Broadway Cast Recording)","107819382","95353","92","false","https://www.deezer.com/us/track/107819382","https://cdnt-preview.dzcdn.net/api/1/1/e/1/6/0/e16d49568ac5c8fe4e4078d5982c4fa1.mp3?hdnea=exp=1781745669~acl=/api/1/1/e/1/6/0/e16d49568ac5c8fe4e4078d5982c4fa1.mp3*~data=user_id=0,application_id=42~hmac=6451a1c287a77018cf677b7d0e53308b10b736b76265bc6fedba3a888947e4b6","On 1 list: Broadway"
"(thematic candidate)","","","","I Hate Men","Cole Porter","Kiss Me, Kate (The New Broadway Cast Recording)","66001212","95176","206","false","https://www.deezer.com/us/track/66001212","https://cdnt-preview.dzcdn.net/api/1/1/c/0/2/0/c02fab890834811cc64159445b475385.mp3?hdnea=exp=1781745670~acl=/api/1/1/c/0/2/0/c02fab890834811cc64159445b475385.mp3*~data=user_id=0,application_id=42~hmac=f67f01c30685e08ad343359d7277baa49e89e495bbe26a2c77db8f5ff22bef48","On 1 list: Broadway"
"(thematic candidate)","","","","42nd Street","Wanda Richert","42nd Street (Original Cast Recording)","1046759","93690","444","false","https://www.deezer.com/us/track/1046759","https://cdnt-preview.dzcdn.net/api/1/1/8/7/5/0/875ef0c927368b0ecd24dc7f605cc315.mp3?hdnea=exp=1781745670~acl=/api/1/1/8/7/5/0/875ef0c927368b0ecd24dc7f605cc315.mp3*~data=user_id=0,application_id=42~hmac=b3f11e68171fd186bc620cda51d3286cb2dbf37b50fcaf454dc6837c1863740e","On 1 list: Broadway"
"(thematic candidate)","","","","Wheels of a Dream","Audra McDonald","Ragtime: The Musical (Original Broadway Cast Recording)","1045122","93072","236","false","https://www.deezer.com/us/track/1045122","https://cdnt-preview.dzcdn.net/api/1/1/a/3/d/0/a3d61d299936ed255f5c9b982e7d6613.mp3?hdnea=exp=1781745673~acl=/api/1/1/a/3/d/0/a3d61d299936ed255f5c9b982e7d6613.mp3*~data=user_id=0,application_id=42~hmac=06efe482941fdddeaa6ff881b1ba777860c233725deff5a4b02b8ef855b82561","On 1 list: Hello, Broadway! Hits from Musicals"
"(thematic candidate)","","","","""Impossible""","Victoria Clark","Rodgers + Hammerstein's Cinderella (Original Broadway Cast Recording)","393556662","92721","141","false","https://www.deezer.com/us/track/393556662","https://cdnt-preview.dzcdn.net/api/1/1/e/6/8/0/e68050fbbceebc1456644196c2dfd564.mp3?hdnea=exp=1781745670~acl=/api/1/1/e/6/8/0/e68050fbbceebc1456644196c2dfd564.mp3*~data=user_id=0,application_id=42~hmac=5ffe7137a4abf9b50eac2d79fae7d861033f367f1448d49826fa562bcd66d87c","On 1 list: Broadway"
"(thematic candidate)","","","","Ain’t Too Proud To Beg","Original Broadway Cast Of Aint Too Proud","Ain't Too Proud: The Life And Times Of The Temptations (Original Broadway Cast Recording)","649738692","92634","107","false","https://www.deezer.com/us/track/649738692","https://cdnt-preview.dzcdn.net/api/1/1/e/5/b/0/e5bd9fa0c016107e0c7cb07db1cc7800.mp3?hdnea=exp=1781745672~acl=/api/1/1/e/5/b/0/e5bd9fa0c016107e0c7cb07db1cc7800.mp3*~data=user_id=0,application_id=42~hmac=e8ac2d4fe6a679869f4e4a17752138b957ce8d0e383d3cabd7b904afb55b318c","On 1 list: Broadway Hits"
"(thematic candidate)","","","","The World Was Wide Enough (Instrumental)","Original Broadway Cast of Hamilton","The Hamilton Instrumentals","378170961","92336","306","false","https://www.deezer.com/us/track/378170961","https://cdnt-preview.dzcdn.net/api/1/1/4/6/7/0/4675adc1d82167f87f3405eac090c682.mp3?hdnea=exp=1781745674~acl=/api/1/1/4/6/7/0/4675adc1d82167f87f3405eac090c682.mp3*~data=user_id=0,application_id=42~hmac=7c93a990e72edeb7c6ef6dd910cc489b52bc334528f9ded610751ed1e324e1e8","On 1 list: Hamilton: The Complete Playlist"
"(thematic candidate)","","","","Springtime for Hitler/ Heil Myself","Eric Gunhus","The Producers (Original Broadway Cast Recording)","70622203","92253","502","false","https://www.deezer.com/us/track/70622203","https://cdnt-preview.dzcdn.net/api/1/1/f/7/7/0/f7710416e045fcbe6934b727238579cc.mp3?hdnea=exp=1781745673~acl=/api/1/1/f/7/7/0/f7710416e045fcbe6934b727238579cc.mp3*~data=user_id=0,application_id=42~hmac=d2e95e9b6ac9d23892fb58d6a8376fe544b6ba2bf4fe8a1cd0ad3eaa2434af25","On 1 list: Hello, Broadway! Hits from Musicals"
"(thematic candidate)","","","","Does Your Mother Know (1999 / Musical ""Mamma Mia"")","Louise Plowright","Mamma Mia!","1582513","91964","201","false","https://www.deezer.com/us/track/1582513","https://cdnt-preview.dzcdn.net/api/1/1/7/e/b/0/7ebc8e668f29d3c4dab25ee7d26bb946.mp3?hdnea=exp=1781745669~acl=/api/1/1/7/e/b/0/7ebc8e668f29d3c4dab25ee7d26bb946.mp3*~data=user_id=0,application_id=42~hmac=5594c0728c91dd3a08861f4231888179735b605c8c05b5f008790fdfb092874c","On 1 list: Broadway"
"(thematic candidate)","","","","I Dreamed A Dream (Original Broadway Cast/1987)","Randy Graff","More Broadway Love Songs","4668413","91548","253","false","https://www.deezer.com/us/track/4668413","https://cdnt-preview.dzcdn.net/api/1/1/0/7/2/0/072aa3483febad420eb497a0aef928cd.mp3?hdnea=exp=1781745672~acl=/api/1/1/0/7/2/0/072aa3483febad420eb497a0aef928cd.mp3*~data=user_id=0,application_id=42~hmac=a2fa6a0fd77d1ee06adf6d3b70c53d6a41b277e1599fc9ccc76f638ac8b954d1","On 1 list: Broadway Hits"
"(thematic candidate)","","","","Finishing the Hat","Mandy Patinkin","Send in the Clowns: The Ballads of Stephen Sondheim","964769","91079","200","false","https://www.deezer.com/us/track/964769","https://cdnt-preview.dzcdn.net/api/1/1/e/0/2/0/e0217b3d843c75215f785e4051b97a94.mp3?hdnea=exp=1781745671~acl=/api/1/1/e/0/2/0/e0217b3d843c75215f785e4051b97a94.mp3*~data=user_id=0,application_id=42~hmac=236b39bd7c3180331e821f56725716f1bd1334b8a9b8fae65181221858cdef71","On 1 list: Broadway"
"(thematic candidate)","","","","What Comes Next? (Instrumental)","Original Broadway Cast of Hamilton","The Hamilton Instrumentals","378170721","90936","99","false","https://www.deezer.com/us/track/378170721","https://cdnt-preview.dzcdn.net/api/1/1/f/1/3/0/f13b134472fa747f942ef65eab38f69c.mp3?hdnea=exp=1781745674~acl=/api/1/1/f/1/3/0/f13b134472fa747f942ef65eab38f69c.mp3*~data=user_id=0,application_id=42~hmac=5f6489dbddce0cacb5c0489b846c21abc509e90c8d0b4fbd78041a85936e7cb9","On 1 list: Hamilton: The Complete Playlist"
"(thematic candidate)","","","","S.O.S. (1999 / Musical ""Mamma Mia"")","Hilton McRae","Mamma Mia!","1582512","90205","164","false","https://www.deezer.com/us/track/1582512","https://cdnt-preview.dzcdn.net/api/1/1/6/4/0/0/640ecbd2006df63991d427e51b71f46b.mp3?hdnea=exp=1781745669~acl=/api/1/1/6/4/0/0/640ecbd2006df63991d427e51b71f46b.mp3*~data=user_id=0,application_id=42~hmac=6ce55a6a01196332c1ab25a040dca89194248644f6a3d04fab7b13231e64934f","On 1 list: Broadway"
"(thematic candidate)","","","","Run, Freedom, Run!","Hunter Foster","Urinetown The Musical (Original Broadway Cast Recording)","15528790","89884","170","false","https://www.deezer.com/us/track/15528790","https://cdnt-preview.dzcdn.net/api/1/1/0/f/1/0/0f1ad16fd9182b07e1a4996397b92f24.mp3?hdnea=exp=1781745673~acl=/api/1/1/0/f/1/0/0f1ad16fd9182b07e1a4996397b92f24.mp3*~data=user_id=0,application_id=42~hmac=30b00807d3886d9bcf456e15fa499720773162a554c6f30882fdf39bad9cca8e","On 1 list: Hello, Broadway! Hits from Musicals"
"(thematic candidate)","","","","Mega Mix","Original Broadway Cast of On Your Feet","On Your Feet (Original Broadway Cast Recording)","123786778","89786","272","false","https://www.deezer.com/us/track/123786778","https://cdnt-preview.dzcdn.net/api/1/1/a/0/3/0/a0320bc321289d65e0985cb6931e8da3.mp3?hdnea=exp=1781745670~acl=/api/1/1/a/0/3/0/a0320bc321289d65e0985cb6931e8da3.mp3*~data=user_id=0,application_id=42~hmac=b464975b5f8f674c1626f4a5c657faff0097504f85e5ecf16734ff144d6eee6a","On 1 list: Broadway"
"(thematic candidate)","","","","Will You Love Me Tomorrow","Jessie Mueller","Beautiful: The Carole King Musical (Original Broadway Cast Recording)","392424532","89206","186","false","https://www.deezer.com/us/track/392424532","https://cdnt-preview.dzcdn.net/api/1/1/e/0/1/0/e0169f2b443c474496355e02c77ccd97.mp3?hdnea=exp=1781745669~acl=/api/1/1/e/0/1/0/e0169f2b443c474496355e02c77ccd97.mp3*~data=user_id=0,application_id=42~hmac=6bad8f34f672a86edc2736607cb229dbd98718774b336887c30ce30dd63c11a4","On 1 list: Broadway"
"(thematic candidate)","","","","Come to a Party","Derek Klena","Dogfight (Original Cast Recording)","422953732","87883","273","false","https://www.deezer.com/us/track/422953732","https://cdnt-preview.dzcdn.net/api/1/1/8/7/f/0/87f2fd03997d2158eef46602248cb5c3.mp3?hdnea=exp=1781745670~acl=/api/1/1/8/7/f/0/87f2fd03997d2158eef46602248cb5c3.mp3*~data=user_id=0,application_id=42~hmac=3d500ef8a9f8f4c15751cc8881c3514891548df77cdb032364fddeeb3350d448","On 1 list: Broadway"
"(thematic candidate)","","","","Last Night Of The World (Live)","Miss Saigon Original Cast","Miss Saigon: The Definitive Live Recording","85274374","87540","249","false","https://www.deezer.com/us/track/85274374","https://cdnt-preview.dzcdn.net/api/1/1/4/b/4/0/4b4129cc858b75fadb13cf000b1fa14c.mp3?hdnea=exp=1781745672~acl=/api/1/1/4/b/4/0/4b4129cc858b75fadb13cf000b1fa14c.mp3*~data=user_id=0,application_id=42~hmac=159b08634c35db812735f0c813b34b33ecc61f98d16c43ee1000fb0a2950ec8d","On 1 list: Broadway Hits"
"(thematic candidate)","","","","Some Kinda Time","Steven Booth","Dogfight (Original Cast Recording)","422953712","86748","243","false","https://www.deezer.com/us/track/422953712","https://cdnt-preview.dzcdn.net/api/1/1/3/2/2/0/322b152f71189ba2cf33cc9e5c8eb694.mp3?hdnea=exp=1781745669~acl=/api/1/1/3/2/2/0/322b152f71189ba2cf33cc9e5c8eb694.mp3*~data=user_id=0,application_id=42~hmac=bcf46e4ed2005c5e494a46ed3804994ca44f0040845da28b925592a023cd8706","On 1 list: Broadway"
"(thematic candidate)","","","","I'd Give My Life For You (Live)","Miss Saigon Original Cast","Miss Saigon: The Definitive Live Recording","85274384","84886","334","false","https://www.deezer.com/us/track/85274384","https://cdnt-preview.dzcdn.net/api/1/1/b/a/9/0/ba9eb0bb32bdf172eb503a44cfd5d071.mp3?hdnea=exp=1781745670~acl=/api/1/1/b/a/9/0/ba9eb0bb32bdf172eb503a44cfd5d071.mp3*~data=user_id=0,application_id=42~hmac=964842bd14acd811876d400aceea8e990456243bf3f877648b3686f53ddd8ca1","On 1 list: Broadway"
"(thematic candidate)","","","","It Only Takes a Moment","Kate Baldwin","Hello, Dolly! (New Broadway Cast Recording)","349716641","81400","193","false","https://www.deezer.com/us/track/349716641","https://cdnt-preview.dzcdn.net/api/1/1/3/6/e/0/36e81476a7eda29b1deb6f45afa2f398.mp3?hdnea=exp=1781745670~acl=/api/1/1/3/6/e/0/36e81476a7eda29b1deb6f45afa2f398.mp3*~data=user_id=0,application_id=42~hmac=6569f3d129fd502b8fa0b374dded944494b6e6b678d61678ad92d6121c238041","On 1 list: Broadway"
"(thematic candidate)","","","","""It's Possible""","Victoria Clark","Rodgers + Hammerstein's Cinderella (Original Broadway Cast Recording)","393556682","81041","85","false","https://www.deezer.com/us/track/393556682","https://cdnt-preview.dzcdn.net/api/1/1/7/5/4/0/75494bd988e150866b64791ff6d256c0.mp3?hdnea=exp=1781745671~acl=/api/1/1/7/5/4/0/75494bd988e150866b64791ff6d256c0.mp3*~data=user_id=0,application_id=42~hmac=e1518e9cf068a91a6597387578beff8e4cbae4dd03e74f71198975c39765361f","On 1 list: Broadway"
"(thematic candidate)","","","","Sue Me","Faith Prince","Guys and Dolls (New Broadway Cast Recording (1992))","15728556","80327","170","false","https://www.deezer.com/us/track/15728556","https://cdnt-preview.dzcdn.net/api/1/1/4/5/b/0/45bdfa10ff9d99f4e69d09884d82509b.mp3?hdnea=exp=1781745669~acl=/api/1/1/4/5/b/0/45bdfa10ff9d99f4e69d09884d82509b.mp3*~data=user_id=0,application_id=42~hmac=ee87a80e0bbd56ecf877d1b6ac664a919fb1a7679f46d98e2e01b7c5d701a246","On 1 list: Broadway"
"(thematic candidate)","","","","(Just a) Simple Sponge","Ethan Slater","(Just a) Simple Sponge","394802942","78785","240","false","https://www.deezer.com/us/track/394802942","https://cdnt-preview.dzcdn.net/api/1/1/f/5/a/0/f5a6607aa1a623870abc82e1435283a8.mp3?hdnea=exp=1781745673~acl=/api/1/1/f/5/a/0/f5a6607aa1a623870abc82e1435283a8.mp3*~data=user_id=0,application_id=42~hmac=aaa5d111a5e8a23788b53a0d2ac0ea2a4c7e1352529d4c81652dbc76fa537a26","On 1 list: Hello, Broadway! Hits from Musicals"
