OriginalTitle,OriginalArtist,OriginalDeezerId,OriginalRank,AlternativeTitle,AlternativeArtist,AlternativeAlbum,AlternativeDeezerId,AlternativeRank,AlternativeDurationSec,AlternativeExplicit,DeezerTrackUrl,AlternativePreviewUrl,ConfidenceNote
"(thematic candidate)","","","","Don't Matter (Radio Edit)","Akon","Don't Matter","1100118","174989","249","false","https://www.deezer.com/us/track/1100118","https://cdnt-preview.dzcdn.net/api/1/1/2/5/e/0/25e1133e517b854e49d659af00f63426.mp3?hdnea=exp=1781745688~acl=/api/1/1/2/5/e/0/25e1133e517b854e49d659af00f63426.mp3*~data=user_id=0,application_id=42~hmac=bfc4bf50b2676a4ed621dcdc299735427c3efc43388d7044cfefd2cb946e70da","On 2 editorial lists"
"(thematic candidate)","","","","Can't Get Enough Of Your Love, Babe","Barry White","Love Songs","537987222","170313","267","false","https://www.deezer.com/us/track/537987222","https://cdnt-preview.dzcdn.net/api/1/1/b/d/c/0/bdcb6030fc04be62d0d177b5bffe46de.mp3?hdnea=exp=1781745700~acl=/api/1/1/b/d/c/0/bdcb6030fc04be62d0d177b5bffe46de.mp3*~data=user_id=0,application_id=42~hmac=6568e2d628aba13355f9994ae7aabe4f41eb68dfa7c1cec9575a83b00afbae43","On 2 editorial lists"
"(thematic candidate)","","","","I Knew I Loved You","Savage Garden","Affirmation","532605","47901","250","false","https://www.deezer.com/us/track/532605","https://cdnt-preview.dzcdn.net/api/1/1/5/1/5/0/515de4ba5d45a934ba07fa9fbc2fa70d.mp3?hdnea=exp=1781745694~acl=/api/1/1/5/1/5/0/515de4ba5d45a934ba07fa9fbc2fa70d.mp3*~data=user_id=0,application_id=42~hmac=e5483df7d9bee4c334fcc7f2a553c645d620d259a6d4ca5808165d2dafca959a","On 2 editorial lists"
"(thematic candidate)","","","","Me and Mrs. Jones","Billy Paul","Love Songs","74977353","36999","285","false","https://www.deezer.com/us/track/74977353","https://cdnt-preview.dzcdn.net/api/1/1/2/9/f/0/29f69223fde4bf25fd159afc21e7b060.mp3?hdnea=exp=1781745700~acl=/api/1/1/2/9/f/0/29f69223fde4bf25fd159afc21e7b060.mp3*~data=user_id=0,application_id=42~hmac=a8bc892d0fff70056ef22ad13590868b9fcc9d1fba1b3d4d40deb6c595dd046a","On 2 editorial lists"
"(thematic candidate)","","","","Never Let Me Down Again","Depeche Mode","Music for the Masses (Deluxe)","136334622","699271","288","false","https://www.deezer.com/us/track/136334622","https://cdnt-preview.dzcdn.net/api/1/1/d/8/e/0/d8e268efbf105c80a7215eb8973eba2e.mp3?hdnea=exp=1781745697~acl=/api/1/1/d/8/e/0/d8e268efbf105c80a7215eb8973eba2e.mp3*~data=user_id=0,application_id=42~hmac=f61474de809dbdae68bbe195cdf01cfd66cc852b235b7b64f1787df740420e09","On 1 list: All Hits 70s-20s 1"
"(thematic candidate)","","","","Stuck On You","Lionel Richie","Can't Slow Down","920067","697149","190","false","https://www.deezer.com/us/track/920067","https://cdnt-preview.dzcdn.net/api/1/1/b/d/c/0/bdc6385b031a9876dfa389c16c583474.mp3?hdnea=exp=1781745694~acl=/api/1/1/b/d/c/0/bdc6385b031a9876dfa389c16c583474.mp3*~data=user_id=0,application_id=42~hmac=82db285025de90ad445135b278e346abedae18eae314674e8b1883dc90592263","On 1 list: All Hits 70s-20s 1"
"(thematic candidate)","","","","Men In Black (From ""Men In Black"" Soundtrack)","Will Smith","Greatest Hits","626417","697084","227","false","https://www.deezer.com/us/track/626417","https://cdnt-preview.dzcdn.net/api/1/1/6/2/9/0/629d2b639cf2763d8f18a5dc94c90430.mp3?hdnea=exp=1781745691~acl=/api/1/1/6/2/9/0/629d2b639cf2763d8f18a5dc94c90430.mp3*~data=user_id=0,application_id=42~hmac=0e3503dfff8f1b22dcdd356ee5596c0bead4b2de7600e415603cc1b55ada2905","On 1 list: All Hits 70s-20s 1"
"(thematic candidate)","","","","One Headlight","The Wallflowers","Bringing Down The Horse","2193499","696123","312","false","https://www.deezer.com/us/track/2193499","https://cdnt-preview.dzcdn.net/api/1/1/c/c/a/0/cca4a1a93af87370ed9b84e76b6333d9.mp3?hdnea=exp=1781745693~acl=/api/1/1/c/c/a/0/cca4a1a93af87370ed9b84e76b6333d9.mp3*~data=user_id=0,application_id=42~hmac=857ce993ea75997a3612d722d6c06fd26aced853e0e90a1db282b427c980db1d","On 1 list: All Hits 70s-20s 1"
"(thematic candidate)","","","","Greatest Love of All","Whitney Houston","Whitney Houston","1131194","695902","292","false","https://www.deezer.com/us/track/1131194","https://cdnt-preview.dzcdn.net/api/1/1/d/8/b/0/d8be301fccd44a9838b52dcd0bc6d964.mp3?hdnea=exp=1781745702~acl=/api/1/1/d/8/b/0/d8be301fccd44a9838b52dcd0bc6d964.mp3*~data=user_id=0,application_id=42~hmac=670a3cdb3ff1ab28bd67f174f796d164dca56f9a0d0e5c81979e8f69111b233a","On 1 list: Billboard #1 hits '80s - Number one singles 1980-1989"
"(thematic candidate)","","","","Our House","Crosby, Stills, Nash & Young","Deja Vu","3821908","695883","179","false","https://www.deezer.com/us/track/3821908","https://cdnt-preview.dzcdn.net/api/1/1/4/b/f/0/4bf23842250f84e9fa3cba9797e04127.mp3?hdnea=exp=1781745691~acl=/api/1/1/4/b/f/0/4bf23842250f84e9fa3cba9797e04127.mp3*~data=user_id=0,application_id=42~hmac=602c0285ab3223d2469a9a0fb3b8dd0a9d18855bfcc131db36fa45e00a683be0","On 1 list: All Hits 70s-20s 1"
"(thematic candidate)","","","","X","Xzibit","Restless","532268","695598","256","true","https://www.deezer.com/us/track/532268","https://cdnt-preview.dzcdn.net/api/1/1/b/8/8/0/b888542189619903985dc16d21fe3897.mp3?hdnea=exp=1781745688~acl=/api/1/1/b/8/8/0/b888542189619903985dc16d21fe3897.mp3*~data=user_id=0,application_id=42~hmac=1b4e7080a00edb345bd0ddee07a8c70d2af253602792e989abeff6afc34ccac1","On 1 list: All Hits 70s-20s 1"
"(thematic candidate)","","","","Yummy","Justin Bieber","Yummy","845095592","695473","208","false","https://www.deezer.com/us/track/845095592","https://cdnt-preview.dzcdn.net/api/1/1/6/d/a/0/6da3656d6dc6c45ffb629437f4c79bbb.mp3?hdnea=exp=1781745697~acl=/api/1/1/6/d/a/0/6da3656d6dc6c45ffb629437f4c79bbb.mp3*~data=user_id=0,application_id=42~hmac=dfa287639db3b5cb2d8b7fdf5433717de193ebe560d7533df4c6aadb1293506b","On 1 list: All Hits 70s-20s 1"
"(thematic candidate)","","","","Don't Stop The Dance","Bryan Ferry","Boys And Girls","3135078","695431","259","false","https://www.deezer.com/us/track/3135078","https://cdnt-preview.dzcdn.net/api/1/1/a/6/a/0/a6a26006ef3149bb731926bbc9d610f9.mp3?hdnea=exp=1781745696~acl=/api/1/1/a/6/a/0/a6a26006ef3149bb731926bbc9d610f9.mp3*~data=user_id=0,application_id=42~hmac=e8f44bad3ca3681c249e3ad28b2782521487d85c2de83d63dac1acc98a106560","On 1 list: All Hits 70s-20s 1"
"(thematic candidate)","","","","Rivers of Babylon","Boney M.","Rivers Of Babylon","968798","695338","262","false","https://www.deezer.com/us/track/968798","https://cdnt-preview.dzcdn.net/api/1/1/0/2/1/0/021ea95d7fdd138c63ad77b45d1eab5d.mp3?hdnea=exp=1781745696~acl=/api/1/1/0/2/1/0/021ea95d7fdd138c63ad77b45d1eab5d.mp3*~data=user_id=0,application_id=42~hmac=b317c324634d4a72955a54190cc26f4e7a713f25990ca3acefb09941ee3bc2f1","On 1 list: All Hits 70s-20s 1"
"(thematic candidate)","","","","My Life","Billy Joel","52nd Street","1025636","694795","282","false","https://www.deezer.com/us/track/1025636","https://cdnt-preview.dzcdn.net/api/1/1/d/e/d/0/ded15d04574c7e1691212e4288d196e5.mp3?hdnea=exp=1781745691~acl=/api/1/1/d/e/d/0/ded15d04574c7e1691212e4288d196e5.mp3*~data=user_id=0,application_id=42~hmac=c79121fac865d59a1beb5602b3e63f2d363a9cf2335f114ed7eee122fe9c890e","On 1 list: All Hits 70s-20s 1"
"(thematic candidate)","","","","Let's All Chant","Michael Zager Band","Let's All Chant","129771348","694557","184","false","https://www.deezer.com/us/track/129771348","https://cdnt-preview.dzcdn.net/api/1/1/7/2/c/0/72c36896e7355d43113eeefb22a09f9d.mp3?hdnea=exp=1781745691~acl=/api/1/1/7/2/c/0/72c36896e7355d43113eeefb22a09f9d.mp3*~data=user_id=0,application_id=42~hmac=3c0a7e4533ddb5a0dfcf0e2fd8dec4e9c980108c7db0ba1700a6b2bb7c80e4ee","On 1 list: All Hits 70s-20s 1"
"(thematic candidate)","","","","Say It Ain't So (Original Mix)","Weezer","Weezer (Blue Album)","2542120","693896","258","false","https://www.deezer.com/us/track/2542120","https://cdnt-preview.dzcdn.net/api/1/1/6/c/b/0/6cbc15fc294d2388bbb9339ec9983a7d.mp3?hdnea=exp=1781745693~acl=/api/1/1/6/c/b/0/6cbc15fc294d2388bbb9339ec9983a7d.mp3*~data=user_id=0,application_id=42~hmac=5c799c419e44139e012e3c8634dc7b786a37775846bf8ec9ab5aa51c203634eb","On 1 list: All Hits 70s-20s 1"
"(thematic candidate)","","","","Gloria","Laura Branigan","The Best of Branigan","675801","693623","295","false","https://www.deezer.com/us/track/675801","https://cdnt-preview.dzcdn.net/api/1/1/1/5/4/0/154b6033b75763f55610f633936e7088.mp3?hdnea=exp=1781745696~acl=/api/1/1/1/5/4/0/154b6033b75763f55610f633936e7088.mp3*~data=user_id=0,application_id=42~hmac=98278a74c0e12390bb7d1c0e23ae2ce857a3b272b77f469212b106dd09749021","On 1 list: All Hits 70s-20s 1"
"(thematic candidate)","","","","Satisfaction (Isak Original Extended)","Benny Benassi","Hypnotica (Benny Benassi Presents The Biz)","13839055","692398","286","false","https://www.deezer.com/us/track/13839055","https://cdnt-preview.dzcdn.net/api/1/1/f/1/8/0/f188ceaea66f507346054ced21c3dab8.mp3?hdnea=exp=1781745688~acl=/api/1/1/f/1/8/0/f188ceaea66f507346054ced21c3dab8.mp3*~data=user_id=0,application_id=42~hmac=9a7cee0b47f0b67605df7183aef9586166ce62a69519454249ef5c40c5f6f64c","On 1 list: All Hits 70s-20s 1"
"(thematic candidate)","","","","I Just Can't Stop Loving You (feat. Siedah Garrett) (2012 Remaster)","Michael Jackson","Bad 25th Anniversary","59509601","692332","251","false","https://www.deezer.com/us/track/59509601","https://cdnt-preview.dzcdn.net/api/1/1/a/d/1/0/ad1066f8199343ad914eeaf60f202b60.mp3?hdnea=exp=1781745702~acl=/api/1/1/a/d/1/0/ad1066f8199343ad914eeaf60f202b60.mp3*~data=user_id=0,application_id=42~hmac=e156538ac7b7834a463c0eefa363249fd8a6275afb50e018cea7312292204023","On 1 list: Billboard #1 hits '80s - Number one singles 1980-1989"
"(thematic candidate)","","","","Whatever You Want","Status Quo","Whatever You Want","1181897","692304","243","false","https://www.deezer.com/us/track/1181897","https://cdnt-preview.dzcdn.net/api/1/1/8/5/f/0/85facbc956d0ee630990893ba0ed5410.mp3?hdnea=exp=1781745690~acl=/api/1/1/8/5/f/0/85facbc956d0ee630990893ba0ed5410.mp3*~data=user_id=0,application_id=42~hmac=9bbc9ae91a32b34f6a3548bdb9e6039941e88f26b94ad7be132a6ddf8956494d","On 1 list: All Hits 70s-20s 1"
"(thematic candidate)","","","","Angeleyes","ABBA","Abba Gold Anniversary Edition","76376891","692094","260","false","https://www.deezer.com/us/track/76376891","https://cdnt-preview.dzcdn.net/api/1/1/c/f/d/0/cfd2692638e9799cced3f08930b4872b.mp3?hdnea=exp=1781745691~acl=/api/1/1/c/f/d/0/cfd2692638e9799cced3f08930b4872b.mp3*~data=user_id=0,application_id=42~hmac=5d7e7bb69d6930fbf43859a5d52fc59f72ebbee2aa18c9e068449b1536d2b964","On 1 list: All Hits 70s-20s 1"
"(thematic candidate)","","","","My Oh My (feat. DaBaby)","Camila Cabello","Romance","823567772","691678","170","false","https://www.deezer.com/us/track/823567772","https://cdnt-preview.dzcdn.net/api/1/1/c/7/4/0/c745a298910268b0c9f598c2748fb342.mp3?hdnea=exp=1781745698~acl=/api/1/1/c/7/4/0/c745a298910268b0c9f598c2748fb342.mp3*~data=user_id=0,application_id=42~hmac=4c31409ca070e6f4169e7b8e3760268b0c3acf8b35afa0128b14e20729456dd5","On 1 list: All Hits 70s-20s 1"
"(thematic candidate)","","","","I Want You Back (Radio Edit)","*NSYNC","'N Sync UK Version","1022536","691565","200","false","https://www.deezer.com/us/track/1022536","https://cdnt-preview.dzcdn.net/api/1/1/a/f/d/0/afd8f6ed73405ade13f917143db75ede.mp3?hdnea=exp=1781745692~acl=/api/1/1/a/f/d/0/afd8f6ed73405ade13f917143db75ede.mp3*~data=user_id=0,application_id=42~hmac=f3265404847752e675855a9355caa76eefe6b55cdff8b495bf2580ecc25dd6ff","On 1 list: All Hits 70s-20s 1"
"(thematic candidate)","","","","I Know What You Want (feat. Flipmode Squad)","Busta Rhymes","The Remixes","15220661","691448","255","false","https://www.deezer.com/us/track/15220661","https://cdnt-preview.dzcdn.net/api/1/1/0/8/9/0/089e2d6a37515ef91f78ef260c70ea7a.mp3?hdnea=exp=1781745688~acl=/api/1/1/0/8/9/0/089e2d6a37515ef91f78ef260c70ea7a.mp3*~data=user_id=0,application_id=42~hmac=a0350c93dac14efc39e01b5cd6451b4ba3de2ea4a8b150e46127f42ba26b60e5","On 1 list: All Hits 70s-20s 1"
"(thematic candidate)","","","","Alive And Kicking (Remastered 2002)","Simple Minds","Once Upon A Time","3087756","690543","326","false","https://www.deezer.com/us/track/3087756","https://cdnt-preview.dzcdn.net/api/1/1/f/c/0/0/fc0a9e74fc09b4e724b7df3a6a749349.mp3?hdnea=exp=1781745695~acl=/api/1/1/f/c/0/0/fc0a9e74fc09b4e724b7df3a6a749349.mp3*~data=user_id=0,application_id=42~hmac=01c8fe7b7699b659b97a6330c5a6ae79e8ae942d9190386ae0176d30e414a4ba","On 1 list: All Hits 70s-20s 1"
"(thematic candidate)","","","","Walk This Way (feat. Aerosmith)","Run DMC","RUN DMC ""High Profile: The Original Rhymes""","994702","690471","311","false","https://www.deezer.com/us/track/994702","https://cdnt-preview.dzcdn.net/api/1/1/1/6/4/0/164c60643af282c023bab02d37cc4e4b.mp3?hdnea=exp=1781745697~acl=/api/1/1/1/6/4/0/164c60643af282c023bab02d37cc4e4b.mp3*~data=user_id=0,application_id=42~hmac=ca740a2e248c27cdc9032019fef60ac0a05b99d11ae0d5fc546c6a0c6cfe0280","On 1 list: All Hits 70s-20s 1"
"(thematic candidate)","","","","Under the Bridge","Red Hot Chili Peppers","Blood Sugar Sex Magik (Deluxe Edition)","725850","690442","264","false","https://www.deezer.com/us/track/725850","https://cdnt-preview.dzcdn.net/api/1/1/3/4/b/0/34bc5e060833b39587eec58e9dc84fea.mp3?hdnea=exp=1781745691~acl=/api/1/1/3/4/b/0/34bc5e060833b39587eec58e9dc84fea.mp3*~data=user_id=0,application_id=42~hmac=0d7f5aad34ed47f696ef7a85fcef27220b8a7a03f5cf31c097909828b467e664","On 1 list: All Hits 70s-20s 1"
"(thematic candidate)","","","","Live And Let Die","Paul McCartney","Pure McCartney (Deluxe Edition)","126368823","689941","194","false","https://www.deezer.com/us/track/126368823","https://cdnt-preview.dzcdn.net/api/1/1/0/d/6/0/0d684413b4327e7bfa06f670c79e860c.mp3?hdnea=exp=1781745691~acl=/api/1/1/0/d/6/0/0d684413b4327e7bfa06f670c79e860c.mp3*~data=user_id=0,application_id=42~hmac=75ebd6997d433ca9667010748f2a4ffd26a3b5110a8cce80a3effb69562fe5b9","On 1 list: All Hits 70s-20s 1"
"(thematic candidate)","","","","Policy of Truth","Depeche Mode","Violator (Deluxe)","136331384","689685","295","false","https://www.deezer.com/us/track/136331384","https://cdnt-preview.dzcdn.net/api/1/1/4/d/4/0/4d4f5961db8f69fda3b6e8685a970f9f.mp3?hdnea=exp=1781745692~acl=/api/1/1/4/d/4/0/4d4f5961db8f69fda3b6e8685a970f9f.mp3*~data=user_id=0,application_id=42~hmac=fa6c06c042565433f75b61e66160adc4d31224b308dd033c73820dade44a6c09","On 1 list: All Hits 70s-20s 1"
"(thematic candidate)","","","","This Must Be the Place (Naive Melody) (2005 Remaster)","Talking Heads","Speaking in Tongues (Deluxe Version)","3614317","689190","296","false","https://www.deezer.com/us/track/3614317","https://cdnt-preview.dzcdn.net/api/1/1/f/5/c/0/f5c81cac57b39d1edb9b43ff44adf6fa.mp3?hdnea=exp=1781745696~acl=/api/1/1/f/5/c/0/f5c81cac57b39d1edb9b43ff44adf6fa.mp3*~data=user_id=0,application_id=42~hmac=f7d23c21b478acb02e6eabccd8f9970d224fdd162a4776375dd8a12caf2b9c52","On 1 list: All Hits 70s-20s 1"
"(thematic candidate)","","","","Arthur's Theme (Best That You Can Do)","Christopher Cross","Arthur - The Album [Original Soundtrack]","3872734","687974","234","false","https://www.deezer.com/us/track/3872734","https://cdnt-preview.dzcdn.net/api/1/1/d/5/7/0/d57a468a90697a6793100319059215ce.mp3?hdnea=exp=1781745702~acl=/api/1/1/d/5/7/0/d57a468a90697a6793100319059215ce.mp3*~data=user_id=0,application_id=42~hmac=10fe4a8b33af5a540ef729320214723ac88b15d3616439b66289161abc5952bb","On 1 list: Billboard #1 hits '80s - Number one singles 1980-1989"
"(thematic candidate)","","","","Talking In Your Sleep","The Romantics","Super Hits","1030263","687915","236","false","https://www.deezer.com/us/track/1030263","https://cdnt-preview.dzcdn.net/api/1/1/2/d/4/0/2d417a2ecd29c27a653164d9f1c70264.mp3?hdnea=exp=1781745697~acl=/api/1/1/2/d/4/0/2d417a2ecd29c27a653164d9f1c70264.mp3*~data=user_id=0,application_id=42~hmac=ea84f1db23f5df63831913d28afb59977213b844b80c6a67569d497fb2ba935f","On 1 list: All Hits 70s-20s 1"
"(thematic candidate)","","","","Give Me One Reason","Tracy Chapman","New Beginning","2477838","687875","268","false","https://www.deezer.com/us/track/2477838","https://cdnt-preview.dzcdn.net/api/1/1/d/7/0/0/d70a6c1352c13d7eec4f6315f3ad3d00.mp3?hdnea=exp=1781745694~acl=/api/1/1/d/7/0/0/d70a6c1352c13d7eec4f6315f3ad3d00.mp3*~data=user_id=0,application_id=42~hmac=71a65e4e2d8e92748eaa2a0ee2e6880d794d84419093020276d676a81c8d2ae3","On 1 list: All Hits 70s-20s 1"
"(thematic candidate)","","","","Move Ya Body","Nina Sky","Nina Sky","2598368","686678","232","false","https://www.deezer.com/us/track/2598368","https://cdnt-preview.dzcdn.net/api/1/1/5/8/7/0/587e87dfa5f776634bbc8cadc8299ec4.mp3?hdnea=exp=1781745688~acl=/api/1/1/5/8/7/0/587e87dfa5f776634bbc8cadc8299ec4.mp3*~data=user_id=0,application_id=42~hmac=f0eb4014c85a4f3b0467114636e05f64eecaa387ddea0ede4308f0e8e38c8ddc","On 1 list: All Hits 70s-20s 1"
"(thematic candidate)","","","","The Gambler","Kenny Rogers","The Gambler","3108438","686614","212","false","https://www.deezer.com/us/track/3108438","https://cdnt-preview.dzcdn.net/api/1/1/c/a/6/0/ca66aef1993f20bd6ee14d40b49ec7e9.mp3?hdnea=exp=1781745691~acl=/api/1/1/c/a/6/0/ca66aef1993f20bd6ee14d40b49ec7e9.mp3*~data=user_id=0,application_id=42~hmac=0728af60dfb1f572822a0369cda7485c98d1d397c0ba8a8e9d3404a1573adfb9","On 1 list: All Hits 70s-20s 1"
"(thematic candidate)","","","","motive","Ariana Grande","Positions","1126047062","686153","167","true","https://www.deezer.com/us/track/1126047062","https://cdnt-preview.dzcdn.net/api/1/1/1/b/f/0/1bf9b09b0120e30bf76649e07db99578.mp3?hdnea=exp=1781745697~acl=/api/1/1/1/b/f/0/1bf9b09b0120e30bf76649e07db99578.mp3*~data=user_id=0,application_id=42~hmac=3fc154e92662c1acf7e2a5bc12c8425df13c1babbf1e2dbb3869763664f0cb9f","On 1 list: All Hits 70s-20s 1"
"(thematic candidate)","","","","Party Girl","StaySolidRocky","Party Girl","936617182","685146","147","true","https://www.deezer.com/us/track/936617182","https://cdnt-preview.dzcdn.net/api/1/1/b/3/1/0/b31bd2b0468cc02f52af8e4eb4b018f4.mp3?hdnea=exp=1781745697~acl=/api/1/1/b/3/1/0/b31bd2b0468cc02f52af8e4eb4b018f4.mp3*~data=user_id=0,application_id=42~hmac=1303c3cbdbc5eeccab3e5f5b69f3629f5e61c16aa65fc094f90fb926bcd74d3f","On 1 list: All Hits 70s-20s 1"
"(thematic candidate)","","","","Fantasy","Earth, Wind & Fire","September","487484162","685041","277","false","https://www.deezer.com/us/track/487484162","https://cdnt-preview.dzcdn.net/api/1/1/2/0/8/0/20832a0ec01c7ddf17148bc6c31df44b.mp3?hdnea=exp=1781745689~acl=/api/1/1/2/0/8/0/20832a0ec01c7ddf17148bc6c31df44b.mp3*~data=user_id=0,application_id=42~hmac=4e053776bee78bd936b51fd5dcd7bdafe1dea5c52d820bf43fa09a8c785c1e63","On 1 list: All Hits 70s-20s 1"
"(thematic candidate)","","","","Knowing Me, Knowing You","ABBA","ABBA Gold","884026","684344","242","false","https://www.deezer.com/us/track/884026","https://cdnt-preview.dzcdn.net/api/1/1/4/5/8/0/4587db646c3d0be6679d9a4fcab8423b.mp3?hdnea=exp=1781745691~acl=/api/1/1/4/5/8/0/4587db646c3d0be6679d9a4fcab8423b.mp3*~data=user_id=0,application_id=42~hmac=a4789005880c55c32a327341fc98c4e674b6bb3ac3910c731f85899c325130df","On 1 list: All Hits 70s-20s 1"
"(thematic candidate)","","","","America","Razorlight","America","1121936","684084","249","false","https://www.deezer.com/us/track/1121936","https://cdnt-preview.dzcdn.net/api/1/1/3/8/3/0/38397b033c8c501d64a14729e76e93ee.mp3?hdnea=exp=1781745687~acl=/api/1/1/3/8/3/0/38397b033c8c501d64a14729e76e93ee.mp3*~data=user_id=0,application_id=42~hmac=2b97c2b00d8beb94ebda822f153af3211a17ef293c977dbf829ca6fb33900143","On 1 list: All Hits 70s-20s 1"
"(thematic candidate)","","","","Conga!","Miami Sound Machine","The Essential Gloria Estefan","565055","683710","252","false","https://www.deezer.com/us/track/565055","https://cdnt-preview.dzcdn.net/api/1/1/b/c/e/0/bceb0e7eaa15257db70014a33323b2d8.mp3?hdnea=exp=1781745695~acl=/api/1/1/b/c/e/0/bceb0e7eaa15257db70014a33323b2d8.mp3*~data=user_id=0,application_id=42~hmac=29636bbef8d4eaf3d1bd9ad0c886a37436392848d899b6bd7877702b09b0b8e5","On 1 list: All Hits 70s-20s 1"
"(thematic candidate)","","","","19-2000 (Soulchild Remix)","Gorillaz","Gorillaz","3100456","683056","209","false","https://www.deezer.com/us/track/3100456","https://cdnt-preview.dzcdn.net/api/1/1/a/5/2/0/a52a9f0251248bcdc0d02bff81a32fe9.mp3?hdnea=exp=1781745688~acl=/api/1/1/a/5/2/0/a52a9f0251248bcdc0d02bff81a32fe9.mp3*~data=user_id=0,application_id=42~hmac=719abebcc05abc34468d41ca0bc6dca052eb2e638479c7c52b977022019a2cdc","On 1 list: All Hits 70s-20s 1"
"(thematic candidate)","","","","Strong Enough","Cher","Believe","786748","682473","224","false","https://www.deezer.com/us/track/786748","https://cdnt-preview.dzcdn.net/api/1/1/5/d/8/0/5d82c42689818ba8bac1959b47989b98.mp3?hdnea=exp=1781745694~acl=/api/1/1/5/d/8/0/5d82c42689818ba8bac1959b47989b98.mp3*~data=user_id=0,application_id=42~hmac=725b39029716097b7f2cd42b2747584d11f00caf72610e71c2512a3bb275f2c8","On 1 list: All Hits 70s-20s 1"
"(thematic candidate)","","","","If I Ever Feel Better","Phoenix","If I Ever Feel Better","3307241","681582","222","false","https://www.deezer.com/us/track/3307241","https://cdnt-preview.dzcdn.net/api/1/1/3/5/7/0/357a9c70aff2c7f0512d048632c474d5.mp3?hdnea=exp=1781745688~acl=/api/1/1/3/5/7/0/357a9c70aff2c7f0512d048632c474d5.mp3*~data=user_id=0,application_id=42~hmac=3f6bc412e432c56ac751e18c5535ab3f77607a639dad01945579c7c3b7ac8091","On 1 list: All Hits 70s-20s 1"
"(thematic candidate)","","","","Cum on Feel the Noize","Quiet Riot","Super Hits","626119","681290","287","false","https://www.deezer.com/us/track/626119","https://cdnt-preview.dzcdn.net/api/1/1/0/3/9/0/039e78aa6cd99d697d1ec7f9af9be155.mp3?hdnea=exp=1781745697~acl=/api/1/1/0/3/9/0/039e78aa6cd99d697d1ec7f9af9be155.mp3*~data=user_id=0,application_id=42~hmac=11ef39b840123eb7b57df8671d091ba244a2953cf28a473f3cdd88be576d06f5","On 1 list: All Hits 70s-20s 1"
"(thematic candidate)","","","","Learning to Fly","Pink Floyd","A Momentary Lapse of Reason","116914166","680547","292","false","https://www.deezer.com/us/track/116914166","https://cdnt-preview.dzcdn.net/api/1/1/4/6/f/0/46f34e8673de8c2881074dffd5733a8c.mp3?hdnea=exp=1781745697~acl=/api/1/1/4/6/f/0/46f34e8673de8c2881074dffd5733a8c.mp3*~data=user_id=0,application_id=42~hmac=80c8a773db85edd1477511b9bbb23ffacc111f76b4bda61c600acab01c08bf84","On 1 list: All Hits 70s-20s 1"
"(thematic candidate)","","","","TKN","ROSALÍA","TKN","972669712","680369","129","false","https://www.deezer.com/us/track/972669712","https://cdnt-preview.dzcdn.net/api/1/1/b/a/7/0/ba7afa4cf3908e4d84f71c61125879fc.mp3?hdnea=exp=1781745698~acl=/api/1/1/b/a/7/0/ba7afa4cf3908e4d84f71c61125879fc.mp3*~data=user_id=0,application_id=42~hmac=dd82339594f03b67e64f8c6d1c1d07190dc134bbbcae475f0ad0744ef72a169c","On 1 list: All Hits 70s-20s 1"
"(thematic candidate)","","","","A Groovy Kind of Love (2016 Remaster)","Phil Collins","The Singles (Expanded)","134036244","680126","210","false","https://www.deezer.com/us/track/134036244","https://cdnt-preview.dzcdn.net/api/1/1/e/c/a/0/eca6a7ff4b0758571bbf74d4b097e4fe.mp3?hdnea=exp=1781745702~acl=/api/1/1/e/c/a/0/eca6a7ff4b0758571bbf74d4b097e4fe.mp3*~data=user_id=0,application_id=42~hmac=37a22bb2547a5dd1e36257b813cdac28b51d6b765be74887e59bac4acf8df395","On 1 list: Billboard #1 hits '80s - Number one singles 1980-1989"
"(thematic candidate)","","","","Supalonely","BENEE","STELLA & STEVE","802283032","679642","223","true","https://www.deezer.com/us/track/802283032","https://cdnt-preview.dzcdn.net/api/1/1/1/f/d/0/1fd5e0ef6773f73f10eda134e644d682.mp3?hdnea=exp=1781745698~acl=/api/1/1/1/f/d/0/1fd5e0ef6773f73f10eda134e644d682.mp3*~data=user_id=0,application_id=42~hmac=90da8b7333baf4f5177099ec5563567a12b3bb39e81b186bef62c26437ec9711","On 1 list: All Hits 70s-20s 1"
"(thematic candidate)","","","","Send Me On My Way","Rusted Root","When I Woke","7375715","678643","263","false","https://www.deezer.com/us/track/7375715","https://cdnt-preview.dzcdn.net/api/1/1/d/c/2/0/dc2e656870aafb5017ad6412ff96b46e.mp3?hdnea=exp=1781745693~acl=/api/1/1/d/c/2/0/dc2e656870aafb5017ad6412ff96b46e.mp3*~data=user_id=0,application_id=42~hmac=fa3f43acafb3b7616fc42e81f384c8a1e370c8b0fa8e7df44dd2b12bc3df9c5c","On 1 list: All Hits 70s-20s 1"
"(thematic candidate)","","","","No More ""I Love You's""","Annie Lennox","Medusa","1047744","678558","291","false","https://www.deezer.com/us/track/1047744","https://cdnt-preview.dzcdn.net/api/1/1/5/a/5/0/5a5f6ee20a8dda46354c45c9a7669fcc.mp3?hdnea=exp=1781745694~acl=/api/1/1/5/a/5/0/5a5f6ee20a8dda46354c45c9a7669fcc.mp3*~data=user_id=0,application_id=42~hmac=0a9df25b5c5e83245809d68aecb501949c99f6cdddf28150ef94aba479220f6c","On 1 list: All Hits 70s-20s 1"
"(thematic candidate)","","","","Don't Stand So Close To Me","The Police","Zenyatta Mondatta (Remastered 2003)","665711142","678517","242","false","https://www.deezer.com/us/track/665711142","https://cdnt-preview.dzcdn.net/api/1/1/5/5/9/0/55912c333a242149cb0c810cadef8604.mp3?hdnea=exp=1781745696~acl=/api/1/1/5/5/9/0/55912c333a242149cb0c810cadef8604.mp3*~data=user_id=0,application_id=42~hmac=abb4fb63b1c8994b36fe99228836cff56e94d30fa4181d58ad770ebe48b31402","On 1 list: All Hits 70s-20s 1"
"(thematic candidate)","","","","Dust in the Wind","Kansas","Point Of Know Return (Expanded Edition)","830342","676081","204","false","https://www.deezer.com/us/track/830342","https://cdnt-preview.dzcdn.net/api/1/1/8/b/3/0/8b33c53a26758a36060a93f907bd5d16.mp3?hdnea=exp=1781745690~acl=/api/1/1/8/b/3/0/8b33c53a26758a36060a93f907bd5d16.mp3*~data=user_id=0,application_id=42~hmac=b402d3ad9aee6b37317c4f4569f126986cc18743c536d991f375766351e8b83a","On 1 list: All Hits 70s-20s 1"
"(thematic candidate)","","","","Another Night","Real McCoy","Another Night","1042543","675849","235","false","https://www.deezer.com/us/track/1042543","https://cdnt-preview.dzcdn.net/api/1/1/b/2/1/0/b21f764df8c03e54a247b96698d006d4.mp3?hdnea=exp=1781745694~acl=/api/1/1/b/2/1/0/b21f764df8c03e54a247b96698d006d4.mp3*~data=user_id=0,application_id=42~hmac=620d734cf5ef1ea2decce144db24c36f706bf8f904fb1d91e6f0f41f086478aa","On 1 list: All Hits 70s-20s 1"
"(thematic candidate)","","","","Lady Marmalade","Patti LaBelle","Best Of Patti Labelle","1079308","675397","235","false","https://www.deezer.com/us/track/1079308","https://cdnt-preview.dzcdn.net/api/1/1/5/6/d/0/56d1e97bf494f6ace6377e8c6e57ad7e.mp3?hdnea=exp=1781745700~acl=/api/1/1/5/6/d/0/56d1e97bf494f6ace6377e8c6e57ad7e.mp3*~data=user_id=0,application_id=42~hmac=5096fba3b7dc3ca852fc266094f98da56fd600ac8880b9723dcc53dd82429859","On 1 list: Billboard #1 hits '70s - Number one singles 1970-1979"
"(thematic candidate)","","","","My Own Worst Enemy","Lit","A Place In The Sun","967040","674683","169","true","https://www.deezer.com/us/track/967040","https://cdnt-preview.dzcdn.net/api/1/1/3/3/b/0/33b62019ba29f11dd00f46a60e4a862f.mp3?hdnea=exp=1781745691~acl=/api/1/1/3/3/b/0/33b62019ba29f11dd00f46a60e4a862f.mp3*~data=user_id=0,application_id=42~hmac=b610bc4c8c3973de8793e877955f28f13b1cdd5967e18a62e3d00366177611de","On 1 list: All Hits 70s-20s 1"
"(thematic candidate)","","","","Hysteria","Def Leppard","Hysteria","447552872","673559","354","false","https://www.deezer.com/us/track/447552872","https://cdnt-preview.dzcdn.net/api/1/1/c/e/a/0/cea11fa1d3ec874aa25b1ea8bda2f75d.mp3?hdnea=exp=1781745696~acl=/api/1/1/c/e/a/0/cea11fa1d3ec874aa25b1ea8bda2f75d.mp3*~data=user_id=0,application_id=42~hmac=6d76e5cc9bdd918edc40fbc95b0ee888736019fb51ea2ac5834dc556af4a5940","On 1 list: All Hits 70s-20s 1"
"(thematic candidate)","","","","Life for Rent","Dido","Life For Rent","2654328","673538","222","false","https://www.deezer.com/us/track/2654328","https://cdnt-preview.dzcdn.net/api/1/1/4/5/1/0/451713b3d4bb9dc6a95751281b108194.mp3?hdnea=exp=1781745688~acl=/api/1/1/4/5/1/0/451713b3d4bb9dc6a95751281b108194.mp3*~data=user_id=0,application_id=42~hmac=dfd8d8f329cda29bd412853ce94f61dcc56b9fe295d7c741a08e2c581941e6c3","On 1 list: All Hits 70s-20s 1"
"(thematic candidate)","","","","POPSTAR (feat. Drake)","DJ Khaled","POPSTAR (feat. Drake)","1024107672","673156","200","true","https://www.deezer.com/us/track/1024107672","https://cdnt-preview.dzcdn.net/api/1/1/1/6/7/0/1677b9051005bbd27f96de6271192268.mp3?hdnea=exp=1781745698~acl=/api/1/1/1/6/7/0/1677b9051005bbd27f96de6271192268.mp3*~data=user_id=0,application_id=42~hmac=d6d5cbf165f4da6d7dd0c0aac663a392f3cd8ab9981d9fb693b12a7d296d99a3","On 1 list: All Hits 70s-20s 1"
"(thematic candidate)","","","","Larger Than Life","Backstreet Boys","Millennium","13141169","673143","232","false","https://www.deezer.com/us/track/13141169","https://cdnt-preview.dzcdn.net/api/1/1/8/f/1/0/8f1b41780b0d23226b536ca3cc5bea25.mp3?hdnea=exp=1781745693~acl=/api/1/1/8/f/1/0/8f1b41780b0d23226b536ca3cc5bea25.mp3*~data=user_id=0,application_id=42~hmac=158586bb05dcb4873ac1db9823289cc1f4e39ca6ea65a231ed2b0bee6069b075","On 1 list: All Hits 70s-20s 1"
"(thematic candidate)","","","","Knockin' On Heaven's Door","Bob Dylan","Pat Garrett & Billy The Kid (Soundtrack From The Motion Picture)","71154320","672620","150","false","https://www.deezer.com/us/track/71154320","https://cdnt-preview.dzcdn.net/api/1/1/8/2/3/0/823282247561f435d42bfbc87fdfdfe2.mp3?hdnea=exp=1781745689~acl=/api/1/1/8/2/3/0/823282247561f435d42bfbc87fdfdfe2.mp3*~data=user_id=0,application_id=42~hmac=02769d920ed725174ef35fa972b6cda92442e63bde0a1475239567b52b6482d2","On 1 list: All Hits 70s-20s 1"
"(thematic candidate)","","","","Intentions","Justin Bieber","Intentions","870979432","672516","213","false","https://www.deezer.com/us/track/870979432","https://cdnt-preview.dzcdn.net/api/1/1/a/0/a/0/a0a2ce3ec61feda27e3da690fed81a55.mp3?hdnea=exp=1781745697~acl=/api/1/1/a/0/a/0/a0a2ce3ec61feda27e3da690fed81a55.mp3*~data=user_id=0,application_id=42~hmac=5f20c8a38661e89bb290ac6df1729462e85b1d40d966e78b0e74da8477ee11e3","On 1 list: All Hits 70s-20s 1"
"(thematic candidate)","","","","Close To Me","The Cure","The Head On The Door","909884","671991","204","false","https://www.deezer.com/us/track/909884","https://cdnt-preview.dzcdn.net/api/1/1/e/c/2/0/ec2626c3f868d427915c4389dc79c9ab.mp3?hdnea=exp=1781745695~acl=/api/1/1/e/c/2/0/ec2626c3f868d427915c4389dc79c9ab.mp3*~data=user_id=0,application_id=42~hmac=80909ee71d96651d318f3b6ad4403fad7ee9ed170087772e80765097725ac15b","On 1 list: All Hits 70s-20s 1"
"(thematic candidate)","","","","It Wasn't Me","Shaggy","Club R&B","952870","671942","226","false","https://www.deezer.com/us/track/952870","https://cdnt-preview.dzcdn.net/api/1/1/0/c/a/0/0cabc721f7c2a3eb4995edcf254e44b4.mp3?hdnea=exp=1781745706~acl=/api/1/1/0/c/a/0/0cabc721f7c2a3eb4995edcf254e44b4.mp3*~data=user_id=0,application_id=42~hmac=141d8f5aaaa02d83d83f0aba2492efe52a942e8d7a0395ae91ddeadd02830971","On 1 list: 2000-2018 Number 1 Billboard Hits"
"(thematic candidate)","","","","Teenage Dirtbag","Wheatus","Songs From Dawson's Creek, Vol. II","849698","671219","241","false","https://www.deezer.com/us/track/849698","https://cdnt-preview.dzcdn.net/api/1/1/6/c/2/0/6c2636e20a9ec76ec35b5b91535d6b84.mp3?hdnea=exp=1781745687~acl=/api/1/1/6/c/2/0/6c2636e20a9ec76ec35b5b91535d6b84.mp3*~data=user_id=0,application_id=42~hmac=f71193a8f46884180acfffdfc054344b1ed9154d7a7714d1a47422ab0d50ef84","On 1 list: All Hits 70s-20s 1"
"(thematic candidate)","","","","Guerrilla Radio","Rage Against the Machine","The Battle Of Los Angeles","15178643","671143","206","true","https://www.deezer.com/us/track/15178643","https://cdnt-preview.dzcdn.net/api/1/1/0/5/0/0/050a152c94cce0dd94ab933fef16a688.mp3?hdnea=exp=1781745693~acl=/api/1/1/0/5/0/0/050a152c94cce0dd94ab933fef16a688.mp3*~data=user_id=0,application_id=42~hmac=ec0933dfefc4eeb66eaa36117f5695ec72ffaa0485b0386e7ecccb42f8a5ba9d","On 1 list: All Hits 70s-20s 1"
"(thematic candidate)","","","","Ghetto Supastar (That is What You Are) (feat. Ol' Dirty Bastard & Mýa)","Pras","Ghetto Supastar","626546","671069","261","false","https://www.deezer.com/us/track/626546","https://cdnt-preview.dzcdn.net/api/1/1/3/7/3/0/373f9065614397185fb38bbe2b02483e.mp3?hdnea=exp=1781745691~acl=/api/1/1/3/7/3/0/373f9065614397185fb38bbe2b02483e.mp3*~data=user_id=0,application_id=42~hmac=4fa2e9f3f4ce2fc1a5ed2e59787f33ca32cc107af628f76ad20f1ed87e724ca1","On 1 list: All Hits 70s-20s 1"
"(thematic candidate)","","","","Suicide Blonde","INXS","X (Remastered)","11289087","670711","229","false","https://www.deezer.com/us/track/11289087","https://cdnt-preview.dzcdn.net/api/1/1/d/d/8/0/dd8557f359742e0388cafcd1d28dac72.mp3?hdnea=exp=1781745695~acl=/api/1/1/d/d/8/0/dd8557f359742e0388cafcd1d28dac72.mp3*~data=user_id=0,application_id=42~hmac=2123a4c22c4e226eb469c5348751dd24addec22589cc1e6d70c8b224c7873161","On 1 list: All Hits 70s-20s 1"
"(thematic candidate)","","","","Never Forget You","Noisettes","Wild Young Hearts (Digital version)","3060176","670562","192","false","https://www.deezer.com/us/track/3060176","https://cdnt-preview.dzcdn.net/api/1/1/a/2/4/0/a242af07df8ce97644e2bd102c5b0353.mp3?hdnea=exp=1781745688~acl=/api/1/1/a/2/4/0/a242af07df8ce97644e2bd102c5b0353.mp3*~data=user_id=0,application_id=42~hmac=ca513c8702faa4436ba48c1df82a5c46138c995fda9844ad6666cd6ec8c9fd80","On 1 list: All Hits 70s-20s 1"
"(thematic candidate)","","","","Psycho","Post Malone","beerbongs & bentleys","491446962","669827","221","true","https://www.deezer.com/us/track/491446962","https://cdnt-preview.dzcdn.net/api/1/1/b/1/5/0/b156f009eceb31d14bf2a9fe64e4fac4.mp3?hdnea=exp=1781745708~acl=/api/1/1/b/1/5/0/b156f009eceb31d14bf2a9fe64e4fac4.mp3*~data=user_id=0,application_id=42~hmac=278b0d19d49e029eea3a4d4ed508d1f11cc09b361e5df963969c6e156cfbf3cc","On 1 list: Number one billboard  2010´s"
"(thematic candidate)","","","","Welcome to Paradise","Green Day","Dookie","678040","669766","224","false","https://www.deezer.com/us/track/678040","https://cdnt-preview.dzcdn.net/api/1/1/4/e/8/0/4e88a37bfd3dad90a0ffba5a09cae3cc.mp3?hdnea=exp=1781745693~acl=/api/1/1/4/e/8/0/4e88a37bfd3dad90a0ffba5a09cae3cc.mp3*~data=user_id=0,application_id=42~hmac=9ec2ffc186c546c7c3f4429664c5df01922c4c6d3cd4e8548258347ed2fc3de5","On 1 list: All Hits 70s-20s 1"
"(thematic candidate)","","","","Lovin' You","Minnie Riperton","Capitol Gold: The Best Of Minnie Riperton","3126330","669533","204","false","https://www.deezer.com/us/track/3126330","https://cdnt-preview.dzcdn.net/api/1/1/6/f/3/0/6f34df28c3c8ac6af16dc9b07a1d5305.mp3?hdnea=exp=1781745700~acl=/api/1/1/6/f/3/0/6f34df28c3c8ac6af16dc9b07a1d5305.mp3*~data=user_id=0,application_id=42~hmac=e3cbeda1e88f42ecb4f7984288c9d83ee1c926f3394f0a6c0f81ad54e5e66256","On 1 list: Billboard #1 hits '70s - Number one singles 1970-1979"
"(thematic candidate)","","","","This Is America","Childish Gambino","This Is America","496157642","668078","225","true","https://www.deezer.com/us/track/496157642","https://cdnt-preview.dzcdn.net/api/1/1/2/2/3/0/22337cd13ada190b1f06ea8391250952.mp3?hdnea=exp=1781745708~acl=/api/1/1/2/2/3/0/22337cd13ada190b1f06ea8391250952.mp3*~data=user_id=0,application_id=42~hmac=7efdace8f05801997350f54bb4e05dd76db584ff2cee8f1439dbca6a51eb6ac4","On 1 list: Number one billboard  2010´s"
"(thematic candidate)","","","","9Pm (Till I Come)","ATB","Movin' Melodies","61639624","668017","193","false","https://www.deezer.com/us/track/61639624","https://cdnt-preview.dzcdn.net/api/1/1/6/a/b/0/6abef8941da51d51b5af40811fcbe268.mp3?hdnea=exp=1781745694~acl=/api/1/1/6/a/b/0/6abef8941da51d51b5af40811fcbe268.mp3*~data=user_id=0,application_id=42~hmac=2578731f55e966309afb8334c90698b281eb7dffdd6ea6b27b089bfdd96510ab","On 1 list: All Hits 70s-20s 1"
"(thematic candidate)","","","","Just the Way You Are","Billy Joel","The Stranger (Legacy Edition)","988630","667389","289","false","https://www.deezer.com/us/track/988630","https://cdnt-preview.dzcdn.net/api/1/1/3/3/c/0/33cf043eaaa7cfc2ecb8c8e4fb24742e.mp3?hdnea=exp=1781745690~acl=/api/1/1/3/3/c/0/33cf043eaaa7cfc2ecb8c8e4fb24742e.mp3*~data=user_id=0,application_id=42~hmac=e6bf19e2cb2698ab309363c051caa84bdfa4bf4e85d8a563b66ff6b831cf0b75","On 1 list: All Hits 70s-20s 1"
"(thematic candidate)","","","","Tom's Diner (7"" Version)","DNA","RetroSpective: The Best Of Suzanne Vega","549263622","666841","229","false","https://www.deezer.com/us/track/549263622","https://cdnt-preview.dzcdn.net/api/1/1/e/8/4/0/e844ffbab165a7b41e2eda9f0fd22520.mp3?hdnea=exp=1781745694~acl=/api/1/1/e/8/4/0/e844ffbab165a7b41e2eda9f0fd22520.mp3*~data=user_id=0,application_id=42~hmac=84da2d8d80a1514c62d00c23716162f574fefbec375f0bc4859200a3e5db0af8","On 1 list: All Hits 70s-20s 1"
"(thematic candidate)","","","","Ironic (2015 Remaster)","Alanis Morissette","Jagged Little Pill (2015 Remaster)","109843304","665979","230","false","https://www.deezer.com/us/track/109843304","https://cdnt-preview.dzcdn.net/api/1/1/b/d/5/0/bd560d55773d135084e87f07a7d4df35.mp3?hdnea=exp=1781745694~acl=/api/1/1/b/d/5/0/bd560d55773d135084e87f07a7d4df35.mp3*~data=user_id=0,application_id=42~hmac=39e57e91f9557fc4d7abbd6c6a0b77e4ad82e7e4195a6724450829fff50c31e0","On 1 list: All Hits 70s-20s 1"
"(thematic candidate)","","","","Crazy On You","Heart","Dreamboat Annie","3127720","665488","294","false","https://www.deezer.com/us/track/3127720","https://cdnt-preview.dzcdn.net/api/1/1/8/1/7/0/8174c9c8fc7edf0d374a08f082eaf002.mp3?hdnea=exp=1781745690~acl=/api/1/1/8/1/7/0/8174c9c8fc7edf0d374a08f082eaf002.mp3*~data=user_id=0,application_id=42~hmac=e2240216b37ea9b16ef667eb639bd30276a3b1923270869d136af9fece2de217","On 1 list: All Hits 70s-20s 1"
"(thematic candidate)","","","","Obsessed","Mariah Carey","Memoirs of an imperfect Angel (International Version)","4247257","664687","245","false","https://www.deezer.com/us/track/4247257","https://cdnt-preview.dzcdn.net/api/1/1/6/6/4/0/664d963d5f769e9bc1a06b13fa3d169b.mp3?hdnea=exp=1781745688~acl=/api/1/1/6/6/4/0/664d963d5f769e9bc1a06b13fa3d169b.mp3*~data=user_id=0,application_id=42~hmac=8ab4c22edc0c7ba83bd82830b3d680f8baeb8e324d4b9afb6cda475cfb118ec1","On 1 list: All Hits 70s-20s 1"
"(thematic candidate)","","","","Jealous Guy (Remastered 2010)","John Lennon","Imagine","7193836","663794","252","false","https://www.deezer.com/us/track/7193836","https://cdnt-preview.dzcdn.net/api/1/1/7/a/8/0/7a89811022e917633fe86e9685842fd5.mp3?hdnea=exp=1781745690~acl=/api/1/1/7/a/8/0/7a89811022e917633fe86e9685842fd5.mp3*~data=user_id=0,application_id=42~hmac=14e33710e05465429966ddff3cff01a82029a8d0bfde0d454b22fd15d4719ca9","On 1 list: All Hits 70s-20s 1"
"(thematic candidate)","","","","Daughter (Remastered)","Pearl Jam","Vs.","10273980","663075","234","false","https://www.deezer.com/us/track/10273980","https://cdnt-preview.dzcdn.net/api/1/1/a/6/5/0/a65084e411f32f76ae829e0ef436a4f1.mp3?hdnea=exp=1781745692~acl=/api/1/1/a/6/5/0/a65084e411f32f76ae829e0ef436a4f1.mp3*~data=user_id=0,application_id=42~hmac=c417763b740f28a6aa57240cc3c8bf129936bfd4d00f412470cf92747846c780","On 1 list: All Hits 70s-20s 1"
"(thematic candidate)","","","","Rise & Fall (feat. Sting)","Craig David","Rewind - The Collection","143170316","662655","287","false","https://www.deezer.com/us/track/143170316","https://cdnt-preview.dzcdn.net/api/1/1/a/8/d/0/a8dbcddaa01200d3d69c77c109c029f1.mp3?hdnea=exp=1781745688~acl=/api/1/1/a/8/d/0/a8dbcddaa01200d3d69c77c109c029f1.mp3*~data=user_id=0,application_id=42~hmac=33e2b63442f7f59c245de8774b5529aef985990b51e08a08b05368fa74472132","On 1 list: All Hits 70s-20s 1"
"(thematic candidate)","","","","Trap Queen","Fetty Wap","Trap Queen","91934728","662436","222","true","https://www.deezer.com/us/track/91934728","https://cdnt-preview.dzcdn.net/api/1/1/d/2/3/0/d236757c1e73afbdf29640ff7195e862.mp3?hdnea=exp=1781745698~acl=/api/1/1/d/2/3/0/d236757c1e73afbdf29640ff7195e862.mp3*~data=user_id=0,application_id=42~hmac=26dd4aadf8909843b4037291a039f4622985d043050ba2e072fea1f32c26fca0","On 1 list: All Hits 70s-20s 1"
"(thematic candidate)","","","","You Got It","Roy Orbison","The Soul of Rock And Roll","3570745","661429","210","false","https://www.deezer.com/us/track/3570745","https://cdnt-preview.dzcdn.net/api/1/1/2/a/c/0/2ac0077d4e2802544b35b101b995548e.mp3?hdnea=exp=1781745697~acl=/api/1/1/2/a/c/0/2ac0077d4e2802544b35b101b995548e.mp3*~data=user_id=0,application_id=42~hmac=a5d6662b7f5db94dbf40e01a916b230729fb46367986e7af7c71852b60afec27","On 1 list: All Hits 70s-20s 1"
"(thematic candidate)","","","","Run","Snow Patrol","Final Straw","1138321","661392","356","false","https://www.deezer.com/us/track/1138321","https://cdnt-preview.dzcdn.net/api/1/1/d/4/1/0/d41e1721acdc6a2d4a7fe8a5ff6bc9af.mp3?hdnea=exp=1781745687~acl=/api/1/1/d/4/1/0/d41e1721acdc6a2d4a7fe8a5ff6bc9af.mp3*~data=user_id=0,application_id=42~hmac=d16b47c3278722e04b737d40076340501491ed502fedb528d2344aaab1985ea8","On 1 list: All Hits 70s-20s 1"
"(thematic candidate)","","","","Manic Monday","The Bangles","The Essential Bangles","608749","659854","185","false","https://www.deezer.com/us/track/608749","https://cdnt-preview.dzcdn.net/api/1/1/a/d/d/0/adddf33dc05bcb53beb51b6c2f857d94.mp3?hdnea=exp=1781745694~acl=/api/1/1/a/d/d/0/adddf33dc05bcb53beb51b6c2f857d94.mp3*~data=user_id=0,application_id=42~hmac=1a8c0c7a9a7e93233d447ca211e3c82bb33ab67759df3fad74302ba1f7a45938","On 1 list: All Hits 70s-20s 1"
"(thematic candidate)","","","","I Keep Forgettin' (Every Time You're Near)","Michael McDonald","If That's What It Takes","5617796","659576","222","false","https://www.deezer.com/us/track/5617796","https://cdnt-preview.dzcdn.net/api/1/1/9/5/d/0/95de4b7920eaad133dff7457ecff2048.mp3?hdnea=exp=1781745690~acl=/api/1/1/9/5/d/0/95de4b7920eaad133dff7457ecff2048.mp3*~data=user_id=0,application_id=42~hmac=7a472a65e934d95353dbbfe0ea470fdb28b8f80a82bcc2ee12f3aa38579fe6c3","On 1 list: All Hits 70s-20s 1"
"(thematic candidate)","","","","Walking on Broken Glass","Annie Lennox","Diva","1048702","659121","252","false","https://www.deezer.com/us/track/1048702","https://cdnt-preview.dzcdn.net/api/1/1/b/b/5/0/bb5f783931fd77d86c0f939ae9e9ac6b.mp3?hdnea=exp=1781745692~acl=/api/1/1/b/b/5/0/bb5f783931fd77d86c0f939ae9e9ac6b.mp3*~data=user_id=0,application_id=42~hmac=ae43002dca12edce13f2bfa9950d35748880defd141fa1ed62f5dbad311d9dbe","On 1 list: All Hits 70s-20s 1"
"(thematic candidate)","","","","Watch Me (Whip / Nae Nae)","Silentó","Watch Me (Whip / Nae Nae)","100614636","658255","185","false","https://www.deezer.com/us/track/100614636","https://cdnt-preview.dzcdn.net/api/1/1/a/2/0/0/a204688c7e74520e3342609aefafb17b.mp3?hdnea=exp=1781745698~acl=/api/1/1/a/2/0/0/a204688c7e74520e3342609aefafb17b.mp3*~data=user_id=0,application_id=42~hmac=970f7a6d7cbfde25c4c6041e9327ba710cac44bed9ca28d13278d205395ff9dc","On 1 list: All Hits 70s-20s 1"
"(thematic candidate)","","","","Sleeping Satellite","Tasmin Archer","Great Expectations","3115574","657992","281","false","https://www.deezer.com/us/track/3115574","https://cdnt-preview.dzcdn.net/api/1/1/f/d/8/0/fd8dd55ecd828a6b02d20d4c09552114.mp3?hdnea=exp=1781745694~acl=/api/1/1/f/d/8/0/fd8dd55ecd828a6b02d20d4c09552114.mp3*~data=user_id=0,application_id=42~hmac=569b29d1b28b86c7e547213b8043a3aaedd8da7a484fd25cdd6c00f734b31ea3","On 1 list: All Hits 70s-20s 1"
"(thematic candidate)","","","","Closing Time","Semisonic","Closing Time","546248912","656272","273","false","https://www.deezer.com/us/track/546248912","https://cdnt-preview.dzcdn.net/api/1/1/b/a/a/0/baaa31b8e84878ff590b9101250ba243.mp3?hdnea=exp=1781745694~acl=/api/1/1/b/a/a/0/baaa31b8e84878ff590b9101250ba243.mp3*~data=user_id=0,application_id=42~hmac=9ce34f6fa176d9c30f7d431648bb7126a648353f6685b62c6dad47653e7101cd","On 1 list: All Hits 70s-20s 1"
"(thematic candidate)","","","","(You Drive Me) Crazy","Britney Spears","...Baby One More Time (Digital Deluxe Version)","540176","654330","200","false","https://www.deezer.com/us/track/540176","https://cdnt-preview.dzcdn.net/api/1/1/c/d/4/0/cd46e17449eaf8bc8564dbf5687ef115.mp3?hdnea=exp=1781745691~acl=/api/1/1/c/d/4/0/cd46e17449eaf8bc8564dbf5687ef115.mp3*~data=user_id=0,application_id=42~hmac=5af2b62c7c427e992d9dec2781ee63be13a4760ed9c4e76ef6d996b95725cc73","On 1 list: All Hits 70s-20s 1"
"(thematic candidate)","","","","The Boxer","Simon & Garfunkel","Bridge Over Troubled Water","13174769","654089","307","false","https://www.deezer.com/us/track/13174769","https://cdnt-preview.dzcdn.net/api/1/1/6/0/1/0/6017f82df0f004dbf8bb508c7e439565.mp3?hdnea=exp=1781745691~acl=/api/1/1/6/0/1/0/6017f82df0f004dbf8bb508c7e439565.mp3*~data=user_id=0,application_id=42~hmac=ae672343dc10928484a7fed2667e82de89b5f9e9bf8309a09d885851f41078b6","On 1 list: All Hits 70s-20s 1"
"(thematic candidate)","","","","Love Is Gone (Fred Riester & Joachim Garraud Radio Edit Remix)","David Guetta","Pop Life","3107326","653776","199","false","https://www.deezer.com/us/track/3107326","https://cdnt-preview.dzcdn.net/api/1/1/0/6/9/0/0696f1b51f37342356721590125e31d4.mp3?hdnea=exp=1781745687~acl=/api/1/1/0/6/9/0/0696f1b51f37342356721590125e31d4.mp3*~data=user_id=0,application_id=42~hmac=ef1d576bbeeb1fc1cbf6dcc0e90c0c60d83e39bd62f263e5a736fdbb3ca7464f","On 1 list: All Hits 70s-20s 1"
"(thematic candidate)","","","","La Bamba","Los Lobos","La Bamba / Charlena","3819736","653504","174","false","https://www.deezer.com/us/track/3819736","https://cdnt-preview.dzcdn.net/api/1/1/f/9/9/0/f99fe7582d1c44dd2c3be0794fa81eaf.mp3?hdnea=exp=1781745702~acl=/api/1/1/f/9/9/0/f99fe7582d1c44dd2c3be0794fa81eaf.mp3*~data=user_id=0,application_id=42~hmac=0427492b218df4d89e994f2a6164c0d5728d9f8403dab248c407b1e63f3d0ef7","On 1 list: Billboard #1 hits '80s - Number one singles 1980-1989"
"(thematic candidate)","","","","Fastlove, Pt. 1","George Michael","Older","8112357","652906","327","false","https://www.deezer.com/us/track/8112357","https://cdnt-preview.dzcdn.net/api/1/1/4/e/9/0/4e9f080eb71b7b267ea9d6ccb6f17caa.mp3?hdnea=exp=1781745694~acl=/api/1/1/4/e/9/0/4e9f080eb71b7b267ea9d6ccb6f17caa.mp3*~data=user_id=0,application_id=42~hmac=eb009e7ec89a8b059e66e3ffef0a937e47933ea36a65581854cb469fee535b48","On 1 list: All Hits 70s-20s 1"
"(thematic candidate)","","","","Money's Too Tight (To Mention) (2008 Remaster)","Simply Red","Picture Book (Expanded Version)","2476999","652255","252","false","https://www.deezer.com/us/track/2476999","https://cdnt-preview.dzcdn.net/api/1/1/f/4/0/0/f40a80f83b1655e9109b1a1446726371.mp3?hdnea=exp=1781745695~acl=/api/1/1/f/4/0/0/f40a80f83b1655e9109b1a1446726371.mp3*~data=user_id=0,application_id=42~hmac=c7d3d86f6e0925275e682e9149f4e3417b49d7f62d839a9ab2030653491b47df","On 1 list: All Hits 70s-20s 1"
"(thematic candidate)","","","","I Need a Girl (Pt. 2) [feat. Loon, Ginuwine, Mario Winans]","Diddy","Bad Boy's 10th Anniversary- The Hits","2794597","651561","285","false","https://www.deezer.com/us/track/2794597","https://cdnt-preview.dzcdn.net/api/1/1/e/b/8/0/eb8fcf6dc034902dc19d30feeebe3600.mp3?hdnea=exp=1781745687~acl=/api/1/1/e/b/8/0/eb8fcf6dc034902dc19d30feeebe3600.mp3*~data=user_id=0,application_id=42~hmac=6545bb7902746b47c719aecdfd2c5dcbabab299bab6558e8b8879ebc7394101a","On 1 list: All Hits 70s-20s 1"
"(thematic candidate)","","","","Truth Hurts","Lizzo","Cuz I Love You (Deluxe)","674416352","650845","173","true","https://www.deezer.com/us/track/674416352","https://cdnt-preview.dzcdn.net/api/1/1/3/d/1/0/3d1ef62384b03dbca441b342f33f8e82.mp3?hdnea=exp=1781745708~acl=/api/1/1/3/d/1/0/3d1ef62384b03dbca441b342f33f8e82.mp3*~data=user_id=0,application_id=42~hmac=63e5d274788569a5747080c40950ab8d9f583fc7cfa57944db6e98a34be6a04a","On 1 list: Number one billboard  2010´s"
"(thematic candidate)","","","","Another Brick in the Wall, Pt. 1","Pink Floyd","The Wall","116914090","650703","192","false","https://www.deezer.com/us/track/116914090","https://cdnt-preview.dzcdn.net/api/1/1/c/4/4/0/c443879390b86ec056dbfe2d31d2deac.mp3?hdnea=exp=1781745690~acl=/api/1/1/c/4/4/0/c443879390b86ec056dbfe2d31d2deac.mp3*~data=user_id=0,application_id=42~hmac=9bf8705b240431cde202c17d5a2abcd803e640e9db98983d351a055708b22d94","On 1 list: All Hits 70s-20s 1"
"(thematic candidate)","","","","The Love You Save","Jackson 5","The Ultimate Collection: Jackson 5","920084","650400","184","false","https://www.deezer.com/us/track/920084","https://cdnt-preview.dzcdn.net/api/1/1/f/2/8/0/f2800608e88dc5b65a13979bcac9dcbd.mp3?hdnea=exp=1781745700~acl=/api/1/1/f/2/8/0/f2800608e88dc5b65a13979bcac9dcbd.mp3*~data=user_id=0,application_id=42~hmac=72161979dacb68f79749a5c01c3c9397907904e97b62f7377a10307eb65ed6fa","On 1 list: Billboard #1 hits '70s - Number one singles 1970-1979"
"(thematic candidate)","","","","Club Tropicana","Wham!","Fantastic","1073437","649732","267","false","https://www.deezer.com/us/track/1073437","https://cdnt-preview.dzcdn.net/api/1/1/c/c/8/0/cc832d89fdf127f47c4577dc39593d35.mp3?hdnea=exp=1781745697~acl=/api/1/1/c/c/8/0/cc832d89fdf127f47c4577dc39593d35.mp3*~data=user_id=0,application_id=42~hmac=67a20c23455eead7820b17bba658df2c846b7174a9aff6839024208db9b2577f","On 1 list: All Hits 70s-20s 1"
"(thematic candidate)","","","","Someone You Loved","Lewis Capaldi","Divinely Uninspired To A Hellish Extent","678686662","649156","182","false","https://www.deezer.com/us/track/678686662","https://cdnt-preview.dzcdn.net/api/1/1/5/e/9/0/5e9d413644939d60388868b3befb242d.mp3?hdnea=exp=1781745708~acl=/api/1/1/5/e/9/0/5e9d413644939d60388868b3befb242d.mp3*~data=user_id=0,application_id=42~hmac=31363813fe313b411e0dcddceee8c233f7583a6d869c6fb8753b8b6c0bab9e25","On 1 list: Number one billboard  2010´s"
"(thematic candidate)","","","","Nightshift","Commodores","Soul Legends","1101960","648833","304","false","https://www.deezer.com/us/track/1101960","https://cdnt-preview.dzcdn.net/api/1/1/f/5/1/0/f51ad0cf9fbea4f28b45578cf37df70b.mp3?hdnea=exp=1781745696~acl=/api/1/1/f/5/1/0/f51ad0cf9fbea4f28b45578cf37df70b.mp3*~data=user_id=0,application_id=42~hmac=f621ab6b14e654d77d2c2c2872e49aee604a32d9b20eb9a5d6f223c9ecfddca8","On 1 list: All Hits 70s-20s 1"
"(thematic candidate)","","","","Southern Nights","Glen Campbell","Southern Nights","3476171","647299","177","false","https://www.deezer.com/us/track/3476171","https://cdnt-preview.dzcdn.net/api/1/1/7/4/1/0/7418b337d9e356bf1854dff8f9486644.mp3?hdnea=exp=1781745700~acl=/api/1/1/7/4/1/0/7418b337d9e356bf1854dff8f9486644.mp3*~data=user_id=0,application_id=42~hmac=de3dab30e63c7c7a5c3026f70fcfc4ccd9b8cd9fce35e314b8d850a4ca52f007","On 1 list: Billboard #1 hits '70s - Number one singles 1970-1979"
"(thematic candidate)","","","","Low Rider","War","Anthology 1970-1974","143042822","647123","190","false","https://www.deezer.com/us/track/143042822","https://cdnt-preview.dzcdn.net/api/1/1/0/6/0/0/0608fe18fdf2e78a07dfef2e8db79517.mp3?hdnea=exp=1781745691~acl=/api/1/1/0/6/0/0/0608fe18fdf2e78a07dfef2e8db79517.mp3*~data=user_id=0,application_id=42~hmac=98c7f82f30f6e05a8f811c34465fe3499b1478d77dab64af234cdfb108b5d54e","On 1 list: All Hits 70s-20s 1"
"(thematic candidate)","","","","Say You'll Be There","Spice Girls","Spice","3133739","647029","235","false","https://www.deezer.com/us/track/3133739","https://cdnt-preview.dzcdn.net/api/1/1/8/9/5/0/8951e31c59ba9fdb02d64be92f24b33f.mp3?hdnea=exp=1781745694~acl=/api/1/1/8/9/5/0/8951e31c59ba9fdb02d64be92f24b33f.mp3*~data=user_id=0,application_id=42~hmac=56746c98c2da039ae7c9055d168113ae8809507fadabcf75f65c1ee519b91a04","On 1 list: All Hits 70s-20s 1"
"(thematic candidate)","","","","Love Like This","Faith Evans","Keep the Faith","6917807","645286","275","false","https://www.deezer.com/us/track/6917807","https://cdnt-preview.dzcdn.net/api/1/1/3/3/1/0/3314417a127c881d193774291d4a4dfb.mp3?hdnea=exp=1781745694~acl=/api/1/1/3/3/1/0/3314417a127c881d193774291d4a4dfb.mp3*~data=user_id=0,application_id=42~hmac=3169e011de573751f9607ab907a7ee17e4ad48196eeea3a109c39adfe6d0ce72","On 1 list: All Hits 70s-20s 1"
"(thematic candidate)","","","","X Gon' Give It To Ya","DMX","Cradle 2 The Grave","2251072","645087","219","true","https://www.deezer.com/us/track/2251072","https://cdnt-preview.dzcdn.net/api/1/1/d/d/a/0/ddaec952f1e8034725e2d97436e51703.mp3?hdnea=exp=1781745692~acl=/api/1/1/d/d/a/0/ddaec952f1e8034725e2d97436e51703.mp3*~data=user_id=0,application_id=42~hmac=23c598d48ab725ce828acc461e6a171e49b92263ff868c93cf137efd950e4334","On 1 list: All Hits 70s-20s 1"
"(thematic candidate)","","","","Fight For Your Right","Beastie Boys","Licensed To Ill","1085495","644556","207","false","https://www.deezer.com/us/track/1085495","https://cdnt-preview.dzcdn.net/api/1/1/6/3/e/0/63eafb433c526beea2eb4d8c8d166fd7.mp3?hdnea=exp=1781745695~acl=/api/1/1/6/3/e/0/63eafb433c526beea2eb4d8c8d166fd7.mp3*~data=user_id=0,application_id=42~hmac=5d703b0f94f506fd8118c053aa1198cd4c4e4e712ad247df68d75259e0c3662f","On 1 list: All Hits 70s-20s 1"
"(thematic candidate)","","","","Jumpin', Jumpin'","Destiny's Child","The Writing's On The Wall","580931","644176","227","false","https://www.deezer.com/us/track/580931","https://cdnt-preview.dzcdn.net/api/1/1/8/b/e/0/8bea816f389c181898e362b362efd235.mp3?hdnea=exp=1781745691~acl=/api/1/1/8/b/e/0/8bea816f389c181898e362b362efd235.mp3*~data=user_id=0,application_id=42~hmac=c193351fbe698adb36f0f8f953455ef48e7ffbedc7b6583bb4405eda463a1084","On 1 list: All Hits 70s-20s 1"
"(thematic candidate)","","","","It's Not Right But It's Okay","Whitney Houston","My Love Is Your Love","962142","642942","292","false","https://www.deezer.com/us/track/962142","https://cdnt-preview.dzcdn.net/api/1/1/1/d/4/0/1d41a3a4207281367c9c69fd2cee8e26.mp3?hdnea=exp=1781745692~acl=/api/1/1/1/d/4/0/1d41a3a4207281367c9c69fd2cee8e26.mp3*~data=user_id=0,application_id=42~hmac=32e992cfe5ec7748c1c884303df152cf1138c50b4eba3b35464ec54413330e52","On 1 list: All Hits 70s-20s 1"
"(thematic candidate)","","","","Walkin' On The Sun","Smash Mouth","All Star Smash Hits","917719","642549","207","false","https://www.deezer.com/us/track/917719","https://cdnt-preview.dzcdn.net/api/1/1/6/6/e/0/66eb3a2cf6f96382bb1ca85dfe271e9d.mp3?hdnea=exp=1781745693~acl=/api/1/1/6/6/e/0/66eb3a2cf6f96382bb1ca85dfe271e9d.mp3*~data=user_id=0,application_id=42~hmac=77afd385ffc935b3242adbcc9b0a50f2acdb7c7d64e4387d0a742c291ed13e70","On 1 list: All Hits 70s-20s 1"
"(thematic candidate)","","","","Sometimes","Britney Spears","...Baby One More Time (Digital Deluxe Version)","540177","642376","245","false","https://www.deezer.com/us/track/540177","https://cdnt-preview.dzcdn.net/api/1/1/0/9/d/0/09d0b16d1146637c25a716ae93f49ae4.mp3?hdnea=exp=1781745693~acl=/api/1/1/0/9/d/0/09d0b16d1146637c25a716ae93f49ae4.mp3*~data=user_id=0,application_id=42~hmac=cf187365574e521161c2fc3002c334aaa6e97c5f46ba70e50a59db7a0667e6e6","On 1 list: All Hits 70s-20s 1"
"(thematic candidate)","","","","Hits from the Bong","Cypress Hill","Black Sunday","1015879","641601","161","true","https://www.deezer.com/us/track/1015879","https://cdnt-preview.dzcdn.net/api/1/1/3/d/5/0/3d5fc19a0463518b0e56e40b51cb5727.mp3?hdnea=exp=1781745692~acl=/api/1/1/3/d/5/0/3d5fc19a0463518b0e56e40b51cb5727.mp3*~data=user_id=0,application_id=42~hmac=206dc7ae8fed2fb4aa492045f0ca84e32a6681b50f018d61854d8fdb79b56547","On 1 list: All Hits 70s-20s 1"
"(thematic candidate)","","","","Fat Bottomed Girls (Remastered 2011)","Queen","Greatest Hits (Remastered)","67503795","640998","255","false","https://www.deezer.com/us/track/67503795","https://cdnt-preview.dzcdn.net/api/1/1/d/9/9/0/d9980f77fc2b6ad07ae03fe53b6d2f64.mp3?hdnea=exp=1781745691~acl=/api/1/1/d/9/9/0/d9980f77fc2b6ad07ae03fe53b6d2f64.mp3*~data=user_id=0,application_id=42~hmac=336e44d364cba827e34eac8a12abe3f449d485c703ce81f40b9ba2dae540975a","On 1 list: All Hits 70s-20s 1"
"(thematic candidate)","","","","When the Going Gets Tough, The Tough Get Going","Billy Ocean","The Very Best of Billy Ocean","6071028","640844","245","false","https://www.deezer.com/us/track/6071028","https://cdnt-preview.dzcdn.net/api/1/1/b/4/0/0/b400f3da3fd86893ce94ee1a2d2eab5c.mp3?hdnea=exp=1781745695~acl=/api/1/1/b/4/0/0/b400f3da3fd86893ce94ee1a2d2eab5c.mp3*~data=user_id=0,application_id=42~hmac=d561701cac2a7d4751cfb05719fa622e74e35c4438166865ac357c9b147877e0","On 1 list: All Hits 70s-20s 1"
"(thematic candidate)","","","","Spice Up Your Life","Spice Girls","Spiceworld","3134155","640397","173","false","https://www.deezer.com/us/track/3134155","https://cdnt-preview.dzcdn.net/api/1/1/2/b/c/0/2bc13355ee041719c4b9c17b4ace99e1.mp3?hdnea=exp=1781745694~acl=/api/1/1/2/b/c/0/2bc13355ee041719c4b9c17b4ace99e1.mp3*~data=user_id=0,application_id=42~hmac=8cea578fdfa04c122fe10680a9f25848c28286b1cef8de89ee88fc16457bd4f0","On 1 list: All Hits 70s-20s 1"
"(thematic candidate)","","","","Gold","Spandau Ballet","Gold - The Best of Spandau Ballet","3130318","640289","231","false","https://www.deezer.com/us/track/3130318","https://cdnt-preview.dzcdn.net/api/1/1/c/8/f/0/c8f6ba0bf79baec74057da235757595b.mp3?hdnea=exp=1781745695~acl=/api/1/1/c/8/f/0/c8f6ba0bf79baec74057da235757595b.mp3*~data=user_id=0,application_id=42~hmac=416b4045ac00608aadf795be37abb9480ca7fb901d4234e961332beea07ba463","On 1 list: All Hits 70s-20s 1"
"(thematic candidate)","","","","MAMACITA","The Black Eyed Peas","MAMACITA","921104532","639845","249","true","https://www.deezer.com/us/track/921104532","https://cdnt-preview.dzcdn.net/api/1/1/3/4/3/0/343e046a5b131a1d58f3d7801a896f6e.mp3?hdnea=exp=1781745698~acl=/api/1/1/3/4/3/0/343e046a5b131a1d58f3d7801a896f6e.mp3*~data=user_id=0,application_id=42~hmac=2cca50f7420c9a4140fb89354b6166d7f2bb971d2f41e4fc308b3ca5dafa7c7b","On 1 list: All Hits 70s-20s 1"
"(thematic candidate)","","","","Therefore I Am","Billie Eilish","Therefore I Am","1140484252","639733","174","false","https://www.deezer.com/us/track/1140484252","https://cdnt-preview.dzcdn.net/api/1/1/b/2/c/0/b2cf717b88b5892bff9208eb0757afa6.mp3?hdnea=exp=1781745698~acl=/api/1/1/b/2/c/0/b2cf717b88b5892bff9208eb0757afa6.mp3*~data=user_id=0,application_id=42~hmac=0ce897e8486187bd668d0971f9e943d4ca63250d418ea0f7bca3e696d7ee64a7","On 1 list: All Hits 70s-20s 1"
"(thematic candidate)","","","","Dirty Work","Steely Dan","The Very Best Of Steely Dan","75785428","639676","188","false","https://www.deezer.com/us/track/75785428","https://cdnt-preview.dzcdn.net/api/1/1/7/1/1/0/7115fad34a484c1b204497abc98f85da.mp3?hdnea=exp=1781745691~acl=/api/1/1/7/1/1/0/7115fad34a484c1b204497abc98f85da.mp3*~data=user_id=0,application_id=42~hmac=847366727235f7914e8c2aa774d2c7dfb44386127c96151c53c546d7a134b13e","On 1 list: All Hits 70s-20s 1"
"(thematic candidate)","","","","I Feel for You","Chaka Khan","I Feel for You","685227","638512","343","false","https://www.deezer.com/us/track/685227","https://cdnt-preview.dzcdn.net/api/1/1/8/9/8/0/898d0c2f6cb3242a6291d62b037ff3ed.mp3?hdnea=exp=1781745695~acl=/api/1/1/8/9/8/0/898d0c2f6cb3242a6291d62b037ff3ed.mp3*~data=user_id=0,application_id=42~hmac=d1fd89a4bd0d8f1f85d273138f5fc51a4a8909fc8c803d6479dc2e826d969129","On 1 list: All Hits 70s-20s 1"
"(thematic candidate)","","","","Reasons","Earth, Wind & Fire","That's The Way Of The World","15636813","638189","299","false","https://www.deezer.com/us/track/15636813","https://cdnt-preview.dzcdn.net/api/1/1/d/8/5/0/d855e14c526acb4f1c57ec62c99bc801.mp3?hdnea=exp=1781745689~acl=/api/1/1/d/8/5/0/d855e14c526acb4f1c57ec62c99bc801.mp3*~data=user_id=0,application_id=42~hmac=d4efd5b6e6208b3abe83dd453fd0cc5001f16e798e30333b7829c25ca9ff7420","On 1 list: All Hits 70s-20s 1"
"(thematic candidate)","","","","If I Could Turn Back Time","Cher","Heart Of Stone","2307289","638166","241","false","https://www.deezer.com/us/track/2307289","https://cdnt-preview.dzcdn.net/api/1/1/b/1/6/0/b160a7db6f1780ff335b5ad47972ed9d.mp3?hdnea=exp=1781745696~acl=/api/1/1/b/1/6/0/b160a7db6f1780ff335b5ad47972ed9d.mp3*~data=user_id=0,application_id=42~hmac=b2d863b0a5d02b6414dacdef939fe0528ad5cf94aa61c5fe722d141ea32cbec6","On 1 list: All Hits 70s-20s 1"
"(thematic candidate)","","","","Personal Jesus","Depeche Mode","Violator (Deluxe)","136331376","637751","296","false","https://www.deezer.com/us/track/136331376","https://cdnt-preview.dzcdn.net/api/1/1/5/9/6/0/5968a6d1f3330cd6e1cf1f427bf9c277.mp3?hdnea=exp=1781745692~acl=/api/1/1/5/9/6/0/5968a6d1f3330cd6e1cf1f427bf9c277.mp3*~data=user_id=0,application_id=42~hmac=a0c9fb21456c6fd9c36b9f0305b92e9eb4706adbecef285dc12aad867adfbace","On 1 list: All Hits 70s-20s 1"
"(thematic candidate)","","","","Juicy","The Notorious B.I.G.","Greatest Hits","3616616","636887","285","false","https://www.deezer.com/us/track/3616616","https://cdnt-preview.dzcdn.net/api/1/1/f/d/4/0/fd4d7f774b10f0c777369eb0961cc84d.mp3?hdnea=exp=1781745692~acl=/api/1/1/f/d/4/0/fd4d7f774b10f0c777369eb0961cc84d.mp3*~data=user_id=0,application_id=42~hmac=da2ccedff6045ca1f58005dc84756fed2deb090f6b0dbff03b99c59e72d7af94","On 1 list: All Hits 70s-20s 1"
"(thematic candidate)","","","","Back At One","Brian McKnight","Back At One","2173612","636524","263","false","https://www.deezer.com/us/track/2173612","https://cdnt-preview.dzcdn.net/api/1/1/a/f/f/0/aff80cc2bc2e4f87b2be73daaa60d252.mp3?hdnea=exp=1781745692~acl=/api/1/1/a/f/f/0/aff80cc2bc2e4f87b2be73daaa60d252.mp3*~data=user_id=0,application_id=42~hmac=9f6b340af15a8645ef33761688c72c7de1ce8e7c916bacf8cd3c2553c4dab3d0","On 1 list: All Hits 70s-20s 1"
"(thematic candidate)","","","","Everything I Own","Bread","The Best of Bread","675098","635779","187","false","https://www.deezer.com/us/track/675098","https://cdnt-preview.dzcdn.net/api/1/1/6/2/c/0/62c7dace883cb8fa7196f643de4f318b.mp3?hdnea=exp=1781745690~acl=/api/1/1/6/2/c/0/62c7dace883cb8fa7196f643de4f318b.mp3*~data=user_id=0,application_id=42~hmac=6c7063f88001c492c17bbe7ae4cc38b24a8ba52ef019197d9e1771423eec3389","On 1 list: All Hits 70s-20s 1"
"(thematic candidate)","","","","Wonder","Shawn Mendes","Wonder","1097366382","635638","174","false","https://www.deezer.com/us/track/1097366382","https://cdnt-preview.dzcdn.net/api/1/1/a/3/6/0/a36912734e6841470e81413b7c6bb85c.mp3?hdnea=exp=1781745698~acl=/api/1/1/a/3/6/0/a36912734e6841470e81413b7c6bb85c.mp3*~data=user_id=0,application_id=42~hmac=1e33d8b5a75ca244c999abc235c866d22785be09a3151598f4fe23fae01ef31a","On 1 list: All Hits 70s-20s 1"
"(thematic candidate)","","","","May It Be","Enya","The Lord of the Rings: The Fellowship of the Ring (Original Motion Picture Soundtrack)","14628832","634839","257","false","https://www.deezer.com/us/track/14628832","https://cdnt-preview.dzcdn.net/api/1/1/d/f/3/0/df38970ee93e882e90cfdbcfc2aafa6a.mp3?hdnea=exp=1781745687~acl=/api/1/1/d/f/3/0/df38970ee93e882e90cfdbcfc2aafa6a.mp3*~data=user_id=0,application_id=42~hmac=b6ec6ec38663c45b8499879d3a14c9a1af1ff6557b977c1e0b1554c7a2a6f404","On 1 list: All Hits 70s-20s 1"
"(thematic candidate)","","","","Crack A Bottle","Eminem","Relapse","3729756","633762","298","true","https://www.deezer.com/us/track/3729756","https://cdnt-preview.dzcdn.net/api/1/1/0/1/a/0/01a01a916a585b5461319e9fdc07e048.mp3?hdnea=exp=1781745706~acl=/api/1/1/0/1/a/0/01a01a916a585b5461319e9fdc07e048.mp3*~data=user_id=0,application_id=42~hmac=d07b0211a7549a9d1cc9acebf5840185e473e5a5acde2697f07d4a15ba56de4b","On 1 list: 2000-2018 Number 1 Billboard Hits"
"(thematic candidate)","","","","La Difícil","Bad Bunny","YHLQMDLG","889550862","633729","163","true","https://www.deezer.com/us/track/889550862","https://cdnt-preview.dzcdn.net/api/1/1/0/0/b/0/00b151b725a39892f7f70b07f19ffa13.mp3?hdnea=exp=1781745698~acl=/api/1/1/0/0/b/0/00b151b725a39892f7f70b07f19ffa13.mp3*~data=user_id=0,application_id=42~hmac=b79f9ef4d6a4e1d24782ccd301ee5911fbd8fbe8e385f4b68bc4ff6ad0a7c1fa","On 1 list: All Hits 70s-20s 1"
"(thematic candidate)","","","","Love Really Hurts Without You","Billy Ocean","The Very Best of Billy Ocean","6071038","633465","186","false","https://www.deezer.com/us/track/6071038","https://cdnt-preview.dzcdn.net/api/1/1/c/2/e/0/c2e139dadd683ec88bb9601bc7d7764d.mp3?hdnea=exp=1781745690~acl=/api/1/1/c/2/e/0/c2e139dadd683ec88bb9601bc7d7764d.mp3*~data=user_id=0,application_id=42~hmac=5e11dd02cfb9b79bc6d4837a17dfd0e61208787b02c020cd36687f2491460582","On 1 list: All Hits 70s-20s 1"
"(thematic candidate)","","","","It's Gonna Be Me","*NSYNC","No Strings Attached","632488","633451","191","false","https://www.deezer.com/us/track/632488","https://cdnt-preview.dzcdn.net/api/1/1/6/1/2/0/612e2acf027a8812fe7c33dd759b97b7.mp3?hdnea=exp=1781745706~acl=/api/1/1/6/1/2/0/612e2acf027a8812fe7c33dd759b97b7.mp3*~data=user_id=0,application_id=42~hmac=3a2f7c22fb3f80706312441f6c113cc00628b48164d4159db5bfdbc29fd342cf","On 1 list: 2000-2018 Number 1 Billboard Hits"
"(thematic candidate)","","","","Bad Blood","Taylor Swift","Bad Blood","372049961","633108","199","false","https://www.deezer.com/us/track/372049961","https://cdnt-preview.dzcdn.net/api/1/1/7/2/6/0/7265f6261d516b1c14bece8398bd2ffb.mp3?hdnea=exp=1781745707~acl=/api/1/1/7/2/6/0/7265f6261d516b1c14bece8398bd2ffb.mp3*~data=user_id=0,application_id=42~hmac=d24de6547bf01a232bf0278315b5d4bde14b9e69da2376ca83c4aa9898b84709","On 1 list: Number one billboard  2010´s"
"(thematic candidate)","","","","Level of Concern","Twenty One Pilots","Level of Concern","926340752","633086","220","false","https://www.deezer.com/us/track/926340752","https://cdnt-preview.dzcdn.net/api/1/1/d/2/e/0/d2e17e65f20d05535038472c1977b86b.mp3?hdnea=exp=1781745698~acl=/api/1/1/d/2/e/0/d2e17e65f20d05535038472c1977b86b.mp3*~data=user_id=0,application_id=42~hmac=b3a9677fca6292745279b2f88763256a39542b3ec9b55453ff3547bf05619864","On 1 list: All Hits 70s-20s 1"
"(thematic candidate)","","","","Man in the Box","Alice In Chains","The Essential Alice In Chains","8035668","632142","286","true","https://www.deezer.com/us/track/8035668","https://cdnt-preview.dzcdn.net/api/1/1/3/5/f/0/35f4f705a4bd29abb9f4ddcee3a1307e.mp3?hdnea=exp=1781745692~acl=/api/1/1/3/5/f/0/35f4f705a4bd29abb9f4ddcee3a1307e.mp3*~data=user_id=0,application_id=42~hmac=4c98d6e17cd960279e0b450a47d9b65eff194745a1942c6ed03e7957481a456a","On 1 list: All Hits 70s-20s 1"
"(thematic candidate)","","","","Glory Days","Bruce Springsteen","Born In The U.S.A.","15586215","631953","255","false","https://www.deezer.com/us/track/15586215","https://cdnt-preview.dzcdn.net/api/1/1/b/5/b/0/b5b8d78a3208983eea7eaf1681aed7d5.mp3?hdnea=exp=1781745697~acl=/api/1/1/b/5/b/0/b5b8d78a3208983eea7eaf1681aed7d5.mp3*~data=user_id=0,application_id=42~hmac=cd17f8b5822dbf5d1c753fc8f9c8d04b026f1affeeb3f89f20696e281a1c0ebb","On 1 list: All Hits 70s-20s 1"
"(thematic candidate)","","","","The Power of Good-Bye","Madonna","Ray of Light","778768","630681","251","false","https://www.deezer.com/us/track/778768","https://cdnt-preview.dzcdn.net/api/1/1/8/2/2/0/822b31ad0f164ca3082e0f2e929b2633.mp3?hdnea=exp=1781745694~acl=/api/1/1/8/2/2/0/822b31ad0f164ca3082e0f2e929b2633.mp3*~data=user_id=0,application_id=42~hmac=9093d781fee0df92f44d69880b899edae7a53706061bf413b6453412c6a06359","On 1 list: All Hits 70s-20s 1"
"(thematic candidate)","","","","All The Things She Said","t.A.T.u.","200 KM/H In The Wrong Lane (10th Anniversary Edition)","62070435","629793","214","true","https://www.deezer.com/us/track/62070435","https://cdnt-preview.dzcdn.net/api/1/1/c/6/2/0/c62366f476a71684b76c266bbe1b86ee.mp3?hdnea=exp=1781745687~acl=/api/1/1/c/6/2/0/c62366f476a71684b76c266bbe1b86ee.mp3*~data=user_id=0,application_id=42~hmac=efab2c32e09b57bc3993a177b9e5f1efcaf2772732e6a9814a0f8c39eb66cd29","On 1 list: All Hits 70s-20s 1"
"(thematic candidate)","","","","Meant to Be (feat. Florida Georgia Line)","Bebe Rexha","All Your Fault: Pt. 2","391786232","629410","163","false","https://www.deezer.com/us/track/391786232","https://cdnt-preview.dzcdn.net/api/1/1/3/a/9/0/3a93794c63195a841df537ff64439670.mp3?hdnea=exp=1781745698~acl=/api/1/1/3/a/9/0/3a93794c63195a841df537ff64439670.mp3*~data=user_id=0,application_id=42~hmac=017a4d4b09aaec54aea6e65a778881a204714b1257005fde5cc1a1464591d010","On 1 list: All Hits 70s-20s 1"
"(thematic candidate)","","","","Runnin","21 Savage","SAVAGE MODE II","1097090192","627348","195","true","https://www.deezer.com/us/track/1097090192","https://cdnt-preview.dzcdn.net/api/1/1/4/0/4/0/404ce196809499d74c80dcc13d20bb36.mp3?hdnea=exp=1781745698~acl=/api/1/1/4/0/4/0/404ce196809499d74c80dcc13d20bb36.mp3*~data=user_id=0,application_id=42~hmac=e10e11df6616ba5ed0e2bf4f28bb02eeaf2ded0a6747d9fad76f78b3ac3b06ed","On 1 list: All Hits 70s-20s 1"
"(thematic candidate)","","","","Be Kind","Marshmello","Be Kind","944915112","627223","172","false","https://www.deezer.com/us/track/944915112","https://cdnt-preview.dzcdn.net/api/1/1/a/6/4/0/a64018cf7dbc1f4bf933e4c50248894b.mp3?hdnea=exp=1781745698~acl=/api/1/1/a/6/4/0/a64018cf7dbc1f4bf933e4c50248894b.mp3*~data=user_id=0,application_id=42~hmac=de9b9a1e356d7a3498864e10baac403ac9ca3269fdf88f788d60afdffb447d85","On 1 list: All Hits 70s-20s 1"
"(thematic candidate)","","","","Burn","USHER","Confessions (Expanded Edition)","13783453","627177","232","false","https://www.deezer.com/us/track/13783453","https://cdnt-preview.dzcdn.net/api/1/1/a/1/2/0/a1275109dca8a56c4701a774ca171983.mp3?hdnea=exp=1781745706~acl=/api/1/1/a/1/2/0/a1275109dca8a56c4701a774ca171983.mp3*~data=user_id=0,application_id=42~hmac=baf0b1a12c083e876d5cfed9127c14844a364fea16141e50fde95673434e09f1","On 1 list: 2000-2018 Number 1 Billboard Hits"
"(thematic candidate)","","","","Wham Bam Shang-A-Lang","Silver","Silver","120731576","627156","212","false","https://www.deezer.com/us/track/120731576","https://cdnt-preview.dzcdn.net/api/1/1/8/3/f/0/83fbee230fc4fc3fc9ed7df9149d3c43.mp3?hdnea=exp=1781745689~acl=/api/1/1/8/3/f/0/83fbee230fc4fc3fc9ed7df9149d3c43.mp3*~data=user_id=0,application_id=42~hmac=53fb9c2bf588e532cfce68ef72ddebe89ddbcd1c63d00e35f4051b713df3e2ef","On 1 list: All Hits 70s-20s 1"
"(thematic candidate)","","","","Never Knew Love Like This Before","Stephanie Mills","Gold","2288314","626768","327","false","https://www.deezer.com/us/track/2288314","https://cdnt-preview.dzcdn.net/api/1/1/1/7/a/0/17a87912b76550c771ca8be417b987ba.mp3?hdnea=exp=1781745694~acl=/api/1/1/1/7/a/0/17a87912b76550c771ca8be417b987ba.mp3*~data=user_id=0,application_id=42~hmac=429eda3786b557e5622be6d317680fb473ac0b6a273d11c192cf0f63a9427479","On 1 list: All Hits 70s-20s 1"
"(thematic candidate)","","","","What A Man Gotta Do","Jonas Brothers","What A Man Gotta Do","854470322","626586","180","false","https://www.deezer.com/us/track/854470322","https://cdnt-preview.dzcdn.net/api/1/1/6/8/6/0/686ac89e099dc38d9e84ee54c103deda.mp3?hdnea=exp=1781745698~acl=/api/1/1/6/8/6/0/686ac89e099dc38d9e84ee54c103deda.mp3*~data=user_id=0,application_id=42~hmac=7c41525aff22baefe604362c178a8275d17b30f066c4c49f250466f137394887","On 1 list: All Hits 70s-20s 1"
"(thematic candidate)","","","","Make It with You","Bread","The Best of Bread","675093","626438","192","false","https://www.deezer.com/us/track/675093","https://cdnt-preview.dzcdn.net/api/1/1/0/4/9/0/049e1d3dfb728deb303371de82de985f.mp3?hdnea=exp=1781745700~acl=/api/1/1/0/4/9/0/049e1d3dfb728deb303371de82de985f.mp3*~data=user_id=0,application_id=42~hmac=30549a46b3969cf30c3a7e53718776eb6f06ddb5babd22e5e42a777acac2fac7","On 1 list: Billboard #1 hits '70s - Number one singles 1970-1979"
"(thematic candidate)","","","","Cars","Gary Numan","The Pleasure Principle","938553","625817","238","false","https://www.deezer.com/us/track/938553","https://cdnt-preview.dzcdn.net/api/1/1/f/8/a/0/f8a979518b631cb448092aa88ec42767.mp3?hdnea=exp=1781745695~acl=/api/1/1/f/8/a/0/f8a979518b631cb448092aa88ec42767.mp3*~data=user_id=0,application_id=42~hmac=69a4b2a1e3747e195c6ba74cfd03e95e658d235758a93fb5628494e055df90b4","On 1 list: All Hits 70s-20s 1"
"(thematic candidate)","","","","Fooled Around And Fell In Love","Elvin Bishop","Boogie Nights #2 (More Music From The Original Motion Picture)","4733215","624858","275","false","https://www.deezer.com/us/track/4733215","https://cdnt-preview.dzcdn.net/api/1/1/4/1/f/0/41f7a765d529921bafc90e9a29f6bf6b.mp3?hdnea=exp=1781745690~acl=/api/1/1/4/1/f/0/41f7a765d529921bafc90e9a29f6bf6b.mp3*~data=user_id=0,application_id=42~hmac=4a1ed1137770f9814327d3b6fdb3402bbfc4a46af2ebc99081a64c5275698fca","On 1 list: All Hits 70s-20s 1"
"(thematic candidate)","","","","Erase / Rewind","The Cardigans","Gran Turismo","916487","624618","215","false","https://www.deezer.com/us/track/916487","https://cdnt-preview.dzcdn.net/api/1/1/d/b/7/0/db7c3444ef4a42f37f8b83e9d5aa7011.mp3?hdnea=exp=1781745694~acl=/api/1/1/d/b/7/0/db7c3444ef4a42f37f8b83e9d5aa7011.mp3*~data=user_id=0,application_id=42~hmac=05afb66a525b0d2ec8c6bb12954166cf193b557b8451576c59c0899d03d4fa20","On 1 list: All Hits 70s-20s 1"
"(thematic candidate)","","","","How Bizarre","OMC","Classic 90's","2234278","623079","224","false","https://www.deezer.com/us/track/2234278","https://cdnt-preview.dzcdn.net/api/1/1/7/c/7/0/7c78940a22ea239180b0a6cea57a07d1.mp3?hdnea=exp=1781745693~acl=/api/1/1/7/c/7/0/7c78940a22ea239180b0a6cea57a07d1.mp3*~data=user_id=0,application_id=42~hmac=fe69040f6f581519127993efc8e3226f56380fdf7fb9dc1320a1eacc04fb8ad1","On 1 list: All Hits 70s-20s 1"
"(thematic candidate)","","","","You've Got a Friend","Carole King","Tapestry","119819710","622889","309","false","https://www.deezer.com/us/track/119819710","https://cdnt-preview.dzcdn.net/api/1/1/d/a/a/0/daaae54ad9f2f0f56b6040823a699e59.mp3?hdnea=exp=1781745689~acl=/api/1/1/d/a/a/0/daaae54ad9f2f0f56b6040823a699e59.mp3*~data=user_id=0,application_id=42~hmac=31428ba380f31ad0e2ecb8b011bbbbf317c3982fb85f99b57bcdba2820e9d1dc","On 1 list: All Hits 70s-20s 1"
"(thematic candidate)","","","","Oye Como Va","Santana","Ultimate Santana","15437788","621768","256","false","https://www.deezer.com/us/track/15437788","https://cdnt-preview.dzcdn.net/api/1/1/e/6/c/0/e6c87072497256fdb43060b8e3c19bc5.mp3?hdnea=exp=1781745689~acl=/api/1/1/e/6/c/0/e6c87072497256fdb43060b8e3c19bc5.mp3*~data=user_id=0,application_id=42~hmac=2c42f9db6680b15e5bfb199c1d68a3eff4da162737f979199134af17f6c96b52","On 1 list: All Hits 70s-20s 1"
"(thematic candidate)","","","","Holiday","Madonna","Madonna","781018","621644","370","false","https://www.deezer.com/us/track/781018","https://cdnt-preview.dzcdn.net/api/1/1/8/0/3/0/803d1321066d39557eb877e0ba17f65d.mp3?hdnea=exp=1781745695~acl=/api/1/1/8/0/3/0/803d1321066d39557eb877e0ba17f65d.mp3*~data=user_id=0,application_id=42~hmac=8d951ee2db04a1e9242fc6ea7c5686264a3fad2c4b57100ecfe8a645d692a2d0","On 1 list: All Hits 70s-20s 1"
"(thematic candidate)","","","","Lost in Your Eyes","Debbie Gibson","Greatest Hits","675613","620851","215","false","https://www.deezer.com/us/track/675613","https://cdnt-preview.dzcdn.net/api/1/1/5/f/8/0/5f87392868a98f6d8fd5255d29b9a674.mp3?hdnea=exp=1781745703~acl=/api/1/1/5/f/8/0/5f87392868a98f6d8fd5255d29b9a674.mp3*~data=user_id=0,application_id=42~hmac=ecdf248c5e4f530dcbd442155e29681f8d054260a6811edfe0713a0cf723d6c6","On 1 list: Billboard #1 hits '80s - Number one singles 1980-1989"
"(thematic candidate)","","","","Thunder Road","Bruce Springsteen","Greatest Hits","552942242","620714","290","false","https://www.deezer.com/us/track/552942242","https://cdnt-preview.dzcdn.net/api/1/1/3/f/6/0/3f6fabc043140a5d7e4fc759b4305a0a.mp3?hdnea=exp=1781745690~acl=/api/1/1/3/f/6/0/3f6fabc043140a5d7e4fc759b4305a0a.mp3*~data=user_id=0,application_id=42~hmac=a3cc1740fee7fafc3d302d354ad25c03861005f1393bcffe12cec62030846f2a","On 1 list: All Hits 70s-20s 1"
"(thematic candidate)","","","","Holy","Justin Bieber","Holy","1084400712","619826","212","false","https://www.deezer.com/us/track/1084400712","https://cdnt-preview.dzcdn.net/api/1/1/e/1/9/0/e19395eec0aa5f6111c196e29bfa7ad0.mp3?hdnea=exp=1781745698~acl=/api/1/1/e/1/9/0/e19395eec0aa5f6111c196e29bfa7ad0.mp3*~data=user_id=0,application_id=42~hmac=f51e09b864b0d78484f6d21af2981a29a248ed5edd3a1bd9dfe9709d8aede772","On 1 list: All Hits 70s-20s 1"
"(thematic candidate)","","","","Together In Electric Dreams","Philip Oakey","The Greatest Hits","3152093","619087","232","false","https://www.deezer.com/us/track/3152093","https://cdnt-preview.dzcdn.net/api/1/1/d/0/e/0/d0e41b10e021200e60c8a36a760540c2.mp3?hdnea=exp=1781745695~acl=/api/1/1/d/0/e/0/d0e41b10e021200e60c8a36a760540c2.mp3*~data=user_id=0,application_id=42~hmac=6419df49f417113477d1335d1a0807c80e7515e19e865c152b98498febdc95c5","On 1 list: All Hits 70s-20s 1"
"(thematic candidate)","","","","Have You Ever Seen The Rain","Creedence Clearwater Revival","Pendulum (Expanded Edition)","86391911","618956","160","false","https://www.deezer.com/us/track/86391911","https://cdnt-preview.dzcdn.net/api/1/1/8/e/0/0/8e0d40fbd9538b910806d0505843efae.mp3?hdnea=exp=1781745689~acl=/api/1/1/8/e/0/0/8e0d40fbd9538b910806d0505843efae.mp3*~data=user_id=0,application_id=42~hmac=5199ac3b9d40be164d849e70e038c57918cad216612d84931dd713da2ead54e9","On 1 list: All Hits 70s-20s 1"
"(thematic candidate)","","","","Cherub Rock (2011 Remaster)","The Smashing Pumpkins","Siamese Dream (2011 - Remaster)","14738292","618917","298","false","https://www.deezer.com/us/track/14738292","https://cdnt-preview.dzcdn.net/api/1/1/6/3/d/0/63dff136b08b8aaeb822d8f4c965e288.mp3?hdnea=exp=1781745693~acl=/api/1/1/6/3/d/0/63dff136b08b8aaeb822d8f4c965e288.mp3*~data=user_id=0,application_id=42~hmac=1d9c7bb0171b0330ad6dc06200f7b1375aed898958642531787c7c59696ce272","On 1 list: All Hits 70s-20s 1"
"(thematic candidate)","","","","Djadja (feat. Maluma) (Remix)","Aya Nakamura","Djadja (feat. Maluma) (Remix)","986646892","618778","166","false","https://www.deezer.com/us/track/986646892","https://cdnt-preview.dzcdn.net/api/1/1/0/c/7/0/0c7e2d2767d77316238aca1638375128.mp3?hdnea=exp=1781745698~acl=/api/1/1/0/c/7/0/0c7e2d2767d77316238aca1638375128.mp3*~data=user_id=0,application_id=42~hmac=73d2e35c07936745216a2b4e8b618c6635e563391aeb7073966f1e6fc6246b87","On 1 list: All Hits 70s-20s 1"
"(thematic candidate)","","","","The Model (2009 Remaster)","Kraftwerk","The Man-Machine (2009 Remaster)","4262789","618638","220","false","https://www.deezer.com/us/track/4262789","https://cdnt-preview.dzcdn.net/api/1/1/3/5/a/0/35a5644f9fbe51af066e76f80194b7c6.mp3?hdnea=exp=1781745691~acl=/api/1/1/3/5/a/0/35a5644f9fbe51af066e76f80194b7c6.mp3*~data=user_id=0,application_id=42~hmac=867d188b36006c46cc54598ab899c627b0f20c93f4c163dfe0a79cb765dd98e5","On 1 list: All Hits 70s-20s 1"
"(thematic candidate)","","","","Use Me","Bill Withers","The Essential Bill Withers","70016820","618130","222","false","https://www.deezer.com/us/track/70016820","https://cdnt-preview.dzcdn.net/api/1/1/4/a/4/0/4a448a3e9bfbf8501ed3e101df292024.mp3?hdnea=exp=1781745689~acl=/api/1/1/4/a/4/0/4a448a3e9bfbf8501ed3e101df292024.mp3*~data=user_id=0,application_id=42~hmac=92637c6f619f443405d4d354a71e5ee744e051a2b4153d8f7d0f3eed13e9d32b","On 1 list: All Hits 70s-20s 1"
"(thematic candidate)","","","","Wannabe","Spice Girls","Wannabe","3164155","618068","172","false","https://www.deezer.com/us/track/3164155","https://cdnt-preview.dzcdn.net/api/1/1/b/2/c/0/b2c127c2fce427ea7e90cbae6cda1a55.mp3?hdnea=exp=1781745705~acl=/api/1/1/b/2/c/0/b2c127c2fce427ea7e90cbae6cda1a55.mp3*~data=user_id=0,application_id=42~hmac=168a29e006712133fbc7ea7d031e964d1d9788bac9da8922a5a03ec7a5be6288","On 1 list: Billboard #1 hits '90s - Number one singles 1990-1"
"(thematic candidate)","","","","Songbird (2004 Remaster)","Fleetwood Mac","Rumours","63480991","617979","200","false","https://www.deezer.com/us/track/63480991","https://cdnt-preview.dzcdn.net/api/1/1/a/d/9/0/ad94901612b6c2b856990ed1f0b801b3.mp3?hdnea=exp=1781745690~acl=/api/1/1/a/d/9/0/ad94901612b6c2b856990ed1f0b801b3.mp3*~data=user_id=0,application_id=42~hmac=e1e7a457e16d3b64dc01cfdedac072e68e75bb2303ae59f250dee3c964f5dea3","On 1 list: All Hits 70s-20s 1"
"(thematic candidate)","","","","No Rain","Blind Melon","Blind Melon","3359652","617340","217","false","https://www.deezer.com/us/track/3359652","https://cdnt-preview.dzcdn.net/api/1/1/c/d/5/0/cd5846c10b63919e3f01eb9503453a58.mp3?hdnea=exp=1781745693~acl=/api/1/1/c/d/5/0/cd5846c10b63919e3f01eb9503453a58.mp3*~data=user_id=0,application_id=42~hmac=cfdfca8a1224c37403a56a29e7c855b46bda591789d0448907a4e576642d872e","On 1 list: All Hits 70s-20s 1"
"(thematic candidate)","","","","She's Always a Woman","Billy Joel","The Stranger (Legacy Edition)","988632","617214","199","false","https://www.deezer.com/us/track/988632","https://cdnt-preview.dzcdn.net/api/1/1/d/a/2/0/da2ba7ed08982974190ee0a1e747dcbc.mp3?hdnea=exp=1781745690~acl=/api/1/1/d/a/2/0/da2ba7ed08982974190ee0a1e747dcbc.mp3*~data=user_id=0,application_id=42~hmac=330464a15c042d7a21a629b900b32c33c556e90033f5880792869b63e595c95b","On 1 list: All Hits 70s-20s 1"
"(thematic candidate)","","","","Four to the Floor","Starsailor","Four To The Floor","3097497","615869","233","false","https://www.deezer.com/us/track/3097497","https://cdnt-preview.dzcdn.net/api/1/1/7/1/3/0/7130a3760ffef7245b9319d2b7370995.mp3?hdnea=exp=1781745687~acl=/api/1/1/7/1/3/0/7130a3760ffef7245b9319d2b7370995.mp3*~data=user_id=0,application_id=42~hmac=75f3acf8d973349f07e8b6e0706b0384bf53ebb802b6a80617c63cb01a389d83","On 1 list: All Hits 70s-20s 1"
"(thematic candidate)","","","","Mississippi Queen","Mountain","Climbing!","608589","615150","151","false","https://www.deezer.com/us/track/608589","https://cdnt-preview.dzcdn.net/api/1/1/d/6/8/0/d686bf1cf29384d34b1d4c7ae3b4f78a.mp3?hdnea=exp=1781745689~acl=/api/1/1/d/6/8/0/d686bf1cf29384d34b1d4c7ae3b4f78a.mp3*~data=user_id=0,application_id=42~hmac=f5ddde5ae5de24c5c858940ee6622f4fd7ff5a6f6521dce355c7784c54fcceaa","On 1 list: All Hits 70s-20s 1"
"(thematic candidate)","","","","On My Own","Patti LaBelle","Winner In You","25856691","613645","290","false","https://www.deezer.com/us/track/25856691","https://cdnt-preview.dzcdn.net/api/1/1/e/3/9/0/e39bd790f04451f8a96b73be3d04bdb8.mp3?hdnea=exp=1781745702~acl=/api/1/1/e/3/9/0/e39bd790f04451f8a96b73be3d04bdb8.mp3*~data=user_id=0,application_id=42~hmac=21e2631e3840139fdda820e4b4d503cdfd77ede0716defab2a66036fa4774732","On 1 list: Billboard #1 hits '80s - Number one singles 1980-1989"
"(thematic candidate)","","","","All About Us","t.A.T.u.","t.A.T.u. - The Best","884754","613235","179","false","https://www.deezer.com/us/track/884754","https://cdnt-preview.dzcdn.net/api/1/1/5/a/7/0/5a701e42d67a329489a89f1dface6e8c.mp3?hdnea=exp=1781745688~acl=/api/1/1/5/a/7/0/5a701e42d67a329489a89f1dface6e8c.mp3*~data=user_id=0,application_id=42~hmac=7b921e058e1060114d313b08174c20d6154c7aaa32a7cb5cc379616d1c489999","On 1 list: All Hits 70s-20s 1"
"(thematic candidate)","","","","The Tide Is High (Remastered 2001)","Blondie","Autoamerican (Remastered 2001)","3167194","612127","279","false","https://www.deezer.com/us/track/3167194","https://cdnt-preview.dzcdn.net/api/1/1/f/e/1/0/fe1b44f8d714ce52e442ac37232b5adf.mp3?hdnea=exp=1781745702~acl=/api/1/1/f/e/1/0/fe1b44f8d714ce52e442ac37232b5adf.mp3*~data=user_id=0,application_id=42~hmac=3e04820d09d918eb137e2df1ced60e465024dafb044ae525ec1ee9690911b6ac","On 1 list: Billboard #1 hits '80s - Number one singles 1980-1989"
"(thematic candidate)","","","","Breakfast At Tiffany's","Deep Blue Something","Home","2315711","611814","257","false","https://www.deezer.com/us/track/2315711","https://cdnt-preview.dzcdn.net/api/1/1/b/4/2/0/b42287e942930875de5e8cf00a770e2d.mp3?hdnea=exp=1781745692~acl=/api/1/1/b/4/2/0/b42287e942930875de5e8cf00a770e2d.mp3*~data=user_id=0,application_id=42~hmac=3c369115cc9159ba9a203d8b8f5d2deb8701964fa454bb30d529153861dd77cd","On 1 list: All Hits 70s-20s 1"
"(thematic candidate)","","","","There Must Be an Angel (Playing with My Heart)","Eurythmics","Be Yourself Tonight","561785","610822","282","false","https://www.deezer.com/us/track/561785","https://cdnt-preview.dzcdn.net/api/1/1/d/5/d/0/d5d76363e9bcddc71a8b7627234e13db.mp3?hdnea=exp=1781745695~acl=/api/1/1/d/5/d/0/d5d76363e9bcddc71a8b7627234e13db.mp3*~data=user_id=0,application_id=42~hmac=e6ac87deecea236e80da0b70b48090c1315263298ecbb84da693ff56660fdc08","On 1 list: All Hits 70s-20s 1"
"(thematic candidate)","","","","Differences","Ginuwine","Greatest Hits","567968","609344","266","false","https://www.deezer.com/us/track/567968","https://cdnt-preview.dzcdn.net/api/1/1/d/9/9/0/d992b8ae4f8eedaebf000d0b06c39af2.mp3?hdnea=exp=1781745692~acl=/api/1/1/d/9/9/0/d992b8ae4f8eedaebf000d0b06c39af2.mp3*~data=user_id=0,application_id=42~hmac=edaf36ee01678e3539cd371a79b33c267499c8e19111cea355e90d86378940e5","On 1 list: All Hits 70s-20s 1"
"(thematic candidate)","","","","Disarm (2011 Remaster)","The Smashing Pumpkins","Siamese Dream (2011 - Remaster)","14738297","608524","196","false","https://www.deezer.com/us/track/14738297","https://cdnt-preview.dzcdn.net/api/1/1/2/f/1/0/2f11c422cc2bedc3f1f8ec0d42433a53.mp3?hdnea=exp=1781745693~acl=/api/1/1/2/f/1/0/2f11c422cc2bedc3f1f8ec0d42433a53.mp3*~data=user_id=0,application_id=42~hmac=2c31cce3d28651b0d55ab489e97fead7ec8189dd1f45e9983308713a53509fe5","On 1 list: All Hits 70s-20s 1"
"(thematic candidate)","","","","Wishing Well","Juice WRLD","Legends Never Die","1016968532","608291","195","true","https://www.deezer.com/us/track/1016968532","https://cdnt-preview.dzcdn.net/api/1/1/3/1/2/0/3129b7655714dff37e61e04c094fc5d6.mp3?hdnea=exp=1781745698~acl=/api/1/1/3/1/2/0/3129b7655714dff37e61e04c094fc5d6.mp3*~data=user_id=0,application_id=42~hmac=6cf4c5cd4a834bf4bf141f3c56bd5a0dec1c33c227181568f05a0b0e97abec46","On 1 list: All Hits 70s-20s 1"
"(thematic candidate)","","","","Hollywood","Madonna","American Life","783901","607556","262","false","https://www.deezer.com/us/track/783901","https://cdnt-preview.dzcdn.net/api/1/1/7/6/0/0/760d6039ec5bf77ebb1e61782ecf5da0.mp3?hdnea=exp=1781745687~acl=/api/1/1/7/6/0/0/760d6039ec5bf77ebb1e61782ecf5da0.mp3*~data=user_id=0,application_id=42~hmac=205c9ce145905a1e98d2a991421080c1c61fbbfc8bd865b4ff4781883404cc82","On 1 list: All Hits 70s-20s 1"
"(thematic candidate)","","","","I Guess That's Why They Call It The Blues","Elton John","Love Songs","44586871","607094","283","false","https://www.deezer.com/us/track/44586871","https://cdnt-preview.dzcdn.net/api/1/1/f/5/0/0/f5091d526bdd3b8f35683dfc996d348f.mp3?hdnea=exp=1781745696~acl=/api/1/1/f/5/0/0/f5091d526bdd3b8f35683dfc996d348f.mp3*~data=user_id=0,application_id=42~hmac=5f29a50975e178f4eb61939d3d3740ee254fc5bd383ef95342ebc6c1235cf5c9","On 1 list: All Hits 70s-20s 1"
"(thematic candidate)","","","","You're No Good","Linda Ronstadt","Heart Like A Wheel","3533639","605360","223","false","https://www.deezer.com/us/track/3533639","https://cdnt-preview.dzcdn.net/api/1/1/5/3/2/0/532bab5682b094397dd285eebb74e662.mp3?hdnea=exp=1781745700~acl=/api/1/1/5/3/2/0/532bab5682b094397dd285eebb74e662.mp3*~data=user_id=0,application_id=42~hmac=1e33668f01d54a70ad9d69a54b1fc2ad4b8c9aba0b0d7237ba4eaf49eceaf120","On 1 list: Billboard #1 hits '70s - Number one singles 1970-1979"
"(thematic candidate)","","","","Just Can't Get Enough","Depeche Mode","Speak and Spell (Deluxe)","68511564","605128","224","false","https://www.deezer.com/us/track/68511564","https://cdnt-preview.dzcdn.net/api/1/1/5/7/6/0/576cf92c69bb03af371009790433dab8.mp3?hdnea=exp=1781745697~acl=/api/1/1/5/7/6/0/576cf92c69bb03af371009790433dab8.mp3*~data=user_id=0,application_id=42~hmac=682fe79208547a7d3c1bd4e39fe36ab9beee16f69fc546d31eb84cdc1260a40a","On 1 list: All Hits 70s-20s 1"
"(thematic candidate)","","","","Top Of The World","Carpenters","Gold - Greatest Hits","529915831","604528","178","false","https://www.deezer.com/us/track/529915831","https://cdnt-preview.dzcdn.net/api/1/1/5/2/9/0/529ce205c58bcd3353026eaebd611a67.mp3?hdnea=exp=1781745700~acl=/api/1/1/5/2/9/0/529ce205c58bcd3353026eaebd611a67.mp3*~data=user_id=0,application_id=42~hmac=84bea72dfdfe8e9f38243c17e73dc0236a83c8f76a81704a83f5566563648c57","On 1 list: Billboard #1 hits '70s - Number one singles 1970-1979"
"(thematic candidate)","","","","Standing in the Way of Control","Gossip","Standing in the Way of Control","30516961","604018","256","false","https://www.deezer.com/us/track/30516961","https://cdnt-preview.dzcdn.net/api/1/1/3/9/c/0/39cd21092439c49e5c1f5a690750c056.mp3?hdnea=exp=1781745688~acl=/api/1/1/3/9/c/0/39cd21092439c49e5c1f5a690750c056.mp3*~data=user_id=0,application_id=42~hmac=ca492a71e945973034a5597709633fdaa44eba4ec3c405371f129f88899496be","On 1 list: All Hits 70s-20s 1"
"(thematic candidate)","","","","Lost In Love","Air Supply","Collections","546793","603929","234","false","https://www.deezer.com/us/track/546793","https://cdnt-preview.dzcdn.net/api/1/1/c/1/f/0/c1f4eccec51facab5d1df5babd4e633a.mp3?hdnea=exp=1781745697~acl=/api/1/1/c/1/f/0/c1f4eccec51facab5d1df5babd4e633a.mp3*~data=user_id=0,application_id=42~hmac=28f19ecafaea5a3c549d17582f743c0f593a05d72ab7fe654dcc7378b61fd1a4","On 1 list: All Hits 70s-20s 1"
"(thematic candidate)","","","","All By Myself","Eric Carmen","Eric Carmen","391680222","603895","435","false","https://www.deezer.com/us/track/391680222","https://cdnt-preview.dzcdn.net/api/1/1/3/1/c/0/31cd2e2f2ff3eb6c1768ce71d4e51621.mp3?hdnea=exp=1781745690~acl=/api/1/1/3/1/c/0/31cd2e2f2ff3eb6c1768ce71d4e51621.mp3*~data=user_id=0,application_id=42~hmac=7f58d54f0f66967d3d3d258f7b920a247849c813a91c5ab3f1d9a51d1673a095","On 1 list: All Hits 70s-20s 1"
"(thematic candidate)","","","","Need You Now","Lady A","Need You Now","5152324","603791","278","false","https://www.deezer.com/us/track/5152324","https://cdnt-preview.dzcdn.net/api/1/1/7/d/1/0/7d1bdfd58710fe184ea0b4463ec783b8.mp3?hdnea=exp=1781745698~acl=/api/1/1/7/d/1/0/7d1bdfd58710fe184ea0b4463ec783b8.mp3*~data=user_id=0,application_id=42~hmac=f0e043267add494948634a656a0f6a1ba123bf10f872f772d8d04896d5748bc9","On 1 list: All Hits 70s-20s 1"
"(thematic candidate)","","","","Smooth Criminal (2012 Remaster)","Michael Jackson","Bad 25th Anniversary","59509621","603787","251","false","https://www.deezer.com/us/track/59509621","https://cdnt-preview.dzcdn.net/api/1/1/4/5/b/0/45b7fe5ee8a6dd29d28146400a020ebd.mp3?hdnea=exp=1781745696~acl=/api/1/1/4/5/b/0/45b7fe5ee8a6dd29d28146400a020ebd.mp3*~data=user_id=0,application_id=42~hmac=f0c94bb097d648a8b1b340acb45fa59b9dbc7076f78c8c7ead227bd87fb5f60d","On 1 list: All Hits 70s-20s 1"
"(thematic candidate)","","","","Head Over Heels","Tears For Fears","Songs From The Big Chair (Deluxe)","88845919","603785","302","false","https://www.deezer.com/us/track/88845919","https://cdnt-preview.dzcdn.net/api/1/1/7/7/0/0/7701ebc9e79817f70e01ffe3bbe5d520.mp3?hdnea=exp=1781745696~acl=/api/1/1/7/7/0/0/7701ebc9e79817f70e01ffe3bbe5d520.mp3*~data=user_id=0,application_id=42~hmac=a6665b9c5c0be82df2bae5de5bb30ea7e9f9d926af6667504cf9e770ad503b4f","On 1 list: All Hits 70s-20s 1"
"(thematic candidate)","","","","Achy Breaky Heart","Billy Ray Cyrus","The Best Of Billy Ray Cyrus: Cover To Cover","921154","603600","204","false","https://www.deezer.com/us/track/921154","https://cdnt-preview.dzcdn.net/api/1/1/2/b/5/0/2b5a1853e46105a06059fb3295b5a31f.mp3?hdnea=exp=1781745693~acl=/api/1/1/2/b/5/0/2b5a1853e46105a06059fb3295b5a31f.mp3*~data=user_id=0,application_id=42~hmac=4d8c563ee507575375605bc062c24c791ceee524279bd1b91a902125cdb9f5d5","On 1 list: All Hits 70s-20s 1"
"(thematic candidate)","","","","Tearin' up My Heart (Radio Edit)","*NSYNC","'N Sync","15477160","603370","206","false","https://www.deezer.com/us/track/15477160","https://cdnt-preview.dzcdn.net/api/1/1/5/1/2/0/512aaeaa888f3bd4abca3e5a53244beb.mp3?hdnea=exp=1781745691~acl=/api/1/1/5/1/2/0/512aaeaa888f3bd4abca3e5a53244beb.mp3*~data=user_id=0,application_id=42~hmac=5289015ae8452c14268bed6bb8120a0115c80ac5118d09c3793c129b933aed5b","On 1 list: All Hits 70s-20s 1"
"(thematic candidate)","","","","Life on Mars? (2015 Remaster)","David Bowie","Hunky Dory (2015 Remaster)","107474522","602468","235","false","https://www.deezer.com/us/track/107474522","https://cdnt-preview.dzcdn.net/api/1/1/e/e/a/0/eeaa0189f2fb357c28560a9b399295ee.mp3?hdnea=exp=1781745690~acl=/api/1/1/e/e/a/0/eeaa0189f2fb357c28560a9b399295ee.mp3*~data=user_id=0,application_id=42~hmac=3c3881f1576561f5384ac36258f1dac2bfd920f7c96c88420dda3b5862f2f197","On 1 list: All Hits 70s-20s 1"
"(thematic candidate)","","","","Chiquitita","ABBA","ABBA Gold","884038","602430","326","false","https://www.deezer.com/us/track/884038","https://cdnt-preview.dzcdn.net/api/1/1/0/1/a/0/01a4d08eef3d410a80f8f9c2842db05e.mp3?hdnea=exp=1781745691~acl=/api/1/1/0/1/a/0/01a4d08eef3d410a80f8f9c2842db05e.mp3*~data=user_id=0,application_id=42~hmac=c5e753b1ef6cd1ce44215fe235c1db1e162eef5e63cf62d84fb9531b9ddfa5aa","On 1 list: All Hits 70s-20s 1"
"(thematic candidate)","","","","The Bad Touch","Bloodhound Gang","Nu Rock","953105","601225","260","true","https://www.deezer.com/us/track/953105","https://cdnt-preview.dzcdn.net/api/1/1/b/f/b/0/bfb41a3cb7870407da19cdd8c1dafd9e.mp3?hdnea=exp=1781745694~acl=/api/1/1/b/f/b/0/bfb41a3cb7870407da19cdd8c1dafd9e.mp3*~data=user_id=0,application_id=42~hmac=22f009b9b7b0e20788f719b5377db197705baaf725384f4a2f39a2b4d5d5668e","On 1 list: All Hits 70s-20s 1"
"(thematic candidate)","","","","Perfekte Welle","Juli","Es ist Juli","121926890","601174","200","false","https://www.deezer.com/us/track/121926890","https://cdnt-preview.dzcdn.net/api/1/1/3/7/3/0/373f076c43be4ed2cdb63f10a2b70ca1.mp3?hdnea=exp=1781745688~acl=/api/1/1/3/7/3/0/373f076c43be4ed2cdb63f10a2b70ca1.mp3*~data=user_id=0,application_id=42~hmac=8ccfc7033cc635c070a14118803dfe22c7526ab16eef93abd7ce3f9e4e119659","On 1 list: All Hits 70s-20s 1"
"(thematic candidate)","","","","The Chain (2004 Remaster)","Fleetwood Mac","Rumours (Super Deluxe)","67549267","598828","270","false","https://www.deezer.com/us/track/67549267","https://cdnt-preview.dzcdn.net/api/1/1/a/e/1/0/ae1377bb024c15dccce23bfa7f94dfd3.mp3?hdnea=exp=1781745689~acl=/api/1/1/a/e/1/0/ae1377bb024c15dccce23bfa7f94dfd3.mp3*~data=user_id=0,application_id=42~hmac=af59ec4a26559df3ac0d86d485f4d972e470273a6740674eb37bd3529d9188c0","On 1 list: All Hits 70s-20s 1"
"(thematic candidate)","","","","Save a Prayer (2009 Remaster)","Duran Duran","Rio (Collector's Edition)","4127469","597982","333","false","https://www.deezer.com/us/track/4127469","https://cdnt-preview.dzcdn.net/api/1/1/3/8/6/0/3863a7dc8937f7d8a1dd02bc8b5cbe18.mp3?hdnea=exp=1781745696~acl=/api/1/1/3/8/6/0/3863a7dc8937f7d8a1dd02bc8b5cbe18.mp3*~data=user_id=0,application_id=42~hmac=6774eb45d9ca8e26851ff29372f8ed4da9a00beb0820c540a2857c6a53ff8ca2","On 1 list: All Hits 70s-20s 1"
"(thematic candidate)","","","","Purple Pills","D12","Devils Night","1126602","597574","303","true","https://www.deezer.com/us/track/1126602","https://cdnt-preview.dzcdn.net/api/1/1/9/8/5/0/98586b70dec7441ada8fe7528494b2e3.mp3?hdnea=exp=1781745688~acl=/api/1/1/9/8/5/0/98586b70dec7441ada8fe7528494b2e3.mp3*~data=user_id=0,application_id=42~hmac=cf07358cf9ee11373459f43d5865a3a648ee020a177e109b000257d010bd8ccd","On 1 list: All Hits 70s-20s 1"
"(thematic candidate)","","","","I Can't Tell You Why (2013 Remaster)","Eagles","The Complete Greatest Hits (2013 Remaster)","68116172","596821","295","false","https://www.deezer.com/us/track/68116172","https://cdnt-preview.dzcdn.net/api/1/1/7/1/8/0/7185f143b1826251bfdab61e136fc0fe.mp3?hdnea=exp=1781745690~acl=/api/1/1/7/1/8/0/7185f143b1826251bfdab61e136fc0fe.mp3*~data=user_id=0,application_id=42~hmac=2de126bf41aac20ba693f8c9e3d431687cefbca9901c4f5ebd75ed10be40132f","On 1 list: All Hits 70s-20s 1"
"(thematic candidate)","","","","Pony","Ginuwine","R&B: From Doo-Wop To Hip-Hop","830571","596274","252","true","https://www.deezer.com/us/track/830571","https://cdnt-preview.dzcdn.net/api/1/1/7/0/a/0/70a03c55bf643f490c3df8b3803582bc.mp3?hdnea=exp=1781745691~acl=/api/1/1/7/0/a/0/70a03c55bf643f490c3df8b3803582bc.mp3*~data=user_id=0,application_id=42~hmac=4df9b251443b74544a00d947331d755d439378e47f6ac33c29268366df4b4939","On 1 list: All Hits 70s-20s 1"
"(thematic candidate)","","","","My Favourite Game","The Cardigans","Best Of","910478","595746","220","false","https://www.deezer.com/us/track/910478","https://cdnt-preview.dzcdn.net/api/1/1/0/4/6/0/046388af09c1db0a24cae27ee0b77267.mp3?hdnea=exp=1781745694~acl=/api/1/1/0/4/6/0/046388af09c1db0a24cae27ee0b77267.mp3*~data=user_id=0,application_id=42~hmac=0ad55d3a33b7eb9250de605b4327dc3afabe8f3a8ab7f3255ce247e522cf7f40","On 1 list: All Hits 70s-20s 1"
"(thematic candidate)","","","","Cherry Blossom Girl","Air","Talkie Walkie","3369072","593486","219","false","https://www.deezer.com/us/track/3369072","https://cdnt-preview.dzcdn.net/api/1/1/a/1/b/0/a1bc811f3d368b58a5260209c5dd92e1.mp3?hdnea=exp=1781745688~acl=/api/1/1/a/1/b/0/a1bc811f3d368b58a5260209c5dd92e1.mp3*~data=user_id=0,application_id=42~hmac=ebfde646e622347ea30f80984a151e44b45b3e824591d63f832e79eb26d3497e","On 1 list: All Hits 70s-20s 1"
"(thematic candidate)","","","","""Heroes"" (2017 Remaster)","David Bowie","A New Career in a New Town (1977 - 1982)","408728172","592800","371","false","https://www.deezer.com/us/track/408728172","https://cdnt-preview.dzcdn.net/api/1/1/b/1/f/0/b1fda796e068d4582c854b3ce23af125.mp3?hdnea=exp=1781745690~acl=/api/1/1/b/1/f/0/b1fda796e068d4582c854b3ce23af125.mp3*~data=user_id=0,application_id=42~hmac=e2c7b02accfbcb3f4a2428edc84e069b2d08bf1d271a8fffa368121ec1aa163c","On 1 list: All Hits 70s-20s 1"
"(thematic candidate)","","","","Are You Ready","AC/DC","The Razors Edge","92720114","592049","250","false","https://www.deezer.com/us/track/92720114","https://cdnt-preview.dzcdn.net/api/1/1/4/9/a/0/49adad66a6c5889a8badb62ba1a14eb6.mp3?hdnea=exp=1781745692~acl=/api/1/1/4/9/a/0/49adad66a6c5889a8badb62ba1a14eb6.mp3*~data=user_id=0,application_id=42~hmac=0008ae43a69956a534ae51257c103ff17501de9f69af23e77d1b54f91450556f","On 1 list: All Hits 70s-20s 1"
"(thematic candidate)","","","","Baby, I Love Your Way/Freebird","Will To Power","Will To Power","1055991","591563","247","false","https://www.deezer.com/us/track/1055991","https://cdnt-preview.dzcdn.net/api/1/1/2/2/9/0/229c2298d532c209e06b3dee944a72e4.mp3?hdnea=exp=1781745702~acl=/api/1/1/2/2/9/0/229c2298d532c209e06b3dee944a72e4.mp3*~data=user_id=0,application_id=42~hmac=912d66082f3170087fa58dc50be8db4f9f78079d1b09708a36c867295bdca0eb","On 1 list: Billboard #1 hits '80s - Number one singles 1980-1989"
"(thematic candidate)","","","","The Way","Fastball","Painting The Corners: The Best Of Fastball","24223581","591314","256","false","https://www.deezer.com/us/track/24223581","https://cdnt-preview.dzcdn.net/api/1/1/b/2/3/0/b23603375faa2bec5239799069837013.mp3?hdnea=exp=1781745692~acl=/api/1/1/b/2/3/0/b23603375faa2bec5239799069837013.mp3*~data=user_id=0,application_id=42~hmac=5409cbb210e68767691f79c26a1ff6f57bc7c57705f24b974068ef4c15d19bc0","On 1 list: All Hits 70s-20s 1"
"(thematic candidate)","","","","You're the Inspiration (2006 Remaster)","Chicago","Chicago 17 (Expanded & Remastered)","674282","591067","229","false","https://www.deezer.com/us/track/674282","https://cdnt-preview.dzcdn.net/api/1/1/4/a/f/0/4af052eaeec43b96816eccf5d55717d7.mp3?hdnea=exp=1781745694~acl=/api/1/1/4/a/f/0/4af052eaeec43b96816eccf5d55717d7.mp3*~data=user_id=0,application_id=42~hmac=14675dad74fba94ad2b41b6ec767ce2e89ad5782c605cdff02fa6cef63cb40b1","On 1 list: All Hits 70s-20s 1"
"(thematic candidate)","","","","Aqualung","Jethro Tull","Aqualung (Special Edition)","3105318","590836","395","false","https://www.deezer.com/us/track/3105318","https://cdnt-preview.dzcdn.net/api/1/1/1/b/5/0/1b59c1e99cd548ee780247eecab24356.mp3?hdnea=exp=1781745690~acl=/api/1/1/1/b/5/0/1b59c1e99cd548ee780247eecab24356.mp3*~data=user_id=0,application_id=42~hmac=a8d3f7702ada9235418a5512c46ed30ea4213c6c224e384859be80473981e822","On 1 list: All Hits 70s-20s 1"
"(thematic candidate)","","","","One Way Or Another (Remastered 2001)","Blondie","Parallel Lines (Remastered)","3100596","590830","214","false","https://www.deezer.com/us/track/3100596","https://cdnt-preview.dzcdn.net/api/1/1/e/1/a/0/e1aca9c8f62acd4acf2b7f52b013d789.mp3?hdnea=exp=1781745690~acl=/api/1/1/e/1/a/0/e1aca9c8f62acd4acf2b7f52b013d789.mp3*~data=user_id=0,application_id=42~hmac=c76eb10fd0f4e695367d025b29cdc09091363c9a4a6f1716f83f5eade50636b9","On 1 list: All Hits 70s-20s 1"
"(thematic candidate)","","","","The Power of Love","Jennifer Rush","The Power Of Love: The Best Of Jennifer Rush","581807","590413","270","false","https://www.deezer.com/us/track/581807","https://cdnt-preview.dzcdn.net/api/1/1/0/9/1/0/09130e8979074682c8bbc3a842d174c9.mp3?hdnea=exp=1781745696~acl=/api/1/1/0/9/1/0/09130e8979074682c8bbc3a842d174c9.mp3*~data=user_id=0,application_id=42~hmac=1dbc4d4927827f296bd0ba46c6baa4c1bcba30cc97bd026b3fc82aae3c81e52c","On 1 list: All Hits 70s-20s 1"
"(thematic candidate)","","","","It's Tricky","Run DMC","RUN DMC ""High Profile: The Original Rhymes""","994699","590295","183","false","https://www.deezer.com/us/track/994699","https://cdnt-preview.dzcdn.net/api/1/1/b/d/4/0/bd43394731f7486872797705777450bc.mp3?hdnea=exp=1781745697~acl=/api/1/1/b/d/4/0/bd43394731f7486872797705777450bc.mp3*~data=user_id=0,application_id=42~hmac=16182ae25ab20577e1a3a8c319270a066dccdb44052a72ed49d52260578b9aee","On 1 list: All Hits 70s-20s 1"
"(thematic candidate)","","","","WHATS POPPIN (feat. DaBaby, Tory Lanez & Lil Wayne) (Remix)","Jack Harlow","WHATS POPPIN (feat. DaBaby, Tory Lanez & Lil Wayne) (Remix)","1001786382","589727","227","true","https://www.deezer.com/us/track/1001786382","https://cdnt-preview.dzcdn.net/api/1/1/4/b/2/0/4b24a15a8ebc06b473867b941fd90564.mp3?hdnea=exp=1781745698~acl=/api/1/1/4/b/2/0/4b24a15a8ebc06b473867b941fd90564.mp3*~data=user_id=0,application_id=42~hmac=5a5619c6497aba991f043d5abc8df3406e711f813c0974b9bf2093bb6a9c6939","On 1 list: All Hits 70s-20s 1"
"(thematic candidate)","","","","Cecilia","Simon & Garfunkel","Bridge Over Troubled Water","13174766","589635","175","false","https://www.deezer.com/us/track/13174766","https://cdnt-preview.dzcdn.net/api/1/1/e/e/7/0/ee75d35a7232b512c7d6d09bb362bc0d.mp3?hdnea=exp=1781745690~acl=/api/1/1/e/e/7/0/ee75d35a7232b512c7d6d09bb362bc0d.mp3*~data=user_id=0,application_id=42~hmac=7da0003a931b3b7335817e6d46deb10f4ee3b312afa3f5645715fe013e6b9176","On 1 list: All Hits 70s-20s 1"
"(thematic candidate)","","","","Ain't No Sunshine","Michael Jackson","The Definitive Collection","4188296","589463","253","false","https://www.deezer.com/us/track/4188296","https://cdnt-preview.dzcdn.net/api/1/1/f/b/3/0/fb37784c571812cf1ad69991f111c6fd.mp3?hdnea=exp=1781745690~acl=/api/1/1/f/b/3/0/fb37784c571812cf1ad69991f111c6fd.mp3*~data=user_id=0,application_id=42~hmac=5093e4408a2cbd1d105c85b33891d998c1939ceda0b5f7f3a60f2e821c7e32fb","On 1 list: All Hits 70s-20s 1"
"(thematic candidate)","","","","Intergalactic (Remastered 2009)","Beastie Boys","Hello Nasty (Deluxe Edition/Remastered)","4013664","589396","231","false","https://www.deezer.com/us/track/4013664","https://cdnt-preview.dzcdn.net/api/1/1/4/f/2/0/4f291182bbd94786bf5fd68c3f570661.mp3?hdnea=exp=1781745694~acl=/api/1/1/4/f/2/0/4f291182bbd94786bf5fd68c3f570661.mp3*~data=user_id=0,application_id=42~hmac=2f4547bbb8d6e51b3fe0300fc9ce84707131e79d6f0c1ecd7fdf2c61f072c289","On 1 list: All Hits 70s-20s 1"
"(thematic candidate)","","","","Wrong","Depeche Mode","Sounds of the Universe (Deluxe)","136332236","588731","191","false","https://www.deezer.com/us/track/136332236","https://cdnt-preview.dzcdn.net/api/1/1/0/c/6/0/0c6258f458f37fcb61186c05ed03ba9c.mp3?hdnea=exp=1781745688~acl=/api/1/1/0/c/6/0/0c6258f458f37fcb61186c05ed03ba9c.mp3*~data=user_id=0,application_id=42~hmac=31055c261e91a99b821d99be0210f3d1ff83f9e2dc7abec8b8a916b3fad936d3","On 1 list: All Hits 70s-20s 1"
"(thematic candidate)","","","","Take a Bow","Madonna","Something to Remember","776930","588687","321","false","https://www.deezer.com/us/track/776930","https://cdnt-preview.dzcdn.net/api/1/1/c/b/3/0/cb31d080886efb5d4dcc4f12bbbdac82.mp3?hdnea=exp=1781745704~acl=/api/1/1/c/b/3/0/cb31d080886efb5d4dcc4f12bbbdac82.mp3*~data=user_id=0,application_id=42~hmac=b5757296d7f8efc93b4caab1fbbcbd7a7a8f1ea9259da44098e7d0f64dc193d0","On 1 list: Billboard #1 hits '90s - Number one singles 1990-1"
"(thematic candidate)","","","","Short Skirt / Long Jacket","Cake","Comfort Eagle","624991","588006","204","false","https://www.deezer.com/us/track/624991","https://cdnt-preview.dzcdn.net/api/1/1/a/5/d/0/a5d0e920eb6ab313281229ffff441150.mp3?hdnea=exp=1781745692~acl=/api/1/1/a/5/d/0/a5d0e920eb6ab313281229ffff441150.mp3*~data=user_id=0,application_id=42~hmac=5e683e02188db51879f2ee3167a0238fbaa921c5ccb4bb158acbcfc809f23ef5","On 1 list: All Hits 70s-20s 1"
"(thematic candidate)","","","","Superman","Goldfinger","The Best Of Goldfinger","7978573","587414","185","false","https://www.deezer.com/us/track/7978573","https://cdnt-preview.dzcdn.net/api/1/1/7/f/c/0/7fc31110dbc133f0e7ba68589d932fc4.mp3?hdnea=exp=1781745692~acl=/api/1/1/7/f/c/0/7fc31110dbc133f0e7ba68589d932fc4.mp3*~data=user_id=0,application_id=42~hmac=1e52dfc5d10eac3932978816e04cbe6df443313187e6b04067ee31cf3c0bd19e","On 1 list: All Hits 70s-20s 1"
"(thematic candidate)","","","","Monkey Wrench","Foo Fighters","Greatest Hits","4311601","587202","231","false","https://www.deezer.com/us/track/4311601","https://cdnt-preview.dzcdn.net/api/1/1/d/f/e/0/dfefa5e821f5bb257358b5e0b89a25c3.mp3?hdnea=exp=1781745694~acl=/api/1/1/d/f/e/0/dfefa5e821f5bb257358b5e0b89a25c3.mp3*~data=user_id=0,application_id=42~hmac=ea81b93402f5f79859a9ebf4e088b3225add99edee8b69e824bc6d32a11897eb","On 1 list: All Hits 70s-20s 1"
"(thematic candidate)","","","","Ready to Go","Republica","Ready To Go","994557","586262","301","false","https://www.deezer.com/us/track/994557","https://cdnt-preview.dzcdn.net/api/1/1/f/c/d/0/fcda746c6aaa97fddcef64c3ea9834ff.mp3?hdnea=exp=1781745693~acl=/api/1/1/f/c/d/0/fcda746c6aaa97fddcef64c3ea9834ff.mp3*~data=user_id=0,application_id=42~hmac=5c5aff57cc4a71f1adf61ad0f9a444968a81d52a1c3158207db07619a86f6afa","On 1 list: All Hits 70s-20s 1"
"(thematic candidate)","","","","Stand By Me (Remastered 2010)","John Lennon","Rock 'N' Roll","7163177","586260","208","false","https://www.deezer.com/us/track/7163177","https://cdnt-preview.dzcdn.net/api/1/1/5/c/6/0/5c635ebf4f5854dab718d3bd8d98dfef.mp3?hdnea=exp=1781745691~acl=/api/1/1/5/c/6/0/5c635ebf4f5854dab718d3bd8d98dfef.mp3*~data=user_id=0,application_id=42~hmac=e554dd8891296d9ea8ddee1ddc0832d0bea651f3ad8254cb7682e84416a1e7da","On 1 list: All Hits 70s-20s 1"
"(thematic candidate)","","","","Ms. Fat Booty","Mos Def","Black On Both Sides","2112351","585861","223","true","https://www.deezer.com/us/track/2112351","https://cdnt-preview.dzcdn.net/api/1/1/4/2/c/0/42ca2da3a64fd857f74f926105cc117a.mp3?hdnea=exp=1781745694~acl=/api/1/1/4/2/c/0/42ca2da3a64fd857f74f926105cc117a.mp3*~data=user_id=0,application_id=42~hmac=ed38e951f8f9502a1ee26f603147bca358caeeb7385b7dd902859f2b75c16ddf","On 1 list: All Hits 70s-20s 1"
"(thematic candidate)","","","","Love Changes (Everything)","Climie Fisher","Everything","3147082","585311","268","false","https://www.deezer.com/us/track/3147082","https://cdnt-preview.dzcdn.net/api/1/1/7/2/8/0/728e8e06f6614709cc57ca5fbcaf1158.mp3?hdnea=exp=1781745696~acl=/api/1/1/7/2/8/0/728e8e06f6614709cc57ca5fbcaf1158.mp3*~data=user_id=0,application_id=42~hmac=8c2a00974c1017ecf04698cce4c1fce00480e27fa52104f8fbf2794f1a03194b","On 1 list: All Hits 70s-20s 1"
"(thematic candidate)","","","","Wind Beneath My Wings","Bette Midler","Experience The Divine (Greatest Hits)","3616256","583594","293","false","https://www.deezer.com/us/track/3616256","https://cdnt-preview.dzcdn.net/api/1/1/f/3/c/0/f3c8c2f8c0625f783bad1996ed91f476.mp3?hdnea=exp=1781745703~acl=/api/1/1/f/3/c/0/f3c8c2f8c0625f783bad1996ed91f476.mp3*~data=user_id=0,application_id=42~hmac=c1722caaa2c2038b5fb852eb015be57a1369d0298383b2d3d8cb7beaa88975d6","On 1 list: Billboard #1 hits '80s - Number one singles 1980-1989"
"(thematic candidate)","","","","Ray of Light","Madonna","Ray of Light","778704","583279","322","false","https://www.deezer.com/us/track/778704","https://cdnt-preview.dzcdn.net/api/1/1/8/f/d/0/8fde1ac9b5ae54e9f5b88b085d4147a7.mp3?hdnea=exp=1781745694~acl=/api/1/1/8/f/d/0/8fde1ac9b5ae54e9f5b88b085d4147a7.mp3*~data=user_id=0,application_id=42~hmac=01b6862e57a5842f2d85b6ade86075259532005df55a7f5cb60f119a1ff936a7","On 1 list: All Hits 70s-20s 1"
"(thematic candidate)","","","","Champagne Supernova (Remastered)","Oasis","(What's The Story) Morning Glory? (Remastered)","84572633","582688","451","false","https://www.deezer.com/us/track/84572633","https://cdnt-preview.dzcdn.net/api/1/1/7/8/b/0/78b54dbd0637ab90ffd26915c4977a3f.mp3?hdnea=exp=1781745694~acl=/api/1/1/7/8/b/0/78b54dbd0637ab90ffd26915c4977a3f.mp3*~data=user_id=0,application_id=42~hmac=9a5d216506a305f7af9174d2dd644e06064fa18a930a84e28a388fc4d95e4e0d","On 1 list: All Hits 70s-20s 1"
"(thematic candidate)","","","","I Melt with You","Modern English","After the Snow","943152","581631","251","false","https://www.deezer.com/us/track/943152","https://cdnt-preview.dzcdn.net/api/1/1/a/6/e/0/a6e8d246754512eda53b9403c16a7291.mp3?hdnea=exp=1781745694~acl=/api/1/1/a/6/e/0/a6e8d246754512eda53b9403c16a7291.mp3*~data=user_id=0,application_id=42~hmac=5d86dc16ccc935b52ced570823432256720cf1df72f5349d06f0c96ba3362e0f","On 1 list: All Hits 70s-20s 1"
"(thematic candidate)","","","","Hemorrhage (In My Hands)","Fuel","The Best of Fuel","7675296","580966","236","false","https://www.deezer.com/us/track/7675296","https://cdnt-preview.dzcdn.net/api/1/1/a/0/5/0/a057c662b641da820862065c5a8a635d.mp3?hdnea=exp=1781745693~acl=/api/1/1/a/0/5/0/a057c662b641da820862065c5a8a635d.mp3*~data=user_id=0,application_id=42~hmac=439aafc549e17de5107249762f26025f22de9250a3c4284901a0b251ee0153e2","On 1 list: All Hits 70s-20s 1"
"(thematic candidate)","","","","Macarena","Los Del Río","Fiesta Macarena","990761","580647","230","false","https://www.deezer.com/us/track/990761","https://cdnt-preview.dzcdn.net/api/1/1/2/c/3/0/2c3ec1e51332c8c9f9e17e684a4e50b6.mp3?hdnea=exp=1781745705~acl=/api/1/1/2/c/3/0/2c3ec1e51332c8c9f9e17e684a4e50b6.mp3*~data=user_id=0,application_id=42~hmac=dff690eff3370dbbb6b0f8b8320092531ffbe4671a13eee42b0405ddc03ea5a2","On 1 list: Billboard #1 hits '90s - Number one singles 1990-1"
"(thematic candidate)","","","","O-o-h Child (Buddha Remastered 2001)","The Five Stairsteps","The First Family of Soul: The Best of The Five Stairsteps","13198823","580629","193","false","https://www.deezer.com/us/track/13198823","https://cdnt-preview.dzcdn.net/api/1/1/b/2/0/0/b204e9c6b5e7f021ff5d47ca266274a8.mp3?hdnea=exp=1781745688~acl=/api/1/1/b/2/0/0/b204e9c6b5e7f021ff5d47ca266274a8.mp3*~data=user_id=0,application_id=42~hmac=8637a3d4c4a766ed2da0e82ba29ed490ba5803b3e487a4d2e3a35d3b56c31ae4","On 1 list: All Hits 70s-20s 1"
"(thematic candidate)","","","","I Don't Want to Wait","Paula Cole","This Fire","3667834","580380","320","false","https://www.deezer.com/us/track/3667834","https://cdnt-preview.dzcdn.net/api/1/1/c/9/6/0/c96389adb1d8cda6d6c5e3635020caf2.mp3?hdnea=exp=1781745694~acl=/api/1/1/c/9/6/0/c96389adb1d8cda6d6c5e3635020caf2.mp3*~data=user_id=0,application_id=42~hmac=67db4f1d27eae8ce0d293bc5d9b2c2a3191cf174ec9364e378db9c80fa077c1b","On 1 list: All Hits 70s-20s 1"
"(thematic candidate)","","","","Savage Remix (feat. Beyoncé)","Megan Thee Stallion","Savage Remix (feat. Beyoncé)","946333752","580355","242","true","https://www.deezer.com/us/track/946333752","https://cdnt-preview.dzcdn.net/api/1/1/5/6/e/0/56e3f76b2387e0bd85e24fddda4a55a5.mp3?hdnea=exp=1781745697~acl=/api/1/1/5/6/e/0/56e3f76b2387e0bd85e24fddda4a55a5.mp3*~data=user_id=0,application_id=42~hmac=0315ae41069c375d4d954fbaf3d43359cac7e8066311a9aaa17f63c69f4c0f69","On 1 list: All Hits 70s-20s 1"
"(thematic candidate)","","","","Uncle Albert / Admiral Halsey (Medley)","Paul McCartney","RAM","25006921","579676","295","false","https://www.deezer.com/us/track/25006921","https://cdnt-preview.dzcdn.net/api/1/1/f/f/a/0/ffacc0b131ec88f5fe7515aa1b14d5f4.mp3?hdnea=exp=1781745700~acl=/api/1/1/f/f/a/0/ffacc0b131ec88f5fe7515aa1b14d5f4.mp3*~data=user_id=0,application_id=42~hmac=4ac3c7dc6b374fa11d96d1aad4062ff8f1eef68845af1cc0a32bdb6a22b6d598","On 1 list: Billboard #1 hits '70s - Number one singles 1970-1979"
"(thematic candidate)","","","","I Have Nothing","Whitney Houston","Essential Memories Of Love","5363365","579674","287","false","https://www.deezer.com/us/track/5363365","https://cdnt-preview.dzcdn.net/api/1/1/a/f/c/0/afc6809ad570abf506587a81f8989d4b.mp3?hdnea=exp=1781745692~acl=/api/1/1/a/f/c/0/afc6809ad570abf506587a81f8989d4b.mp3*~data=user_id=0,application_id=42~hmac=809166b5fe9e7eeecf62b59151da19e471f686d295bd0302f7bb0f5f5bb70569","On 1 list: All Hits 70s-20s 1"
"(thematic candidate)","","","","Sex & Candy","Marcy Playground","Marcy Playground","3239961","579119","173","false","https://www.deezer.com/us/track/3239961","https://cdnt-preview.dzcdn.net/api/1/1/c/f/8/0/cf80e913bbbd4411f78c6eea4ad0a447.mp3?hdnea=exp=1781745693~acl=/api/1/1/c/f/8/0/cf80e913bbbd4411f78c6eea4ad0a447.mp3*~data=user_id=0,application_id=42~hmac=76404677993c25d6eb8f426d90b2b61b7776fc0b4f8bed79a95867bbe532224b","On 1 list: All Hits 70s-20s 1"
"(thematic candidate)","","","","Shoot to Thrill","AC/DC","Iron Man 2","92722890","578884","314","false","https://www.deezer.com/us/track/92722890","https://cdnt-preview.dzcdn.net/api/1/1/1/4/1/0/14170f6ab4a3fbc8717acc0b88994384.mp3?hdnea=exp=1781745695~acl=/api/1/1/1/4/1/0/14170f6ab4a3fbc8717acc0b88994384.mp3*~data=user_id=0,application_id=42~hmac=a07e02a4e148702343c07b22cb4a6c200b6b9abd624659350515fdf2a29b7bd6","On 1 list: All Hits 70s-20s 1"
"(thematic candidate)","","","","I Touch Myself","Divinyls","Divinyls","3152715","577552","227","false","https://www.deezer.com/us/track/3152715","https://cdnt-preview.dzcdn.net/api/1/1/d/a/7/0/da78e8233904cb6bb100ddc9bb0f33e0.mp3?hdnea=exp=1781745694~acl=/api/1/1/d/a/7/0/da78e8233904cb6bb100ddc9bb0f33e0.mp3*~data=user_id=0,application_id=42~hmac=26d0f345e0a02e68de422ae7fa2fc893c90e34f752f3a9f70af1b571f928f448","On 1 list: All Hits 70s-20s 1"
"(thematic candidate)","","","","Stop","Spice Girls","Spiceworld","3134156","577444","203","false","https://www.deezer.com/us/track/3134156","https://cdnt-preview.dzcdn.net/api/1/1/4/d/2/0/4d26edbafcc0b1fed3eabd6f66702a13.mp3?hdnea=exp=1781745694~acl=/api/1/1/4/d/2/0/4d26edbafcc0b1fed3eabd6f66702a13.mp3*~data=user_id=0,application_id=42~hmac=aed6fecad1a5ae3720d4bd1349fe1ea101fc219ecc3418e52abff3a8632d7e83","On 1 list: All Hits 70s-20s 1"
"(thematic candidate)","","","","Medley: Let Me Talk to You / My Love (feat. T.I.)","Justin Timberlake","FutureSex/LoveSounds","565129","577349","370","false","https://www.deezer.com/us/track/565129","https://cdnt-preview.dzcdn.net/api/1/1/4/b/f/0/4bf0112b5612f076a8979b6d336294c5.mp3?hdnea=exp=1781745706~acl=/api/1/1/4/b/f/0/4bf0112b5612f076a8979b6d336294c5.mp3*~data=user_id=0,application_id=42~hmac=9026e82c8f9c56678e7dfe0bb19f70ee8af9bd1385afb96cb3a7940b5001a2df","On 1 list: 2000-2018 Number 1 Billboard Hits"
"(thematic candidate)","","","","When I'm Gone","3 Doors Down","Away From The Sun","2172895","577066","260","false","https://www.deezer.com/us/track/2172895","https://cdnt-preview.dzcdn.net/api/1/1/3/4/b/0/34bb51864397463baccee2a9db68d38e.mp3?hdnea=exp=1781745688~acl=/api/1/1/3/4/b/0/34bb51864397463baccee2a9db68d38e.mp3*~data=user_id=0,application_id=42~hmac=e1a0f5ee76a0f2a59d7ed4b2f82c426e170b46402ac74c8e5b9d7709877d9f9f","On 1 list: All Hits 70s-20s 1"
"(thematic candidate)","","","","Canned Heat","Jamiroquai","Center Stage Music From The Motion Picture","2310808","576480","330","false","https://www.deezer.com/us/track/2310808","https://cdnt-preview.dzcdn.net/api/1/1/7/e/b/0/7eba71a0039a02ac77b4296ff0ae093c.mp3?hdnea=exp=1781745694~acl=/api/1/1/7/e/b/0/7eba71a0039a02ac77b4296ff0ae093c.mp3*~data=user_id=0,application_id=42~hmac=6694465aa636268484ede6ad1d634bef735f41995ffa69adfdcc6b24cabee49e","On 1 list: All Hits 70s-20s 1"
"(thematic candidate)","","","","Moving on Up","M People","Ultimate Collection (feat. Heather Small)","600153","576340","215","false","https://www.deezer.com/us/track/600153","https://cdnt-preview.dzcdn.net/api/1/1/b/f/0/0/bf0967efd8d1f5cbfcad4a0b403620c9.mp3?hdnea=exp=1781745694~acl=/api/1/1/b/f/0/0/bf0967efd8d1f5cbfcad4a0b403620c9.mp3*~data=user_id=0,application_id=42~hmac=20659e93f52a532328a0746735a79227ab2fcd72d832ea1ef8374ae54d146989","On 1 list: All Hits 70s-20s 1"
"(thematic candidate)","","","","Midnight Rider","The Allman Brothers Band","Legendary Hits","549286792","576072","175","false","https://www.deezer.com/us/track/549286792","https://cdnt-preview.dzcdn.net/api/1/1/8/8/5/0/88570c34c440edb3516437b7fdaa2b52.mp3?hdnea=exp=1781745690~acl=/api/1/1/8/8/5/0/88570c34c440edb3516437b7fdaa2b52.mp3*~data=user_id=0,application_id=42~hmac=52a90fabbc33ee70852da200974be8da9d480df6084061a47e3138d8ee42a136","On 1 list: All Hits 70s-20s 1"
"(thematic candidate)","","","","Makes Me Wonder","Maroon 5","It Won't Be Soon Before Long","914780","576037","211","true","https://www.deezer.com/us/track/914780","https://cdnt-preview.dzcdn.net/api/1/1/0/f/6/0/0f67342563fee9eb4d5245989abc4f31.mp3?hdnea=exp=1781745706~acl=/api/1/1/0/f/6/0/0f67342563fee9eb4d5245989abc4f31.mp3*~data=user_id=0,application_id=42~hmac=f1c8017064a6282172028dc570d632c30c2396799ac338f98700388888aebadd","On 1 list: 2000-2018 Number 1 Billboard Hits"
"(thematic candidate)","","","","Give It Up","KC & The Sunshine Band","The Definitive 80's (eighties)","541998","575308","253","false","https://www.deezer.com/us/track/541998","https://cdnt-preview.dzcdn.net/api/1/1/a/0/d/0/a0d1642ea5cf34333343fdd8d2338c28.mp3?hdnea=exp=1781745696~acl=/api/1/1/a/0/d/0/a0d1642ea5cf34333343fdd8d2338c28.mp3*~data=user_id=0,application_id=42~hmac=72b256ca08339bd85f41b9d1eb8b908e69c9b7168b7d2a1d340c51c9b535c0ef","On 1 list: All Hits 70s-20s 1"
"(thematic candidate)","","","","Never There","Cake","Prolonging the Magic","969434","575147","164","false","https://www.deezer.com/us/track/969434","https://cdnt-preview.dzcdn.net/api/1/1/c/8/0/0/c8047439956b7a73bb4704d94ac10e3e.mp3?hdnea=exp=1781745692~acl=/api/1/1/c/8/0/0/c8047439956b7a73bb4704d94ac10e3e.mp3*~data=user_id=0,application_id=42~hmac=a03d35861768de2627caf664f6a98140e5d40488c9da8b70ad71ec86855015ca","On 1 list: All Hits 70s-20s 1"
"(thematic candidate)","","","","The Things We Do For Love","10cc","Deceptive Bends","1113991","574791","209","false","https://www.deezer.com/us/track/1113991","https://cdnt-preview.dzcdn.net/api/1/1/0/a/4/0/0a4c60921b4c29eca43222474cea60ae.mp3?hdnea=exp=1781745690~acl=/api/1/1/0/a/4/0/0a4c60921b4c29eca43222474cea60ae.mp3*~data=user_id=0,application_id=42~hmac=d26888ff16846c079032b21036da56b2f9dfad57a9a9c506ec3e6808d93df3e3","On 1 list: All Hits 70s-20s 1"
"(thematic candidate)","","","","U Can't Touch This","MC Hammer","Please Hammer Don't Hurt 'Em","3090793","574653","256","false","https://www.deezer.com/us/track/3090793","https://cdnt-preview.dzcdn.net/api/1/1/7/9/6/0/79663c2462dba4b6f5a4da1dd4921e0e.mp3?hdnea=exp=1781745692~acl=/api/1/1/7/9/6/0/79663c2462dba4b6f5a4da1dd4921e0e.mp3*~data=user_id=0,application_id=42~hmac=722395cde1494fcf5df8d0c5d63e994e4b01306d76b00c7a75959759e252db88","On 1 list: All Hits 70s-20s 1"
"(thematic candidate)","","","","You're the Voice","John Farnham","Collections","2221501","574432","304","false","https://www.deezer.com/us/track/2221501","https://cdnt-preview.dzcdn.net/api/1/1/b/8/3/0/b837ee52967891e25e21fae57d76f68f.mp3?hdnea=exp=1781745696~acl=/api/1/1/b/8/3/0/b837ee52967891e25e21fae57d76f68f.mp3*~data=user_id=0,application_id=42~hmac=d8f635292c425a9a5f5776c696ffe9befce47bf30c75d8d4394272cd76b57673","On 1 list: All Hits 70s-20s 1"
"(thematic candidate)","","","","Thank You (Falettinme Be Mice Elf Agin) (Single Version)","Sly & The Family Stone","The Essential Sly & The Family Stone","851908","573873","287","false","https://www.deezer.com/us/track/851908","https://cdnt-preview.dzcdn.net/api/1/1/4/e/8/0/4e8ff36d2fffad149e7fe728eaf22b61.mp3?hdnea=exp=1781745700~acl=/api/1/1/4/e/8/0/4e8ff36d2fffad149e7fe728eaf22b61.mp3*~data=user_id=0,application_id=42~hmac=2e75e54f227a6b89afb2e153ee835ba4abb6188aa7c8fa0e23472542eb16cf92","On 1 list: Billboard #1 hits '70s - Number one singles 1970-1979"
"(thematic candidate)","","","","True","Spandau Ballet","Mega 50 - Die 80er Jahre","5150053","573830","329","false","https://www.deezer.com/us/track/5150053","https://cdnt-preview.dzcdn.net/api/1/1/b/8/8/0/b88dc99b29ef49b3ab9ad3b1a6c8988d.mp3?hdnea=exp=1781745696~acl=/api/1/1/b/8/8/0/b88dc99b29ef49b3ab9ad3b1a6c8988d.mp3*~data=user_id=0,application_id=42~hmac=5692360de36d0eae276d4c7969eaa64f28f31045a5c7773c761cba090aa54f9a","On 1 list: All Hits 70s-20s 1"
"(thematic candidate)","","","","Any Way You Want It (2024 Remaster)","Journey","Greatest Hits (2024 Remaster)","534466","573756","203","false","https://www.deezer.com/us/track/534466","https://cdnt-preview.dzcdn.net/api/1/1/4/0/6/0/40697248065acdbda5ab31eb6fd476d1.mp3?hdnea=exp=1781745697~acl=/api/1/1/4/0/6/0/40697248065acdbda5ab31eb6fd476d1.mp3*~data=user_id=0,application_id=42~hmac=18a5d1b74929ce0b77a2444c77214e5c9c0d9010cd41b3335369e800de81f9dc","On 1 list: All Hits 70s-20s 1"
"(thematic candidate)","","","","Animal","Def Leppard","Hysteria","447552802","573310","244","false","https://www.deezer.com/us/track/447552802","https://cdnt-preview.dzcdn.net/api/1/1/a/d/4/0/ad44257bfe1f1c448b403cbf5a605eda.mp3?hdnea=exp=1781745695~acl=/api/1/1/a/d/4/0/ad44257bfe1f1c448b403cbf5a605eda.mp3*~data=user_id=0,application_id=42~hmac=cf506685ad3a8527139285a027dfb99eb9c50ae3c8c1481199b56553c331673f","On 1 list: All Hits 70s-20s 1"
"(thematic candidate)","","","","Rock Me Amadeus","Falco","The Definitive 80's (eighties)","542016","572721","203","false","https://www.deezer.com/us/track/542016","https://cdnt-preview.dzcdn.net/api/1/1/a/3/4/0/a3495f3a3ddeb140138b18f32696cf51.mp3?hdnea=exp=1781745702~acl=/api/1/1/a/3/4/0/a3495f3a3ddeb140138b18f32696cf51.mp3*~data=user_id=0,application_id=42~hmac=dbf630d44615bb1ebb4ddf448828df452219d235e9825d0fcde74f4c90a0f845","On 1 list: Billboard #1 hits '80s - Number one singles 1980-1989"
"(thematic candidate)","","","","How Am I Supposed to Live Without You","Michael Bolton","Greatest Hits 1985-1995","1015606","572569","254","false","https://www.deezer.com/us/track/1015606","https://cdnt-preview.dzcdn.net/api/1/1/b/3/2/0/b32d0cc2651b56f95d45fcf2e45e1771.mp3?hdnea=exp=1781745704~acl=/api/1/1/b/3/2/0/b32d0cc2651b56f95d45fcf2e45e1771.mp3*~data=user_id=0,application_id=42~hmac=6c76e7c98e1ccf1278affcaddd99e4a79673717de2d6f39558904e9d9e5f4fd1","On 1 list: Billboard #1 hits '90s - Number one singles 1990-1"
"(thematic candidate)","","","","Me Against the Music (feat. Madonna) (LP Version / Video Mix)","Britney Spears","In The Zone","15392959","571227","224","false","https://www.deezer.com/us/track/15392959","https://cdnt-preview.dzcdn.net/api/1/1/e/f/f/0/effc8c88c046ad1d1ad9c03d2ba08b18.mp3?hdnea=exp=1781745688~acl=/api/1/1/e/f/f/0/effc8c88c046ad1d1ad9c03d2ba08b18.mp3*~data=user_id=0,application_id=42~hmac=6630346c4da82a7b340e1642c559019172130adf732c514980275e561662fe9f","On 1 list: All Hits 70s-20s 1"
"(thematic candidate)","","","","Emotions","Mariah Carey","Emotions","1054624","570861","248","false","https://www.deezer.com/us/track/1054624","https://cdnt-preview.dzcdn.net/api/1/1/2/b/3/0/2b3272f6b399ea47f57e8dc40d03fdae.mp3?hdnea=exp=1781745704~acl=/api/1/1/2/b/3/0/2b3272f6b399ea47f57e8dc40d03fdae.mp3*~data=user_id=0,application_id=42~hmac=614c3bdc0eefeea4cefa23946de85426fefb36bd19f3b68b4c470c10db70b1fc","On 1 list: Billboard #1 hits '90s - Number one singles 1990-1"
"(thematic candidate)","","","","Hanginaround","Counting Crows","This Desert Life","78934714","570351","247","false","https://www.deezer.com/us/track/78934714","https://cdnt-preview.dzcdn.net/api/1/1/9/a/1/0/9a1b1588c99250a412e020615a830574.mp3?hdnea=exp=1781745693~acl=/api/1/1/9/a/1/0/9a1b1588c99250a412e020615a830574.mp3*~data=user_id=0,application_id=42~hmac=120203f16f5d3f4b9686a07c35c901e7d79a5c02009e1ee5c062d12a54870b01","On 1 list: All Hits 70s-20s 1"
"(thematic candidate)","","","","Crockett's Theme (From ""Miami Vice II"" Soundtrack)","Jan Hammer","Escape From Television","2277678","569959","209","false","https://www.deezer.com/us/track/2277678","https://cdnt-preview.dzcdn.net/api/1/1/8/6/0/0/86024a99acc2cfa80bc03a115cb1369f.mp3?hdnea=exp=1781745696~acl=/api/1/1/8/6/0/0/86024a99acc2cfa80bc03a115cb1369f.mp3*~data=user_id=0,application_id=42~hmac=af5ab317258e58e9f344540401a90683d8b05d0c6fde105e6acc6d85358ed99d","On 1 list: All Hits 70s-20s 1"
"(thematic candidate)","","","","Hard To Handle","The Black Crowes","Greatest Hits 1990-1999: A Tribute To A Work In Progress...","65707239","569685","188","false","https://www.deezer.com/us/track/65707239","https://cdnt-preview.dzcdn.net/api/1/1/9/a/9/0/9a926f65a34868c94ceef9ef1525f355.mp3?hdnea=exp=1781745693~acl=/api/1/1/9/a/9/0/9a926f65a34868c94ceef9ef1525f355.mp3*~data=user_id=0,application_id=42~hmac=d8c0e17d0d8020f461ca0c4df1bace27fdcf9e963231cead00f117459bd15813","On 1 list: All Hits 70s-20s 1"
"(thematic candidate)","","","","Behind Blue Eyes","Limp Bizkit","Behind Blue Eyes","634434452","569291","271","false","https://www.deezer.com/us/track/634434452","https://cdnt-preview.dzcdn.net/api/1/1/9/7/a/0/97a3a13b17186046c73f0ad69fb6798b.mp3?hdnea=exp=1781745687~acl=/api/1/1/9/7/a/0/97a3a13b17186046c73f0ad69fb6798b.mp3*~data=user_id=0,application_id=42~hmac=1924dbac1a20901092bff62c85f99524c80e57bd2dc8a84072fbe8f693349959","On 1 list: All Hits 70s-20s 1"
"(thematic candidate)","","","","New York State of Mind","Billy Joel","Turnstiles","15438710","569201","362","false","https://www.deezer.com/us/track/15438710","https://cdnt-preview.dzcdn.net/api/1/1/0/6/3/0/063bf37d8dd8ec5b13e9842d95fdf2c9.mp3?hdnea=exp=1781745689~acl=/api/1/1/0/6/3/0/063bf37d8dd8ec5b13e9842d95fdf2c9.mp3*~data=user_id=0,application_id=42~hmac=963dd7d603119e6ce7d20bf79cbb15b3a7a68294ca67baefbfbe8a41dd66ae7b","On 1 list: All Hits 70s-20s 1"
"(thematic candidate)","","","","Hungry Like the Wolf (2009 Remaster)","Duran Duran","Rio (Collector's Edition)","4127465","569153","220","false","https://www.deezer.com/us/track/4127465","https://cdnt-preview.dzcdn.net/api/1/1/6/5/2/0/652c7be4ebcc5220a7f49863cfc6e75f.mp3?hdnea=exp=1781745697~acl=/api/1/1/6/5/2/0/652c7be4ebcc5220a7f49863cfc6e75f.mp3*~data=user_id=0,application_id=42~hmac=d0deab3766f9004ca4f2569bfb963e2c269074c4b32931bfa57f7c6dcb809cdb","On 1 list: All Hits 70s-20s 1"
"(thematic candidate)","","","","All I Wanna Do Is Make Love To You","Heart","Brigade","3482138","567618","310","false","https://www.deezer.com/us/track/3482138","https://cdnt-preview.dzcdn.net/api/1/1/3/3/a/0/33a05ea1ab647393273ea3849946abe2.mp3?hdnea=exp=1781745694~acl=/api/1/1/3/3/a/0/33a05ea1ab647393273ea3849946abe2.mp3*~data=user_id=0,application_id=42~hmac=19a8fd23c2ac784fba5c56e0706bc8bef9ff7bec4c913ce6de321250f91eb26d","On 1 list: All Hits 70s-20s 1"
"(thematic candidate)","","","","Desperado (2013 Remaster)","Eagles","The Complete Greatest Hits (2013 Remaster)","68116150","566680","213","false","https://www.deezer.com/us/track/68116150","https://cdnt-preview.dzcdn.net/api/1/1/3/0/4/0/30450cc1209f594cf07913fe8edd26b8.mp3?hdnea=exp=1781745690~acl=/api/1/1/3/0/4/0/30450cc1209f594cf07913fe8edd26b8.mp3*~data=user_id=0,application_id=42~hmac=7cfb2768642ed351a2c04411c0a4e3e73fd8e1f02383d07687638019cc39a4fc","On 1 list: All Hits 70s-20s 1"
"(thematic candidate)","","","","Bat Out of Hell","Meat Loaf","Bat Out Of Hell","125468082","566666","590","false","https://www.deezer.com/us/track/125468082","https://cdnt-preview.dzcdn.net/api/1/1/b/1/1/0/b1143a12de359c041a8f1c36cd6b54b5.mp3?hdnea=exp=1781745689~acl=/api/1/1/b/1/1/0/b1143a12de359c041a8f1c36cd6b54b5.mp3*~data=user_id=0,application_id=42~hmac=93a685fa5b3c8f1faa8ee1c0507de24ebbbb7b6fa2c7933d212eca9271df93fa","On 1 list: All Hits 70s-20s 1"
"(thematic candidate)","","","","Far Behind","Candlebox","Candlebox","4292887","566440","299","false","https://www.deezer.com/us/track/4292887","https://cdnt-preview.dzcdn.net/api/1/1/4/8/c/0/48cfb86d533c2b522efebd2c2e28d0f2.mp3?hdnea=exp=1781745693~acl=/api/1/1/4/8/c/0/48cfb86d533c2b522efebd2c2e28d0f2.mp3*~data=user_id=0,application_id=42~hmac=f3e65856c8dbc5f99cc87014f9eda0b655fd65eedef656b984abf3a499abd1b5","On 1 list: All Hits 70s-20s 1"
"(thematic candidate)","","","","Hit Different (feat. Ty Dolla $ign, The Neptunes & Pharrell Williams)","SZA","Hit Different (feat. Ty Dolla $ign, The Neptunes & Pharrell Williams)","1068098412","565584","202","true","https://www.deezer.com/us/track/1068098412","https://cdnt-preview.dzcdn.net/api/1/1/9/c/e/0/9ce56e7a562cbcb37a548aa16a3dbe50.mp3?hdnea=exp=1781745698~acl=/api/1/1/9/c/e/0/9ce56e7a562cbcb37a548aa16a3dbe50.mp3*~data=user_id=0,application_id=42~hmac=5e1a00eec7568e541d59fd3196f3e44e53fdc501e5bb06b28d57df384ccdff7a","On 1 list: All Hits 70s-20s 1"
"(thematic candidate)","","","","It Just Won't Do (Radio Edit)","Tim Deluxe","It Just Won't Do","14748019","565096","198","false","https://www.deezer.com/us/track/14748019","https://cdnt-preview.dzcdn.net/api/1/1/3/2/5/0/325d3412e9e6fe3b6697b56c2354a44b.mp3?hdnea=exp=1781745688~acl=/api/1/1/3/2/5/0/325d3412e9e6fe3b6697b56c2354a44b.mp3*~data=user_id=0,application_id=42~hmac=2d56d52cd2d48652b240a10b14a934727131eec8b4bc4e077a750861eb5645a7","On 1 list: All Hits 70s-20s 1"
"(thematic candidate)","","","","Fly Robin Fly","Silver Convention","Fly Robin Fly","11787290","564586","230","false","https://www.deezer.com/us/track/11787290","https://cdnt-preview.dzcdn.net/api/1/1/2/a/a/0/2aa0ad31d6522d5c36c94a7e95b153df.mp3?hdnea=exp=1781745700~acl=/api/1/1/2/a/a/0/2aa0ad31d6522d5c36c94a7e95b153df.mp3*~data=user_id=0,application_id=42~hmac=632e224aaf1971614fefe3e7ba3ae03878adce52ea1c9098400588e378458e31","On 1 list: Billboard #1 hits '70s - Number one singles 1970-1979"
"(thematic candidate)","","","","Just What I Needed","The Cars","The Cars (Deluxe Edition)","404618712","564153","225","false","https://www.deezer.com/us/track/404618712","https://cdnt-preview.dzcdn.net/api/1/1/7/7/3/0/7734f8df16724bdbc7103f1c1ab2f8af.mp3?hdnea=exp=1781745696~acl=/api/1/1/7/7/3/0/7734f8df16724bdbc7103f1c1ab2f8af.mp3*~data=user_id=0,application_id=42~hmac=7bec925316d68b4f8418d17d63429bf69c8e668450dbc6779d7c35c357ffa9b0","On 1 list: All Hits 70s-20s 1"
"(thematic candidate)","","","","Big Yellow Taxi","Joni Mitchell","Hits","2812992","563765","134","false","https://www.deezer.com/us/track/2812992","https://cdnt-preview.dzcdn.net/api/1/1/2/2/5/0/2256658eac261b29969fb2896cc9fb22.mp3?hdnea=exp=1781745691~acl=/api/1/1/2/2/5/0/2256658eac261b29969fb2896cc9fb22.mp3*~data=user_id=0,application_id=42~hmac=9009c2783d186908b9a28ae2b7b4707898ac659c45eaed6b06a453fc33e71a71","On 1 list: All Hits 70s-20s 1"
"(thematic candidate)","","","","Forever Your Girl","Paula Abdul","Forever Your Girl","3311527","562919","298","false","https://www.deezer.com/us/track/3311527","https://cdnt-preview.dzcdn.net/api/1/1/1/3/a/0/13af15dd12ba7e84c62de19fc1b4c397.mp3?hdnea=exp=1781745703~acl=/api/1/1/1/3/a/0/13af15dd12ba7e84c62de19fc1b4c397.mp3*~data=user_id=0,application_id=42~hmac=7c510e92b2e5ef690f1ea26e6c280a3746ddafc502c46dc421941da2d7e74083","On 1 list: Billboard #1 hits '80s - Number one singles 1980-1989"
"(thematic candidate)","","","","Confessions Part II","USHER","Confessions (Expanded Edition)","13783452","561626","211","false","https://www.deezer.com/us/track/13783452","https://cdnt-preview.dzcdn.net/api/1/1/5/2/b/0/52baf945632b16f6fa9790a48f0becec.mp3?hdnea=exp=1781745706~acl=/api/1/1/5/2/b/0/52baf945632b16f6fa9790a48f0becec.mp3*~data=user_id=0,application_id=42~hmac=15d0b549b6f92997eab0ca78692492a0d90d29df910ab02875185db0a97c7be8","On 1 list: 2000-2018 Number 1 Billboard Hits"
"(thematic candidate)","","","","In Your Eyes","The Weeknd","After Hours","908859862","560278","237","true","https://www.deezer.com/us/track/908859862","https://cdnt-preview.dzcdn.net/api/1/1/5/8/e/0/58ea87a2e8eb244a4d351b832ab8dc4e.mp3?hdnea=exp=1781745698~acl=/api/1/1/5/8/e/0/58ea87a2e8eb244a4d351b832ab8dc4e.mp3*~data=user_id=0,application_id=42~hmac=d6da56f228d137dade91cea3ffb431cfc2d980bfae569eb7efd9fd34020e1b17","On 1 list: All Hits 70s-20s 1"
"(thematic candidate)","","","","I Want You Back","Jackson 5","Dance #1's","906572","560066","178","false","https://www.deezer.com/us/track/906572","https://cdnt-preview.dzcdn.net/api/1/1/2/2/9/0/2290bdbe4bceb4bb62cdf60491acc1cf.mp3?hdnea=exp=1781745700~acl=/api/1/1/2/2/9/0/2290bdbe4bceb4bb62cdf60491acc1cf.mp3*~data=user_id=0,application_id=42~hmac=da5195616c278164dbcb0ce48a138ce65ee8bff940558ebf99163474e4b96654","On 1 list: Billboard #1 hits '70s - Number one singles 1970-1979"
"(thematic candidate)","","","","All Rise","Blue","Best Of Blue","3152219","560059","223","false","https://www.deezer.com/us/track/3152219","https://cdnt-preview.dzcdn.net/api/1/1/0/7/6/0/076d5b53fb791c324d3fe25404a26326.mp3?hdnea=exp=1781745688~acl=/api/1/1/0/7/6/0/076d5b53fb791c324d3fe25404a26326.mp3*~data=user_id=0,application_id=42~hmac=51252addea63a39c64c90e505ca318fa9028f738cf55766794c6e210a3f4fe41","On 1 list: All Hits 70s-20s 1"
"(thematic candidate)","","","","My Boo (Hitman's Club Mix)","Ghost Town DJs","My Boo (Hitman's Club Mix)","124271124","560014","346","false","https://www.deezer.com/us/track/124271124","https://cdnt-preview.dzcdn.net/api/1/1/0/a/0/0/0a018212c84b989ce0b89d27bc99eeb5.mp3?hdnea=exp=1781745692~acl=/api/1/1/0/a/0/0/0a018212c84b989ce0b89d27bc99eeb5.mp3*~data=user_id=0,application_id=42~hmac=721cb4c23a90670fc8f686e65759aab701025bd2d163ddec12e5c30b061bd74d","On 1 list: All Hits 70s-20s 1"
"(thematic candidate)","","","","Right Here (Human Nature Radio Mix)","SWV","Platinum & Gold Collection","555805","559674","226","false","https://www.deezer.com/us/track/555805","https://cdnt-preview.dzcdn.net/api/1/1/6/a/5/0/6a516d424408c4870c4dccfaedda36c6.mp3?hdnea=exp=1781745694~acl=/api/1/1/6/a/5/0/6a516d424408c4870c4dccfaedda36c6.mp3*~data=user_id=0,application_id=42~hmac=13b0b513e4f82cf4b0e54e9885f267d318e9828d9988ae6eaac029dd3e9da2a8","On 1 list: All Hits 70s-20s 1"
"(thematic candidate)","","","","Orinoco Flow","Enya","Paint the Sky with Stars","65728152","559425","266","false","https://www.deezer.com/us/track/65728152","https://cdnt-preview.dzcdn.net/api/1/1/4/5/1/0/4518235d1a61e03144dffe98451cf3ec.mp3?hdnea=exp=1781745695~acl=/api/1/1/4/5/1/0/4518235d1a61e03144dffe98451cf3ec.mp3*~data=user_id=0,application_id=42~hmac=5042bdb31e927059ab54b7bd425b57e89aef29dcbdc10f57ca513c875d802e98","On 1 list: All Hits 70s-20s 1"
"(thematic candidate)","","","","Violet","Hole","Live Through This","6604067","557027","204","false","https://www.deezer.com/us/track/6604067","https://cdnt-preview.dzcdn.net/api/1/1/a/a/b/0/aabf798761f5f02cab646a69567f1751.mp3?hdnea=exp=1781745694~acl=/api/1/1/a/a/b/0/aabf798761f5f02cab646a69567f1751.mp3*~data=user_id=0,application_id=42~hmac=8d83cbe7a64d953cb05e51ed498bdaddd7a4ba1fab0c8dd9b95e00919d58b909","On 1 list: All Hits 70s-20s 1"
"(thematic candidate)","","","","Name","The Goo Goo Dolls","A Boy Named Goo","775475","556438","270","false","https://www.deezer.com/us/track/775475","https://cdnt-preview.dzcdn.net/api/1/1/a/f/4/0/af45d8d6387a364f700e06ba314b0db2.mp3?hdnea=exp=1781745692~acl=/api/1/1/a/f/4/0/af45d8d6387a364f700e06ba314b0db2.mp3*~data=user_id=0,application_id=42~hmac=324bbb3c57b6d5bfd804c3151cf7f7978a876cd018faebb3565f5e98886b51be","On 1 list: All Hits 70s-20s 1"
"(thematic candidate)","","","","All the Young Dudes","Mott The Hoople","All The Young Dudes (Expanded Edition)","13149413","556360","212","false","https://www.deezer.com/us/track/13149413","https://cdnt-preview.dzcdn.net/api/1/1/d/4/6/0/d46fadab194ca920ad6c701900f8078a.mp3?hdnea=exp=1781745690~acl=/api/1/1/d/4/6/0/d46fadab194ca920ad6c701900f8078a.mp3*~data=user_id=0,application_id=42~hmac=6610c03a6b559f97d3588038e2fc691f93c0fca8f8ca25149c948e611d7d0337","On 1 list: All Hits 70s-20s 1"
"(thematic candidate)","","","","Bonkers","Dizzee Rascal","Tongue N' Cheek (Dirtee Deluxe Edition)","15640851","555945","176","false","https://www.deezer.com/us/track/15640851","https://cdnt-preview.dzcdn.net/api/1/1/8/7/9/0/879a5907327ad9f3d9e61a5c54305f44.mp3?hdnea=exp=1781745688~acl=/api/1/1/8/7/9/0/879a5907327ad9f3d9e61a5c54305f44.mp3*~data=user_id=0,application_id=42~hmac=91eb18e2931e6f1d7daf1723fe3823c457000278ab2f06e20393d0b711d191f5","On 1 list: All Hits 70s-20s 1"
"(thematic candidate)","","","","1999","Prince","1999","690101","555470","379","false","https://www.deezer.com/us/track/690101","https://cdnt-preview.dzcdn.net/api/1/1/7/c/9/0/7c9f4eb78331cd2c994cced9694d6634.mp3?hdnea=exp=1781745694~acl=/api/1/1/7/c/9/0/7c9f4eb78331cd2c994cced9694d6634.mp3*~data=user_id=0,application_id=42~hmac=1bc069817404566ffc1ac11de1a1dd031f24391842c8c0c94eb9e440e94cb950","On 1 list: All Hits 70s-20s 1"
"(thematic candidate)","","","","Black Betty","Ram Jam","The Best Of The 70's (seventies)","541400","554967","237","false","https://www.deezer.com/us/track/541400","https://cdnt-preview.dzcdn.net/api/1/1/9/3/d/0/93d9c34aa1933061291b2a0e4533cf52.mp3?hdnea=exp=1781745689~acl=/api/1/1/9/3/d/0/93d9c34aa1933061291b2a0e4533cf52.mp3*~data=user_id=0,application_id=42~hmac=d0b059938346672e84f26400172c6ff135cc840bb8b6d5e70854b3d0e191f52b","On 1 list: All Hits 70s-20s 1"
"(thematic candidate)","","","","Sailing","Rod Stewart","Atlantic Crossing","2550755","554822","277","false","https://www.deezer.com/us/track/2550755","https://cdnt-preview.dzcdn.net/api/1/1/2/4/b/0/24b659baf751b50f31b6f28c226f74d8.mp3?hdnea=exp=1781745690~acl=/api/1/1/2/4/b/0/24b659baf751b50f31b6f28c226f74d8.mp3*~data=user_id=0,application_id=42~hmac=c12497e56b865480844cdac517ba6020f11823098e71289b7c3ca9fb2f5936a4","On 1 list: All Hits 70s-20s 1"
"(thematic candidate)","","","","Peace of Mind","Boston","Boston","84340027","554566","303","false","https://www.deezer.com/us/track/84340027","https://cdnt-preview.dzcdn.net/api/1/1/2/e/5/0/2e559cd1d884c503710207af7ec5bbed.mp3?hdnea=exp=1781745690~acl=/api/1/1/2/e/5/0/2e559cd1d884c503710207af7ec5bbed.mp3*~data=user_id=0,application_id=42~hmac=8c80908070d6b70a846f8be807dbac053c2d810020ec4ceca166614ad9c96672","On 1 list: All Hits 70s-20s 1"
"(thematic candidate)","","","","7 Seconds (feat. Neneh Cherry)","Youssou N'dour","Africa Greatest Hit Songs, Vol. 1","85275132","554410","306","false","https://www.deezer.com/us/track/85275132","https://cdnt-preview.dzcdn.net/api/1/1/6/4/a/0/64a625f474629054b45b52b57d22a91e.mp3?hdnea=exp=1781745694~acl=/api/1/1/6/4/a/0/64a625f474629054b45b52b57d22a91e.mp3*~data=user_id=0,application_id=42~hmac=62cebaff7211ab2265560e5991dacad14e711c1a32aded25e1a1dbfeff797eb6","On 1 list: All Hits 70s-20s 1"
"(thematic candidate)","","","","Sweet Dreams","La Bouche","Best Of La Bouche feat. Melanie Thornton (feat. Melanie Thornton)","76461356","554122","203","false","https://www.deezer.com/us/track/76461356","https://cdnt-preview.dzcdn.net/api/1/1/5/4/0/0/540cd0a8b4ffb0c87c4b372ed4d744cb.mp3?hdnea=exp=1781745694~acl=/api/1/1/5/4/0/0/540cd0a8b4ffb0c87c4b372ed4d744cb.mp3*~data=user_id=0,application_id=42~hmac=c82d9795191434e4aad8c4e6fff3fd4fe6a8d726f83c725716b737b434b6b01e","On 1 list: All Hits 70s-20s 1"
"(thematic candidate)","","","","Ridin' Solo","Jason Derulo","Ridin' Solo","6343265","554025","215","false","https://www.deezer.com/us/track/6343265","https://cdnt-preview.dzcdn.net/api/1/1/3/4/6/0/3463e48426a492315034fda82efc7000.mp3?hdnea=exp=1781745706~acl=/api/1/1/3/4/6/0/3463e48426a492315034fda82efc7000.mp3*~data=user_id=0,application_id=42~hmac=5e020ff7f8c7935d7be76f93ac2d01fbace73268add3fd1548e716da8a4dc6ff","On 1 list: 2000-2018 Number 1 Billboard Hits"
"(thematic candidate)","","","","Nothin' But A Good Time (Remastered 2006)","Poison","The Best Of - 20 Years Of Rock","3119140","553776","224","false","https://www.deezer.com/us/track/3119140","https://cdnt-preview.dzcdn.net/api/1/1/a/2/f/0/a2f2059ce1a61e544a935707bd4d2e4f.mp3?hdnea=exp=1781745696~acl=/api/1/1/a/2/f/0/a2f2059ce1a61e544a935707bd4d2e4f.mp3*~data=user_id=0,application_id=42~hmac=d8e3c42e4ac7b81b25f2482bbf14d2acfcecf98d5d39236e1f0d718c9c55cbb2","On 1 list: All Hits 70s-20s 1"
"(thematic candidate)","","","","Fernando","ABBA","ABBA Gold","884039","553103","255","false","https://www.deezer.com/us/track/884039","https://cdnt-preview.dzcdn.net/api/1/1/3/a/9/0/3a955b88b5778e7da015dc40293767cb.mp3?hdnea=exp=1781745690~acl=/api/1/1/3/a/9/0/3a955b88b5778e7da015dc40293767cb.mp3*~data=user_id=0,application_id=42~hmac=bb61bd981fc60f36785369e60611b771a8fb308b726d6ed40d1b2fe6fc3fabd5","On 1 list: All Hits 70s-20s 1"
"(thematic candidate)","","","","Put Your Records On","Ritt Momney","Put Your Records On","1082463492","553087","210","false","https://www.deezer.com/us/track/1082463492","https://cdnt-preview.dzcdn.net/api/1/1/f/2/6/0/f263db26c4c300a9e56188f4506ce3ed.mp3?hdnea=exp=1781745698~acl=/api/1/1/f/2/6/0/f263db26c4c300a9e56188f4506ce3ed.mp3*~data=user_id=0,application_id=42~hmac=3d3e67149a0d4efb921b31ee0dfa726798044b1858ac92ffae924eb3e5a1a785","On 1 list: All Hits 70s-20s 1"
"(thematic candidate)","","","","December, 1963 (Oh What a Night!)","The Four Seasons","The Very Best of Frankie Valli & The 4 Seasons","725715","552210","201","false","https://www.deezer.com/us/track/725715","https://cdnt-preview.dzcdn.net/api/1/1/9/f/2/0/9f28156b0dbc789b05c7b86a235af99d.mp3?hdnea=exp=1781745691~acl=/api/1/1/9/f/2/0/9f28156b0dbc789b05c7b86a235af99d.mp3*~data=user_id=0,application_id=42~hmac=201211a1c3d15e35af3bfc9cedd5ffeb327446f0e1d4be70301c821188697f96","On 1 list: All Hits 70s-20s 1"
"(thematic candidate)","","","","Unfinished Sympathy (2012 Mix/Master)","Massive Attack","Blue Lines (2012 Mix/Master)","61381707","552060","308","false","https://www.deezer.com/us/track/61381707","https://cdnt-preview.dzcdn.net/api/1/1/6/4/3/0/643c0983f745f7b3b1bd56aef2069a1d.mp3?hdnea=exp=1781745694~acl=/api/1/1/6/4/3/0/643c0983f745f7b3b1bd56aef2069a1d.mp3*~data=user_id=0,application_id=42~hmac=c698983e2e4d13c645d7d3dad64afa396198376a7f7a6d0ed00bd91e83210141","On 1 list: All Hits 70s-20s 1"
"(thematic candidate)","","","","Show Me The Way","Peter Frampton","Frampton","99490978","550853","245","false","https://www.deezer.com/us/track/99490978","https://cdnt-preview.dzcdn.net/api/1/1/a/c/a/0/acac510bfdd12c67820f703c98078cbe.mp3?hdnea=exp=1781745690~acl=/api/1/1/a/c/a/0/acac510bfdd12c67820f703c98078cbe.mp3*~data=user_id=0,application_id=42~hmac=4a2f5a4e67118717053a473ce1d5401792a0ae222242b7fdc9b790dbfb56d32c","On 1 list: All Hits 70s-20s 1"
"(thematic candidate)","","","","Sound and Vision (2017 Remaster)","David Bowie","Low (2017 Remaster)","461043562","550700","184","false","https://www.deezer.com/us/track/461043562","https://cdnt-preview.dzcdn.net/api/1/1/f/a/6/0/fa643e3eb29e7638567c30e6d29135ea.mp3?hdnea=exp=1781745691~acl=/api/1/1/f/a/6/0/fa643e3eb29e7638567c30e6d29135ea.mp3*~data=user_id=0,application_id=42~hmac=0bfa8c68bc8bbb6b77fbbbfed5461ff1105447c2bba0b5499a2bcbfa37075ebb","On 1 list: All Hits 70s-20s 1"
"(thematic candidate)","","","","Sundown","Gordon Lightfoot","Sundown","3822208","550156","213","false","https://www.deezer.com/us/track/3822208","https://cdnt-preview.dzcdn.net/api/1/1/9/6/7/0/96798739d65275365db61e72767d27b8.mp3?hdnea=exp=1781745700~acl=/api/1/1/9/6/7/0/96798739d65275365db61e72767d27b8.mp3*~data=user_id=0,application_id=42~hmac=cbfa509f0987cdf25c7952f44fe79b0314aa28bc4343caee351af17d713b8ea8","On 1 list: Billboard #1 hits '70s - Number one singles 1970-1979"
"(thematic candidate)","","","","She's so High","Tal Bachman","Tal Bachman","623469","550013","224","false","https://www.deezer.com/us/track/623469","https://cdnt-preview.dzcdn.net/api/1/1/f/4/e/0/f4e9fe4e647733c08dcf23bcb58c8843.mp3?hdnea=exp=1781745692~acl=/api/1/1/f/4/e/0/f4e9fe4e647733c08dcf23bcb58c8843.mp3*~data=user_id=0,application_id=42~hmac=257294bf05efb2a7183ec5a7374bd2799642f137322a20e31d5989c3ea8f222c","On 1 list: All Hits 70s-20s 1"
"(thematic candidate)","","","","The Logical Song (Remastered 2010)","Supertramp","Breakfast In America (Deluxe Edition)","7087537","549631","250","false","https://www.deezer.com/us/track/7087537","https://cdnt-preview.dzcdn.net/api/1/1/2/5/7/0/2573107f791c6ffdd430fcdaa9d8827d.mp3?hdnea=exp=1781745691~acl=/api/1/1/2/5/7/0/2573107f791c6ffdd430fcdaa9d8827d.mp3*~data=user_id=0,application_id=42~hmac=29519d41081e9abbe8492bf46f1936b977693e59d61a9ba2ce71b3d71e667f61","On 1 list: All Hits 70s-20s 1"
"(thematic candidate)","","","","I Want You","Savage Garden","Savage Garden - The Singles","117262948","549251","228","false","https://www.deezer.com/us/track/117262948","https://cdnt-preview.dzcdn.net/api/1/1/e/f/c/0/efc76c519a52773fc1acc409b7583421.mp3?hdnea=exp=1781745693~acl=/api/1/1/e/f/c/0/efc76c519a52773fc1acc409b7583421.mp3*~data=user_id=0,application_id=42~hmac=1ce835efb4e31fb95046bb06590af051692b46be871a8d4cc155dae9d9a23dce","On 1 list: All Hits 70s-20s 1"
"(thematic candidate)","","","","The Most Beautiful Girl In the World","Prince","The Gold Experience","536618412","549127","265","false","https://www.deezer.com/us/track/536618412","https://cdnt-preview.dzcdn.net/api/1/1/0/d/7/0/0d7323bd8e1e224d4d5361c5b4140b20.mp3?hdnea=exp=1781745692~acl=/api/1/1/0/d/7/0/0d7323bd8e1e224d4d5361c5b4140b20.mp3*~data=user_id=0,application_id=42~hmac=ad7c57d7c153594132b9b4a80ea6c69bb3240fd16f0cb88e19f8f1f088cdd497","On 1 list: All Hits 70s-20s 1"
"(thematic candidate)","","","","Buffalo Stance","Neneh Cherry","Raw Like Sushi","3324536","548954","342","false","https://www.deezer.com/us/track/3324536","https://cdnt-preview.dzcdn.net/api/1/1/f/3/4/0/f34af61c9b4aef462d7bb0e309d232b7.mp3?hdnea=exp=1781745695~acl=/api/1/1/f/3/4/0/f34af61c9b4aef462d7bb0e309d232b7.mp3*~data=user_id=0,application_id=42~hmac=05292cf439e3cb4f5330baae88ae2b56bbfed820ce11b8d63cee1132fdb4dc97","On 1 list: All Hits 70s-20s 1"
"(thematic candidate)","","","","Rhythm Of The Night","DeBarge","Rhythm Of The Night","75392184","548953","228","false","https://www.deezer.com/us/track/75392184","https://cdnt-preview.dzcdn.net/api/1/1/f/3/7/0/f37dcdb83951e7733d33884407e5a913.mp3?hdnea=exp=1781745695~acl=/api/1/1/f/3/7/0/f37dcdb83951e7733d33884407e5a913.mp3*~data=user_id=0,application_id=42~hmac=bfaf134108492a3f074d296d3ad90f744e2286e0c1689dc51e8cc47f480d79af","On 1 list: All Hits 70s-20s 1"
"(thematic candidate)","","","","Hanging By A Moment","Lifehouse","No Name Face","2628562","548805","215","false","https://www.deezer.com/us/track/2628562","https://cdnt-preview.dzcdn.net/api/1/1/0/8/b/0/08b7df2529cfcb1ef983d0e760e7893c.mp3?hdnea=exp=1781745687~acl=/api/1/1/0/8/b/0/08b7df2529cfcb1ef983d0e760e7893c.mp3*~data=user_id=0,application_id=42~hmac=457d8f66b29e330fb9046c1c8b34be0cb5cf851695d258acffa0a5f8a53944ae","On 1 list: All Hits 70s-20s 1"
"(thematic candidate)","","","","Wheel in the Sky (2024 Remaster)","Journey","Greatest Hits (2024 Remaster)","534463","548766","253","false","https://www.deezer.com/us/track/534463","https://cdnt-preview.dzcdn.net/api/1/1/9/b/5/0/9b59c6d925e12eb2ad86b3bf0ceae833.mp3?hdnea=exp=1781745690~acl=/api/1/1/9/b/5/0/9b59c6d925e12eb2ad86b3bf0ceae833.mp3*~data=user_id=0,application_id=42~hmac=3b2a6b29b89ad87a8e91d5b96adf6c8145f8c6646f8937228b4b9ab3fe58fcdf","On 1 list: All Hits 70s-20s 1"
"(thematic candidate)","","","","Señorita","Shawn Mendes","Shawn Mendes (Deluxe)","719670652","548704","191","false","https://www.deezer.com/us/track/719670652","https://cdnt-preview.dzcdn.net/api/1/1/b/5/e/0/b5e37f6e267540fa7d3319b691989d18.mp3?hdnea=exp=1781745708~acl=/api/1/1/b/5/e/0/b5e37f6e267540fa7d3319b691989d18.mp3*~data=user_id=0,application_id=42~hmac=d4ae73a3c1b3804056a48afb419fac8fa7c0d19a36cc9df0a0a64d47b803af6e","On 1 list: Number one billboard  2010´s"
"(thematic candidate)","","","","What About Us?","Brandy","Full Moon","714910","548262","253","false","https://www.deezer.com/us/track/714910","https://cdnt-preview.dzcdn.net/api/1/1/3/f/8/0/3f8895dbb9f5c5ae79c12e9ecbfee8ec.mp3?hdnea=exp=1781745688~acl=/api/1/1/3/f/8/0/3f8895dbb9f5c5ae79c12e9ecbfee8ec.mp3*~data=user_id=0,application_id=42~hmac=aa5049eb0f2197d592663f52a35c187086333dfcc4d5d29a737378404f5e3c9b","On 1 list: All Hits 70s-20s 1"
"(thematic candidate)","","","","Run Away","Real McCoy","Another Night","1042280","548018","238","false","https://www.deezer.com/us/track/1042280","https://cdnt-preview.dzcdn.net/api/1/1/1/f/4/0/1f434c5e2aa605cdfc961ef3a2c5941c.mp3?hdnea=exp=1781745694~acl=/api/1/1/1/f/4/0/1f434c5e2aa605cdfc961ef3a2c5941c.mp3*~data=user_id=0,application_id=42~hmac=4d4306ddb60c0ac56523681e180a4cfbd759c00bda56b6a7724432e2a7bfc67b","On 1 list: All Hits 70s-20s 1"
"(thematic candidate)","","","","Forget You","CeeLo Green","Fuck You","7303270","547888","222","false","https://www.deezer.com/us/track/7303270","https://cdnt-preview.dzcdn.net/api/1/1/8/f/f/0/8ff5e9d3efdd732a923761697353bc55.mp3?hdnea=exp=1781745698~acl=/api/1/1/8/f/f/0/8ff5e9d3efdd732a923761697353bc55.mp3*~data=user_id=0,application_id=42~hmac=2bee5e986052e684e3dfc8f98c9e546cd206018bc5844b6e772f40950cd986ef","On 1 list: All Hits 70s-20s 1"
"(thematic candidate)","","","","Rendezvous","Craig David","Born to Do It","143169100","547425","277","false","https://www.deezer.com/us/track/143169100","https://cdnt-preview.dzcdn.net/api/1/1/f/0/d/0/f0de07ee53c4d968e4a41f0a9cdb4c02.mp3?hdnea=exp=1781745687~acl=/api/1/1/f/0/d/0/f0de07ee53c4d968e4a41f0a9cdb4c02.mp3*~data=user_id=0,application_id=42~hmac=8f052ce5bec7b7f2d9a70f714620fcf3d949ef68ac74cb6e2d4eac4d039b03ec","On 1 list: All Hits 70s-20s 1"
"(thematic candidate)","","","","my future","Billie Eilish","my future","1035203282","546503","208","false","https://www.deezer.com/us/track/1035203282","https://cdnt-preview.dzcdn.net/api/1/1/d/8/c/0/d8c5ff9db48eccb0f30a4f2f1096599f.mp3?hdnea=exp=1781745698~acl=/api/1/1/d/8/c/0/d8c5ff9db48eccb0f30a4f2f1096599f.mp3*~data=user_id=0,application_id=42~hmac=c972b13791f28534216ecdd110ac74ded7e88cd3efaf0e3b224b40080d000048","On 1 list: All Hits 70s-20s 1"
"(thematic candidate)","","","","Lucky Man","The Verve","Urban Hymns (Deluxe / Remastered 2016)","398568272","546488","293","false","https://www.deezer.com/us/track/398568272","https://cdnt-preview.dzcdn.net/api/1/1/f/e/3/0/fe33683bed2d547babaa306f265d3c29.mp3?hdnea=exp=1781745694~acl=/api/1/1/f/e/3/0/fe33683bed2d547babaa306f265d3c29.mp3*~data=user_id=0,application_id=42~hmac=bdb5a3dcacba071f2cc3d108de35416dec8c566914a15fe5a1d24771abffcf6b","On 1 list: All Hits 70s-20s 1"
"(thematic candidate)","","","","Song Sung Blue","Neil Diamond","All-Time Greatest Hits","529949721","546115","183","false","https://www.deezer.com/us/track/529949721","https://cdnt-preview.dzcdn.net/api/1/1/6/7/6/0/676fcace7567d3a7519cc2e429b6982b.mp3?hdnea=exp=1781745700~acl=/api/1/1/6/7/6/0/676fcace7567d3a7519cc2e429b6982b.mp3*~data=user_id=0,application_id=42~hmac=4ba9cd890ebb4af6ad2e63ac442113735a24c0dcbd976f36e5d1b88f1fe2c341","On 1 list: Billboard #1 hits '70s - Number one singles 1970-1979"
"(thematic candidate)","","","","This Is Why I'm Hot","Mims","Music Is My Savior","3154364","545778","253","true","https://www.deezer.com/us/track/3154364","https://cdnt-preview.dzcdn.net/api/1/1/1/c/8/0/1c83b7d414d40d3ba878b49df535ea6b.mp3?hdnea=exp=1781745706~acl=/api/1/1/1/c/8/0/1c83b7d414d40d3ba878b49df535ea6b.mp3*~data=user_id=0,application_id=42~hmac=0048a7338b042cda621a4c36c7521867bf23a88a1d5334c452f5b0899a53d3f2","On 1 list: 2000-2018 Number 1 Billboard Hits"
"(thematic candidate)","","","","Boogie Oogie Oogie (Single Version / Remastered 2002)","A Taste Of Honey","Classic Masters (Remastered 2002)","3366649","545624","223","false","https://www.deezer.com/us/track/3366649","https://cdnt-preview.dzcdn.net/api/1/1/5/7/d/0/57d0e66563af38353aa7923a8ed42205.mp3?hdnea=exp=1781745701~acl=/api/1/1/5/7/d/0/57d0e66563af38353aa7923a8ed42205.mp3*~data=user_id=0,application_id=42~hmac=a230ffd40861474db5a7105d865f3c2d0c0e6e5d4d3b9f212415e36a84c38763","On 1 list: Billboard #1 hits '70s - Number one singles 1970-1979"
"(thematic candidate)","","","","Saturday in the Park (2002 Remaster)","Chicago","The Very Best of Chicago: Only the Beginning","3616297","545369","235","false","https://www.deezer.com/us/track/3616297","https://cdnt-preview.dzcdn.net/api/1/1/4/f/1/0/4f1566aedc39a918d69830843d06d79b.mp3?hdnea=exp=1781745691~acl=/api/1/1/4/f/1/0/4f1566aedc39a918d69830843d06d79b.mp3*~data=user_id=0,application_id=42~hmac=d469840943fed43599e1f080632d7ecb788311820dfc10c718109de5afade948","On 1 list: All Hits 70s-20s 1"
"(thematic candidate)","","","","Love Long Distance (Album Version)","Gossip","Music For Men","3732051","544867","264","false","https://www.deezer.com/us/track/3732051","https://cdnt-preview.dzcdn.net/api/1/1/a/6/0/0/a607c98a065505f0f10e547cbfb58aff.mp3?hdnea=exp=1781745687~acl=/api/1/1/a/6/0/0/a607c98a065505f0f10e547cbfb58aff.mp3*~data=user_id=0,application_id=42~hmac=a85b87ee80d0f9e6a57d98fa5026aea2c28ffe95860e3fd872a882b2c10349ee","On 1 list: All Hits 70s-20s 1"
"(thematic candidate)","","","","Open Your Heart","Madonna","True Blue","678366","544802","253","false","https://www.deezer.com/us/track/678366","https://cdnt-preview.dzcdn.net/api/1/1/d/5/9/0/d591db6dcbc36c60ec9f03325f875540.mp3?hdnea=exp=1781745702~acl=/api/1/1/d/5/9/0/d591db6dcbc36c60ec9f03325f875540.mp3*~data=user_id=0,application_id=42~hmac=e010dabc3c7471fb63758c64efa5c2ce907005403c487fa53418f9869f4a31fd","On 1 list: Billboard #1 hits '80s - Number one singles 1980-1989"
"(thematic candidate)","","","","A Kind Of Magic (Remastered 2011)","Queen","A Kind Of Magic (Deluxe Edition 2011 Remaster)","13499039","544776","263","false","https://www.deezer.com/us/track/13499039","https://cdnt-preview.dzcdn.net/api/1/1/c/9/2/0/c923f2902e4af434fd03156466809251.mp3?hdnea=exp=1781745695~acl=/api/1/1/c/9/2/0/c923f2902e4af434fd03156466809251.mp3*~data=user_id=0,application_id=42~hmac=59ecac201a2a3be693bdddd9a522b32723b22e9ea1f8cee1412ef37939b233f4","On 1 list: All Hits 70s-20s 1"
"(thematic candidate)","","","","The Next Time I Fall (with Amy Grant)","Peter Cetera","Solitude / Solitaire","2627639","544582","226","false","https://www.deezer.com/us/track/2627639","https://cdnt-preview.dzcdn.net/api/1/1/8/2/7/0/8277583a100f6231ba662b4490534097.mp3?hdnea=exp=1781745702~acl=/api/1/1/8/2/7/0/8277583a100f6231ba662b4490534097.mp3*~data=user_id=0,application_id=42~hmac=54324b6140aaa7407c7d836393a7f05c65ac6764a8fe693c600f4ca5d6f17158","On 1 list: Billboard #1 hits '80s - Number one singles 1980-1989"
"(thematic candidate)","","","","You've Got Another Thing Comin'","Judas Priest","Screaming For Vengeance","870942","544313","310","false","https://www.deezer.com/us/track/870942","https://cdnt-preview.dzcdn.net/api/1/1/c/d/e/0/cde913b5af191dad5c4d8a062b732f61.mp3?hdnea=exp=1781745697~acl=/api/1/1/c/d/e/0/cde913b5af191dad5c4d8a062b732f61.mp3*~data=user_id=0,application_id=42~hmac=79dca261e3ee043fdeb484c6bc4ef6f8ddeb4f6b9e32584723dba4dc28c42908","On 1 list: All Hits 70s-20s 1"
"(thematic candidate)","","","","Strangelove","Depeche Mode","Music for the Masses (Deluxe)","136334626","544201","296","false","https://www.deezer.com/us/track/136334626","https://cdnt-preview.dzcdn.net/api/1/1/5/3/e/0/53e5f26a8b45b616c786f1a0d5a7c32f.mp3?hdnea=exp=1781745697~acl=/api/1/1/5/3/e/0/53e5f26a8b45b616c786f1a0d5a7c32f.mp3*~data=user_id=0,application_id=42~hmac=3a0b04909c0fa549e98e9cd5e271dcd26bf65d862d1a92816d471b0cc7a6c379","On 1 list: All Hits 70s-20s 1"
"(thematic candidate)","","","","No More Tears (Enough Is Enough) (feat. Donna Summer)","Barbra Streisand","The Essential Barbra Streisand","625751","543816","283","false","https://www.deezer.com/us/track/625751","https://cdnt-preview.dzcdn.net/api/1/1/1/1/3/0/113316f7682d253e80a5b0d77f90fa42.mp3?hdnea=exp=1781745701~acl=/api/1/1/1/1/3/0/113316f7682d253e80a5b0d77f90fa42.mp3*~data=user_id=0,application_id=42~hmac=da8392e44cd5cf8fa9a4a6c5c14d5db3f8aa2cdadb7102cab2ce103c554901c2","On 1 list: Billboard #1 hits '70s - Number one singles 1970-1979"
"(thematic candidate)","","","","Batdance","Prince","Batman","3917698","543476","373","false","https://www.deezer.com/us/track/3917698","https://cdnt-preview.dzcdn.net/api/1/1/f/e/4/0/fe4abebd6157d1edaabb2e4ead299b24.mp3?hdnea=exp=1781745703~acl=/api/1/1/f/e/4/0/fe4abebd6157d1edaabb2e4ead299b24.mp3*~data=user_id=0,application_id=42~hmac=afeb73cd37f81c9e4c4764517e93af2f50f9348b4501e94f87d6615bf80939db","On 1 list: Billboard #1 hits '80s - Number one singles 1980-1989"
"(thematic candidate)","","","","Raindrops Keep Fallin' On My Head","B. J. Thomas","Raindrops Keep Fallin' On My Head","108312866","543290","184","false","https://www.deezer.com/us/track/108312866","https://cdnt-preview.dzcdn.net/api/1/1/2/f/e/0/2fe609b3895099ce08ae074631319369.mp3?hdnea=exp=1781745700~acl=/api/1/1/2/f/e/0/2fe609b3895099ce08ae074631319369.mp3*~data=user_id=0,application_id=42~hmac=2c195c488f59434327c1805631a917d10f3862783a99c91acbb55c5e007de7dc","On 1 list: Billboard #1 hits '70s - Number one singles 1970-1979"
"(thematic candidate)","","","","Do That To Me One More Time","Captain & Tennille","'80s Pop #1's","906580","543135","253","false","https://www.deezer.com/us/track/906580","https://cdnt-preview.dzcdn.net/api/1/1/4/c/a/0/4ca3818d8cb41fda5350f3724793909b.mp3?hdnea=exp=1781745702~acl=/api/1/1/4/c/a/0/4ca3818d8cb41fda5350f3724793909b.mp3*~data=user_id=0,application_id=42~hmac=b8d8305592a077ea4cb57f681670bdcab7ee690595b931340759c94f2cb874da","On 1 list: Billboard #1 hits '80s - Number one singles 1980-1989"
"(thematic candidate)","","","","Love Rollercoaster","Ohio Players","20th Century Masters: The Millennium Collection: Best Of Ohio Players","549262732","542704","292","false","https://www.deezer.com/us/track/549262732","https://cdnt-preview.dzcdn.net/api/1/1/a/4/d/0/a4dcf19ed68f0b2bb1a31fd4cea80133.mp3?hdnea=exp=1781745700~acl=/api/1/1/a/4/d/0/a4dcf19ed68f0b2bb1a31fd4cea80133.mp3*~data=user_id=0,application_id=42~hmac=834d5f3be15e7d0eaaf13cf0c0d63f3adbbf5ead269affcad3fe66ad598a1089","On 1 list: Billboard #1 hits '70s - Number one singles 1970-1979"
"(thematic candidate)","","","","Saturday Night (Radio Mix)","Whigfield","Saturday Night Single","6907031","542383","247","false","https://www.deezer.com/us/track/6907031","https://cdnt-preview.dzcdn.net/api/1/1/a/a/d/0/aadd1434917ccb762f6db550d757d08a.mp3?hdnea=exp=1781745694~acl=/api/1/1/a/a/d/0/aadd1434917ccb762f6db550d757d08a.mp3*~data=user_id=0,application_id=42~hmac=9a831e7a0636b106aa45e16e4eb7b305a932f0e253ea137dbc605db07312b058","On 1 list: All Hits 70s-20s 1"
"(thematic candidate)","","","","MacArthur Park (Single Version)","Donna Summer","Summer: The Original Hits","487042412","542049","235","false","https://www.deezer.com/us/track/487042412","https://cdnt-preview.dzcdn.net/api/1/1/5/3/8/0/538903202cf910068ce2f832ef94f5bf.mp3?hdnea=exp=1781745701~acl=/api/1/1/5/3/8/0/538903202cf910068ce2f832ef94f5bf.mp3*~data=user_id=0,application_id=42~hmac=2fe3caf35f2605e7fd287901c7952b9183010ca0cc235268c893a18c2ab653b4","On 1 list: Billboard #1 hits '70s - Number one singles 1970-1979"
"(thematic candidate)","","","","Amber","311","Greatest Hits '93 - '03","13176040","541530","211","false","https://www.deezer.com/us/track/13176040","https://cdnt-preview.dzcdn.net/api/1/1/2/3/1/0/2310542f07fb82cebeeca15e614f8969.mp3?hdnea=exp=1781745691~acl=/api/1/1/2/3/1/0/2310542f07fb82cebeeca15e614f8969.mp3*~data=user_id=0,application_id=42~hmac=d98d72855adf62719da5a0559e0fb89e0a299ef78819a933dde6e04d37f352e5","On 1 list: All Hits 70s-20s 1"
"(thematic candidate)","","","","august","Taylor Swift","folklore","1031382772","541366","261","false","https://www.deezer.com/us/track/1031382772","https://cdnt-preview.dzcdn.net/api/1/1/3/0/1/0/30120651603e22bbf788ae60c954cb2b.mp3?hdnea=exp=1781745697~acl=/api/1/1/3/0/1/0/30120651603e22bbf788ae60c954cb2b.mp3*~data=user_id=0,application_id=42~hmac=ed5782993784482c3ff341a66f2cc4ac281cfbf37785f1862a3be93cdc97582b","On 1 list: All Hits 70s-20s 1"
"(thematic candidate)","","","","When Will I Be Famous?","Bros","The Best Of Bros","619346","540325","239","false","https://www.deezer.com/us/track/619346","https://cdnt-preview.dzcdn.net/api/1/1/3/4/c/0/34c29cea90d67427d785afd6881635d8.mp3?hdnea=exp=1781745695~acl=/api/1/1/3/4/c/0/34c29cea90d67427d785afd6881635d8.mp3*~data=user_id=0,application_id=42~hmac=ab39623c32c7e4321fbeede3d6c74d8b4d2e3d7531deca62eeee32f5ec005b6a","On 1 list: All Hits 70s-20s 1"
"(thematic candidate)","","","","Freedom! '90 (Remastered)","George Michael","Listen Without Prejudice / MTV Unplugged (Deluxe)","414745982","539981","390","false","https://www.deezer.com/us/track/414745982","https://cdnt-preview.dzcdn.net/api/1/1/9/8/8/0/9885b3ec81597a65837ed2e42adcf2e3.mp3?hdnea=exp=1781745694~acl=/api/1/1/9/8/8/0/9885b3ec81597a65837ed2e42adcf2e3.mp3*~data=user_id=0,application_id=42~hmac=71bcf2da99f493f53428d2e43b0d8272d2294b07c4a573cdfb513dc17b822ce3","On 1 list: All Hits 70s-20s 1"
"(thematic candidate)","","","","Walk Like an Egyptian","The Bangles","The Essential Bangles","610231","539461","203","false","https://www.deezer.com/us/track/610231","https://cdnt-preview.dzcdn.net/api/1/1/1/f/4/0/1f4a1e12663babaced37feb3a08cda90.mp3?hdnea=exp=1781745702~acl=/api/1/1/1/f/4/0/1f4a1e12663babaced37feb3a08cda90.mp3*~data=user_id=0,application_id=42~hmac=4bcb31c4207e88b87010bd9680619920122c77eec234d30bc6b7db483ce38d77","On 1 list: Billboard #1 hits '80s - Number one singles 1980-1989"
"(thematic candidate)","","","","Laid","James","James: The Best Of","1147560","537215","156","false","https://www.deezer.com/us/track/1147560","https://cdnt-preview.dzcdn.net/api/1/1/8/8/f/0/88f4ac5fe18b8265197ec5fdf9d17588.mp3?hdnea=exp=1781745694~acl=/api/1/1/8/8/f/0/88f4ac5fe18b8265197ec5fdf9d17588.mp3*~data=user_id=0,application_id=42~hmac=65bc317afc4e57894cf2a1bc5f62af7abc4b9fbba77a04aa518870ebc09dc03c","On 1 list: All Hits 70s-20s 1"
"(thematic candidate)","","","","If","Bread","The Best of Bread","675110","537050","155","false","https://www.deezer.com/us/track/675110","https://cdnt-preview.dzcdn.net/api/1/1/4/b/e/0/4be026bb58607af46c8ca2f7685863b9.mp3?hdnea=exp=1781745690~acl=/api/1/1/4/b/e/0/4be026bb58607af46c8ca2f7685863b9.mp3*~data=user_id=0,application_id=42~hmac=a0c30308eb8294980c6aeadcd75a0283fff27f1f8819b38bf5c63e32d50fa4c5","On 1 list: All Hits 70s-20s 1"
"(thematic candidate)","","","","Bizarre Love Triangle","New Order","Brotherhood (Collector's Edition)","2481156","536191","263","false","https://www.deezer.com/us/track/2481156","https://cdnt-preview.dzcdn.net/api/1/1/1/e/2/0/1e27c8cd27b2453d2e2880e2f701d199.mp3?hdnea=exp=1781745696~acl=/api/1/1/1/e/2/0/1e27c8cd27b2453d2e2880e2f701d199.mp3*~data=user_id=0,application_id=42~hmac=a5a59111547c6c630fc8c8d9793402556d2926a171c473b534b90e89fd4b99cb","On 1 list: All Hits 70s-20s 1"
"(thematic candidate)","","","","ATLiens","OutKast","ATLiens","1047823","534354","230","true","https://www.deezer.com/us/track/1047823","https://cdnt-preview.dzcdn.net/api/1/1/d/e/d/0/ded70a96a6141158dd5127073832a00b.mp3?hdnea=exp=1781745693~acl=/api/1/1/d/e/d/0/ded70a96a6141158dd5127073832a00b.mp3*~data=user_id=0,application_id=42~hmac=133d06f9985f653e577622312934ec6a557c798e0c4305bc76caa19fd2e91656","On 1 list: All Hits 70s-20s 1"
"(thematic candidate)","","","","Separate Ways (Worlds Apart) [2024 Remaster]","Journey","Greatest Hits (2024 Remaster)","534469","533952","326","false","https://www.deezer.com/us/track/534469","https://cdnt-preview.dzcdn.net/api/1/1/9/a/f/0/9af8f99ef95bb9cf2b92a2dceb3013a7.mp3?hdnea=exp=1781745697~acl=/api/1/1/9/a/f/0/9af8f99ef95bb9cf2b92a2dceb3013a7.mp3*~data=user_id=0,application_id=42~hmac=c21fae7e66d3d492024ed8dc742fea9eb1b3cd7ed682aa2c714d2fc923472824","On 1 list: All Hits 70s-20s 1"
"(thematic candidate)","","","","Back & Forth","Aaliyah","Age Ain't Nothing But A Number","612837","533499","231","false","https://www.deezer.com/us/track/612837","https://cdnt-preview.dzcdn.net/api/1/1/9/9/f/0/99f42ba52a4ce1527b7bbc2ec059f7f3.mp3?hdnea=exp=1781745692~acl=/api/1/1/9/9/f/0/99f42ba52a4ce1527b7bbc2ec059f7f3.mp3*~data=user_id=0,application_id=42~hmac=52afb613c97f0b679c13ad28cb2a02978b404c7d6ea9e97ad80b1f53e6a43a4e","On 1 list: All Hits 70s-20s 1"
"(thematic candidate)","","","","Save Room","John Legend","Once Again","71127959","533427","236","false","https://www.deezer.com/us/track/71127959","https://cdnt-preview.dzcdn.net/api/1/1/5/f/d/0/5fd800a057fa04a8d7344d86cad8d027.mp3?hdnea=exp=1781745688~acl=/api/1/1/5/f/d/0/5fd800a057fa04a8d7344d86cad8d027.mp3*~data=user_id=0,application_id=42~hmac=20c5ed6a2f7311bb98b16975d0cd847da16602a5fad10df2f6ab523349ab9b2b","On 1 list: All Hits 70s-20s 1"
"(thematic candidate)","","","","Push","Matchbox Twenty","Yourself or Someone Like You","3664085","532913","238","false","https://www.deezer.com/us/track/3664085","https://cdnt-preview.dzcdn.net/api/1/1/0/e/d/0/0ede3862877ff1824a000d0208d3674c.mp3?hdnea=exp=1781745693~acl=/api/1/1/0/e/d/0/0ede3862877ff1824a000d0208d3674c.mp3*~data=user_id=0,application_id=42~hmac=c0f7a1cca0d946299df32832474ffe62252a3805f837bd83f1491686f0f2c6bf","On 1 list: All Hits 70s-20s 1"
"(thematic candidate)","","","","Hurt","Nine Inch Nails","The Downward Spiral","1173969","532805","375","false","https://www.deezer.com/us/track/1173969","https://cdnt-preview.dzcdn.net/api/1/1/8/7/8/0/878db0a43fab293b5b4aa906299681c5.mp3?hdnea=exp=1781745693~acl=/api/1/1/8/7/8/0/878db0a43fab293b5b4aa906299681c5.mp3*~data=user_id=0,application_id=42~hmac=82f453b237c883df9ffcabdea01df2cbcfc3554646efcbb83822e81d182ade39","On 1 list: All Hits 70s-20s 1"
"(thematic candidate)","","","","You're Beautiful","James Blunt","Back to Bedlam","784321","532437","209","true","https://www.deezer.com/us/track/784321","https://cdnt-preview.dzcdn.net/api/1/1/6/7/0/0/670ea0fd169d1daae01a0e71200be597.mp3?hdnea=exp=1781745706~acl=/api/1/1/6/7/0/0/670ea0fd169d1daae01a0e71200be597.mp3*~data=user_id=0,application_id=42~hmac=71d305d48b4ba54e0052696173f914a4a4a49616d8018b62908705a596b0d5b6","On 1 list: 2000-2018 Number 1 Billboard Hits"
"(thematic candidate)","","","","Candle In The Wind 1997","Elton John","Candle In The Wind 1997 / Something About ...","1103313","531980","247","false","https://www.deezer.com/us/track/1103313","https://cdnt-preview.dzcdn.net/api/1/1/3/9/9/0/399de4e52c6e6d468f12ff3a82e1e7bc.mp3?hdnea=exp=1781745705~acl=/api/1/1/3/9/9/0/399de4e52c6e6d468f12ff3a82e1e7bc.mp3*~data=user_id=0,application_id=42~hmac=8c4812ce3fef703b143f688cd4f3b3a117aca3d327b62c74641ca283392fa5b8","On 1 list: Billboard #1 hits '90s - Number one singles 1990-1"
