OriginalTitle,OriginalArtist,OriginalDeezerId,OriginalRank,AlternativeTitle,AlternativeArtist,AlternativeAlbum,AlternativeDeezerId,AlternativeRank,AlternativeDurationSec,AlternativeExplicit,DeezerTrackUrl,AlternativePreviewUrl,ConfidenceNote
"(thematic candidate)","","","","Tush (2006 Remaster)","ZZ Top","Ultimate 70s Rock Legends","78971418","62702","133","false","https://www.deezer.com/us/track/78971418","https://cdnt-preview.dzcdn.net/api/1/1/3/5/b/0/35bdf62269345dec6a723d3864897cc3.mp3?hdnea=exp=1781363514~acl=/api/1/1/3/5/b/0/35bdf62269345dec6a723d3864897cc3.mp3*~data=user_id=0,application_id=42~hmac=e0397288831e3973c1c1647408937ed1fa375e23cd3e7770f8424355dddbf488","On 2 editorial lists"
"(thematic candidate)","","","","With You (feat. Omah Lay)","Davido","5ive","3324595541","698436","136","false","https://www.deezer.com/us/track/3324595541","https://cdnt-preview.dzcdn.net/api/1/1/0/2/d/0/02d66bc4643a06950c10d9c3da68e543.mp3?hdnea=exp=1781363517~acl=/api/1/1/0/2/d/0/02d66bc4643a06950c10d9c3da68e543.mp3*~data=user_id=0,application_id=42~hmac=e4d0d18c141c1a99202b8f36cfcd9abc5183f8a4d03264bff4d1db17b3f5f4cf","On 1 list: Summer Hits"
"(thematic candidate)","","","","New Gold (feat. Tame Impala and Bootie Brown)","Gorillaz","New Gold (feat. Tame Impala and Bootie Brown)","1878740837","697310","215","true","https://www.deezer.com/us/track/1878740837","https://cdnt-preview.dzcdn.net/api/1/1/5/0/5/0/5056caf925fb44a44947313b485f660e.mp3?hdnea=exp=1781363516~acl=/api/1/1/5/0/5/0/5056caf925fb44a44947313b485f660e.mp3*~data=user_id=0,application_id=42~hmac=7bbeb40b4a59674f644e029998c94aafe0ab09597dd2c3ba43ff670dfdda176c","On 1 list: Feel Good Commute"
"(thematic candidate)","","","","Edge of Seventeen","Stevie Nicks","Crystal Visions...The Very Best of Stevie Nicks","680601","695064","329","false","https://www.deezer.com/us/track/680601","https://cdnt-preview.dzcdn.net/api/1/1/f/d/7/0/fd7c75f22ada3716d3c3367c06154ec7.mp3?hdnea=exp=1781363514~acl=/api/1/1/f/d/7/0/fd7c75f22ada3716d3c3367c06154ec7.mp3*~data=user_id=0,application_id=42~hmac=ef074793c2070582670f969d1b94e5825ac87e23a6b13a2c40d13c95d7288065","On 1 list: 100 Greatest Driving Songs"
"(thematic candidate)","","","","Panama (2015 Remaster)","Van Halen","1984 (Remastered)","97098412","694728","210","false","https://www.deezer.com/us/track/97098412","https://cdnt-preview.dzcdn.net/api/1/1/3/5/0/0/3500ceffbfe9b3200471e8c67e80f8db.mp3?hdnea=exp=1781363514~acl=/api/1/1/3/5/0/0/3500ceffbfe9b3200471e8c67e80f8db.mp3*~data=user_id=0,application_id=42~hmac=c8ea197391a693ac9417480e73b8a4e990ec35d91856db6c207a1754f2b5059e","On 1 list: 100 Greatest Driving Songs"
"(thematic candidate)","","","","I'm a Believer (2006 Remaster)","The Monkees","More of The Monkees (Deluxe Edition)","764920","690072","167","false","https://www.deezer.com/us/track/764920","https://cdnt-preview.dzcdn.net/api/1/1/a/2/c/0/a2ceac5e338df5614ab25380a3b15206.mp3?hdnea=exp=1781363514~acl=/api/1/1/a/2/c/0/a2ceac5e338df5614ab25380a3b15206.mp3*~data=user_id=0,application_id=42~hmac=08d65ed8e407ce1ef8316492edeec8232b5140319dc31e5d34ef0b3afa11d494","On 1 list: 100 Greatest Driving Songs"
"(thematic candidate)","","","","Tongue Tied","Grouplove","Never Trust a Happy Song","13544758","688409","218","false","https://www.deezer.com/us/track/13544758","https://cdnt-preview.dzcdn.net/api/1/1/6/c/c/0/6cc10b494e12b44cf4e5250e0593539f.mp3?hdnea=exp=1781363515~acl=/api/1/1/6/c/c/0/6cc10b494e12b44cf4e5250e0593539f.mp3*~data=user_id=0,application_id=42~hmac=96cc55a3ee113efa028dac5776aaf3874cfc74ce91fd9d62c2d7e20c07e8dc85","On 1 list: Summer Road Trip Jams 2023"
"(thematic candidate)","","","","Ride Lonesome","Beck","Ride Lonesome","3958563661","685690","272","false","https://www.deezer.com/us/track/3958563661","https://cdnt-preview.dzcdn.net/api/1/1/9/f/c/0/9fcb6bd6f11e970df9fd1f2628d290ed.mp3?hdnea=exp=1781363512~acl=/api/1/1/9/f/c/0/9fcb6bd6f11e970df9fd1f2628d290ed.mp3*~data=user_id=0,application_id=42~hmac=003a51746ebd0a365989f2fa2646c5d31714611dbc4086a14791702408250b4c","On 1 list: Rock Road Trip"
"(thematic candidate)","","","","Égaré","M. Pokora","ADRÉNALINE, LA RÉÉDITION","3630231462","681960","167","false","https://www.deezer.com/us/track/3630231462","https://cdnt-preview.dzcdn.net/api/1/1/6/2/f/0/62f213edd08211e83cb02311758b4532.mp3?hdnea=exp=1781363516~acl=/api/1/1/6/2/f/0/62f213edd08211e83cb02311758b4532.mp3*~data=user_id=0,application_id=42~hmac=a719bd1bab99bb5bf0dc097c43358adb34fe3223480c511e1a5db10181b0453b","On 1 list: Feel Good Commute"
"(thematic candidate)","","","","One","Johnny Cash","American III: Solitary Man","65690342","680753","231","false","https://www.deezer.com/us/track/65690342","https://cdnt-preview.dzcdn.net/api/1/1/6/6/e/0/66ee1ace08f03dc3158e60e8240c69cd.mp3?hdnea=exp=1781363512~acl=/api/1/1/6/6/e/0/66ee1ace08f03dc3158e60e8240c69cd.mp3*~data=user_id=0,application_id=42~hmac=212edf585152581d2d60cdaceeae29ad923fa26856e744e5a81f20eaeef97b6b","On 1 list: Rock Road Trip"
"(thematic candidate)","","","","Feels Like Summer","Childish Gambino","Summer Pack","526591392","680622","297","false","https://www.deezer.com/us/track/526591392","https://cdnt-preview.dzcdn.net/api/1/1/6/d/e/0/6de1a8d1bca56af740fb5902e33b274e.mp3?hdnea=exp=1781363515~acl=/api/1/1/6/d/e/0/6de1a8d1bca56af740fb5902e33b274e.mp3*~data=user_id=0,application_id=42~hmac=6a6ee4448a8c9223eeaeca101c0110a7b59b948eda2a769b0948053c686bda4c","On 1 list: Summer Road Trip Jams 2023"
"(thematic candidate)","","","","Life On The Run","Brandi Carlile","Life On The Run","4022864071","678826","229","false","https://www.deezer.com/us/track/4022864071","https://cdnt-preview.dzcdn.net/api/1/1/b/2/6/0/b26337a721cc3c8cb67ee8bb0fb69737.mp3?hdnea=exp=1781363513~acl=/api/1/1/b/2/6/0/b26337a721cc3c8cb67ee8bb0fb69737.mp3*~data=user_id=0,application_id=42~hmac=056168d3239bd7fcfa6bd77dad4881a26f051575323e5a195ed179c16ecc3b74","On 1 list: roadtrip radio"
"(thematic candidate)","","","","Black Horse And The Cherry Tree (Radio Version)","KT Tunstall","Eye To The Telescope","3120612","676480","171","false","https://www.deezer.com/us/track/3120612","https://cdnt-preview.dzcdn.net/api/1/1/1/7/4/0/174e82d80a4145d7641c0ec02f2d457c.mp3?hdnea=exp=1781363513~acl=/api/1/1/1/7/4/0/174e82d80a4145d7641c0ec02f2d457c.mp3*~data=user_id=0,application_id=42~hmac=39e0e18b104ff7e488d91dd33a9fb6f3d44c3038bad3932e1c50270a5533dc9a","On 1 list: roadtrip radio"
"(thematic candidate)","","","","Light Switch","Charlie Puth","Light Switch","1622528782","675833","185","false","https://www.deezer.com/us/track/1622528782","https://cdnt-preview.dzcdn.net/api/1/1/3/4/2/0/34267e5d2940f55f62844e22d10d6eb2.mp3?hdnea=exp=1781363513~acl=/api/1/1/3/4/2/0/34267e5d2940f55f62844e22d10d6eb2.mp3*~data=user_id=0,application_id=42~hmac=557c53ed7e689dd80daa7f127842af14fc67cebb680b1a566da462ff67a1048c","On 1 list: roadtrip radio"
"(thematic candidate)","","","","Fell On Black Days","Soundgarden","Telephantasm","7087587","674329","282","false","https://www.deezer.com/us/track/7087587","https://cdnt-preview.dzcdn.net/api/1/1/3/f/a/0/3faa5e508bbfa0ca1b520abfdafc24eb.mp3?hdnea=exp=1781363512~acl=/api/1/1/3/f/a/0/3faa5e508bbfa0ca1b520abfdafc24eb.mp3*~data=user_id=0,application_id=42~hmac=ffd34bd2586f2f184eabca673d70649db66d34b7979a5244227ca145a4868971","On 1 list: Rock Road Trip"
"(thematic candidate)","","","","American Cars","Noah Kahan","The Great Divide","3974113441","668639","272","true","https://www.deezer.com/us/track/3974113441","https://cdnt-preview.dzcdn.net/api/1/1/4/9/0/0/49089663a40e7707b1db6391d8e5ce70.mp3?hdnea=exp=1781363516~acl=/api/1/1/4/9/0/0/49089663a40e7707b1db6391d8e5ce70.mp3*~data=user_id=0,application_id=42~hmac=231a6aa5e1b51ad05bbd4af4cf1967807978cdb4133580fc04c264fdb17e2a3a","On 1 list: Feel Good Commute"
"(thematic candidate)","","","","White Tiger (Single Version)","Izzy Bizu","White Tiger (Single Version)","109703514","667599","180","false","https://www.deezer.com/us/track/109703514","https://cdnt-preview.dzcdn.net/api/1/1/0/a/3/0/0a3b600ddc3e02eb0539620e2c1e77b9.mp3?hdnea=exp=1781363513~acl=/api/1/1/0/a/3/0/0a3b600ddc3e02eb0539620e2c1e77b9.mp3*~data=user_id=0,application_id=42~hmac=d3a0079acb52f7340758f89118cc4fdc76f9cabb2e813f48f5644e300be8cc55","On 1 list: roadtrip radio"
"(thematic candidate)","","","","Ironic (2015 Remaster)","Alanis Morissette","Jagged Little Pill (2015 Remaster)","109843304","665979","230","false","https://www.deezer.com/us/track/109843304","https://cdnt-preview.dzcdn.net/api/1/1/b/d/5/0/bd560d55773d135084e87f07a7d4df35.mp3?hdnea=exp=1781363514~acl=/api/1/1/b/d/5/0/bd560d55773d135084e87f07a7d4df35.mp3*~data=user_id=0,application_id=42~hmac=ae18f33d533c0af1800b8aed89f2725bff49548ceebed9555958e1c38f4872aa","On 1 list: 100 Greatest Driving Songs"
"(thematic candidate)","","","","Feels (feat. Pharrell Williams, Katy Perry & Big Sean)","Calvin Harris","Funk Wav Bounces Vol.1","376480961","660961","223","true","https://www.deezer.com/us/track/376480961","https://cdnt-preview.dzcdn.net/api/1/1/9/a/e/0/9ae28d3a010d95112358f9542f121685.mp3?hdnea=exp=1781363513~acl=/api/1/1/9/a/e/0/9ae28d3a010d95112358f9542f121685.mp3*~data=user_id=0,application_id=42~hmac=5045a03b50da6bad7e30ff0fadfc781280fd0e98e399b2f695734af0b5fd8561","On 1 list: roadtrip radio"
"(thematic candidate)","","","","I Keep Forgettin' (Every Time You're Near)","Michael McDonald","If That's What It Takes","5617796","659576","222","false","https://www.deezer.com/us/track/5617796","https://cdnt-preview.dzcdn.net/api/1/1/9/5/d/0/95de4b7920eaad133dff7457ecff2048.mp3?hdnea=exp=1781363514~acl=/api/1/1/9/5/d/0/95de4b7920eaad133dff7457ecff2048.mp3*~data=user_id=0,application_id=42~hmac=cbcdcdf3b3a337dc2bc9b675902842608e7c1dec47f006d15fc97c10e5d91263","On 1 list: 100 Greatest Driving Songs"
"(thematic candidate)","","","","Sleeping Satellite","Tasmin Archer","Great Expectations","3115574","657992","281","false","https://www.deezer.com/us/track/3115574","https://cdnt-preview.dzcdn.net/api/1/1/f/d/8/0/fd8dd55ecd828a6b02d20d4c09552114.mp3?hdnea=exp=1781363514~acl=/api/1/1/f/d/8/0/fd8dd55ecd828a6b02d20d4c09552114.mp3*~data=user_id=0,application_id=42~hmac=e9977f880aa4fd01000bfa02daf613a7dc3f9edeb22d8469ac5551459543cbc8","On 1 list: 100 Greatest Driving Songs"
"(thematic candidate)","","","","Once in a Lifetime (2005 Remaster)","Talking Heads","Remain in Light (Deluxe Version)","5093672","657447","259","false","https://www.deezer.com/us/track/5093672","https://cdnt-preview.dzcdn.net/api/1/1/7/a/4/0/7a4551aaa34d530efd8505395bfb2be1.mp3?hdnea=exp=1781363514~acl=/api/1/1/7/a/4/0/7a4551aaa34d530efd8505395bfb2be1.mp3*~data=user_id=0,application_id=42~hmac=3f681e538fafe0124c4419166600a0922d2359cb95c01d1f4cefc7f08f5cdb21","On 1 list: 100 Greatest Driving Songs"
"(thematic candidate)","","","","Cinnamon","BENEE","Cinnamon","3517241741","654918","162","false","https://www.deezer.com/us/track/3517241741","https://cdnt-preview.dzcdn.net/api/1/1/6/d/2/0/6d27b38e3ee246cbef971c365f49e775.mp3?hdnea=exp=1781363516~acl=/api/1/1/6/d/2/0/6d27b38e3ee246cbef971c365f49e775.mp3*~data=user_id=0,application_id=42~hmac=d0317f14d2b75028750574607ca1d20802ee7ad0df04b9315f39265ef8fc525c","On 1 list: Feel Good Commute"
"(thematic candidate)","","","","Murder on the Dancefloor (triple j Like A Version)","Royel Otis","Murder on the Dancefloor (triple j Like A Version)","2629968462","653402","180","false","https://www.deezer.com/us/track/2629968462","https://cdnt-preview.dzcdn.net/api/1/1/c/2/5/0/c253d11a79094eb352d28eaf8a9d87a0.mp3?hdnea=exp=1781363516~acl=/api/1/1/c/2/5/0/c253d11a79094eb352d28eaf8a9d87a0.mp3*~data=user_id=0,application_id=42~hmac=a66cbd08f05da039cd01241faaef62fd8353530489a9c0d88535aa5f090e8382","On 1 list: Feel Good Commute"
"(thematic candidate)","","","","Sonnet","The Verve","Urban Hymns (Remastered 2016)","398570652","652640","262","false","https://www.deezer.com/us/track/398570652","https://cdnt-preview.dzcdn.net/api/1/1/c/3/2/0/c32c403cd46c1a32eda167d4bd128494.mp3?hdnea=exp=1781363513~acl=/api/1/1/c/3/2/0/c32c403cd46c1a32eda167d4bd128494.mp3*~data=user_id=0,application_id=42~hmac=2401a14a00bba3f2b826eeed3354da3fa1074af185e250c6d7337ecbfb204a01","On 1 list: roadtrip radio"
"(thematic candidate)","","","","Float On","Modest Mouse","Good News For People Who Love Bad News","581923","650363","208","false","https://www.deezer.com/us/track/581923","https://cdnt-preview.dzcdn.net/api/1/1/8/a/2/0/8a293f116494bf6f4f02871cdedb27eb.mp3?hdnea=exp=1781363515~acl=/api/1/1/8/a/2/0/8a293f116494bf6f4f02871cdedb27eb.mp3*~data=user_id=0,application_id=42~hmac=2652603423811629b08a27dda3ac7be16c843b88643248d15e2677d44330eb25","On 1 list: Summer Road Trip Jams 2023"
"(thematic candidate)","","","","Find Me","Kings Of Leon","WALLS","134024954","648901","245","false","https://www.deezer.com/us/track/134024954","https://cdnt-preview.dzcdn.net/api/1/1/7/b/6/0/7b68c5917ab510ba22ecdacba72baf32.mp3?hdnea=exp=1781363515~acl=/api/1/1/7/b/6/0/7b68c5917ab510ba22ecdacba72baf32.mp3*~data=user_id=0,application_id=42~hmac=0e4684f339f5431e20bfbb16c1ec6b9fdce3032d34167481fd2253e642cb4d7c","On 1 list: Summer Road Trip Jams 2023"
"(thematic candidate)","","","","Level of Concern","Twenty One Pilots","Level of Concern","926340752","648586","220","false","https://www.deezer.com/us/track/926340752","https://cdnt-preview.dzcdn.net/api/1/1/d/2/e/0/d2e17e65f20d05535038472c1977b86b.mp3?hdnea=exp=1781363513~acl=/api/1/1/d/2/e/0/d2e17e65f20d05535038472c1977b86b.mp3*~data=user_id=0,application_id=42~hmac=8a4ea7f6b651c72e715f82b5a8a355de9cbe1d4fb2606a757879b189b722de2d","On 1 list: roadtrip radio"
"(thematic candidate)","","","","I'm your first","flowerovlove","I'm your first","3531126261","647602","174","true","https://www.deezer.com/us/track/3531126261","https://cdnt-preview.dzcdn.net/api/1/1/a/c/d/0/acd158ecc3261667d85c24e6f201ad65.mp3?hdnea=exp=1781363516~acl=/api/1/1/a/c/d/0/acd158ecc3261667d85c24e6f201ad65.mp3*~data=user_id=0,application_id=42~hmac=0b9f1539be2011b27456da55bbe45afc11ae1eb08df8ebb556ac1d81af8fe12b","On 1 list: Feel Good Commute"
"(thematic candidate)","","","","Kiwi","Harry Styles","Harry Styles","360302001","642666","176","false","https://www.deezer.com/us/track/360302001","https://cdnt-preview.dzcdn.net/api/1/1/1/9/2/0/19270c21b29e92873d567f405fcbe895.mp3?hdnea=exp=1781363515~acl=/api/1/1/1/9/2/0/19270c21b29e92873d567f405fcbe895.mp3*~data=user_id=0,application_id=42~hmac=2e69aded9921e94baa3786afce70af0b9f45d023e8f3498e986f1083e20ed66b","On 1 list: Summer Road Trip Jams 2023"
"(thematic candidate)","","","","Going Up The Country (Remastered 2005)","Canned Heat","The Very Best Of Canned Heat","3151773","641309","173","false","https://www.deezer.com/us/track/3151773","https://cdnt-preview.dzcdn.net/api/1/1/4/9/3/0/493183d245c108f1aa4c4f168898022f.mp3?hdnea=exp=1781363512~acl=/api/1/1/4/9/3/0/493183d245c108f1aa4c4f168898022f.mp3*~data=user_id=0,application_id=42~hmac=2b0163b4f260bf2ff06973d300cb4a984c9a2fd072f4c80d5bc4ef542d259b7b","On 1 list: Rock Road Trip"
"(thematic candidate)","","","","Sweet Disposition","The Temper Trap","(500) Days of Summer (Music from the Motion Picture)","3822464","639826","234","false","https://www.deezer.com/us/track/3822464","https://cdnt-preview.dzcdn.net/api/1/1/9/5/c/0/95c73c0ecf23ead19dfabda939dacef6.mp3?hdnea=exp=1781363515~acl=/api/1/1/9/5/c/0/95c73c0ecf23ead19dfabda939dacef6.mp3*~data=user_id=0,application_id=42~hmac=6d5d7c74b6f1d6db6615cdc2f4fcf712ed86fa54f9f27fcde5220b5b18feae32","On 1 list: Summer Road Trip Jams 2023"
"(thematic candidate)","","","","All Summer Long","Kid Rock","Rock n Roll Jesus","4087608","637580","297","false","https://www.deezer.com/us/track/4087608","https://cdnt-preview.dzcdn.net/api/1/1/0/b/d/0/0bd2303952d321fb693e3a1dd49c9f35.mp3?hdnea=exp=1781363516~acl=/api/1/1/0/b/d/0/0bd2303952d321fb693e3a1dd49c9f35.mp3*~data=user_id=0,application_id=42~hmac=e4127603bc66d8a617f12a873628edbf21deb9e769e9f5ed26deecbe9d3883a6","On 1 list: Southern Rock Essentials"
"(thematic candidate)","","","","She Drives Me Crazy","Fine Young Cannibals","The Raw & The Cooked","428850812","636666","215","false","https://www.deezer.com/us/track/428850812","https://cdnt-preview.dzcdn.net/api/1/1/5/8/8/0/588f82eaff03f50270e7d77062e6e2cb.mp3?hdnea=exp=1781363514~acl=/api/1/1/5/8/8/0/588f82eaff03f50270e7d77062e6e2cb.mp3*~data=user_id=0,application_id=42~hmac=23f233bac5cda22f1e0a8cb2813fb56b926b13c2b2804428d1f50246d1e20890","On 1 list: 100 Greatest Driving Songs"
"(thematic candidate)","","","","Everything I Own","Bread","The Best of Bread","675098","635779","187","false","https://www.deezer.com/us/track/675098","https://cdnt-preview.dzcdn.net/api/1/1/6/2/c/0/62c7dace883cb8fa7196f643de4f318b.mp3?hdnea=exp=1781363514~acl=/api/1/1/6/2/c/0/62c7dace883cb8fa7196f643de4f318b.mp3*~data=user_id=0,application_id=42~hmac=1b917664fca073d1c0e46b9e28dd28a24cd9c986bd32200c17e11dab71da8d8d","On 1 list: 100 Greatest Driving Songs"
"(thematic candidate)","","","","Werewolves of London","Warren Zevon","Excitable Boy","773638","632841","209","false","https://www.deezer.com/us/track/773638","https://cdnt-preview.dzcdn.net/api/1/1/e/b/4/0/eb47089fb527b93159cfb0ee2d5f7d07.mp3?hdnea=exp=1781363514~acl=/api/1/1/e/b/4/0/eb47089fb527b93159cfb0ee2d5f7d07.mp3*~data=user_id=0,application_id=42~hmac=6552631b8eeb1e7b72fcc58dfddf7e8cc755724cd8064880dedb0dcd9bead6ea","On 1 list: 100 Greatest Driving Songs"
"(thematic candidate)","","","","Fooled Around And Fell In Love","Elvin Bishop","Boogie Nights #2 (More Music From The Original Motion Picture)","4733215","624858","275","false","https://www.deezer.com/us/track/4733215","https://cdnt-preview.dzcdn.net/api/1/1/4/1/f/0/41f7a765d529921bafc90e9a29f6bf6b.mp3?hdnea=exp=1781363516~acl=/api/1/1/4/1/f/0/41f7a765d529921bafc90e9a29f6bf6b.mp3*~data=user_id=0,application_id=42~hmac=723c83b861465ac9db0328d2e0136c0d519c5ec02406da70c35df0078dde82e8","On 1 list: Southern Rock Essentials"
"(thematic candidate)","","","","Machu Picchu","The Strokes","Angles","10101601","624396","210","false","https://www.deezer.com/us/track/10101601","https://cdnt-preview.dzcdn.net/api/1/1/c/1/f/0/c1f43ead575011338b4ab3389b0ffa8b.mp3?hdnea=exp=1781363515~acl=/api/1/1/c/1/f/0/c1f43ead575011338b4ab3389b0ffa8b.mp3*~data=user_id=0,application_id=42~hmac=026ff679f41c9c5d9178ed1dccb6072059996c16c3b327cf366f9c7e0e97dbd0","On 1 list: Summer Road Trip Jams 2023"
"(thematic candidate)","","","","Dial Drunk","Noah Kahan","Dial Drunk","2368216925","622558","213","true","https://www.deezer.com/us/track/2368216925","https://cdnt-preview.dzcdn.net/api/1/1/3/f/1/0/3f182bdd69bdb4d6f9cefe70e04d1abb.mp3?hdnea=exp=1781363512~acl=/api/1/1/3/f/1/0/3f182bdd69bdb4d6f9cefe70e04d1abb.mp3*~data=user_id=0,application_id=42~hmac=04f4036f141796b8fcb31dfe8c0c584650a5f79c50c69b479acbfeb3b6d38017","On 1 list: Rock Road Trip"
"(thematic candidate)","","","","Graceland","Paul Simon","Graceland (25th Anniversary Deluxe Edition)","32140151","622112","291","false","https://www.deezer.com/us/track/32140151","https://cdnt-preview.dzcdn.net/api/1/1/d/a/9/0/da96ca91470b2611228420c26bd6ca1d.mp3?hdnea=exp=1781363512~acl=/api/1/1/d/a/9/0/da96ca91470b2611228420c26bd6ca1d.mp3*~data=user_id=0,application_id=42~hmac=b8bac768ee3edbdb89784ff3b01675bd6a4e8a009676d355b2941a33e8d84b4a","On 1 list: Rock Road Trip"
"(thematic candidate)","","","","Trouble","Cage The Elephant","Tell Me I'm Pretty","115706582","616477","225","false","https://www.deezer.com/us/track/115706582","https://cdnt-preview.dzcdn.net/api/1/1/9/6/8/0/968f106800db75a19c8b18037a11afca.mp3?hdnea=exp=1781363515~acl=/api/1/1/9/6/8/0/968f106800db75a19c8b18037a11afca.mp3*~data=user_id=0,application_id=42~hmac=17ea22d52231ca80eb815242f4e05e925d6b388b19627d4129385961a55232cb","On 1 list: Summer Road Trip Jams 2023"
"(thematic candidate)","","","","Mississippi Queen","Mountain","Climbing!","608589","615150","151","false","https://www.deezer.com/us/track/608589","https://cdnt-preview.dzcdn.net/api/1/1/d/6/8/0/d686bf1cf29384d34b1d4c7ae3b4f78a.mp3?hdnea=exp=1781363516~acl=/api/1/1/d/6/8/0/d686bf1cf29384d34b1d4c7ae3b4f78a.mp3*~data=user_id=0,application_id=42~hmac=44f9900024bda0237d084ee6e54fbbae421ab865cd8d8c178e11f41f308f9e53","On 1 list: Southern Rock Essentials"
"(thematic candidate)","","","","Summer Breeze","Seals and Crofts","Seals & Crofts' Greatest Hits","5416564","615138","205","false","https://www.deezer.com/us/track/5416564","https://cdnt-preview.dzcdn.net/api/1/1/9/1/d/0/91d3cfa2b7ca32cf4afe3dec7e0c764a.mp3?hdnea=exp=1781363514~acl=/api/1/1/9/1/d/0/91d3cfa2b7ca32cf4afe3dec7e0c764a.mp3*~data=user_id=0,application_id=42~hmac=94daf6928f883d4b718e3ca72b038e36331d5cb0c3de526361c26da75411aa61","On 1 list: 100 Greatest Driving Songs"
"(thematic candidate)","","","","Young Turks (2008 Remaster)","Rod Stewart","Some Guys Have All the Luck","2550609","613255","302","false","https://www.deezer.com/us/track/2550609","https://cdnt-preview.dzcdn.net/api/1/1/e/b/c/0/ebc710f3ba388b15eefe85986cccff0e.mp3?hdnea=exp=1781363514~acl=/api/1/1/e/b/c/0/ebc710f3ba388b15eefe85986cccff0e.mp3*~data=user_id=0,application_id=42~hmac=25ac07b132c8b544396862a4bb8bad79f995e8b15ead63f559a7d42392a60e11","On 1 list: 100 Greatest Driving Songs"
"(thematic candidate)","","","","Houdini","Foster The People","Torches","15546835","611768","202","false","https://www.deezer.com/us/track/15546835","https://cdnt-preview.dzcdn.net/api/1/1/6/2/1/0/6213bb05240cd1877f9d7ed7cc8fa64b.mp3?hdnea=exp=1781363515~acl=/api/1/1/6/2/1/0/6213bb05240cd1877f9d7ed7cc8fa64b.mp3*~data=user_id=0,application_id=42~hmac=493b53ac3224bf5c31dab00bf2e5c3ac5bf4ea7d5c2ff580b49419d23aa26182","On 1 list: Summer Road Trip Jams 2023"
"(thematic candidate)","","","","East Side of Sorrow","Zach Bryan","Zach Bryan","2417266215","609320","209","true","https://www.deezer.com/us/track/2417266215","https://cdnt-preview.dzcdn.net/api/1/1/c/7/8/0/c788001bf6a9190ee104045533d78a84.mp3?hdnea=exp=1781363512~acl=/api/1/1/c/7/8/0/c788001bf6a9190ee104045533d78a84.mp3*~data=user_id=0,application_id=42~hmac=4437e73fc0f730be76be1c5b891c5798a44629d8a2a3cf96a44f49b4b5c16c09","On 1 list: Rock Road Trip"
"(thematic candidate)","","","","Lonesome Highway","Rory Gallagher","Wheels Within Wheels","401526032","608088","319","false","https://www.deezer.com/us/track/401526032","https://cdnt-preview.dzcdn.net/api/1/1/0/5/4/0/05469e337253d96172222e77114fe1ce.mp3?hdnea=exp=1781363512~acl=/api/1/1/0/5/4/0/05469e337253d96172222e77114fe1ce.mp3*~data=user_id=0,application_id=42~hmac=df7e299f3a11e132b371f26527cd3a36b274f3d69a8798b40892b242efbc4623","On 1 list: Rock Road Trip"
"(thematic candidate)","","","","Queen of the Highway","The Doors","Morrison Hotel","670823","601477","167","false","https://www.deezer.com/us/track/670823","https://cdnt-preview.dzcdn.net/api/1/1/6/6/5/0/665aa2463fd9250ecc139ee8ca82c9b8.mp3?hdnea=exp=1781363512~acl=/api/1/1/6/6/5/0/665aa2463fd9250ecc139ee8ca82c9b8.mp3*~data=user_id=0,application_id=42~hmac=e3b63e01cb237a78d4c2fec34df09d9f02026e538405f5bd2b86174dc0c0ce16","On 1 list: Rock Road Trip"
"(thematic candidate)","","","","Waste A Moment","Kings Of Leon","WALLS","134024948","599459","183","false","https://www.deezer.com/us/track/134024948","https://cdnt-preview.dzcdn.net/api/1/1/e/b/8/0/eb8b2f353140cdacdfaf36f6646e6d97.mp3?hdnea=exp=1781363515~acl=/api/1/1/e/b/8/0/eb8b2f353140cdacdfaf36f6646e6d97.mp3*~data=user_id=0,application_id=42~hmac=8c7b97bd3ec7c3a37d60c14376d836fe6f93b697f0e06c4b69e0369882ef685c","On 1 list: Summer Road Trip Jams 2023"
"(thematic candidate)","","","","American Girl","Tom Petty And The Heartbreakers","Greatest Hits","588236252","598938","210","false","https://www.deezer.com/us/track/588236252","https://cdnt-preview.dzcdn.net/api/1/1/0/8/8/0/0884cb5ee863802f84807213062a34e5.mp3?hdnea=exp=1781363516~acl=/api/1/1/0/8/8/0/0884cb5ee863802f84807213062a34e5.mp3*~data=user_id=0,application_id=42~hmac=b135d6e3e6850a5e733d3030ca16aef6a414e974114e5d4c04f1f26bc47358fb","On 1 list: Southern Rock Essentials"
"(thematic candidate)","","","","pokemon","Wet Leg","moisturizer","3285890771","596539","206","false","https://www.deezer.com/us/track/3285890771","https://cdnt-preview.dzcdn.net/api/1/1/1/2/f/0/12f057adecc72f829e7b6c69bbb029ce.mp3?hdnea=exp=1781363516~acl=/api/1/1/1/2/f/0/12f057adecc72f829e7b6c69bbb029ce.mp3*~data=user_id=0,application_id=42~hmac=34da1cbedad51981bb82465e901240cba326f3e1cabe4f853825e546d1b0fa8a","On 1 list: Feel Good Commute"
"(thematic candidate)","","","","Against All Odds (Take a Look at Me Now) (2016 Remaster)","Phil Collins","The Singles (Expanded)","134036230","595270","206","false","https://www.deezer.com/us/track/134036230","https://cdnt-preview.dzcdn.net/api/1/1/d/0/0/0/d0008ca45411e793699f331be08f489f.mp3?hdnea=exp=1781363514~acl=/api/1/1/d/0/0/0/d0008ca45411e793699f331be08f489f.mp3*~data=user_id=0,application_id=42~hmac=9f96f3953eb96d2881014fad7b7741edb73f0df715fd1e62544b5326d561f0cb","On 1 list: 100 Greatest Driving Songs"
"(thematic candidate)","","","","That's All (2007 Remaster)","Genesis","Genesis (2007 Remaster)","14639827","595078","264","false","https://www.deezer.com/us/track/14639827","https://cdnt-preview.dzcdn.net/api/1/1/9/4/f/0/94f6b318114d8951d7fabcdd2a533786.mp3?hdnea=exp=1781363514~acl=/api/1/1/9/4/f/0/94f6b318114d8951d7fabcdd2a533786.mp3*~data=user_id=0,application_id=42~hmac=03d2280b463cfb6fa7be8a23fc3174ef1c201687ec527191b5f69ba2de49f775","On 1 list: 100 Greatest Driving Songs"
"(thematic candidate)","","","","Drive (2017 Remaster)","The Cars","Heartbeat City (Expanded Edition)","474178182","593846","234","false","https://www.deezer.com/us/track/474178182","https://cdnt-preview.dzcdn.net/api/1/1/0/6/6/0/066349ab5981ceb3386309996da3b3bd.mp3?hdnea=exp=1781363514~acl=/api/1/1/0/6/6/0/066349ab5981ceb3386309996da3b3bd.mp3*~data=user_id=0,application_id=42~hmac=79f2e25e102748e4ae91e6135962856d0e2d395fd65dcf4d23c6b0a243be9c47","On 1 list: 100 Greatest Driving Songs"
"(thematic candidate)","","","","Waiting On the World to Change","John Mayer","Continuum","14875475","591886","200","false","https://www.deezer.com/us/track/14875475","https://cdnt-preview.dzcdn.net/api/1/1/0/e/9/0/0e9f7e0db38a8f155d1195402f5fb9a0.mp3?hdnea=exp=1781363515~acl=/api/1/1/0/e/9/0/0e9f7e0db38a8f155d1195402f5fb9a0.mp3*~data=user_id=0,application_id=42~hmac=58ce0454f8f3a2d4ed5964ffe529160b5cb5f6bc9c714b422f0c3eda78de6a33","On 1 list: Summer Road Trip Jams 2023"
"(thematic candidate)","","","","Runaway Train (2022 Remaster)","Soul Asylum","Grave Dancers Union - 30th Anniversary Deluxe Edition (2022 Remaster)","1924891057","587067","265","false","https://www.deezer.com/us/track/1924891057","https://cdnt-preview.dzcdn.net/api/1/1/2/4/f/0/24f1b16249965048c217ba7e9333f3e0.mp3?hdnea=exp=1781363512~acl=/api/1/1/2/4/f/0/24f1b16249965048c217ba7e9333f3e0.mp3*~data=user_id=0,application_id=42~hmac=bfdaacdd05592993896124f9b7e2c91d5ff1f64f6b93260963615875215260a2","On 1 list: Rock Road Trip"
"(thematic candidate)","","","","Crosswind","Chris Stapleton","Higher","2526331021","584189","204","false","https://www.deezer.com/us/track/2526331021","https://cdnt-preview.dzcdn.net/api/1/1/a/e/b/0/aeb3d4fc0035fdd37bb5a60bdfbaa7db.mp3?hdnea=exp=1781363512~acl=/api/1/1/a/e/b/0/aeb3d4fc0035fdd37bb5a60bdfbaa7db.mp3*~data=user_id=0,application_id=42~hmac=ada84c24da4f709e36905d61d9c37267458182114792e41b6b37a4aff52ef404","On 1 list: Rock Road Trip"
"(thematic candidate)","","","","Boxcar","Neil Young","Boxcar","2312656875","583157","196","false","https://www.deezer.com/us/track/2312656875","https://cdnt-preview.dzcdn.net/api/1/1/6/b/c/0/6bc8b53e10b26bbdf8a5aed8aa163111.mp3?hdnea=exp=1781363512~acl=/api/1/1/6/b/c/0/6bc8b53e10b26bbdf8a5aed8aa163111.mp3*~data=user_id=0,application_id=42~hmac=40f0382de5ff3ee4f0ff26b291cf6c2fc68d82489af229c8ee0b9df3597f18ca","On 1 list: Rock Road Trip"
"(thematic candidate)","","","","What You Know","Two Door Cinema Club","What You Know (Live & Smiling from Finsbury Park)","3025869961","581512","191","false","https://www.deezer.com/us/track/3025869961","https://cdnt-preview.dzcdn.net/api/1/1/d/0/c/0/d0c05d119fc6689754b12d8401839b9d.mp3?hdnea=exp=1781363515~acl=/api/1/1/d/0/c/0/d0c05d119fc6689754b12d8401839b9d.mp3*~data=user_id=0,application_id=42~hmac=05ee2217289cceca8b119a766db8feca440c29cbcd4efc0a6efe2eba30093f26","On 1 list: Summer Road Trip Jams 2023"
"(thematic candidate)","","","","You Can't Hurry Love (2016 Remaster)","Phil Collins","Hello, I Must Be Going! (Deluxe Edition)","119121832","576814","175","false","https://www.deezer.com/us/track/119121832","https://cdnt-preview.dzcdn.net/api/1/1/7/a/6/0/7a62756aec14ab09ce04abcf4b10a9bd.mp3?hdnea=exp=1781363514~acl=/api/1/1/7/a/6/0/7a62756aec14ab09ce04abcf4b10a9bd.mp3*~data=user_id=0,application_id=42~hmac=f77bf9bb69ab7bd8cfd774027a95b23d1fb050cedfbc6b05e4f95b58da9a302d","On 1 list: 100 Greatest Driving Songs"
"(thematic candidate)","","","","Midnight Rider","The Allman Brothers Band","Legendary Hits","549286792","576072","175","false","https://www.deezer.com/us/track/549286792","https://cdnt-preview.dzcdn.net/api/1/1/8/8/5/0/88570c34c440edb3516437b7fdaa2b52.mp3?hdnea=exp=1781363516~acl=/api/1/1/8/8/5/0/88570c34c440edb3516437b7fdaa2b52.mp3*~data=user_id=0,application_id=42~hmac=475dff8c89f21c68ce5c8b8625e34a1b09f2a0a922d86f8af222ae938497c7b9","On 1 list: Southern Rock Essentials"
"(thematic candidate)","","","","Walking in Memphis","Marc Cohn","Marc Cohn","675175","574850","252","false","https://www.deezer.com/us/track/675175","https://cdnt-preview.dzcdn.net/api/1/1/a/0/0/0/a0090db809fc9de8ad2c84cc49ac36de.mp3?hdnea=exp=1781363514~acl=/api/1/1/a/0/0/0/a0090db809fc9de8ad2c84cc49ac36de.mp3*~data=user_id=0,application_id=42~hmac=68e1c2c1ebca84af30ca57ff467e38860025348e0e2908ab0164583aa155247b","On 1 list: 100 Greatest Driving Songs"
"(thematic candidate)","","","","White Line","Neil Young","Homegrown","993116432","572962","193","false","https://www.deezer.com/us/track/993116432","https://cdnt-preview.dzcdn.net/api/1/1/6/3/9/0/639db838ac30d3d1c4a4b99ab98e6df9.mp3?hdnea=exp=1781363512~acl=/api/1/1/6/3/9/0/639db838ac30d3d1c4a4b99ab98e6df9.mp3*~data=user_id=0,application_id=42~hmac=3496974b2928f3090b4c233964637bbe9826eceee82bbf2e9bf60e8c7406dafa","On 1 list: Rock Road Trip"
"(thematic candidate)","","","","Born to Run","Bruce Springsteen","Born To Run","71136901","570326","270","false","https://www.deezer.com/us/track/71136901","https://cdnt-preview.dzcdn.net/api/1/1/d/3/4/0/d346aeb9664c24d4f65e2600f6cbac7f.mp3?hdnea=exp=1781363514~acl=/api/1/1/d/3/4/0/d346aeb9664c24d4f65e2600f6cbac7f.mp3*~data=user_id=0,application_id=42~hmac=6578831f1f61385647bcfae3a7f9a92ded684159c3053307f774f071d0448e0b","On 1 list: 100 Greatest Driving Songs"
"(thematic candidate)","","","","The River","Daisy Jones & The Six","AURORA","2124330447","570214","294","false","https://www.deezer.com/us/track/2124330447","https://cdnt-preview.dzcdn.net/api/1/1/4/c/2/0/4c2b9a2636d379057b693154f4f6455f.mp3?hdnea=exp=1781363512~acl=/api/1/1/4/c/2/0/4c2b9a2636d379057b693154f4f6455f.mp3*~data=user_id=0,application_id=42~hmac=029245d639a143f944ff588a0dc1af93480c4bd0b350980521dfa18483697cff","On 1 list: Rock Road Trip"
"(thematic candidate)","","","","Sit Next to Me","Foster The People","Sacred Hearts Club","384053091","569899","243","false","https://www.deezer.com/us/track/384053091","https://cdnt-preview.dzcdn.net/api/1/1/7/3/1/0/731ac87f56a4797335eadb9f1fa60336.mp3?hdnea=exp=1781363515~acl=/api/1/1/7/3/1/0/731ac87f56a4797335eadb9f1fa60336.mp3*~data=user_id=0,application_id=42~hmac=7c953d40339180ed366c06f4b3aaccaa88c64d57119556d428061607d24c1f53","On 1 list: Summer Road Trip Jams 2023"
"(thematic candidate)","","","","Hungry Like the Wolf (2009 Remaster)","Duran Duran","Rio (Collector's Edition)","4127465","569153","220","false","https://www.deezer.com/us/track/4127465","https://cdnt-preview.dzcdn.net/api/1/1/6/5/2/0/652c7be4ebcc5220a7f49863cfc6e75f.mp3?hdnea=exp=1781363514~acl=/api/1/1/6/5/2/0/652c7be4ebcc5220a7f49863cfc6e75f.mp3*~data=user_id=0,application_id=42~hmac=bb97b29dfefb5fef9c54bec0aa984100d61194727549d31fb89ebc2b02ae441f","On 1 list: 100 Greatest Driving Songs"
"(thematic candidate)","","","","Stick Season","Noah Kahan","Stick Season","1810064357","565870","182","false","https://www.deezer.com/us/track/1810064357","https://cdnt-preview.dzcdn.net/api/1/1/d/8/d/0/d8df01eb0dd908964629c331f1213644.mp3?hdnea=exp=1781363515~acl=/api/1/1/d/8/d/0/d8df01eb0dd908964629c331f1213644.mp3*~data=user_id=0,application_id=42~hmac=56b96698b36d2d4fb93e08f7939780182528daa47f49d3014671a6aa078f5652","On 1 list: Summer Road Trip Jams 2023"
"(thematic candidate)","","","","Mess Around","Cage The Elephant","Tell Me I'm Pretty","115706570","561182","173","false","https://www.deezer.com/us/track/115706570","https://cdnt-preview.dzcdn.net/api/1/1/c/c/1/0/cc10b69b6c42835f0a2e7bfb83753db0.mp3?hdnea=exp=1781363515~acl=/api/1/1/c/c/1/0/cc10b69b6c42835f0a2e7bfb83753db0.mp3*~data=user_id=0,application_id=42~hmac=bd5674f50cef2d12948a6f77c5c2d605081cb657ce88fc81f3fab2a2fe8c6bb7","On 1 list: Summer Road Trip Jams 2023"
"(thematic candidate)","","","","Loretta","Ginger Root","City Slicker","3703350642","555789","190","false","https://www.deezer.com/us/track/3703350642","https://cdnt-preview.dzcdn.net/api/1/1/b/d/a/0/bda9ccba46a0b86b24ca4b5b29394830.mp3?hdnea=exp=1781363516~acl=/api/1/1/b/d/a/0/bda9ccba46a0b86b24ca4b5b29394830.mp3*~data=user_id=0,application_id=42~hmac=3251524cdc1de30fc6f32dd236e5525784c7a9cd569bc3d92d41744693d96cf8","On 1 list: Feel Good Commute"
"(thematic candidate)","","","","Ends of the Earth","Lord Huron","Lonesome Dreams (Bonus Track Version)","2895857361","555055","284","false","https://www.deezer.com/us/track/2895857361","https://cdnt-preview.dzcdn.net/api/1/1/6/0/8/0/6080fc1d3d5691013a4d73848c49b2c8.mp3?hdnea=exp=1781363515~acl=/api/1/1/6/0/8/0/6080fc1d3d5691013a4d73848c49b2c8.mp3*~data=user_id=0,application_id=42~hmac=2548ad5ecd449cad6539365c19288bc476cc419140657be56a3eb6fc478f7d4d","On 1 list: Summer Road Trip Jams 2023"
"(thematic candidate)","","","","Story of My Life","Social Distortion","Social Distortion","1068528","554783","346","false","https://www.deezer.com/us/track/1068528","https://cdnt-preview.dzcdn.net/api/1/1/9/f/a/0/9fa567d588873555e88451d292a51e9d.mp3?hdnea=exp=1781363512~acl=/api/1/1/9/f/a/0/9fa567d588873555e88451d292a51e9d.mp3*~data=user_id=0,application_id=42~hmac=e69fe4621fca279e0e0d91bd8149a9f1e416b1209c741cd50ca482ed27e510ed","On 1 list: Rock Road Trip"
"(thematic candidate)","","","","Alright","Supergrass","I Should Coco","3786223702","554272","180","false","https://www.deezer.com/us/track/3786223702","https://cdnt-preview.dzcdn.net/api/1/1/5/5/1/0/5514799c737d6a5f9c9964211526aea1.mp3?hdnea=exp=1781363514~acl=/api/1/1/5/5/1/0/5514799c737d6a5f9c9964211526aea1.mp3*~data=user_id=0,application_id=42~hmac=fa05d37d73267f10d1b033c2c570c7165ca9b00002f23ad7053a1215ea7c636f","On 1 list: 100 Greatest Driving Songs"
"(thematic candidate)","","","","Remedy","The Black Crowes","Greatest Hits 1990-1999: A Tribute To A Work In Progress...","65707241","553667","322","false","https://www.deezer.com/us/track/65707241","https://cdnt-preview.dzcdn.net/api/1/1/1/b/a/0/1ba1eabeb58bcfdc5987961e161e21a6.mp3?hdnea=exp=1781363516~acl=/api/1/1/1/b/a/0/1ba1eabeb58bcfdc5987961e161e21a6.mp3*~data=user_id=0,application_id=42~hmac=53d0b732c78b807dd9e9035c78601f80e07232429a15d656e868345414d6ea0f","On 1 list: Southern Rock Essentials"
"(thematic candidate)","","","","Rollercoaster","Bleachers","Rollercoaster","79042511","552717","188","false","https://www.deezer.com/us/track/79042511","https://cdnt-preview.dzcdn.net/api/1/1/f/f/9/0/ff910da99eb9fd37c9a1c1fa6a8440cb.mp3?hdnea=exp=1781363515~acl=/api/1/1/f/f/9/0/ff910da99eb9fd37c9a1c1fa6a8440cb.mp3*~data=user_id=0,application_id=42~hmac=f08ed1333415a3a66a7c20c6e4bd510feb59149bf8de2cd312f5473245ec28b5","On 1 list: Summer Road Trip Jams 2023"
"(thematic candidate)","","","","Out of My League","Fitz and The Tantrums","Out of My League","64521914","550564","209","false","https://www.deezer.com/us/track/64521914","https://cdnt-preview.dzcdn.net/api/1/1/4/c/1/0/4c1e20094259e64889857ed8229b09c2.mp3?hdnea=exp=1781363515~acl=/api/1/1/4/c/1/0/4c1e20094259e64889857ed8229b09c2.mp3*~data=user_id=0,application_id=42~hmac=146b340535fa341aa2e930e8b5a997d3412fbfe3b828dc7e0ad293a8b5941982","On 1 list: Summer Road Trip Jams 2023"
"(thematic candidate)","","","","Natural Blues (Reprise Version)","Moby","Reprise","1379126262","549484","268","false","https://www.deezer.com/us/track/1379126262","https://cdnt-preview.dzcdn.net/api/1/1/c/f/f/0/cff2e4e0b9c977aba28b5eb8a83ca2b4.mp3?hdnea=exp=1781363512~acl=/api/1/1/c/f/f/0/cff2e4e0b9c977aba28b5eb8a83ca2b4.mp3*~data=user_id=0,application_id=42~hmac=1d91a5a955ab842b1123cf65dcfb97dda395d2703495d20bd520ed92be0e3fd9","On 1 list: Rock Road Trip"
"(thematic candidate)","","","","Getting Started","Sam Fender","Seventeen Going Under (Deluxe)","1509500532","546903","189","false","https://www.deezer.com/us/track/1509500532","https://cdnt-preview.dzcdn.net/api/1/1/d/6/a/0/d6ab367bddafb1819e4ce382e1eeaf67.mp3?hdnea=exp=1781363512~acl=/api/1/1/d/6/a/0/d6ab367bddafb1819e4ce382e1eeaf67.mp3*~data=user_id=0,application_id=42~hmac=6f16d175e26ef73b4b4294cce59301e1f06cdb23085c18e10dec5067e2c36c68","On 1 list: Rock Road Trip"
"(thematic candidate)","","","","Baby Don't Quit","Aime Simone","Baby Don't Quit","2084494157","546551","192","false","https://www.deezer.com/us/track/2084494157","https://cdnt-preview.dzcdn.net/api/1/1/d/3/6/0/d36efe95c696f82085a3072d73ab3902.mp3?hdnea=exp=1781363513~acl=/api/1/1/d/3/6/0/d36efe95c696f82085a3072d73ab3902.mp3*~data=user_id=0,application_id=42~hmac=c2495ca7b2a87e21bd9e130af3164b2ac93856d68b7862862e7c90eceba1ed0f","On 1 list: roadtrip radio"
"(thematic candidate)","","","","Mountain Sound","Of Monsters and Men","My Head Is An Animal","17615565","545692","211","false","https://www.deezer.com/us/track/17615565","https://cdnt-preview.dzcdn.net/api/1/1/2/7/5/0/2752775c42882e6694265372fcfc6ed9.mp3?hdnea=exp=1781363515~acl=/api/1/1/2/7/5/0/2752775c42882e6694265372fcfc6ed9.mp3*~data=user_id=0,application_id=42~hmac=7d40ef16b52fde0fa2dc7cd49df0b1880d71f8fb34431fd22b20d1d954d63659","On 1 list: Summer Road Trip Jams 2023"
"(thematic candidate)","","","","Stranglehold","Ted Nugent","Ted Nugent","834269","545538","503","false","https://www.deezer.com/us/track/834269","https://cdnt-preview.dzcdn.net/api/1/1/c/2/8/0/c28094424d4ac21e3cc7c66008eda2f9.mp3?hdnea=exp=1781363516~acl=/api/1/1/c/2/8/0/c28094424d4ac21e3cc7c66008eda2f9.mp3*~data=user_id=0,application_id=42~hmac=e760025fa61875f6b6828f047582f84aca2bec403ecb68cdb50dd001a5beb1ae","On 1 list: Southern Rock Essentials"
"(thematic candidate)","","","","Love’s a Gun","Daniel Seavey","Love’s a Gun","4046537761","544625","179","false","https://www.deezer.com/us/track/4046537761","https://cdnt-preview.dzcdn.net/api/1/1/5/2/7/0/527b8c9f68d8b18ee76ca119f2bc65b9.mp3?hdnea=exp=1781363514~acl=/api/1/1/5/2/7/0/527b8c9f68d8b18ee76ca119f2bc65b9.mp3*~data=user_id=0,application_id=42~hmac=3650d4860e534dfcf43b33d80652a9f09aeca1250e41dca50cec3765dcb3f14a","On 1 list: 100 Greatest Driving Songs"
"(thematic candidate)","","","","More Than a Love Song","Black Pumas","Chronicles of a Diamond","2395061705","544313","287","false","https://www.deezer.com/us/track/2395061705","https://cdnt-preview.dzcdn.net/api/1/1/0/9/0/0/0907a5cf8b81ae6313a036ba24b89443.mp3?hdnea=exp=1781363516~acl=/api/1/1/0/9/0/0/0907a5cf8b81ae6313a036ba24b89443.mp3*~data=user_id=0,application_id=42~hmac=11d8ac0b69e94f92475882c58ab9bad924ebb1f9452367470c2045a0eb25b20c","On 1 list: Feel Good Commute"
"(thematic candidate)","","","","Supersoaker","Kings Of Leon","Mechanical Bull (Expanded Edition)","70584818","542715","230","false","https://www.deezer.com/us/track/70584818","https://cdnt-preview.dzcdn.net/api/1/1/8/0/4/0/804114de673209656ed52fc001410154.mp3?hdnea=exp=1781363515~acl=/api/1/1/8/0/4/0/804114de673209656ed52fc001410154.mp3*~data=user_id=0,application_id=42~hmac=a17a09448bd23418d83ef7c06d43f4be79795e1b1cfeb678d35716db642726fc","On 1 list: Summer Road Trip Jams 2023"
"(thematic candidate)","","","","Through The Echoes","Paolo Nutini","Last Night In The Bittersweet","1793508117","541664","221","false","https://www.deezer.com/us/track/1793508117","https://cdnt-preview.dzcdn.net/api/1/1/6/e/7/0/6e7a09f75df961f36fb92791ff5a0fa3.mp3?hdnea=exp=1781363514~acl=/api/1/1/6/e/7/0/6e7a09f75df961f36fb92791ff5a0fa3.mp3*~data=user_id=0,application_id=42~hmac=f859ab62d574df5214c878cb779a78a72078fe22443c3422f4924d02d173b01d","On 1 list: 100 Greatest Driving Songs"
"(thematic candidate)","","","","Ol' 55","Tom Waits","Closing Time (Remastered)","447698162","541135","236","false","https://www.deezer.com/us/track/447698162","https://cdnt-preview.dzcdn.net/api/1/1/4/a/7/0/4a72f5ca004ef942d654f1a6c1e75541.mp3?hdnea=exp=1781363512~acl=/api/1/1/4/a/7/0/4a72f5ca004ef942d654f1a6c1e75541.mp3*~data=user_id=0,application_id=42~hmac=7251914d4ef19d33ec40d18285b73ae21364e332a215e666a77e5bf275c511f4","On 1 list: Rock Road Trip"
"(thematic candidate)","","","","Happy Pills","Weathers","Happy Pills","125972419","536145","203","false","https://www.deezer.com/us/track/125972419","https://cdnt-preview.dzcdn.net/api/1/1/9/5/6/0/956cb8e1b033e2aea6931c3ade401f09.mp3?hdnea=exp=1781363515~acl=/api/1/1/9/5/6/0/956cb8e1b033e2aea6931c3ade401f09.mp3*~data=user_id=0,application_id=42~hmac=04ce0a624dcefe8c9f924051765aa08d02cdfb9b2994c539fa869ec336cc1d43","On 1 list: Summer Road Trip Jams 2023"
"(thematic candidate)","","","","The Dark","Eddie Vedder","Earthling","1618355312","535973","236","false","https://www.deezer.com/us/track/1618355312","https://cdnt-preview.dzcdn.net/api/1/1/2/7/b/0/27b1ee753b863f93461156afebc1cdd4.mp3?hdnea=exp=1781363512~acl=/api/1/1/2/7/b/0/27b1ee753b863f93461156afebc1cdd4.mp3*~data=user_id=0,application_id=42~hmac=6b494205e864d77c8d6a3c945cb25d9168f6fa719282fedbff426818ed825254","On 1 list: Rock Road Trip"
"(thematic candidate)","","","","Post Break-Up Sex","The Vaccines","What Did You Expect from The Vaccines?","941198052","535716","175","true","https://www.deezer.com/us/track/941198052","https://cdnt-preview.dzcdn.net/api/1/1/c/f/5/0/cf5c97dbcdfe82cc9db414088e2c136a.mp3?hdnea=exp=1781363515~acl=/api/1/1/c/f/5/0/cf5c97dbcdfe82cc9db414088e2c136a.mp3*~data=user_id=0,application_id=42~hmac=b62d4d4b1dc02e5e9a8a7131699a31adf3fa905ceec7876a8720c2de715f60ab","On 1 list: Summer Road Trip Jams 2023"
"(thematic candidate)","","","","Know Your Worth","Khalid","Know Your Worth","862847042","532439","181","false","https://www.deezer.com/us/track/862847042","https://cdnt-preview.dzcdn.net/api/1/1/e/f/c/0/efc585e9fb365d55d9c6db3fd831f42e.mp3?hdnea=exp=1781363516~acl=/api/1/1/e/f/c/0/efc585e9fb365d55d9c6db3fd831f42e.mp3*~data=user_id=0,application_id=42~hmac=11a9cb5c1fcb6d7b96854ee3cb8b30feb3dc311f4e62ef5b0c676c924cb2a1c4","On 1 list: Feel Good Commute"
"(thematic candidate)","","","","Dreams","Beck","Colors","414880992","531033","314","true","https://www.deezer.com/us/track/414880992","https://cdnt-preview.dzcdn.net/api/1/1/d/a/7/0/da7cce6e8d479966fd82cfc8e8a3564f.mp3?hdnea=exp=1781363515~acl=/api/1/1/d/a/7/0/da7cce6e8d479966fd82cfc8e8a3564f.mp3*~data=user_id=0,application_id=42~hmac=200ba171453721a5c9b45187e97844aac6fe0a60df9d7a66e3ccac7bd21a1cb7","On 1 list: Summer Road Trip Jams 2023"
"(thematic candidate)","","","","Last Train Home","John Mayer","Last Train Home","1390913412","529999","187","false","https://www.deezer.com/us/track/1390913412","https://cdnt-preview.dzcdn.net/api/1/1/2/1/4/0/2142e0b4bba75aba55ee22d768ff2dc8.mp3?hdnea=exp=1781363512~acl=/api/1/1/2/1/4/0/2142e0b4bba75aba55ee22d768ff2dc8.mp3*~data=user_id=0,application_id=42~hmac=8caed35c391da214edca046dc068f46371a0fc7f635506d5a259fcc9d38dd1bf","On 1 list: Rock Road Trip"
"(thematic candidate)","","","","1950","King Princess","1950","463268972","529321","225","true","https://www.deezer.com/us/track/463268972","https://cdnt-preview.dzcdn.net/api/1/1/7/4/8/0/7486cfb8a53a405719bfccd609bd94cc.mp3?hdnea=exp=1781363515~acl=/api/1/1/7/4/8/0/7486cfb8a53a405719bfccd609bd94cc.mp3*~data=user_id=0,application_id=42~hmac=542f1880de0a03e509e8e4aee08d2aeb9424a511508af3f264c553c60a69d8e6","On 1 list: Summer Road Trip Jams 2023"
"(thematic candidate)","","","","North Wind","The Coral","Sea Of Mirrors","2435113595","528686","212","false","https://www.deezer.com/us/track/2435113595","https://cdnt-preview.dzcdn.net/api/1/1/3/2/d/0/32d16af5a01aaf9cd05c63b06ce3bdf9.mp3?hdnea=exp=1781363512~acl=/api/1/1/3/2/d/0/32d16af5a01aaf9cd05c63b06ce3bdf9.mp3*~data=user_id=0,application_id=42~hmac=2223cbf8c6df9e072224b5168a681570acb0db7645f35e514b3dc4fc2d96f85f","On 1 list: Rock Road Trip"
"(thematic candidate)","","","","Close To You","Dayglow","Close To You","1875169837","528121","194","false","https://www.deezer.com/us/track/1875169837","https://cdnt-preview.dzcdn.net/api/1/1/a/1/2/0/a122b8a830a370583635ea66dcf57182.mp3?hdnea=exp=1781363515~acl=/api/1/1/a/1/2/0/a122b8a830a370583635ea66dcf57182.mp3*~data=user_id=0,application_id=42~hmac=95cad2bc2afa4539ee12cf8af33cd8e5400c1c16d9776846c0904874f569904a","On 1 list: Summer Road Trip Jams 2023"
"(thematic candidate)","","","","Radioactive","Kings Of Leon","Come Around Sundown (Expanded Edition)","7330117","527799","206","false","https://www.deezer.com/us/track/7330117","https://cdnt-preview.dzcdn.net/api/1/1/c/0/d/0/c0da3fa0f26c692e7347a35a9f71a2cf.mp3?hdnea=exp=1781363515~acl=/api/1/1/c/0/d/0/c0da3fa0f26c692e7347a35a9f71a2cf.mp3*~data=user_id=0,application_id=42~hmac=3b449d800792ecf686bd99530088a06592ffb6ee82eae17099e306bdc01f4f3b","On 1 list: Summer Road Trip Jams 2023"
"(thematic candidate)","","","","How Will I Know","Whitney Houston","Whitney Houston","1131192","526074","275","false","https://www.deezer.com/us/track/1131192","https://cdnt-preview.dzcdn.net/api/1/1/2/2/8/0/22875876c763ab4f2c5f3ca8f3a20365.mp3?hdnea=exp=1781363514~acl=/api/1/1/2/2/8/0/22875876c763ab4f2c5f3ca8f3a20365.mp3*~data=user_id=0,application_id=42~hmac=b793f847b1b03fecbb02992f227893312c6bb1ce4e5c62d62ae7ba02b2115ce3","On 1 list: 100 Greatest Driving Songs"
"(thematic candidate)","","","","Helmet","Steve Lacy","Gemini Rights","1817216157","525466","202","true","https://www.deezer.com/us/track/1817216157","https://cdnt-preview.dzcdn.net/api/1/1/6/b/c/0/6bc387aeabc7a971a7562603b69ea6e8.mp3?hdnea=exp=1781363515~acl=/api/1/1/6/b/c/0/6bc387aeabc7a971a7562603b69ea6e8.mp3*~data=user_id=0,application_id=42~hmac=5a648f698e19623c3bbac42fcb19cc97dad88456f0e44ffcfb38356b2d4af425","On 1 list: Summer Road Trip Jams 2023"
"(thematic candidate)","","","","Amber","311","Greatest Hits '93 - '03","13176040","522964","211","false","https://www.deezer.com/us/track/13176040","https://cdnt-preview.dzcdn.net/api/1/1/2/3/1/0/2310542f07fb82cebeeca15e614f8969.mp3?hdnea=exp=1781363515~acl=/api/1/1/2/3/1/0/2310542f07fb82cebeeca15e614f8969.mp3*~data=user_id=0,application_id=42~hmac=8527d74bc6ff22e259d3d3f3af1524a4adc6d3e9ca86016000c2aff2fc616c2e","On 1 list: Summer Road Trip Jams 2023"
"(thematic candidate)","","","","Don't Remind Me","Amber Mark","Don't Remind Me","3586146921","522311","218","true","https://www.deezer.com/us/track/3586146921","https://cdnt-preview.dzcdn.net/api/1/1/f/f/3/0/ff3abaf43782d1da85de5a5f6f1ee2d6.mp3?hdnea=exp=1781363516~acl=/api/1/1/f/f/3/0/ff3abaf43782d1da85de5a5f6f1ee2d6.mp3*~data=user_id=0,application_id=42~hmac=d02bc15ebbba8db64b1fb26b5a6b0da654e6578aff64ddd186b28ca13da04b12","On 1 list: Feel Good Commute"
"(thematic candidate)","","","","Lampshades on Fire","Modest Mouse","Strangers to Ourselves","96817066","521919","188","false","https://www.deezer.com/us/track/96817066","https://cdnt-preview.dzcdn.net/api/1/1/5/0/3/0/503a9263f8d2bd8210eb2804a07d7462.mp3?hdnea=exp=1781363515~acl=/api/1/1/5/0/3/0/503a9263f8d2bd8210eb2804a07d7462.mp3*~data=user_id=0,application_id=42~hmac=9df892b8f34a7b224e9956aa10ac79d0bf264728a2b6d6358d8511395344ccf0","On 1 list: Summer Road Trip Jams 2023"
"(thematic candidate)","","","","Think Fast","Dominic Fike","Sunburn","2349963865","521903","223","false","https://www.deezer.com/us/track/2349963865","https://cdnt-preview.dzcdn.net/api/1/1/c/7/4/0/c74075ddcbbf88647622eafdca160b24.mp3?hdnea=exp=1781363515~acl=/api/1/1/c/7/4/0/c74075ddcbbf88647622eafdca160b24.mp3*~data=user_id=0,application_id=42~hmac=081bf87593f14e9e762805073a0304d8b4a90ed3358a5bb6c7c2777adfef4983","On 1 list: Summer Road Trip Jams 2023"
"(thematic candidate)","","","","Highway Song","Blackfoot","Strikes","752817","519660","450","false","https://www.deezer.com/us/track/752817","https://cdnt-preview.dzcdn.net/api/1/1/7/e/8/0/7e88b76a3711b7b7135bd64406868c7e.mp3?hdnea=exp=1781363516~acl=/api/1/1/7/e/8/0/7e88b76a3711b7b7135bd64406868c7e.mp3*~data=user_id=0,application_id=42~hmac=79b75d164005fefaf8fbf2929b083516514258eaa8ffcdb827dbbef8681559f1","On 1 list: Southern Rock Essentials"
"(thematic candidate)","","","","Grease","Frankie Valli","The Very Best of Frankie Valli & The 4 Seasons","725722","517933","201","false","https://www.deezer.com/us/track/725722","https://cdnt-preview.dzcdn.net/api/1/1/3/a/f/0/3af2db3e7f7d1b660c3aa3a7bbe17901.mp3?hdnea=exp=1781363514~acl=/api/1/1/3/a/f/0/3af2db3e7f7d1b660c3aa3a7bbe17901.mp3*~data=user_id=0,application_id=42~hmac=4d78e308b8c12f10de4e994c9dcf3e4ccc9c499951a9dfe04af3375026b271d7","On 1 list: 100 Greatest Driving Songs"
"(thematic candidate)","","","","Can't Let You Leave","LP","Churches","1425684982","517552","260","true","https://www.deezer.com/us/track/1425684982","https://cdnt-preview.dzcdn.net/api/1/1/a/f/2/0/af2b7d3480894feae829362ce20dfa0b.mp3?hdnea=exp=1781363512~acl=/api/1/1/a/f/2/0/af2b7d3480894feae829362ce20dfa0b.mp3*~data=user_id=0,application_id=42~hmac=6f5df746991897824b87cf199e5c03e54e383533c7bd61277db213145f52e25b","On 1 list: Rock Road Trip"
"(thematic candidate)","","","","Don't Stop (Color on the Walls)","Foster The People","Torches","15546832","517053","176","false","https://www.deezer.com/us/track/15546832","https://cdnt-preview.dzcdn.net/api/1/1/b/a/7/0/ba7501b99258324d15b760e61b53c884.mp3?hdnea=exp=1781363515~acl=/api/1/1/b/a/7/0/ba7501b99258324d15b760e61b53c884.mp3*~data=user_id=0,application_id=42~hmac=4ec0a2f625f6f2e2e493b8ae8c5686fca060bdb5acb8069127bd2849271f123c","On 1 list: Summer Road Trip Jams 2023"
"(thematic candidate)","","","","Don't Get Me Wrong (2007 Remaster)","Pretenders","Get Close (Expanded & Remastered)","740198","514690","227","false","https://www.deezer.com/us/track/740198","https://cdnt-preview.dzcdn.net/api/1/1/b/7/0/0/b70e4d8d311745ff3604492b5a4964e4.mp3?hdnea=exp=1781363514~acl=/api/1/1/b/7/0/0/b70e4d8d311745ff3604492b5a4964e4.mp3*~data=user_id=0,application_id=42~hmac=f3dda402d15b4b617976785b0a957d3f219db85383333bd5d4f503dc5709197d","On 1 list: 100 Greatest Driving Songs"
"(thematic candidate)","","","","Bronco","Orville Peck","Bronco","1708412227","513353","208","false","https://www.deezer.com/us/track/1708412227","https://cdnt-preview.dzcdn.net/api/1/1/e/6/6/0/e66f4fc22443179c4811bf0b9cb8d136.mp3?hdnea=exp=1781363512~acl=/api/1/1/e/6/6/0/e66f4fc22443179c4811bf0b9cb8d136.mp3*~data=user_id=0,application_id=42~hmac=77210060e2ff8774680aa11983a08393d6d45125d56f326bf1ada67f3ec5b9eb","On 1 list: Rock Road Trip"
"(thematic candidate)","","","","Cigarette Daydreams","Cage The Elephant","Melophobia","71127724","512244","208","false","https://www.deezer.com/us/track/71127724","https://cdnt-preview.dzcdn.net/api/1/1/8/9/f/0/89f747f4dadcfbfcf64626ed599bcbb3.mp3?hdnea=exp=1781363515~acl=/api/1/1/8/9/f/0/89f747f4dadcfbfcf64626ed599bcbb3.mp3*~data=user_id=0,application_id=42~hmac=a61fc1ca5b526160ff69dbb805ef631875fbe16f1c2bc641cf1b192299bb74fe","On 1 list: Summer Road Trip Jams 2023"
"(thematic candidate)","","","","Freakin' Out On the Interstate","Briston Maroney","Carnival","585967822","511242","251","false","https://www.deezer.com/us/track/585967822","https://cdnt-preview.dzcdn.net/api/1/1/2/5/0/0/250de9e70ee57b0831f2c5b8eb50b2d0.mp3?hdnea=exp=1781363515~acl=/api/1/1/2/5/0/0/250de9e70ee57b0831f2c5b8eb50b2d0.mp3*~data=user_id=0,application_id=42~hmac=e9fd3642f9c7259dd7bb4c27fc037ddffd0e2c6ec384c53f831dd435b48180a5","On 1 list: Summer Road Trip Jams 2023"
"(thematic candidate)","","","","Gratitude (Remastered 2009)","Beastie Boys","Check Your Head (Deluxe Edition/Remastered/2009)","3148259","508608","165","false","https://www.deezer.com/us/track/3148259","https://cdnt-preview.dzcdn.net/api/1/1/6/3/4/0/634f11f85c309e7ac6f17970ecba8466.mp3?hdnea=exp=1781363512~acl=/api/1/1/6/3/4/0/634f11f85c309e7ac6f17970ecba8466.mp3*~data=user_id=0,application_id=42~hmac=d6458ab4526d02be5636c2b862ab8f458df442a55163b861fe011132f3c14e76","On 1 list: Rock Road Trip"
"(thematic candidate)","","","","Talk Too Much","COIN","Talk Too Much","124186202","508402","187","false","https://www.deezer.com/us/track/124186202","https://cdnt-preview.dzcdn.net/api/1/1/b/0/9/0/b09e8c43d8bda9d3fb87391ab777c008.mp3?hdnea=exp=1781363515~acl=/api/1/1/b/0/9/0/b09e8c43d8bda9d3fb87391ab777c008.mp3*~data=user_id=0,application_id=42~hmac=070880444c065f798aae08c3f5fe04f7ad487e43a209ab4ab6f6c0a7dfba98a6","On 1 list: Summer Road Trip Jams 2023"
"(thematic candidate)","","","","Work This Body","WALK THE MOON","TALKING IS HARD","90326371","505327","180","false","https://www.deezer.com/us/track/90326371","https://cdnt-preview.dzcdn.net/api/1/1/a/e/8/0/ae8e09d76a694e35a5ec476b339a5d80.mp3?hdnea=exp=1781363515~acl=/api/1/1/a/e/8/0/ae8e09d76a694e35a5ec476b339a5d80.mp3*~data=user_id=0,application_id=42~hmac=b79f186af76e2310aaa18aa0bcb50d88f3b7b98f9514b188092cd0452b2fd29d","On 1 list: Summer Road Trip Jams 2023"
"(thematic candidate)","","","","Helena Beat","Foster The People","Torches","15546829","504866","276","false","https://www.deezer.com/us/track/15546829","https://cdnt-preview.dzcdn.net/api/1/1/f/e/1/0/fe1d550f420b91e1245d92dab36f08c1.mp3?hdnea=exp=1781363515~acl=/api/1/1/f/e/1/0/fe1d550f420b91e1245d92dab36f08c1.mp3*~data=user_id=0,application_id=42~hmac=cb49852a7f6c230d80ac1e68e61b8793c11961b265f1aa8b4561565fd1275d4a","On 1 list: Summer Road Trip Jams 2023"
"(thematic candidate)","","","","Doses & Mimosas","Cherub","MoM & DaD","71415361","504473","323","true","https://www.deezer.com/us/track/71415361","https://cdnt-preview.dzcdn.net/api/1/1/d/9/3/0/d93391af6f345c533597c9b4fbb25478.mp3?hdnea=exp=1781363515~acl=/api/1/1/d/9/3/0/d93391af6f345c533597c9b4fbb25478.mp3*~data=user_id=0,application_id=42~hmac=4d8daf3a633a2a5b983595903b028a6e0a8f7e8719688335d82589fe357c08e3","On 1 list: Summer Road Trip Jams 2023"
"(thematic candidate)","","","","Harley Darling","The Pretty Reckless","Death by Rock and Roll","1220635992","503081","259","false","https://www.deezer.com/us/track/1220635992","https://cdnt-preview.dzcdn.net/api/1/1/b/6/2/0/b620218009a73471ad598c7ba663b5f8.mp3?hdnea=exp=1781363512~acl=/api/1/1/b/6/2/0/b620218009a73471ad598c7ba663b5f8.mp3*~data=user_id=0,application_id=42~hmac=b18f2371ee5c124979ad554abc38aa53dee47e4bef37cc3ac6daa4724398f647","On 1 list: Rock Road Trip"
"(thematic candidate)","","","","truck on fire","Carly Pearce","hummingbird","2826344442","502642","188","false","https://www.deezer.com/us/track/2826344442","https://cdnt-preview.dzcdn.net/api/1/1/8/4/3/0/8433dbc53295c5e1b089698b2ac602cc.mp3?hdnea=exp=1781363512~acl=/api/1/1/8/4/3/0/8433dbc53295c5e1b089698b2ac602cc.mp3*~data=user_id=0,application_id=42~hmac=0cebe73a3d551e3f934f562a456f0519c5e860ef982d228ccfe9af77a032ca13","On 1 list: Rock Road Trip"
"(thematic candidate)","","","","Speed of the Sound of Loneliness","Kurt Vile","Speed, Sound, Lonely KV (ep)","1090110432","499618","315","false","https://www.deezer.com/us/track/1090110432","https://cdnt-preview.dzcdn.net/api/1/1/2/a/3/0/2a37013da35a7cbb94add5b1f2e5abee.mp3?hdnea=exp=1781363512~acl=/api/1/1/2/a/3/0/2a37013da35a7cbb94add5b1f2e5abee.mp3*~data=user_id=0,application_id=42~hmac=476259602a80bf8dacc61a64e3bb0636a495a6f4430bf8c10a091bf754e1df43","On 1 list: Rock Road Trip"
"(thematic candidate)","","","","touch tank","Quinnie","touch tank","1881696997","496518","179","true","https://www.deezer.com/us/track/1881696997","https://cdnt-preview.dzcdn.net/api/1/1/8/3/d/0/83d13284617416da3989deb5d0db2237.mp3?hdnea=exp=1781363515~acl=/api/1/1/8/3/d/0/83d13284617416da3989deb5d0db2237.mp3*~data=user_id=0,application_id=42~hmac=ca75a1882e6e92a76fd820d2f8fda9f0de0214e9e395abcf16f6636158f620ef","On 1 list: Summer Road Trip Jams 2023"
"(thematic candidate)","","","","Harmony Hall","Vampire Weekend","Harmony Hall / 2021","622127052","496183","308","false","https://www.deezer.com/us/track/622127052","https://cdnt-preview.dzcdn.net/api/1/1/7/6/7/0/767201734f270d16aadf6791322812ae.mp3?hdnea=exp=1781363515~acl=/api/1/1/7/6/7/0/767201734f270d16aadf6791322812ae.mp3*~data=user_id=0,application_id=42~hmac=9f3a1c40608ac19a39765e0664bddab5777f6d62328bef58c66bac22e08806e0","On 1 list: Summer Road Trip Jams 2023"
"(thematic candidate)","","","","Rikki Don't Lose That Number","Steely Dan","The Very Best Of Steely Dan","75785436","493289","271","false","https://www.deezer.com/us/track/75785436","https://cdnt-preview.dzcdn.net/api/1/1/9/2/7/0/92736ad50887e90cd386b92779468c52.mp3?hdnea=exp=1781363514~acl=/api/1/1/9/2/7/0/92736ad50887e90cd386b92779468c52.mp3*~data=user_id=0,application_id=42~hmac=5d676eeb123c7587c8d447585cddb8e62c7cfbd594a108cf634b8af57830547a","On 1 list: 100 Greatest Driving Songs"
"(thematic candidate)","","","","Hold On Loosely","38 Special","The Very Best Of The A&M Years (1977-1988)","2525880","492221","279","false","https://www.deezer.com/us/track/2525880","https://cdnt-preview.dzcdn.net/api/1/1/8/4/5/0/845791f2a564357176631df6bd5596a3.mp3?hdnea=exp=1781363516~acl=/api/1/1/8/4/5/0/845791f2a564357176631df6bd5596a3.mp3*~data=user_id=0,application_id=42~hmac=ece1de3ab0390575b8adec8e3a6e7b68db8e5d31a5d8f59764f00879ca64ed26","On 1 list: Southern Rock Essentials"
"(thematic candidate)","","","","Rocks","Primal Scream","Give Out But Don't Give Up (Expanded Edition)","14882019","491885","215","true","https://www.deezer.com/us/track/14882019","https://cdnt-preview.dzcdn.net/api/1/1/c/4/8/0/c481f1f1f92b683e1c2ffb7b36093af4.mp3?hdnea=exp=1781363516~acl=/api/1/1/c/4/8/0/c481f1f1f92b683e1c2ffb7b36093af4.mp3*~data=user_id=0,application_id=42~hmac=d7f60f45bcdada2031a7e46791894d07d6f30d94fd287bd385670d437d3b2789","On 1 list: Southern Rock Essentials"
"(thematic candidate)","","","","King of Oklahoma","Jason Isbell And The 400 Unit","Weathervanes","2309589395","490522","302","false","https://www.deezer.com/us/track/2309589395","https://cdnt-preview.dzcdn.net/api/1/1/5/9/5/0/595ca4747612cc04ddbb751e2f9a49e5.mp3?hdnea=exp=1781363512~acl=/api/1/1/5/9/5/0/595ca4747612cc04ddbb751e2f9a49e5.mp3*~data=user_id=0,application_id=42~hmac=0b3bfc56bd6dbd37e7132c61bbb4de1f46a571b539f46f1a9c2a3559b65b649a","On 1 list: Rock Road Trip"
"(thematic candidate)","","","","Green Grass & High Tides (Remastered)","The Outlaws","Best Of...Green Grass & High Tides","1043323","490297","586","false","https://www.deezer.com/us/track/1043323","https://cdnt-preview.dzcdn.net/api/1/1/c/9/f/0/c9f365c8ecf8537529d2f123b0f6b8cd.mp3?hdnea=exp=1781363516~acl=/api/1/1/c/9/f/0/c9f365c8ecf8537529d2f123b0f6b8cd.mp3*~data=user_id=0,application_id=42~hmac=767769c27679e7c3d88b565a03f9f15e967b0207794444550d4220dc47457327","On 1 list: Southern Rock Essentials"
"(thematic candidate)","","","","Build Me Up Buttercup","The Foundations","Build Me Up Buttercup: The Best of The Foundations","3786090882","489618","179","false","https://www.deezer.com/us/track/3786090882","https://cdnt-preview.dzcdn.net/api/1/1/9/9/d/0/99d725180d57a657703f9b525968af4b.mp3?hdnea=exp=1781363514~acl=/api/1/1/9/9/d/0/99d725180d57a657703f9b525968af4b.mp3*~data=user_id=0,application_id=42~hmac=d53724ccfa3038b0f6510e8f657efce23d03a6e5628b271caff36c873351871b","On 1 list: 100 Greatest Driving Songs"
"(thematic candidate)","","","","Highway Lady","The Record Company","The 4th Album","2356442365","488909","275","false","https://www.deezer.com/us/track/2356442365","https://cdnt-preview.dzcdn.net/api/1/1/4/b/9/0/4b97b625ea8f4922162c3800dd29fa81.mp3?hdnea=exp=1781363512~acl=/api/1/1/4/b/9/0/4b97b625ea8f4922162c3800dd29fa81.mp3*~data=user_id=0,application_id=42~hmac=9efc313a2dceedc5584367c31a8a198c627ac817aab21009951458e455153420","On 1 list: Rock Road Trip"
"(thematic candidate)","","","","American Wedding","flowerovlove","American Wedding","3911990631","488303","191","false","https://www.deezer.com/us/track/3911990631","https://cdnt-preview.dzcdn.net/api/1/1/f/2/3/0/f239789bcef88306f512e587a6a6e01b.mp3?hdnea=exp=1781363516~acl=/api/1/1/f/2/3/0/f239789bcef88306f512e587a6a6e01b.mp3*~data=user_id=0,application_id=42~hmac=447e556d25e98d2ce581eb47fc3737c1743f408d02cdd3fe6c1ef53789566032","On 1 list: Feel Good Commute"
"(thematic candidate)","","","","On The Road Again (Remastered 2005)","Canned Heat","The Very Best Of Canned Heat","3151772","481530","296","false","https://www.deezer.com/us/track/3151772","https://cdnt-preview.dzcdn.net/api/1/1/3/9/b/0/39bf0781bbb87728b3c9b11ff06f3702.mp3?hdnea=exp=1781363516~acl=/api/1/1/3/9/b/0/39bf0781bbb87728b3c9b11ff06f3702.mp3*~data=user_id=0,application_id=42~hmac=86ff4ce5a4342156c951d8c5ad5f6d8cf058f79ad29b623cd04431ce152a3446","On 1 list: Southern Rock Essentials"
"(thematic candidate)","","","","End Of The Line","The Traveling Wilburys","The Traveling Wilburys, Vol. 1","125974205","476819","210","false","https://www.deezer.com/us/track/125974205","https://cdnt-preview.dzcdn.net/api/1/1/b/4/5/0/b45b303932874e040651800ffdfd4940.mp3?hdnea=exp=1781363514~acl=/api/1/1/b/4/5/0/b45b303932874e040651800ffdfd4940.mp3*~data=user_id=0,application_id=42~hmac=35cc7881880da789a2dbf0a871b1a78d3e85b2fd87230eb0689d409fd22e9481","On 1 list: 100 Greatest Driving Songs"
"(thematic candidate)","","","","Electric Love","BØRNS","Dopamine","109705152","476170","218","false","https://www.deezer.com/us/track/109705152","https://cdnt-preview.dzcdn.net/api/1/1/4/d/3/0/4d34388414f7691902e17975f00904d5.mp3?hdnea=exp=1781363515~acl=/api/1/1/4/d/3/0/4d34388414f7691902e17975f00904d5.mp3*~data=user_id=0,application_id=42~hmac=83a691f045a765cdba9652eb6d9e7b85482fdbcaa6c91d1544e1e9d5aa4724cb","On 1 list: Summer Road Trip Jams 2023"
"(thematic candidate)","","","","Don't Take The Money","Bleachers","Don't Take The Money","145430754","473515","216","false","https://www.deezer.com/us/track/145430754","https://cdnt-preview.dzcdn.net/api/1/1/8/e/5/0/8e5d5c5385e9577de46cec0b14b93a75.mp3?hdnea=exp=1781363515~acl=/api/1/1/8/e/5/0/8e5d5c5385e9577de46cec0b14b93a75.mp3*~data=user_id=0,application_id=42~hmac=175d3be981458fc9f02c55dc5fd33dca34fa41cff714a9541ff2fc15de35f79b","On 1 list: Summer Road Trip Jams 2023"
"(thematic candidate)","","","","Keep Your Hands to Yourself","Georgia Satellites","Let It Rock...Best Of Georgia Satellites","670865","471618","205","false","https://www.deezer.com/us/track/670865","https://cdnt-preview.dzcdn.net/api/1/1/3/a/0/0/3a083f6d434c44831e6ea5f5595e8f91.mp3?hdnea=exp=1781363516~acl=/api/1/1/3/a/0/0/3a083f6d434c44831e6ea5f5595e8f91.mp3*~data=user_id=0,application_id=42~hmac=104f28610a4652e69e190277cbdb8c3ab6c9680968991165d5060c5046aa2246","On 1 list: Southern Rock Essentials"
"(thematic candidate)","","","","Ain't No Rest for the Wicked","Cage The Elephant","Cage The Elephant (Expanded Edition)","561626942","469863","175","false","https://www.deezer.com/us/track/561626942","https://cdnt-preview.dzcdn.net/api/1/1/7/e/6/0/7e616724e6bb657ce0fb51526d8cd168.mp3?hdnea=exp=1781363515~acl=/api/1/1/7/e/6/0/7e616724e6bb657ce0fb51526d8cd168.mp3*~data=user_id=0,application_id=42~hmac=e2ec4a97a09704e50cf0e2060ba1f47b05f538e6b9c2de50c1dcac1cbfb0f631","On 1 list: Summer Road Trip Jams 2023"
"(thematic candidate)","","","","Back Down South","Kings Of Leon","Come Around Sundown (Expanded Edition)","7330122","469147","241","false","https://www.deezer.com/us/track/7330122","https://cdnt-preview.dzcdn.net/api/1/1/2/0/0/0/200059c81b49ec6228d39af0d5b6b016.mp3?hdnea=exp=1781363515~acl=/api/1/1/2/0/0/0/200059c81b49ec6228d39af0d5b6b016.mp3*~data=user_id=0,application_id=42~hmac=864383397db93c76f94c93ea72cd66624ba9c1a8f74470132ea59ca30032466d","On 1 list: Summer Road Trip Jams 2023"
"(thematic candidate)","","","","Can't Hardly Wait (2020 Remaster)","The Replacements","Can't Hardly Wait (2020 Remaster)","1081171672","466444","185","false","https://www.deezer.com/us/track/1081171672","https://cdnt-preview.dzcdn.net/api/1/1/3/2/2/0/32205daddafa8e8e7cb57503b96b4522.mp3?hdnea=exp=1781363512~acl=/api/1/1/3/2/2/0/32205daddafa8e8e7cb57503b96b4522.mp3*~data=user_id=0,application_id=42~hmac=c31fdde64d3b14143a4cb79c3410ed6ce4338af9ef58ca490212e04da2e81f93","On 1 list: Rock Road Trip"
"(thematic candidate)","","","","Crowbar","Waxahatchee","Tigers Blood","2582917872","466026","241","false","https://www.deezer.com/us/track/2582917872","https://cdnt-preview.dzcdn.net/api/1/1/2/6/c/0/26ccd0db06eebe5f0ed6859a3bda04fc.mp3?hdnea=exp=1781363512~acl=/api/1/1/2/6/c/0/26ccd0db06eebe5f0ed6859a3bda04fc.mp3*~data=user_id=0,application_id=42~hmac=e2a9b3e0273ea47a555fd343f59d087c87f447f20014f329b159260aaf1863b2","On 1 list: Rock Road Trip"
"(thematic candidate)","","","","She's Gone","Daryl Hall & John Oates","Abandoned Luncheonette","4288127","465324","313","false","https://www.deezer.com/us/track/4288127","https://cdnt-preview.dzcdn.net/api/1/1/e/1/a/0/e1a7ddeab1f3f6e3178926c956d765dd.mp3?hdnea=exp=1781363514~acl=/api/1/1/e/1/a/0/e1a7ddeab1f3f6e3178926c956d765dd.mp3*~data=user_id=0,application_id=42~hmac=b2f4eb68a340511c1ddb1f737c5a6fb478101df46fc5f1c70c5f68ac53122ceb","On 1 list: 100 Greatest Driving Songs"
"(thematic candidate)","","","","Midnight City","M83","Midnight City","75569764","465116","241","false","https://www.deezer.com/us/track/75569764","https://cdnt-preview.dzcdn.net/api/1/1/6/a/d/0/6adae1ede8e9036fc40a40b5dc71d830.mp3?hdnea=exp=1781363515~acl=/api/1/1/6/a/d/0/6adae1ede8e9036fc40a40b5dc71d830.mp3*~data=user_id=0,application_id=42~hmac=8d0ffa688cafeb76b244a9f2d6aede8bd1ccb0fe9d2086f3efe111385360019b","On 1 list: Summer Road Trip Jams 2023"
"(thematic candidate)","","","","I Want","Enny","I Want","1355405782","462733","202","true","https://www.deezer.com/us/track/1355405782","https://cdnt-preview.dzcdn.net/api/1/1/7/7/0/0/77004f221342d398062672355a493311.mp3?hdnea=exp=1781363516~acl=/api/1/1/7/7/0/0/77004f221342d398062672355a493311.mp3*~data=user_id=0,application_id=42~hmac=192ff12480ccc43935a84747ca0f14ef3946c5448874e905db36e42ecd37a884","On 1 list: Feel Good Commute"
"(thematic candidate)","","","","The Way We Move","Langhorne Slim","The Way We Move","29010031","462674","168","false","https://www.deezer.com/us/track/29010031","https://cdnt-preview.dzcdn.net/api/1/1/4/6/c/0/46cd19375f4b1f5ddceb557e3caf200e.mp3?hdnea=exp=1781363515~acl=/api/1/1/4/6/c/0/46cd19375f4b1f5ddceb557e3caf200e.mp3*~data=user_id=0,application_id=42~hmac=41ef95e8245aac6db33ddffa1e0c4995de5b6efa49be767ff24f14169a97625b","On 1 list: Summer Road Trip Jams 2023"
"(thematic candidate)","","","","Poison","feeble little horse","bitknot","3957762701","460396","101","false","https://www.deezer.com/us/track/3957762701","https://cdnt-preview.dzcdn.net/api/1/1/5/d/4/0/5d4bf3051ebae59cd665293b4654ae6a.mp3?hdnea=exp=1781363513~acl=/api/1/1/5/d/4/0/5d4bf3051ebae59cd665293b4654ae6a.mp3*~data=user_id=0,application_id=42~hmac=4ac77a1524cad4c67763217126170df3478721823544bafed85051cfc007ba5d","On 1 list: roadtrip radio"
"(thematic candidate)","","","","God Only Knows","Warren Zeiders","Pretty Little Poison","2305066765","460255","171","false","https://www.deezer.com/us/track/2305066765","https://cdnt-preview.dzcdn.net/api/1/1/1/2/4/0/1244442e704a897b63a85afdca8c08e9.mp3?hdnea=exp=1781363512~acl=/api/1/1/1/2/4/0/1244442e704a897b63a85afdca8c08e9.mp3*~data=user_id=0,application_id=42~hmac=eb389d43873a98e88cf25fe6d43f1b3410c414ded5c1882cff69a10dec2706fe","On 1 list: Rock Road Trip"
"(thematic candidate)","","","","Wouldn't It Be Nice","The Beach Boys","Pet Sounds (Original Mono & Stereo Mix)","3102938","459893","153","false","https://www.deezer.com/us/track/3102938","https://cdnt-preview.dzcdn.net/api/1/1/0/f/a/0/0fa9238b73f4ec8bb00cf18b6593ced1.mp3?hdnea=exp=1781363514~acl=/api/1/1/0/f/a/0/0fa9238b73f4ec8bb00cf18b6593ced1.mp3*~data=user_id=0,application_id=42~hmac=da1fbe28e9982a851f3d8b4a4788dac986402053b3b6ae502a7b1f667c00be33","On 1 list: 100 Greatest Driving Songs"
"(thematic candidate)","","","","The High Road","Broken Bells","Broken Bells","5417700","459069","232","false","https://www.deezer.com/us/track/5417700","https://cdnt-preview.dzcdn.net/api/1/1/9/d/0/0/9d0f878998189510a8ff7d227edc0b59.mp3?hdnea=exp=1781363515~acl=/api/1/1/9/d/0/0/9d0f878998189510a8ff7d227edc0b59.mp3*~data=user_id=0,application_id=42~hmac=844cee961446d4a53bd5a148064404ed851bbc81d3436faf358f0cac883dfb6a","On 1 list: Summer Road Trip Jams 2023"
"(thematic candidate)","","","","2am","Foals","2am","1639792302","458760","224","false","https://www.deezer.com/us/track/1639792302","https://cdnt-preview.dzcdn.net/api/1/1/0/e/1/0/0e1b173a2c6a6a355c4f04887fa5ce3e.mp3?hdnea=exp=1781363516~acl=/api/1/1/0/e/1/0/0e1b173a2c6a6a355c4f04887fa5ce3e.mp3*~data=user_id=0,application_id=42~hmac=0732f1654d97074f5825d0d0061806b29e759542e33b4571d0fad9b72948ebfb","On 1 list: Feel Good Commute"
"(thematic candidate)","","","","PULSE","Michelle","PULSE","1926699647","456199","189","false","https://www.deezer.com/us/track/1926699647","https://cdnt-preview.dzcdn.net/api/1/1/d/e/7/0/de75a90c472c4b8266ea98780041801d.mp3?hdnea=exp=1781363516~acl=/api/1/1/d/e/7/0/de75a90c472c4b8266ea98780041801d.mp3*~data=user_id=0,application_id=42~hmac=276cfa7adfe1862ab7ed820f308c98827100c471871f614467927308439b8323","On 1 list: Feel Good Commute"
"(thematic candidate)","","","","Long Haired Country Boy","The Charlie Daniels Band","The Essential Charlie Daniels Band","7511814","455713","241","false","https://www.deezer.com/us/track/7511814","https://cdnt-preview.dzcdn.net/api/1/1/7/c/e/0/7ceca87d2aaf422ec4c18cbf3fd2c5c7.mp3?hdnea=exp=1781363516~acl=/api/1/1/7/c/e/0/7ceca87d2aaf422ec4c18cbf3fd2c5c7.mp3*~data=user_id=0,application_id=42~hmac=1e3fd890b79850f8d0d5e2a606045f9ee3d983cc2c44e84fae3ddb27f7860f3c","On 1 list: Southern Rock Essentials"
"(thematic candidate)","","","","Notion","Kings Of Leon","Only By The Night","15531175","452654","181","false","https://www.deezer.com/us/track/15531175","https://cdnt-preview.dzcdn.net/api/1/1/1/b/0/0/1b04b520558a1aa5c9b0923f27c7867a.mp3?hdnea=exp=1781363515~acl=/api/1/1/1/b/0/0/1b04b520558a1aa5c9b0923f27c7867a.mp3*~data=user_id=0,application_id=42~hmac=10504207272cfe4bcb48c183a21e0f74cab0118d35e87033e006292be34e6c6e","On 1 list: Summer Road Trip Jams 2023"
"(thematic candidate)","","","","Baker Street (Radio Edit)","Gerry Rafferty","Pop Classics 100 Hits","2892771012","452535","248","false","https://www.deezer.com/us/track/2892771012","https://cdnt-preview.dzcdn.net/api/1/1/a/0/0/0/a00e29e2540df2ac800c3cf6bc2de071.mp3?hdnea=exp=1781363514~acl=/api/1/1/a/0/0/0/a00e29e2540df2ac800c3cf6bc2de071.mp3*~data=user_id=0,application_id=42~hmac=e50add2233444bb3d68bbcf224fbce1ce5ef2b06fe1fb7f59f8d5beef746338d","On 1 list: 100 Greatest Driving Songs"
"(thematic candidate)","","","","THE SHADE","Rex Orange County","WHO CARES?","1680292317","447692","181","false","https://www.deezer.com/us/track/1680292317","https://cdnt-preview.dzcdn.net/api/1/1/e/d/4/0/ed47c3a9ab8d252edf3e0ffc7c18e176.mp3?hdnea=exp=1781363515~acl=/api/1/1/e/d/4/0/ed47c3a9ab8d252edf3e0ffc7c18e176.mp3*~data=user_id=0,application_id=42~hmac=af7d63cdbf33ede18c200471873da557b682bf342202991e3ed37ce172b96f7b","On 1 list: Summer Road Trip Jams 2023"
"(thematic candidate)","","","","Come a Little Closer","Cage The Elephant","Melophobia","71127716","447226","229","false","https://www.deezer.com/us/track/71127716","https://cdnt-preview.dzcdn.net/api/1/1/f/1/c/0/f1cd08bf180e977c8a2ca82839856a97.mp3?hdnea=exp=1781363515~acl=/api/1/1/f/1/c/0/f1cd08bf180e977c8a2ca82839856a97.mp3*~data=user_id=0,application_id=42~hmac=d829ac9fdfa4e4b4daf997e9b6340e2ea08c46dd385592c9155d559bf47dbe50","On 1 list: Summer Road Trip Jams 2023"
"(thematic candidate)","","","","Sho Been Worse","Tyler Bryant & The Shakedown","Sho Been Worse","2125579767","444196","174","false","https://www.deezer.com/us/track/2125579767","https://cdnt-preview.dzcdn.net/api/1/1/a/4/6/0/a46694081d726a031bb87f851d8d4ddd.mp3?hdnea=exp=1781363512~acl=/api/1/1/a/4/6/0/a46694081d726a031bb87f851d8d4ddd.mp3*~data=user_id=0,application_id=42~hmac=fe0f1c29ac2878c46983ceb0ac7b577eff4acb4223b84182da115dda1b048add","On 1 list: Rock Road Trip"
"(thematic candidate)","","","","Life on Blue","Xavier Polycarpe","Life on Blue","3048349871","443956","258","false","https://www.deezer.com/us/track/3048349871","https://cdnt-preview.dzcdn.net/api/1/1/5/f/3/0/5f39c245d5a580f39b20e64b4494ae07.mp3?hdnea=exp=1781363516~acl=/api/1/1/5/f/3/0/5f39c245d5a580f39b20e64b4494ae07.mp3*~data=user_id=0,application_id=42~hmac=acef5492e61e0241edb680a2acc159734c395fee1833845d7f0c9db5e3fb5805","On 1 list: Feel Good Commute"
"(thematic candidate)","","","","Another Girl Another Planet","The Only Ones","Another Girl Another Planet The Best Of","2170005","442388","178","false","https://www.deezer.com/us/track/2170005","https://cdnt-preview.dzcdn.net/api/1/1/7/0/9/0/709589c6e830870e0cee7b4153fac62c.mp3?hdnea=exp=1781363512~acl=/api/1/1/7/0/9/0/709589c6e830870e0cee7b4153fac62c.mp3*~data=user_id=0,application_id=42~hmac=ce84c2bc55ec2c06ad4835e7022ed345a1060c01e4ae1e4f03c7d3ef0c45b8ca","On 1 list: Rock Road Trip"
"(thematic candidate)","","","","Go Outside","Cults","Cults","12000297","441300","199","false","https://www.deezer.com/us/track/12000297","https://cdnt-preview.dzcdn.net/api/1/1/7/a/a/0/7aaded13c10b5d1f49c41fcd19606863.mp3?hdnea=exp=1781363515~acl=/api/1/1/7/a/a/0/7aaded13c10b5d1f49c41fcd19606863.mp3*~data=user_id=0,application_id=42~hmac=1495251a8a5ef420005b53decba1d7b6b911c45f6510788e074979c096e3ad41","On 1 list: Summer Road Trip Jams 2023"
"(thematic candidate)","","","","Down The Road","Sam Barber","Restless Mind","3042275181","438597","233","false","https://www.deezer.com/us/track/3042275181","https://cdnt-preview.dzcdn.net/api/1/1/2/1/f/0/21f2cfcade237e1237d60ab27fa00dfe.mp3?hdnea=exp=1781363512~acl=/api/1/1/2/1/f/0/21f2cfcade237e1237d60ab27fa00dfe.mp3*~data=user_id=0,application_id=42~hmac=9db7332a3d1daa5923e79e2f9acd50e802acd30461b208d79250d0e74bdcdfb5","On 1 list: Rock Road Trip"
"(thematic candidate)","","","","Anna Sun","WALK THE MOON","Walk The Moon","34792281","437988","321","false","https://www.deezer.com/us/track/34792281","https://cdnt-preview.dzcdn.net/api/1/1/e/5/2/0/e529e847546f28983683215a5cca5cbc.mp3?hdnea=exp=1781363515~acl=/api/1/1/e/5/2/0/e529e847546f28983683215a5cca5cbc.mp3*~data=user_id=0,application_id=42~hmac=0d955e3c9e60433e4aa52f10b99d62a5a07394042997ee47e03181b9893b0608","On 1 list: Summer Road Trip Jams 2023"
"(thematic candidate)","","","","Arizona","Kings Of Leon","Because Of The Times","555263732","437925","290","false","https://www.deezer.com/us/track/555263732","https://cdnt-preview.dzcdn.net/api/1/1/8/9/c/0/89c857a6f0d56647f93b471aa628aaef.mp3?hdnea=exp=1781363515~acl=/api/1/1/8/9/c/0/89c857a6f0d56647f93b471aa628aaef.mp3*~data=user_id=0,application_id=42~hmac=3b304caca39777dca4db48461adb6a1c8b0800a50ce5faa9c3004702e266d146","On 1 list: Summer Road Trip Jams 2023"
"(thematic candidate)","","","","Free Riding","Horisont","Free Riding","908760332","435696","348","false","https://www.deezer.com/us/track/908760332","https://cdnt-preview.dzcdn.net/api/1/1/1/e/f/0/1ef6f300954864bd261c870b73684817.mp3?hdnea=exp=1781363512~acl=/api/1/1/1/e/f/0/1ef6f300954864bd261c870b73684817.mp3*~data=user_id=0,application_id=42~hmac=3e2f761bbd3b693cd7afd9d64456666adc96af46cb5ac7ab27b963fd72198f21","On 1 list: Rock Road Trip"
"(thematic candidate)","","","","Capricorn","Vampire Weekend","Capricorn / Gen-X Cops","2660011372","434596","248","false","https://www.deezer.com/us/track/2660011372","https://cdnt-preview.dzcdn.net/api/1/1/a/2/7/0/a2729344a119a8748642865b1857e64b.mp3?hdnea=exp=1781363515~acl=/api/1/1/a/2/7/0/a2729344a119a8748642865b1857e64b.mp3*~data=user_id=0,application_id=42~hmac=76086914346f94405db54b0ec8e19bb9bf02493f0ec11bb1fa9a7f4171bde339","On 1 list: Summer Road Trip Jams 2023"
"(thematic candidate)","","","","Peach Pit","Peach Pit","Sweet FA","519653262","431459","287","false","https://www.deezer.com/us/track/519653262","https://cdnt-preview.dzcdn.net/api/1/1/b/b/4/0/bb4c12f32cd13bd89dc1d54c9d2c682e.mp3?hdnea=exp=1781363515~acl=/api/1/1/b/b/4/0/bb4c12f32cd13bd89dc1d54c9d2c682e.mp3*~data=user_id=0,application_id=42~hmac=b0f8fb7071d16b0ba02e02a781802d142bdb68ed3c9e5c5d9f76c84ff9a85b1e","On 1 list: Summer Road Trip Jams 2023"
"(thematic candidate)","","","","Blue Sky","The Allman Brothers Band","Eat A Peach","128948406","431096","309","false","https://www.deezer.com/us/track/128948406","https://cdnt-preview.dzcdn.net/api/1/1/4/d/b/0/4db8f6d4b7a5912c402314a33fd8a112.mp3?hdnea=exp=1781363516~acl=/api/1/1/4/d/b/0/4db8f6d4b7a5912c402314a33fd8a112.mp3*~data=user_id=0,application_id=42~hmac=805c1d45565c7cce92e6146488d34967654bb80535db3ee3785b0a762fb2fd36","On 1 list: Southern Rock Essentials"
"(thematic candidate)","","","","Life's Been Good","Joe Walsh","But Seriously, Folks...","4288345","429398","536","false","https://www.deezer.com/us/track/4288345","https://cdnt-preview.dzcdn.net/api/1/1/7/4/0/0/7405011833a0da945f367ac4f8f53ec1.mp3?hdnea=exp=1781363516~acl=/api/1/1/7/4/0/0/7405011833a0da945f367ac4f8f53ec1.mp3*~data=user_id=0,application_id=42~hmac=170a3762518b947e99fe8a6c917f875669baa4d26474b8c3c017d1e0f83e67f7","On 1 list: Southern Rock Essentials"
"(thematic candidate)","","","","Summertime (2026 Remaster)","My Chemical Romance","Save Yourself, I'll Hold Them Back / S/C/A/R/E/C/R/O/W / Summertime","4040103591","429180","245","false","https://www.deezer.com/us/track/4040103591","https://cdnt-preview.dzcdn.net/api/1/1/a/d/3/0/ad38914ed048d22b85d865b376d1a0fd.mp3?hdnea=exp=1781363514~acl=/api/1/1/a/d/3/0/ad38914ed048d22b85d865b376d1a0fd.mp3*~data=user_id=0,application_id=42~hmac=4b91a020fa2ab2bed79b899077b655f4dd76caa3d9f2ace4792ba1bd27c3eae8","On 1 list: 100 Greatest Driving Songs"
"(thematic candidate)","","","","Meeting You Once (The End)","Natanya","Feline's Return Act II","3526710761","428923","137","false","https://www.deezer.com/us/track/3526710761","https://cdnt-preview.dzcdn.net/api/1/1/7/a/d/0/7add03e95e78e000f9e8fdf4a88d4fcf.mp3?hdnea=exp=1781363516~acl=/api/1/1/7/a/d/0/7add03e95e78e000f9e8fdf4a88d4fcf.mp3*~data=user_id=0,application_id=42~hmac=17dff056ebd704295f4739a37a09cbe1b2de38148774e75f912c85ad550b0593","On 1 list: Feel Good Commute"
"(thematic candidate)","","","","Waterloo Sunset","The Kinks","Something Else","3802993412","426029","194","false","https://www.deezer.com/us/track/3802993412","https://cdnt-preview.dzcdn.net/api/1/1/f/f/6/0/ff6916848def121cf36ce254ec772a5a.mp3?hdnea=exp=1781363514~acl=/api/1/1/f/f/6/0/ff6916848def121cf36ce254ec772a5a.mp3*~data=user_id=0,application_id=42~hmac=5fb5d7468c264a338ff6c84016267d99a9ff444bb1fc06345d0d99f4aaf04fd6","On 1 list: 100 Greatest Driving Songs"
"(thematic candidate)","","","","Cold as Ice","Foreigner","Records","3659065","422057","203","false","https://www.deezer.com/us/track/3659065","https://cdnt-preview.dzcdn.net/api/1/1/7/f/f/0/7ffae8c9a28de0844a5df0381c7999f1.mp3?hdnea=exp=1781363514~acl=/api/1/1/7/f/f/0/7ffae8c9a28de0844a5df0381c7999f1.mp3*~data=user_id=0,application_id=42~hmac=1e30bf1368ac2a016859bc654c3ba12a6b7d893ecd64cb1ecba0ab9d2c3f2cd6","On 1 list: 100 Greatest Driving Songs"
"(thematic candidate)","","","","Cars in the Desert","Nathaniel Rateliff & The Night Sweats","South of Here","2857518792","420491","176","false","https://www.deezer.com/us/track/2857518792","https://cdnt-preview.dzcdn.net/api/1/1/0/1/e/0/01e7a6e11ab3faa75f6f8717e49e6c67.mp3?hdnea=exp=1781363512~acl=/api/1/1/0/1/e/0/01e7a6e11ab3faa75f6f8717e49e6c67.mp3*~data=user_id=0,application_id=42~hmac=cdafc50a93f95f9003f62a1dfa19a1fa440a6cad6c54fa0510b82a0ca2dd0498","On 1 list: Rock Road Trip"
"(thematic candidate)","","","","Coming of Age","Foster The People","Supermodel","75802459","420072","280","false","https://www.deezer.com/us/track/75802459","https://cdnt-preview.dzcdn.net/api/1/1/c/d/c/0/cdc9a2542a7729fd3212fb19c85a5a39.mp3?hdnea=exp=1781363515~acl=/api/1/1/c/d/c/0/cdc9a2542a7729fd3212fb19c85a5a39.mp3*~data=user_id=0,application_id=42~hmac=72d27c71ba9f1f617a3fa2e48dd8150954e986feba1df073b5eb23ab5c2fdbe1","On 1 list: Summer Road Trip Jams 2023"
"(thematic candidate)","","","","Semi-Charmed Life","Third Eye Blind","Third Eye Blind","4111780","417468","268","false","https://www.deezer.com/us/track/4111780","https://cdnt-preview.dzcdn.net/api/1/1/a/8/6/0/a8658a64532afd53fb7f6f761d8f81ab.mp3?hdnea=exp=1781363514~acl=/api/1/1/a/8/6/0/a8658a64532afd53fb7f6f761d8f81ab.mp3*~data=user_id=0,application_id=42~hmac=4f600ff9dc8ce668134e425c90c2a8f7a4ee1118c85bc728176c82353aa227c9","On 1 list: 100 Greatest Driving Songs"
"(thematic candidate)","","","","The Lumberjack (Album Version)","Jackyl","20th Century Masters: The Millennium Collection: Best Of Jackyl","1579946","416712","213","false","https://www.deezer.com/us/track/1579946","https://cdnt-preview.dzcdn.net/api/1/1/5/7/1/0/571132c22d0ce86c03c27a391111b62b.mp3?hdnea=exp=1781363516~acl=/api/1/1/5/7/1/0/571132c22d0ce86c03c27a391111b62b.mp3*~data=user_id=0,application_id=42~hmac=97f819479af6d954e65f52e959c46dc56d5c76bbce147da2793853ebb9861069","On 1 list: Southern Rock Essentials"
"(thematic candidate)","","","","Booster Seat","Spacey Jane","Booster Seat (Edit)","1875531387","414043","268","false","https://www.deezer.com/us/track/1875531387","https://cdnt-preview.dzcdn.net/api/1/1/e/a/4/0/ea42d82ea0b461422de4b417662173d6.mp3?hdnea=exp=1781363515~acl=/api/1/1/e/a/4/0/ea42d82ea0b461422de4b417662173d6.mp3*~data=user_id=0,application_id=42~hmac=6632426bf36f1f7b17691f0d342022493a8850b7027337cda86bf2f0d5f50e66","On 1 list: Summer Road Trip Jams 2023"
"(thematic candidate)","","","","Trojans","Atlas Genius","When It Was Now","64469875","411888","217","false","https://www.deezer.com/us/track/64469875","https://cdnt-preview.dzcdn.net/api/1/1/8/6/6/0/86630dbb8fc965ead328b4b12d022421.mp3?hdnea=exp=1781363515~acl=/api/1/1/8/6/6/0/86630dbb8fc965ead328b4b12d022421.mp3*~data=user_id=0,application_id=42~hmac=a8b298f9a718e2e8b8002da9b9c9edfa016004a070dfa38ee9ccdff09a38ee0e","On 1 list: Summer Road Trip Jams 2023"
"(thematic candidate)","","","","Carried Away","Passion Pit","Gossamer","46226321","411390","221","false","https://www.deezer.com/us/track/46226321","https://cdnt-preview.dzcdn.net/api/1/1/2/e/d/0/2ed9d69bf75afd8732bc9f048f3f1fd0.mp3?hdnea=exp=1781363515~acl=/api/1/1/2/e/d/0/2ed9d69bf75afd8732bc9f048f3f1fd0.mp3*~data=user_id=0,application_id=42~hmac=7e5fafeaecfa858dd4e1dbcd9772be9962e44d17ea9b4e4c5d5c2c5d6cd38c5c","On 1 list: Summer Road Trip Jams 2023"
"(thematic candidate)","","","","Devil Gonna Getcha","Bones Owens","Love out of Lemons","2712441901","410504","156","false","https://www.deezer.com/us/track/2712441901","https://cdnt-preview.dzcdn.net/api/1/1/6/3/6/0/636cc6bdd637af997d6164b4b2d83177.mp3?hdnea=exp=1781363512~acl=/api/1/1/6/3/6/0/636cc6bdd637af997d6164b4b2d83177.mp3*~data=user_id=0,application_id=42~hmac=a290682fb2a9b4760dba2f2df8f3eb9469be89838ff3e057a33a88375bf33753","On 1 list: Rock Road Trip"
"(thematic candidate)","","","","No Reason","Sunny War","Anarchist Gospel","1980383597","410329","159","false","https://www.deezer.com/us/track/1980383597","https://cdnt-preview.dzcdn.net/api/1/1/0/e/1/0/0e11c69234cbe7784b0a7d64e5b05c32.mp3?hdnea=exp=1781363512~acl=/api/1/1/0/e/1/0/0e11c69234cbe7784b0a7d64e5b05c32.mp3*~data=user_id=0,application_id=42~hmac=8d07401bb7b16de07926d044fdbed2b446507a6ce4bf0718aca2f5a9b87420ea","On 1 list: Rock Road Trip"
"(thematic candidate)","","","","Wasted","The War On Drugs","I Don’t Live Here Anymore","1518911112","408861","250","false","https://www.deezer.com/us/track/1518911112","https://cdnt-preview.dzcdn.net/api/1/1/6/8/5/0/685847d37d545c0b1973338a927bafaf.mp3?hdnea=exp=1781363512~acl=/api/1/1/6/8/5/0/685847d37d545c0b1973338a927bafaf.mp3*~data=user_id=0,application_id=42~hmac=e8cbb663ea1b960233460cf3956786cf47cadda723a7ac415ae53b034c75c1cb","On 1 list: Rock Road Trip"
"(thematic candidate)","","","","Suit and Jacket","Judah & the Lion","Folk Hop n' Roll (Deluxe)","1818984217","407297","222","false","https://www.deezer.com/us/track/1818984217","https://cdnt-preview.dzcdn.net/api/1/1/2/b/0/0/2b05970da9942d43c2475fe4fd190119.mp3?hdnea=exp=1781363515~acl=/api/1/1/2/b/0/0/2b05970da9942d43c2475fe4fd190119.mp3*~data=user_id=0,application_id=42~hmac=fd1182ef8a787f03f96a514311a54f604bc0eef1b039d1010800cccd69868ece","On 1 list: Summer Road Trip Jams 2023"
"(thematic candidate)","","","","In the Blood","John Mayer","The Search for Everything","347319591","405023","243","false","https://www.deezer.com/us/track/347319591","https://cdnt-preview.dzcdn.net/api/1/1/6/8/e/0/68e031b3656b2a6f856b803ab5b84557.mp3?hdnea=exp=1781363515~acl=/api/1/1/6/8/e/0/68e031b3656b2a6f856b803ab5b84557.mp3*~data=user_id=0,application_id=42~hmac=be21553e3637e0ee7d5337dda42632af2cf7ad6093528206cf5831ec7f73ab26","On 1 list: Summer Road Trip Jams 2023"
"(thematic candidate)","","","","The First Cut Is the Deepest (Acoustic Version)","Sheryl Crow","Music From The WB Television Series One Tree Hill (change in 1 track bundle status)","807082","401855","231","false","https://www.deezer.com/us/track/807082","https://cdnt-preview.dzcdn.net/api/1/1/2/c/f/0/2cf70e46228520999df3fdea89521b72.mp3?hdnea=exp=1781363514~acl=/api/1/1/2/c/f/0/2cf70e46228520999df3fdea89521b72.mp3*~data=user_id=0,application_id=42~hmac=1aae6eb4071b8fbc1c83adc22f23ac5df7573d1da41a4f3860c67541550d2b60","On 1 list: 100 Greatest Driving Songs"
"(thematic candidate)","","","","Shot in the Dark","John Mayer","Sob Rock","1432113172","401418","249","false","https://www.deezer.com/us/track/1432113172","https://cdnt-preview.dzcdn.net/api/1/1/4/d/c/0/4dc4ac48347e10aa165f3dabba5d4a63.mp3?hdnea=exp=1781363515~acl=/api/1/1/4/d/c/0/4dc4ac48347e10aa165f3dabba5d4a63.mp3*~data=user_id=0,application_id=42~hmac=59c62fdbb79b42d7eaca0638499d3de54aafa3f6640ddd391a8896b54a05d3e7","On 1 list: Summer Road Trip Jams 2023"
"(thematic candidate)","","","","Rock and Roll, Hoochie Koo","Johnny Winter","Johnny Winter And","13229144","400465","210","false","https://www.deezer.com/us/track/13229144","https://cdnt-preview.dzcdn.net/api/1/1/b/f/b/0/bfb10fc0c981b85e840c1c029683255e.mp3?hdnea=exp=1781363516~acl=/api/1/1/b/f/b/0/bfb10fc0c981b85e840c1c029683255e.mp3*~data=user_id=0,application_id=42~hmac=f9f08c977c999e8ded2ffa2d3c55b2cac3176bc00dde7b0447dad3cb1efe282b","On 1 list: Southern Rock Essentials"
"(thematic candidate)","","","","Dreams I'll Never See (Album Version)","Molly Hatchet","Molly Hatchet","1080863","400301","426","false","https://www.deezer.com/us/track/1080863","https://cdnt-preview.dzcdn.net/api/1/1/6/1/2/0/6125b46eb36467a1172823b850189c89.mp3?hdnea=exp=1781363516~acl=/api/1/1/6/1/2/0/6125b46eb36467a1172823b850189c89.mp3*~data=user_id=0,application_id=42~hmac=50bc66403f2b0f53218f9f0a70f4fad1ffdce4cb57504e41a437b74d541c999f","On 1 list: Southern Rock Essentials"
"(thematic candidate)","","","","We Stayed Up All Night","Tourist","Wash","1225177072","399320","265","false","https://www.deezer.com/us/track/1225177072","https://cdnt-preview.dzcdn.net/api/1/1/9/e/6/0/9e67152e6ecef6dcd84b61377e828462.mp3?hdnea=exp=1781363515~acl=/api/1/1/9/e/6/0/9e67152e6ecef6dcd84b61377e828462.mp3*~data=user_id=0,application_id=42~hmac=24e8522a127aed781528028def112bfa18cea16d780ce239818ccbd10b384ae4","On 1 list: Summer Road Trip Jams 2023"
"(thematic candidate)","","","","One Way Or Another","Blondie","Greatest Hits: Blondie","3151391","396604","211","false","https://www.deezer.com/us/track/3151391","https://cdnt-preview.dzcdn.net/api/1/1/f/c/1/0/fc1cbd298ffdfb13d500f226232a348a.mp3?hdnea=exp=1781363514~acl=/api/1/1/f/c/1/0/fc1cbd298ffdfb13d500f226232a348a.mp3*~data=user_id=0,application_id=42~hmac=f70d187fe8a328110c2cac887e66a6542695d1ac8d1f9b12fe91a945df3930df","On 1 list: 100 Greatest Driving Songs"
"(thematic candidate)","","","","Road Fever","Blackfoot","Strikes","752762","392653","188","false","https://www.deezer.com/us/track/752762","https://cdnt-preview.dzcdn.net/api/1/1/4/f/5/0/4f57ab797242057ef59b14c1e6748694.mp3?hdnea=exp=1781363516~acl=/api/1/1/4/f/5/0/4f57ab797242057ef59b14c1e6748694.mp3*~data=user_id=0,application_id=42~hmac=9a9fe42de3c130cb8499ff9acc48f7357097c29ee5fdb2e0e9144ee39f54756a","On 1 list: Southern Rock Essentials"
"(thematic candidate)","","","","The Wire","HAIM","Days Are Gone","70807169","391446","245","false","https://www.deezer.com/us/track/70807169","https://cdnt-preview.dzcdn.net/api/1/1/4/0/4/0/40497feb91cdb5541d2c3f5fd4310ea1.mp3?hdnea=exp=1781363515~acl=/api/1/1/4/0/4/0/40497feb91cdb5541d2c3f5fd4310ea1.mp3*~data=user_id=0,application_id=42~hmac=81082fd03af806b7f8eda573909fcdcce84b44ffada838b26e2779f066c6bfb7","On 1 list: Summer Road Trip Jams 2023"
"(thematic candidate)","","","","Big Time","Angel Olsen","Big Time","1874533807","387149","248","false","https://www.deezer.com/us/track/1874533807","https://cdnt-preview.dzcdn.net/api/1/1/7/5/d/0/75d1017494852eb8d3ddc0a29a85d19b.mp3?hdnea=exp=1781363512~acl=/api/1/1/7/5/d/0/75d1017494852eb8d3ddc0a29a85d19b.mp3*~data=user_id=0,application_id=42~hmac=af1f8755b6bd2b575f28fd233c8ef4fe0e6b8cab44620aabdc8ee5b9916366f0","On 1 list: Rock Road Trip"
"(thematic candidate)","","","","Last Nite","The Strokes","Is This It","15615270","386903","192","false","https://www.deezer.com/us/track/15615270","https://cdnt-preview.dzcdn.net/api/1/1/d/3/2/0/d32cf84c8fefabb661df775c5fa9304b.mp3?hdnea=exp=1781363515~acl=/api/1/1/d/3/2/0/d32cf84c8fefabb661df775c5fa9304b.mp3*~data=user_id=0,application_id=42~hmac=78123e2d337b250d1831ddbe639255958fe66f98844991923a07384aceaac95d","On 1 list: Summer Road Trip Jams 2023"
"(thematic candidate)","","","","Just Another Rainbow","Liam Gallagher","Just Another Rainbow","2604220732","384553","336","false","https://www.deezer.com/us/track/2604220732","https://cdnt-preview.dzcdn.net/api/1/1/9/c/7/0/9c7d7a5cb00f32fb13eed87111d9af08.mp3?hdnea=exp=1781363514~acl=/api/1/1/9/c/7/0/9c7d7a5cb00f32fb13eed87111d9af08.mp3*~data=user_id=0,application_id=42~hmac=05aa81f1d767c2f25a23ef37cf5e9fa6c7f65cff6c77e1a474af7f9f24436858","On 1 list: 100 Greatest Driving Songs"
"(thematic candidate)","","","","Slow Dances","Winnetka Bowling League","Slow Dances","655324822","384151","232","false","https://www.deezer.com/us/track/655324822","https://cdnt-preview.dzcdn.net/api/1/1/9/c/8/0/9c8a03acb97f331d677106da9b6ecdd6.mp3?hdnea=exp=1781363515~acl=/api/1/1/9/c/8/0/9c8a03acb97f331d677106da9b6ecdd6.mp3*~data=user_id=0,application_id=42~hmac=6c43725b51d719269b2b2c016df0469cda81fbd177aefc62d7db30025f8d6ba5","On 1 list: Summer Road Trip Jams 2023"
"(thematic candidate)","","","","Almost (Sweet Music)","Hozier","Wasteland, Baby!","637865972","383915","219","false","https://www.deezer.com/us/track/637865972","https://cdnt-preview.dzcdn.net/api/1/1/d/f/4/0/df492cc67d959dc806c92ce897dc797e.mp3?hdnea=exp=1781363515~acl=/api/1/1/d/f/4/0/df492cc67d959dc806c92ce897dc797e.mp3*~data=user_id=0,application_id=42~hmac=85eef51a161b0cad4947732a93306cce712e8e00bf55765ae125720306144145","On 1 list: Summer Road Trip Jams 2023"
"(thematic candidate)","","","","Someday","The Strokes","Is This It","15615269","382280","183","false","https://www.deezer.com/us/track/15615269","https://cdnt-preview.dzcdn.net/api/1/1/b/6/3/0/b630a5847cedbaa652b93eecd2222d7f.mp3?hdnea=exp=1781363515~acl=/api/1/1/b/6/3/0/b630a5847cedbaa652b93eecd2222d7f.mp3*~data=user_id=0,application_id=42~hmac=1a46306bd67e9852bf4b7acb2ae264f19d7370bbac313ef18c8dfb6232cdd0c7","On 1 list: Summer Road Trip Jams 2023"
"(thematic candidate)","","","","Fire","Two Feet","Fire","1875194197","380988","213","false","https://www.deezer.com/us/track/1875194197","https://cdnt-preview.dzcdn.net/api/1/1/e/2/7/0/e27ad93243b072e665e242b9b921da01.mp3?hdnea=exp=1781363515~acl=/api/1/1/e/2/7/0/e27ad93243b072e665e242b9b921da01.mp3*~data=user_id=0,application_id=42~hmac=d40eaadbdb8eb0e8f6be57ef90571d3b3759bc06423d3e7956d942019725112d","On 1 list: Summer Road Trip Jams 2023"
"(thematic candidate)","","","","Really, Really","Dreamer Isioma","Really, Really","1875512367","380000","146","true","https://www.deezer.com/us/track/1875512367","https://cdnt-preview.dzcdn.net/api/1/1/3/3/e/0/33e57d590bd85e585b551ee46236af87.mp3?hdnea=exp=1781363516~acl=/api/1/1/3/3/e/0/33e57d590bd85e585b551ee46236af87.mp3*~data=user_id=0,application_id=42~hmac=51928c5eb2e1772eb89a684e9ca9fbbd6ad05a3cc978bbaff83ff1c5647fe90e","On 1 list: Feel Good Commute"
"(thematic candidate)","","","","Thorazine Shuffle","Gov't Mule","Dose","13270179","378161","406","false","https://www.deezer.com/us/track/13270179","https://cdnt-preview.dzcdn.net/api/1/1/f/c/e/0/fcea8bbaa078babe733823906f9c54a6.mp3?hdnea=exp=1781363516~acl=/api/1/1/f/c/e/0/fcea8bbaa078babe733823906f9c54a6.mp3*~data=user_id=0,application_id=42~hmac=87a8df2eb6ce2c1c75fb4de0bcb950d61ce37ec0adbf7f536e6e2dd72e08ea13","On 1 list: Southern Rock Essentials"
"(thematic candidate)","","","","30 Days In The Hole","Humble Pie","Smokin'","99487082","378151","244","false","https://www.deezer.com/us/track/99487082","https://cdnt-preview.dzcdn.net/api/1/1/8/6/1/0/8615c7e9d15240c6f357ce6535ab3925.mp3?hdnea=exp=1781363516~acl=/api/1/1/8/6/1/0/8615c7e9d15240c6f357ce6535ab3925.mp3*~data=user_id=0,application_id=42~hmac=bf261820c5733f81bd431f8c2c0243a278ae91466fb3e53c214b090f6676c79e","On 1 list: Southern Rock Essentials"
"(thematic candidate)","","","","Favorite Liar","The Wrecks","Favorite Liar","141822155","375924","242","false","https://www.deezer.com/us/track/141822155","https://cdnt-preview.dzcdn.net/api/1/1/b/5/d/0/b5dcb9a433db3fc609a85562dd4043f6.mp3?hdnea=exp=1781363515~acl=/api/1/1/b/5/d/0/b5dcb9a433db3fc609a85562dd4043f6.mp3*~data=user_id=0,application_id=42~hmac=e503fb22171dcbf03d660d7a8f484560498bf5151d0059ad4caa2fdc0b06ad7c","On 1 list: Summer Road Trip Jams 2023"
"(thematic candidate)","","","","Dixie Chicken","Little Feat","Dixie Chicken","6630726","375905","236","false","https://www.deezer.com/us/track/6630726","https://cdnt-preview.dzcdn.net/api/1/1/1/9/3/0/193e0544e620b093167f36486e8c653e.mp3?hdnea=exp=1781363516~acl=/api/1/1/1/9/3/0/193e0544e620b093167f36486e8c653e.mp3*~data=user_id=0,application_id=42~hmac=c8be63deab247a4717c02c214afa6513d6534bd9b52ad1aedcb5b8fa6e61eb3b","On 1 list: Southern Rock Essentials"
"(thematic candidate)","","","","Pretty Little Lie","Blackberry Smoke","The Whippoorwill (3 Bonus Track UK/EU Edition)","73166438","374542","214","false","https://www.deezer.com/us/track/73166438","https://cdnt-preview.dzcdn.net/api/1/1/a/7/f/0/a7f9bcfe2024a03b37b81825551c8abc.mp3?hdnea=exp=1781363516~acl=/api/1/1/a/7/f/0/a7f9bcfe2024a03b37b81825551c8abc.mp3*~data=user_id=0,application_id=42~hmac=5c707913caa9509e810cdbc2ca32db6797fadb584e4e5bb1cb70db2150872326","On 1 list: Southern Rock Essentials"
"(thematic candidate)","","","","Sail","AWOLNATION","Megalithic Symphony","16356504","372222","259","false","https://www.deezer.com/us/track/16356504","https://cdnt-preview.dzcdn.net/api/1/1/4/7/6/0/476545aceefd17000e069ed6ecc04dd5.mp3?hdnea=exp=1781363515~acl=/api/1/1/4/7/6/0/476545aceefd17000e069ed6ecc04dd5.mp3*~data=user_id=0,application_id=42~hmac=1592d87f06b706b1567c3147c4eca5dc4c206d4edbbaaffdc5aab40de27639ac","On 1 list: Summer Road Trip Jams 2023"
"(thematic candidate)","","","","Caffeine","Jack Kays","Caffeine","2331015635","371785","184","false","https://www.deezer.com/us/track/2331015635","https://cdnt-preview.dzcdn.net/api/1/1/b/1/2/0/b124a0e96f21d0f235832d8268e8a7a5.mp3?hdnea=exp=1781363515~acl=/api/1/1/b/1/2/0/b124a0e96f21d0f235832d8268e8a7a5.mp3*~data=user_id=0,application_id=42~hmac=bebe5c99b68dfa6fca255e39c1339809fa674900c0ca8f1a8980d9ae78d30dbf","On 1 list: Summer Road Trip Jams 2023"
"(thematic candidate)","","","","Take a Walk","Passion Pit","Take a Walk","27552581","371689","262","false","https://www.deezer.com/us/track/27552581","https://cdnt-preview.dzcdn.net/api/1/1/e/5/4/0/e54c998c51327a2bd13052c5c3d28ee7.mp3?hdnea=exp=1781363515~acl=/api/1/1/e/5/4/0/e54c998c51327a2bd13052c5c3d28ee7.mp3*~data=user_id=0,application_id=42~hmac=e389775e17f33781e38a2677c74ec0175ec883f1c2091c6be3fb682e49feb7eb","On 1 list: Summer Road Trip Jams 2023"
"(thematic candidate)","","","","Guitar Town","Steve Earle","Guitar Town","2286592","369843","153","false","https://www.deezer.com/us/track/2286592","https://cdnt-preview.dzcdn.net/api/1/1/6/2/9/0/62976aa575a937e2802b67c33b3e14cc.mp3?hdnea=exp=1781363516~acl=/api/1/1/6/2/9/0/62976aa575a937e2802b67c33b3e14cc.mp3*~data=user_id=0,application_id=42~hmac=8198227893800bb22d4e0641fdb77a659dfc5d529df74f217f07eb33befb6aba","On 1 list: Southern Rock Essentials"
"(thematic candidate)","","","","Ventura Highway","America","Homecoming","4737134","367990","211","false","https://www.deezer.com/us/track/4737134","https://cdnt-preview.dzcdn.net/api/1/1/e/e/e/0/eee1b4dc48ee4304478721b170990371.mp3?hdnea=exp=1781363514~acl=/api/1/1/e/e/e/0/eee1b4dc48ee4304478721b170990371.mp3*~data=user_id=0,application_id=42~hmac=c5d8738db8054d453ad8380041a45b76bc0123788867f44419d746dbaa85ae7c","On 1 list: 100 Greatest Driving Songs"
"(thematic candidate)","","","","Drift Away","Uncle Kracker","No Stranger to Shame (Modified)","3593962","367147","255","false","https://www.deezer.com/us/track/3593962","https://cdnt-preview.dzcdn.net/api/1/1/2/d/e/0/2dee70d6e8a5cab486542f3ad06881f2.mp3?hdnea=exp=1781363516~acl=/api/1/1/2/d/e/0/2dee70d6e8a5cab486542f3ad06881f2.mp3*~data=user_id=0,application_id=42~hmac=ecbfc131b61d955a3b125c58b18867cd895906597b0d0792cbb4073bb3da8712","On 1 list: Southern Rock Essentials"
"(thematic candidate)","","","","Love Is Everywhere (Beware)","Wilco","Ode to Joy","2310023105","365532","213","false","https://www.deezer.com/us/track/2310023105","https://cdnt-preview.dzcdn.net/api/1/1/f/3/f/0/f3f71e62032ef2bf0ed46084f250e5ab.mp3?hdnea=exp=1781363515~acl=/api/1/1/f/3/f/0/f3f71e62032ef2bf0ed46084f250e5ab.mp3*~data=user_id=0,application_id=42~hmac=978ab21f98cb60f5f9cdac5f9c61202d6f89e1635f52e73945477b48c12f5724","On 1 list: Summer Road Trip Jams 2023"
"(thematic candidate)","","","","If You Don't Love Me (I'll Kill Myself) (Album Version)","Pete Droge","Necktie Second","392024482","364855","214","false","https://www.deezer.com/us/track/392024482","https://cdnt-preview.dzcdn.net/api/1/1/d/4/a/0/d4a936e601dcccda198ac2d30bdc7460.mp3?hdnea=exp=1781363516~acl=/api/1/1/d/4/a/0/d4a936e601dcccda198ac2d30bdc7460.mp3*~data=user_id=0,application_id=42~hmac=47c803439831621df6d91f6731c19c21bc5f4b6998096c8f7892dabcda4f5b0b","On 1 list: Southern Rock Essentials"
"(thematic candidate)","","","","I'm No Angel","The Gregg Allman Band","No Stranger To The Dark: The Best Of Gregg Allman","850593","363014","222","false","https://www.deezer.com/us/track/850593","https://cdnt-preview.dzcdn.net/api/1/1/e/a/6/0/ea6c485d9532c83c0e591e76af743b95.mp3?hdnea=exp=1781363516~acl=/api/1/1/e/a/6/0/ea6c485d9532c83c0e591e76af743b95.mp3*~data=user_id=0,application_id=42~hmac=a97bff675601a2ed1065b1728da4c6a78207f8aa5dd99dd74c9291ef165202df","On 1 list: Southern Rock Essentials"
"(thematic candidate)","","","","Right Here, for Now","Bakar","Right Here, For Now","2374292715","361536","181","false","https://www.deezer.com/us/track/2374292715","https://cdnt-preview.dzcdn.net/api/1/1/6/8/7/0/687f0038cd11fbad4c2a084af44e6142.mp3?hdnea=exp=1781363515~acl=/api/1/1/6/8/7/0/687f0038cd11fbad4c2a084af44e6142.mp3*~data=user_id=0,application_id=42~hmac=b08856e7ba7dc78bad2370b7570fe9b863bff71f923ea8c0041d8e0f6e66d020","On 1 list: Summer Road Trip Jams 2023"
"(thematic candidate)","","","","Take Me Home Tonight","Eddie Money","Can't Hold Back","1081064","360689","210","false","https://www.deezer.com/us/track/1081064","https://cdnt-preview.dzcdn.net/api/1/1/6/6/e/0/66e18e2c78cd660d6987ded9b67c01bc.mp3?hdnea=exp=1781363514~acl=/api/1/1/6/6/e/0/66e18e2c78cd660d6987ded9b67c01bc.mp3*~data=user_id=0,application_id=42~hmac=68022e717d6c0606700bc04db166f1f1ffb0d5d1c4492ef52a350ede7a07708e","On 1 list: 100 Greatest Driving Songs"
"(thematic candidate)","","","","Cecilia And The Satellite","Andrew McMahon in the Wilderness","Andrew McMahon In The Wilderness","87105821","360616","224","false","https://www.deezer.com/us/track/87105821","https://cdnt-preview.dzcdn.net/api/1/1/9/5/5/0/95550bd7eb5945de7bd34ff0bf3f52cb.mp3?hdnea=exp=1781363515~acl=/api/1/1/9/5/5/0/95550bd7eb5945de7bd34ff0bf3f52cb.mp3*~data=user_id=0,application_id=42~hmac=b380c092e63b3bc0dc8961241c82e5d32daa4ac3391ef451c29fb129774aa4f0","On 1 list: Summer Road Trip Jams 2023"
"(thematic candidate)","","","","Give Up Baby Go","Peach Pit","From 2 to 3","1670583972","357050","257","false","https://www.deezer.com/us/track/1670583972","https://cdnt-preview.dzcdn.net/api/1/1/4/8/f/0/48f4f8df0bd3e3569992facf6dc1636d.mp3?hdnea=exp=1781363515~acl=/api/1/1/4/8/f/0/48f4f8df0bd3e3569992facf6dc1636d.mp3*~data=user_id=0,application_id=42~hmac=1fdcf1f4e0328ef2f41482ccf9ff46666dfc7d482bdf0cf7ac9283f4cd61ab5e","On 1 list: Summer Road Trip Jams 2023"
"(thematic candidate)","","","","Blur (feat. Foster The People)","MØ","Blur (feat. Foster The People)","594427932","355886","181","false","https://www.deezer.com/us/track/594427932","https://cdnt-preview.dzcdn.net/api/1/1/2/2/f/0/22f65e6eb0248ecf2448459b3313eb91.mp3?hdnea=exp=1781363515~acl=/api/1/1/2/2/f/0/22f65e6eb0248ecf2448459b3313eb91.mp3*~data=user_id=0,application_id=42~hmac=3f223a839f8665f35a155d83dcf21065f1e508d1609ba51d26af6d856674f4e7","On 1 list: Summer Road Trip Jams 2023"
"(thematic candidate)","","","","Road to Nowhere (2005 Remaster)","Talking Heads","Little Creatures","3119239","350308","260","false","https://www.deezer.com/us/track/3119239","https://cdnt-preview.dzcdn.net/api/1/1/a/5/e/0/a5e21e42d4197072f553d280a1a7642d.mp3?hdnea=exp=1781363514~acl=/api/1/1/a/5/e/0/a5e21e42d4197072f553d280a1a7642d.mp3*~data=user_id=0,application_id=42~hmac=79835b283d7680cc6c42d87f105861179412788923ea4f26d0f7deafb97c7848","On 1 list: 100 Greatest Driving Songs"
"(thematic candidate)","","","","Ghost Town","Adam Lambert","The Original High (Deluxe Version)","101819685","347581","208","true","https://www.deezer.com/us/track/101819685","https://cdnt-preview.dzcdn.net/api/1/1/4/b/6/0/4b6db5f3d064e8336d647c45cfecc88e.mp3?hdnea=exp=1781363514~acl=/api/1/1/4/b/6/0/4b6db5f3d064e8336d647c45cfecc88e.mp3*~data=user_id=0,application_id=42~hmac=1f652c0773d7348a8cc36fddd3e317ecf83cf0d72eca8b7e3530d7b7252ffbfd","On 1 list: 100 Greatest Driving Songs"
"(thematic candidate)","","","","Pickup Truck","Kings Of Leon","Come Around Sundown (Expanded Edition)","7330128","341896","284","false","https://www.deezer.com/us/track/7330128","https://cdnt-preview.dzcdn.net/api/1/1/6/3/a/0/63a5accbf6c43ee880931da4ae1f1eda.mp3?hdnea=exp=1781363515~acl=/api/1/1/6/3/a/0/63a5accbf6c43ee880931da4ae1f1eda.mp3*~data=user_id=0,application_id=42~hmac=8216f178db7c920937e4bab79ef1b44efe97d63c21cad66c447470e88da978e1","On 1 list: Summer Road Trip Jams 2023"
"(thematic candidate)","","","","Alabama","Neil Young","Harvest","726572","336811","242","false","https://www.deezer.com/us/track/726572","https://cdnt-preview.dzcdn.net/api/1/1/3/a/7/0/3a77be4c359f7706ac363aff155d2e3b.mp3?hdnea=exp=1781363516~acl=/api/1/1/3/a/7/0/3a77be4c359f7706ac363aff155d2e3b.mp3*~data=user_id=0,application_id=42~hmac=07b9eb8b44f2d9a88d7d552c62c53bdff66288178d5018282e2bf6f6a0a4ceae","On 1 list: Southern Rock Essentials"
"(thematic candidate)","","","","Out In The Woods","Leon Russell","Carney","3532304","336604","215","false","https://www.deezer.com/us/track/3532304","https://cdnt-preview.dzcdn.net/api/1/1/f/a/2/0/fa272b3494e3333a3611d50fd211e074.mp3?hdnea=exp=1781363516~acl=/api/1/1/f/a/2/0/fa272b3494e3333a3611d50fd211e074.mp3*~data=user_id=0,application_id=42~hmac=5fa71516ba5edee2cdc9ad32013270adf9d6ed3f877daecbf281af1f2a314ba2","On 1 list: Southern Rock Essentials"
"(thematic candidate)","","","","The Mother We Share","CHVRCHES","The Mother We Share","3025690811","336479","191","true","https://www.deezer.com/us/track/3025690811","https://cdnt-preview.dzcdn.net/api/1/1/e/9/d/0/e9d9240d9ce2e8265ccc65a89307ec68.mp3?hdnea=exp=1781363515~acl=/api/1/1/e/9/d/0/e9d9240d9ce2e8265ccc65a89307ec68.mp3*~data=user_id=0,application_id=42~hmac=1a3e1fa7dbeae76d342c5d4ba17e0cee732cd3ced966fe8f3077cf098485f432","On 1 list: Summer Road Trip Jams 2023"
"(thematic candidate)","","","","All We Ever Knew","The Head And The Heart","All We Ever Knew","125970801","334208","225","false","https://www.deezer.com/us/track/125970801","https://cdnt-preview.dzcdn.net/api/1/1/4/7/2/0/4720f8f695cbf18b9b4d4cebd71e458e.mp3?hdnea=exp=1781363515~acl=/api/1/1/4/7/2/0/4720f8f695cbf18b9b4d4cebd71e458e.mp3*~data=user_id=0,application_id=42~hmac=92ef68748c0ea58f48082b35f4e637bc54364f2948e4e7322b671ca3fd6f0422","On 1 list: Summer Road Trip Jams 2023"
"(thematic candidate)","","","","Ain't Life Grand","Widespread Panic","The Essential Widespread Panic","76189787","326089","288","false","https://www.deezer.com/us/track/76189787","https://cdnt-preview.dzcdn.net/api/1/1/9/6/b/0/96b6f03b9eeba9ef36aaf3ba50f7cce5.mp3?hdnea=exp=1781363516~acl=/api/1/1/9/6/b/0/96b6f03b9eeba9ef36aaf3ba50f7cce5.mp3*~data=user_id=0,application_id=42~hmac=ad62c2ed707ca304aeee333da379a95b72a3f14ea79899799b0c4af79f945799","On 1 list: Southern Rock Essentials"
"(thematic candidate)","","","","Lo/Hi","The Black Keys","Lo/Hi","642966432","325973","177","false","https://www.deezer.com/us/track/642966432","https://cdnt-preview.dzcdn.net/api/1/1/d/c/c/0/dcc6a7b5d77ea766524bea42aee4b308.mp3?hdnea=exp=1781363515~acl=/api/1/1/d/c/c/0/dcc6a7b5d77ea766524bea42aee4b308.mp3*~data=user_id=0,application_id=42~hmac=b5433956e370adf1e91107e5bddd6f3402b3e3bff9fdedc9653c77f062ba71a1","On 1 list: Summer Road Trip Jams 2023"
"(thematic candidate)","","","","Birmingham","Drive-By Truckers","Southern Rock Opera","2491218","325130","303","false","https://www.deezer.com/us/track/2491218","https://cdnt-preview.dzcdn.net/api/1/1/d/c/8/0/dc81719d2d95a1460ca12fd6e18bcb1b.mp3?hdnea=exp=1781363516~acl=/api/1/1/d/c/8/0/dc81719d2d95a1460ca12fd6e18bcb1b.mp3*~data=user_id=0,application_id=42~hmac=90bef30bd3f3f7365062a90e73fe65f996fdf6d1e06164802d994b36efa19b4e","On 1 list: Southern Rock Essentials"
"(thematic candidate)","","","","Brazil","Declan McKenna","Brazil","114392622","322746","252","false","https://www.deezer.com/us/track/114392622","https://cdnt-preview.dzcdn.net/api/1/1/8/4/1/0/84152b9c9f205d0eb51928e98258aafc.mp3?hdnea=exp=1781363515~acl=/api/1/1/8/4/1/0/84152b9c9f205d0eb51928e98258aafc.mp3*~data=user_id=0,application_id=42~hmac=0bdf86b24682ac7aa95387e81b42f53681d21f9baa238509892e6d8db3417bc5","On 1 list: Summer Road Trip Jams 2023"
"(thematic candidate)","","","","Paris","Magic Man","You Are Here","70368139","322366","233","true","https://www.deezer.com/us/track/70368139","https://cdnt-preview.dzcdn.net/api/1/1/c/1/5/0/c154471c1487e7e6cb074099c433974f.mp3?hdnea=exp=1781363515~acl=/api/1/1/c/1/5/0/c154471c1487e7e6cb074099c433974f.mp3*~data=user_id=0,application_id=42~hmac=9ed7463085159bf5214ca422fd245f804a9eb407f7592fccaa0524a928eb15f2","On 1 list: Summer Road Trip Jams 2023"
"(thematic candidate)","","","","Hang Me Up To Dry","Cold War Kids","This Will All Blow Over In Time","598067472","320765","218","false","https://www.deezer.com/us/track/598067472","https://cdnt-preview.dzcdn.net/api/1/1/3/4/a/0/34a888cacbbe2c83d038a8159f9d333a.mp3?hdnea=exp=1781363515~acl=/api/1/1/3/4/a/0/34a888cacbbe2c83d038a8159f9d333a.mp3*~data=user_id=0,application_id=42~hmac=de9a138ee53fd2a952b84b476e0cd558592c7ff1592447a4a3af77eff196c24d","On 1 list: Summer Road Trip Jams 2023"
"(thematic candidate)","","","","Purple Rain","Prince","Introducing Npg","1252782052","318112","696","false","https://www.deezer.com/us/track/1252782052","https://cdnt-preview.dzcdn.net/api/1/1/9/d/0/0/9d09cae8dc1fd79e2db374f94fa5fda1.mp3?hdnea=exp=1781363514~acl=/api/1/1/9/d/0/0/9d09cae8dc1fd79e2db374f94fa5fda1.mp3*~data=user_id=0,application_id=42~hmac=a0a7ca3a135d1815eb2f9b7183e699739eee543e6e3e66ed830dd2936ef44338","On 1 list: 100 Greatest Driving Songs"
"(thematic candidate)","","","","Pretty As You Please (Album Version)","Cry Of Love","Brother","1013214","317931","227","false","https://www.deezer.com/us/track/1013214","https://cdnt-preview.dzcdn.net/api/1/1/f/5/6/0/f56ae73fc5d2e41ffc42cb0f305f01c0.mp3?hdnea=exp=1781363516~acl=/api/1/1/f/5/6/0/f56ae73fc5d2e41ffc42cb0f305f01c0.mp3*~data=user_id=0,application_id=42~hmac=b805c534f3fdeacdb24a8f6823c1c97711d8f52934a845ae750c6599d030d79f","On 1 list: Southern Rock Essentials"
"(thematic candidate)","","","","This Life","Vampire Weekend","This Life / Unbearably White","659666472","317771","268","false","https://www.deezer.com/us/track/659666472","https://cdnt-preview.dzcdn.net/api/1/1/6/d/c/0/6dc163330729cc501bf2dcc2ea5fefb4.mp3?hdnea=exp=1781363515~acl=/api/1/1/6/d/c/0/6dc163330729cc501bf2dcc2ea5fefb4.mp3*~data=user_id=0,application_id=42~hmac=04f3dce4534174ce2b934ed98a8f1a7245cf93c630d2dbb08864355f746bcf09","On 1 list: Summer Road Trip Jams 2023"
"(thematic candidate)","","","","Wild","Kings Of Leon","WALLS","134024964","316353","219","false","https://www.deezer.com/us/track/134024964","https://cdnt-preview.dzcdn.net/api/1/1/f/7/1/0/f71c294965899b49c1a7734b9c4c1b39.mp3?hdnea=exp=1781363515~acl=/api/1/1/f/7/1/0/f71c294965899b49c1a7734b9c4c1b39.mp3*~data=user_id=0,application_id=42~hmac=78b518bd5ed23a575ff692ed068742649f7038e346477d726cb7670709c657ca","On 1 list: Summer Road Trip Jams 2023"
"(thematic candidate)","","","","Waitress Song","First Aid Kit","Stay Gold","78956235","312903","244","false","https://www.deezer.com/us/track/78956235","https://cdnt-preview.dzcdn.net/api/1/1/f/3/2/0/f3275b7cf674134799d3972c28cbe2c6.mp3?hdnea=exp=1781363515~acl=/api/1/1/f/3/2/0/f3275b7cf674134799d3972c28cbe2c6.mp3*~data=user_id=0,application_id=42~hmac=391c2a188d6feed3731d6c77ffba038cfe1b3372559d180aa07e1e1040434ab2","On 1 list: Summer Road Trip Jams 2023"
"(thematic candidate)","","","","I'm Not Gonna Let It Bother Me Tonight","Atlanta Rhythm Section","The Best Of Atlanta Rhythm Section","678714242","311761","247","false","https://www.deezer.com/us/track/678714242","https://cdnt-preview.dzcdn.net/api/1/1/e/c/b/0/ecb83afddb38a6ece315698914f39d57.mp3?hdnea=exp=1781363516~acl=/api/1/1/e/c/b/0/ecb83afddb38a6ece315698914f39d57.mp3*~data=user_id=0,application_id=42~hmac=294ab5c90c573d972f7a7c74cf9f5e857c8cf67e7f00095f341ead7f6dabde2c","On 1 list: Southern Rock Essentials"
"(thematic candidate)","","","","Pick U Up","Foster The People","Pick U Up","745546712","311102","182","false","https://www.deezer.com/us/track/745546712","https://cdnt-preview.dzcdn.net/api/1/1/2/c/c/0/2ccc0867dff7fcfeaf8035016187f15d.mp3?hdnea=exp=1781363515~acl=/api/1/1/2/c/c/0/2ccc0867dff7fcfeaf8035016187f15d.mp3*~data=user_id=0,application_id=42~hmac=1848ca760a35cacd0d790e271faa24b094fd3674794335d3280d15093996954d","On 1 list: Summer Road Trip Jams 2023"
"(thematic candidate)","","","","Keep On Smilin'","Wet Willie","The Best Of Wet Willie 20th Century Masters The Millennium Collection","4707629","309176","235","false","https://www.deezer.com/us/track/4707629","https://cdnt-preview.dzcdn.net/api/1/1/e/0/b/0/e0b6105db72b1ef792bf2985c62e2127.mp3?hdnea=exp=1781363516~acl=/api/1/1/e/0/b/0/e0b6105db72b1ef792bf2985c62e2127.mp3*~data=user_id=0,application_id=42~hmac=cd8209d52b7a38fa26a8582f9273c7a12d03e65cebcd1d2cbe16509f267c0b17","On 1 list: Southern Rock Essentials"
"(thematic candidate)","","","","Pickin' the Blues","Grinderswitch","Macon Tracks","123040464","308057","301","false","https://www.deezer.com/us/track/123040464","https://cdnt-preview.dzcdn.net/api/1/1/1/2/e/0/12e2d1e55e41f8dddfd39027591eeb97.mp3?hdnea=exp=1781363516~acl=/api/1/1/1/2/e/0/12e2d1e55e41f8dddfd39027591eeb97.mp3*~data=user_id=0,application_id=42~hmac=62e65734791334c9aa035f51cee3065405d4fb3fff35f0c5b78c1b41d102390c","On 1 list: Southern Rock Essentials"
"(thematic candidate)","","","","Jim Dandy","Black Oak Arkansas","Hot And Nasty: The Best Of Black Oak Arkansas","752552","304890","162","false","https://www.deezer.com/us/track/752552","https://cdnt-preview.dzcdn.net/api/1/1/f/2/1/0/f21001038fe94bc5fb6bb5ac453dba63.mp3?hdnea=exp=1781363516~acl=/api/1/1/f/2/1/0/f21001038fe94bc5fb6bb5ac453dba63.mp3*~data=user_id=0,application_id=42~hmac=e7a2a887e5b1760bea2c94a583cb61df291912dc7bdd2766baa1771daf72ac86","On 1 list: Southern Rock Essentials"
"(thematic candidate)","","","","Into the Groove","Madonna","Angel","2739706201","303941","283","false","https://www.deezer.com/us/track/2739706201","https://cdnt-preview.dzcdn.net/api/1/1/a/e/8/0/ae81822975f95f57902bec17b0e01b84.mp3?hdnea=exp=1781363514~acl=/api/1/1/a/e/8/0/ae81822975f95f57902bec17b0e01b84.mp3*~data=user_id=0,application_id=42~hmac=20da69f3fd4bb6d653f6dcb64170f32070c9d8860d46cda6180352948ef2dc40","On 1 list: 100 Greatest Driving Songs"
"(thematic candidate)","","","","Duane's Tune","The Dickey Betts Band","Pattern Disruptive","1056014","296158","355","false","https://www.deezer.com/us/track/1056014","https://cdnt-preview.dzcdn.net/api/1/1/a/3/c/0/a3ca6914d270590baa8b82f6008241c7.mp3?hdnea=exp=1781363516~acl=/api/1/1/a/3/c/0/a3ca6914d270590baa8b82f6008241c7.mp3*~data=user_id=0,application_id=42~hmac=f044d72cb57e48f488770a0db37bdfbcc7e6521e835562e8f8b7f0afbcefde06","On 1 list: Southern Rock Essentials"
"(thematic candidate)","","","","Let Go","RAC","Strangers","76296725","292712","280","false","https://www.deezer.com/us/track/76296725","https://cdnt-preview.dzcdn.net/api/1/1/9/b/e/0/9becfc118803c9c3c69a1c5ea920a99f.mp3?hdnea=exp=1781363515~acl=/api/1/1/9/b/e/0/9becfc118803c9c3c69a1c5ea920a99f.mp3*~data=user_id=0,application_id=42~hmac=9b55f85adeb7cfa2bba2a24051470080d315f352c9163330db64c1197226d0c9","On 1 list: Summer Road Trip Jams 2023"
"(thematic candidate)","","","","Static Space Lover","Foster The People","Sacred Hearts Club","384053131","292684","240","false","https://www.deezer.com/us/track/384053131","https://cdnt-preview.dzcdn.net/api/1/1/9/f/5/0/9f590c10bdc25f4e2eee99eaf923e2b0.mp3?hdnea=exp=1781363515~acl=/api/1/1/9/f/5/0/9f590c10bdc25f4e2eee99eaf923e2b0.mp3*~data=user_id=0,application_id=42~hmac=6d4c1a6c983971053435a43929af786d0d3d90efdccdcf7bf6966dfab77ba7b4","On 1 list: Summer Road Trip Jams 2023"
"(thematic candidate)","","","","End Summer","Goth Babe","Mt. Bachelor","903691612","292334","270","false","https://www.deezer.com/us/track/903691612","https://cdnt-preview.dzcdn.net/api/1/1/4/1/b/0/41b45612ad1470fd0793e9830d228db6.mp3?hdnea=exp=1781363515~acl=/api/1/1/4/1/b/0/41b45612ad1470fd0793e9830d228db6.mp3*~data=user_id=0,application_id=42~hmac=72018cf02bef44324a511db5de7c8c63225f93f9a6b8e50128a839992572040a","On 1 list: Summer Road Trip Jams 2023"
"(thematic candidate)","","","","Sheep","Mt. Joy","Mt. Joy","757233652","285214","223","false","https://www.deezer.com/us/track/757233652","https://cdnt-preview.dzcdn.net/api/1/1/0/1/8/0/0180a2a1b8a82267f0eeda4618241517.mp3?hdnea=exp=1781363515~acl=/api/1/1/0/1/8/0/0180a2a1b8a82267f0eeda4618241517.mp3*~data=user_id=0,application_id=42~hmac=4548c17ebed78d5e89eefe99ac8e85de2c0290cc65a6936737bef093fe4531da","On 1 list: Summer Road Trip Jams 2023"
"(thematic candidate)","","","","Two Lane Highway","Pure Prairie League","Greatest Hits","964725","282425","246","false","https://www.deezer.com/us/track/964725","https://cdnt-preview.dzcdn.net/api/1/1/3/2/d/0/32d2dc6c83b026187d1bb0435da114a3.mp3?hdnea=exp=1781363516~acl=/api/1/1/3/2/d/0/32d2dc6c83b026187d1bb0435da114a3.mp3*~data=user_id=0,application_id=42~hmac=f4ee11f32407c05c3b677c02dbb0a6c8d374095a181c957116516df573b83ef5","On 1 list: Southern Rock Essentials"
"(thematic candidate)","","","","Rock and Roll Doctor","The Band Of Heathens","Rock and Roll Doctor","1551554702","275990","182","false","https://www.deezer.com/us/track/1551554702","https://cdnt-preview.dzcdn.net/api/1/1/f/9/f/0/f9fcd7243260f498fb77e703db81cfc4.mp3?hdnea=exp=1781363516~acl=/api/1/1/f/9/f/0/f9fcd7243260f498fb77e703db81cfc4.mp3*~data=user_id=0,application_id=42~hmac=6655b5bee06d64f10e1a7611ef11b759e60c6fed5861afe61de99b517309ba8a","On 1 list: Southern Rock Essentials"
"(thematic candidate)","","","","Take Some Time","Wilderado","Take Some Time (RJD2 Remix)","1900201727","265357","210","false","https://www.deezer.com/us/track/1900201727","https://cdnt-preview.dzcdn.net/api/1/1/0/8/4/0/084d9542c2d789bb90a3d11293eb0161.mp3?hdnea=exp=1781363515~acl=/api/1/1/0/8/4/0/084d9542c2d789bb90a3d11293eb0161.mp3*~data=user_id=0,application_id=42~hmac=c5671ab7b98f96d07ca4d72c0616b30753c728d55da7ac53d7330d24cbb913c9","On 1 list: Summer Road Trip Jams 2023"
"(thematic candidate)","","","","Boys","Hippo Campus","LP3","1492791582","264088","253","false","https://www.deezer.com/us/track/1492791582","https://cdnt-preview.dzcdn.net/api/1/1/9/9/a/0/99ad8b366a6092e75452218d862d8c50.mp3?hdnea=exp=1781363515~acl=/api/1/1/9/9/a/0/99ad8b366a6092e75452218d862d8c50.mp3*~data=user_id=0,application_id=42~hmac=0d838a1385642aa49d9e74acd94734902d215db44b2c25ec51b88c09bc59e867","On 1 list: Summer Road Trip Jams 2023"
"(thematic candidate)","","","","Only You Know and I Know (Genre Soundtrack)","Delaney and Bonnie","VINYL: Music From The HBO® Original Series - Vol. 1.4","120007424","264013","205","false","https://www.deezer.com/us/track/120007424","https://cdnt-preview.dzcdn.net/api/1/1/c/b/9/0/cb9b22cf490071c4398bd29b5f5fb871.mp3?hdnea=exp=1781363516~acl=/api/1/1/c/b/9/0/cb9b22cf490071c4398bd29b5f5fb871.mp3*~data=user_id=0,application_id=42~hmac=b7fd87adbbbebc8d5fc8eb52cf011c5b4b35ab321361a7d0014c23db43fa75ae","On 1 list: Southern Rock Essentials"
"(thematic candidate)","","","","Greek Tragedy","The Wombats","Greek Tragedy","93030064","254916","209","false","https://www.deezer.com/us/track/93030064","https://cdnt-preview.dzcdn.net/api/1/1/e/d/3/0/ed3f988b64cb6d00afd167be3d26eaa3.mp3?hdnea=exp=1781363515~acl=/api/1/1/e/d/3/0/ed3f988b64cb6d00afd167be3d26eaa3.mp3*~data=user_id=0,application_id=42~hmac=b7838490c78b7f03d102c9017ec5d4917c188b15c5a6422082feacdedf92ca9c","On 1 list: Summer Road Trip Jams 2023"
"(thematic candidate)","","","","Heat of the Summer","Young The Giant","Heat of the Summer","556350422","253166","211","false","https://www.deezer.com/us/track/556350422","https://cdnt-preview.dzcdn.net/api/1/1/d/a/2/0/da25c3adb073d5d821e66d9388d6368c.mp3?hdnea=exp=1781363515~acl=/api/1/1/d/a/2/0/da25c3adb073d5d821e66d9388d6368c.mp3*~data=user_id=0,application_id=42~hmac=ef233679631f57913d844ba2781198cbd1f7552defc5f9ba5a9468e9af268ef7","On 1 list: Summer Road Trip Jams 2023"
"(thematic candidate)","","","","Evicted","Wilco","Cousin","2459278945","240952","210","false","https://www.deezer.com/us/track/2459278945","https://cdnt-preview.dzcdn.net/api/1/1/5/7/2/0/572e4368ff81622abdc7a0a08320bd51.mp3?hdnea=exp=1781363515~acl=/api/1/1/5/7/2/0/572e4368ff81622abdc7a0a08320bd51.mp3*~data=user_id=0,application_id=42~hmac=6ddfea56c87a3c0404dd4974ae55b38470a4f248240ace5c6edfebf7c0348a53","On 1 list: Summer Road Trip Jams 2023"
"(thematic candidate)","","","","I Will Wait","Mumford & Sons","Babel","3025809751","233505","276","false","https://www.deezer.com/us/track/3025809751","https://cdnt-preview.dzcdn.net/api/1/1/e/e/9/0/ee907de647ecbd7d0c3d4f6712cdc655.mp3?hdnea=exp=1781363515~acl=/api/1/1/e/e/9/0/ee907de647ecbd7d0c3d4f6712cdc655.mp3*~data=user_id=0,application_id=42~hmac=b1a5abfe792060d3d5e9babc0fa9410c45398d9906480f3244a183c795be87ca","On 1 list: Summer Road Trip Jams 2023"
"(thematic candidate)","","","","Somewhere in My Heart","Aztec Camera","Love","1882123117","212140","242","false","https://www.deezer.com/us/track/1882123117","https://cdnt-preview.dzcdn.net/api/1/1/7/1/d/0/71d36e2c17c0aa220241cbf13a8051a0.mp3?hdnea=exp=1781363514~acl=/api/1/1/7/1/d/0/71d36e2c17c0aa220241cbf13a8051a0.mp3*~data=user_id=0,application_id=42~hmac=e73646df46608dab6a063eb8e70efb3daabd2b6cfc4f19f333bc7874867d1cad","On 1 list: 100 Greatest Driving Songs"
"(thematic candidate)","","","","Armageddon Blues","Charlie Noordewier","Armageddon Blues","3948938571","201982","170","false","https://www.deezer.com/us/track/3948938571","https://cdnt-preview.dzcdn.net/api/1/1/3/3/3/0/333f7a9fc3e543dcb2c0e1c2e18cd413.mp3?hdnea=exp=1781363514~acl=/api/1/1/3/3/3/0/333f7a9fc3e543dcb2c0e1c2e18cd413.mp3*~data=user_id=0,application_id=42~hmac=0cb90738c6c0a5511b3aeb14d9de63d7900823318ed16522a55088eb36b9c2d6","On 1 list: 100 Greatest Driving Songs"
"(thematic candidate)","","","","Wildflower","The National Parks","Wildflower","867876572","200233","212","false","https://www.deezer.com/us/track/867876572","https://cdnt-preview.dzcdn.net/api/1/1/4/0/4/0/404b00e756f0daff2d1a10b08bac3748.mp3?hdnea=exp=1781363515~acl=/api/1/1/4/0/4/0/404b00e756f0daff2d1a10b08bac3748.mp3*~data=user_id=0,application_id=42~hmac=92ba69b6c1bc0ad2875ac68bb6f34f0426efc1f0bddbe7ddc9a758c19714b519","On 1 list: Summer Road Trip Jams 2023"
"(thematic candidate)","","","","Run","COIN","Run","93556026","189809","206","false","https://www.deezer.com/us/track/93556026","https://cdnt-preview.dzcdn.net/api/1/1/d/9/f/0/d9f7123a61446cee675d23180127846a.mp3?hdnea=exp=1781363515~acl=/api/1/1/d/9/f/0/d9f7123a61446cee675d23180127846a.mp3*~data=user_id=0,application_id=42~hmac=e8e54733d0a2aa9d7160c1ddf9afe09a4795a1473f84a8c6936d1812a0e25f90","On 1 list: Summer Road Trip Jams 2023"
"(thematic candidate)","","","","Under the Bridge","Red Hot Chili Peppers","Blood Sugar Sex Magik","724838","182236","264","false","https://www.deezer.com/us/track/724838","https://cdnt-preview.dzcdn.net/api/1/1/3/4/b/0/34bc5e060833b39587eec58e9dc84fea.mp3?hdnea=exp=1781363514~acl=/api/1/1/3/4/b/0/34bc5e060833b39587eec58e9dc84fea.mp3*~data=user_id=0,application_id=42~hmac=432453a20359c9d8de0044c1a017e612297b0f06027d0530e722fae603d0ed61","On 1 list: 100 Greatest Driving Songs"
"(thematic candidate)","","","","Cardiac Arrest","Bad Suns","Language & Perspective","3788317822","180652","182","false","https://www.deezer.com/us/track/3788317822","https://cdnt-preview.dzcdn.net/api/1/1/4/c/e/0/4ce328ac9403f9eb39eb983710d8d208.mp3?hdnea=exp=1781363515~acl=/api/1/1/4/c/e/0/4ce328ac9403f9eb39eb983710d8d208.mp3*~data=user_id=0,application_id=42~hmac=409c675b633a5c067fc90dc5f814b247387fb66e6c342db8a1caed958e8e48f4","On 1 list: Summer Road Trip Jams 2023"
"(thematic candidate)","","","","Someone New","Hozier","Hozier","86833865","177387","223","false","https://www.deezer.com/us/track/86833865","https://cdnt-preview.dzcdn.net/api/1/1/9/1/f/0/91f020ee1e1f48113ce733b3250317a6.mp3?hdnea=exp=1781363515~acl=/api/1/1/9/1/f/0/91f020ee1e1f48113ce733b3250317a6.mp3*~data=user_id=0,application_id=42~hmac=e84928f6568f4127507537f5fe768e99df63725eb37264e5c098a92e77af6ac4","On 1 list: Summer Road Trip Jams 2023"
"(thematic candidate)","","","","Love Like This","Kodaline","The Longest Ride (Original Soundtrack Album) (G010004203154C)","924697712","171340","216","false","https://www.deezer.com/us/track/924697712","https://cdnt-preview.dzcdn.net/api/1/1/4/4/a/0/44adfc6005451b0780b8b2c549fd60be.mp3?hdnea=exp=1781363515~acl=/api/1/1/4/4/a/0/44adfc6005451b0780b8b2c549fd60be.mp3*~data=user_id=0,application_id=42~hmac=334bfdf63c7ec12c2f26b030a008b9015821c3ae3ad790a1b4ed8fff960a34d0","On 1 list: Summer Road Trip Jams 2023"
"(thematic candidate)","","","","If You Wanna","The Vaccines","2010s Hits","663919092","164691","174","false","https://www.deezer.com/us/track/663919092","https://cdnt-preview.dzcdn.net/api/1/1/0/0/8/0/008943eabaef3bd44dff819895ad519a.mp3?hdnea=exp=1781363515~acl=/api/1/1/0/0/8/0/008943eabaef3bd44dff819895ad519a.mp3*~data=user_id=0,application_id=42~hmac=d987d1d01647116842a02dad27ac04340172b919eb590d1809693e9174c25439","On 1 list: Summer Road Trip Jams 2023"
"(thematic candidate)","","","","Come Home","Chappo","Moonwater (Deluxe Edition)","1069848862","164039","207","false","https://www.deezer.com/us/track/1069848862","https://cdnt-preview.dzcdn.net/api/1/1/b/6/f/0/b6f8915e6a6a28f67c311b6df9733f44.mp3?hdnea=exp=1781363515~acl=/api/1/1/b/6/f/0/b6f8915e6a6a28f67c311b6df9733f44.mp3*~data=user_id=0,application_id=42~hmac=e5b9cfab4c5d588bacf9a258b2c99240060c5ffa5d9e26b3fadb655312167cf5","On 1 list: Summer Road Trip Jams 2023"
"(thematic candidate)","","","","Thunder Clatter","Wild Cub","Youth (Deluxe Version)","3876551501","147650","271","false","https://www.deezer.com/us/track/3876551501","https://cdnt-preview.dzcdn.net/api/1/1/b/3/9/0/b39c30ed750fd140e40e10b48855b270.mp3?hdnea=exp=1781363515~acl=/api/1/1/b/3/9/0/b39c30ed750fd140e40e10b48855b270.mp3*~data=user_id=0,application_id=42~hmac=982c9a52ab158d0be2b24071a44d54208f6feb09e65dfeb9caf1312638cb9113","On 1 list: Summer Road Trip Jams 2023"
"(thematic candidate)","","","","Lola (Remastered 2014)","The Kinks","Lola Versus Powerman and the Moneygoround, Pt. One + Percy (Super Deluxe)","3810897182","147591","242","false","https://www.deezer.com/us/track/3810897182","https://cdnt-preview.dzcdn.net/api/1/1/3/f/9/0/3f9d5ac44b8568a1819a0323e852bac4.mp3?hdnea=exp=1781363514~acl=/api/1/1/3/f/9/0/3f9d5ac44b8568a1819a0323e852bac4.mp3*~data=user_id=0,application_id=42~hmac=1397cc8369452e3d42806892baa8f989c9803cba280c5dcd32d15fb979ca44ce","On 1 list: 100 Greatest Driving Songs"
"(thematic candidate)","","","","Left Hand Free","alt-J","Left Hand Free","80121768","147054","173","false","https://www.deezer.com/us/track/80121768","https://cdnt-preview.dzcdn.net/api/1/1/8/1/1/0/811126a68848d684ccd1f28d82729fd7.mp3?hdnea=exp=1781363515~acl=/api/1/1/8/1/1/0/811126a68848d684ccd1f28d82729fd7.mp3*~data=user_id=0,application_id=42~hmac=c51b6c7c0d30cd08cf313878ef068ceff9cd3432baed571061b9a545b048feb9","On 1 list: Summer Road Trip Jams 2023"
"(thematic candidate)","","","","I Wanna Get Better","Bleachers","I Wanna Get Better","74967784","141776","206","false","https://www.deezer.com/us/track/74967784","https://cdnt-preview.dzcdn.net/api/1/1/e/0/b/0/e0bb39ad18525c9609720163a2d92244.mp3?hdnea=exp=1781363515~acl=/api/1/1/e/0/b/0/e0bb39ad18525c9609720163a2d92244.mp3*~data=user_id=0,application_id=42~hmac=8b8978ee83381db541d26d5c920d86b9b3093783bf2eb0f504fc15afbbfbdc40","On 1 list: Summer Road Trip Jams 2023"
"(thematic candidate)","","","","Dog Days Are Over","Florence + The Machine","Lungs","4124177","126052","250","false","https://www.deezer.com/us/track/4124177","https://cdnt-preview.dzcdn.net/api/1/1/a/0/6/0/a06dcca33bc46e714e7e411d55c22e5c.mp3?hdnea=exp=1781363515~acl=/api/1/1/a/0/6/0/a06dcca33bc46e714e7e411d55c22e5c.mp3*~data=user_id=0,application_id=42~hmac=8efd5845bba4cb752e6724e352867757be9b2bad2a2ce386295ba56c02cfbbb6","On 1 list: Summer Road Trip Jams 2023"
"(thematic candidate)","","","","Cold War","Cautious Clay","Insecure: Music from the HBO Original Series, Season 3","556588742","124194","204","true","https://www.deezer.com/us/track/556588742","https://cdnt-preview.dzcdn.net/api/1/1/b/9/4/0/b94208c9329e13ab78522f8909f53448.mp3?hdnea=exp=1781363515~acl=/api/1/1/b/9/4/0/b94208c9329e13ab78522f8909f53448.mp3*~data=user_id=0,application_id=42~hmac=5ad1333e659fad99899dfa0c5c0e84b234e648551f4a4b5cb88a0ea0afde7498","On 1 list: Summer Road Trip Jams 2023"
"(thematic candidate)","","","","1901","Phoenix","Wolfgang Amadeus Phoenix","3026048491","119249","193","false","https://www.deezer.com/us/track/3026048491","https://cdnt-preview.dzcdn.net/api/1/1/e/0/6/0/e0634a8c9ef56b26fdffdbb832362ca4.mp3?hdnea=exp=1781363515~acl=/api/1/1/e/0/6/0/e0634a8c9ef56b26fdffdbb832362ca4.mp3*~data=user_id=0,application_id=42~hmac=bd904793b2e6be6ca216f40e3b3598c882280c11e5accafb7a7c441457fcd285","On 1 list: Summer Road Trip Jams 2023"
"(thematic candidate)","","","","It's Time","Imagine Dragons","Night Visions","58071441","118760","240","false","https://www.deezer.com/us/track/58071441","https://cdnt-preview.dzcdn.net/api/1/1/f/9/b/0/f9bb350ee234d3d614828c56375117bf.mp3?hdnea=exp=1781363515~acl=/api/1/1/f/9/b/0/f9bb350ee234d3d614828c56375117bf.mp3*~data=user_id=0,application_id=42~hmac=52f8081973554cbd57b57d06e384dcf5836715a37f703b08ec36175630c1edb9","On 1 list: Summer Road Trip Jams 2023"
"(thematic candidate)","","","","Amsterdam","Nothing But Thieves","Broken Machine","398897242","117738","272","false","https://www.deezer.com/us/track/398897242","https://cdnt-preview.dzcdn.net/api/1/1/6/5/5/0/6555328fb3183a4d96deedda177602be.mp3?hdnea=exp=1781363515~acl=/api/1/1/6/5/5/0/6555328fb3183a4d96deedda177602be.mp3*~data=user_id=0,application_id=42~hmac=a7c28e88355e8cb85d7cadafbfd23056a5f3c1ac9e7a306d3f640249755b9ccb","On 1 list: Summer Road Trip Jams 2023"
"(thematic candidate)","","","","Brass in Pocket (2006 Remaster)","Pretenders","Pretenders (Expanded & Remastered)","14636415","114087","185","false","https://www.deezer.com/us/track/14636415","https://cdnt-preview.dzcdn.net/api/1/1/7/8/2/0/7828c418fe265f3b3af979b7a383c24e.mp3?hdnea=exp=1781363514~acl=/api/1/1/7/8/2/0/7828c418fe265f3b3af979b7a383c24e.mp3*~data=user_id=0,application_id=42~hmac=57a6452bbb7d09cfc7833d5f6c9fd2384f027c1cd94a027a433028b40442be31","On 1 list: 100 Greatest Driving Songs"
"(thematic candidate)","","","","Stars","Simply Red","Stars (Expanded Version)","2551829","109978","248","false","https://www.deezer.com/us/track/2551829","https://cdnt-preview.dzcdn.net/api/1/1/3/3/1/0/331c13146530e508d7728a61c3975485.mp3?hdnea=exp=1781363514~acl=/api/1/1/3/3/1/0/331c13146530e508d7728a61c3975485.mp3*~data=user_id=0,application_id=42~hmac=2a1d0a848353fb408bac54f74ce8645ee6b471d101f77159ed4f357bc6847893","On 1 list: 100 Greatest Driving Songs"
"(thematic candidate)","","","","Don't Wanna","HAIM","Don't Wanna","967302102","105398","201","false","https://www.deezer.com/us/track/967302102","https://cdnt-preview.dzcdn.net/api/1/1/4/7/1/0/4717ce948a8a8427ee367d30e1225ef6.mp3?hdnea=exp=1781363515~acl=/api/1/1/4/7/1/0/4717ce948a8a8427ee367d30e1225ef6.mp3*~data=user_id=0,application_id=42~hmac=559f3b0d8e666f739740eff95d5405183f2d761067fe9ca58489a5452800faf5","On 1 list: Summer Road Trip Jams 2023"
"(thematic candidate)","","","","Dashboard","Modest Mouse","Resturlaub","13111703","90740","248","false","https://www.deezer.com/us/track/13111703","https://cdnt-preview.dzcdn.net/api/1/1/7/8/2/0/7820aa11742d9593ad97cb5cd249e96e.mp3?hdnea=exp=1781363515~acl=/api/1/1/7/8/2/0/7820aa11742d9593ad97cb5cd249e96e.mp3*~data=user_id=0,application_id=42~hmac=5b98d04b08649845246f2e226bc1e63ea36184fb9772559f7a4c331d82d76e51","On 1 list: Summer Road Trip Jams 2023"
"(thematic candidate)","","","","At the Beach","The Avett Brothers","Mignonette","11472820","82625","249","false","https://www.deezer.com/us/track/11472820","https://cdnt-preview.dzcdn.net/api/1/1/a/9/3/0/a9325e1f38bfd7777fae81a3b56973db.mp3?hdnea=exp=1781363515~acl=/api/1/1/a/9/3/0/a9325e1f38bfd7777fae81a3b56973db.mp3*~data=user_id=0,application_id=42~hmac=d76c06dfe69e4367d202a47e26263e1ca4182774953ccd3b41e43b0ff1c0c98c","On 1 list: Summer Road Trip Jams 2023"
"(thematic candidate)","","","","Simple Song","The Shins","Simple Song","15740483","74410","256","false","https://www.deezer.com/us/track/15740483","https://cdnt-preview.dzcdn.net/api/1/1/f/4/8/0/f485ef75e3de43c2e075f2a10d0c86be.mp3?hdnea=exp=1781363515~acl=/api/1/1/f/4/8/0/f485ef75e3de43c2e075f2a10d0c86be.mp3*~data=user_id=0,application_id=42~hmac=15cf26565649e64eab62236c4485d180d4f0023ebad615c3bbaec171385c803c","On 1 list: Summer Road Trip Jams 2023"
"(thematic candidate)","","","","I Don't Wanna Dance","COIN","I Don't Wanna Dance","142389779","21015","180","false","https://www.deezer.com/us/track/142389779","https://cdnt-preview.dzcdn.net/api/1/1/1/5/4/0/1547454dd344605c6e7cc244f3aa3d38.mp3?hdnea=exp=1781363515~acl=/api/1/1/1/5/4/0/1547454dd344605c6e7cc244f3aa3d38.mp3*~data=user_id=0,application_id=42~hmac=f701f665b005aafac87a1b58b853f5f4770e582e92442590a3b9b53497532702","On 1 list: Summer Road Trip Jams 2023"
