OriginalTitle,OriginalArtist,OriginalDeezerId,OriginalRank,AlternativeTitle,AlternativeArtist,AlternativeAlbum,AlternativeDeezerId,AlternativeRank,AlternativeDurationSec,AlternativeExplicit,DeezerTrackUrl,AlternativePreviewUrl,ConfidenceNote
"(thematic candidate)","","","","Mr Saxobeat","Alexandra Stan","Saxobeats","17084765","39727","195","false","https://www.deezer.com/us/track/17084765","https://cdnt-preview.dzcdn.net/api/1/1/3/3/e/0/33ec6e1397c1c1d252f194e7579bee37.mp3?hdnea=exp=1781737750~acl=/api/1/1/3/3/e/0/33ec6e1397c1c1d252f194e7579bee37.mp3*~data=user_id=0,application_id=42~hmac=af9b7e18d5be0d6744e310b27e5afa610d0ff55ec37f7ed532cd442a6a815820","On 2 editorial lists"
"(thematic candidate)","","","","Bangarang (feat. Sirah)","Skrillex","Bangarang EP","15781392","699102","215","true","https://www.deezer.com/us/track/15781392","https://cdnt-preview.dzcdn.net/api/1/1/f/7/c/0/f7c4c40890cf027d6e0e02a2ba006329.mp3?hdnea=exp=1781737749~acl=/api/1/1/f/7/c/0/f7c4c40890cf027d6e0e02a2ba006329.mp3*~data=user_id=0,application_id=42~hmac=80732de9dd7fe703f33c5460d766e929b974a9b23ea4afb1ec73166f6f88f461","On 1 list: 10s Hits"
"(thematic candidate)","","","","The Day That Never Comes","Metallica","Death Magnetic","2114256","698741","475","false","https://www.deezer.com/us/track/2114256","https://cdnt-preview.dzcdn.net/api/1/1/4/b/e/0/4be1d8792fd2e565bb6f38cdcf2a89e5.mp3?hdnea=exp=1781737754~acl=/api/1/1/4/b/e/0/4be1d8792fd2e565bb6f38cdcf2a89e5.mp3*~data=user_id=0,application_id=42~hmac=c399671a0dc89f2d9614a1d43447555020da19a457d5054484c6f4c42bd17073","On 1 list: Modern Rock Essentials"
"(thematic candidate)","","","","Changes (Radio Mix)","Faul & Wad Ad","Changes","809619762","697789","202","false","https://www.deezer.com/us/track/809619762","https://cdnt-preview.dzcdn.net/api/1/1/4/d/1/0/4d11fdf8d64dbdc9c302be2205c62a01.mp3?hdnea=exp=1781737749~acl=/api/1/1/4/d/1/0/4d11fdf8d64dbdc9c302be2205c62a01.mp3*~data=user_id=0,application_id=42~hmac=4d2a95fed0a291d5c54047fa0d99c3cc5573b8c4596e9fa2c3f3f34f68da1098","On 1 list: 10s Hits"
"(thematic candidate)","","","","Wow.","Post Malone","Wow.","607452332","697786","150","true","https://www.deezer.com/us/track/607452332","https://cdnt-preview.dzcdn.net/api/1/1/2/e/0/0/2e0057d61f3849c681cd01b213ffcfae.mp3?hdnea=exp=1781737747~acl=/api/1/1/2/e/0/0/2e0057d61f3849c681cd01b213ffcfae.mp3*~data=user_id=0,application_id=42~hmac=b153c7e50ceecb7d361e7f5fd0ed380c48cfc557ad91a7bf34e9cd420bb8f611","On 1 list: 10s Hits"
"(thematic candidate)","","","","I Won't Give Up","Jason Mraz","Love Is a Four Letter Word","17827563","695136","240","false","https://www.deezer.com/us/track/17827563","https://cdnt-preview.dzcdn.net/api/1/1/e/a/c/0/eacaaa65ff55bc5ab69d3915bbd0c4c0.mp3?hdnea=exp=1781737747~acl=/api/1/1/e/a/c/0/eacaaa65ff55bc5ab69d3915bbd0c4c0.mp3*~data=user_id=0,application_id=42~hmac=d814059c97579dda5a74d1062a08a4a93bf3a8f8d62a1cbde2dabeb8cb571ef4","On 1 list: 10s Hits"
"(thematic candidate)","","","","Let You Down","NF","Perception","412536982","694352","212","false","https://www.deezer.com/us/track/412536982","https://cdnt-preview.dzcdn.net/api/1/1/8/a/5/0/8a5f6d8c51158eaeb5c0295c706ce047.mp3?hdnea=exp=1781737748~acl=/api/1/1/8/a/5/0/8a5f6d8c51158eaeb5c0295c706ce047.mp3*~data=user_id=0,application_id=42~hmac=96f24def505e1fd3ba7a3ac25aa6ef5e9a8d33950d4e82dc9de31a85248bc572","On 1 list: 10s Hits"
"(thematic candidate)","","","","Stay","Zedd","Stay","142808100","694338","210","false","https://www.deezer.com/us/track/142808100","https://cdnt-preview.dzcdn.net/api/1/1/c/7/8/0/c7880f07b75768ec51f3e8fc2868531d.mp3?hdnea=exp=1781737748~acl=/api/1/1/c/7/8/0/c7880f07b75768ec51f3e8fc2868531d.mp3*~data=user_id=0,application_id=42~hmac=4f3c6877caeaf44a98dcc5c3322b94794d548f56e1492d3a22c1ac6dad9caf71","On 1 list: 10s Hits"
"(thematic candidate)","","","","Best Thing I Never Had","Beyoncé","4","66190266","692882","253","false","https://www.deezer.com/us/track/66190266","https://cdnt-preview.dzcdn.net/api/1/1/1/6/0/0/160f7f5ee11a1cf565e20e33508bdaec.mp3?hdnea=exp=1781737752~acl=/api/1/1/1/6/0/0/160f7f5ee11a1cf565e20e33508bdaec.mp3*~data=user_id=0,application_id=42~hmac=53f09b601f293d59712727ecfdb659cc750531db4c2a0cb04532f33468cd0910","On 1 list: 10s Pop"
"(thematic candidate)","","","","Everybody Talks","Neon Trees","Picture Show","17806810","692314","180","true","https://www.deezer.com/us/track/17806810","https://cdnt-preview.dzcdn.net/api/1/1/d/4/7/0/d4715c243a3d84edcd4a59fa139266e2.mp3?hdnea=exp=1781737747~acl=/api/1/1/d/4/7/0/d4715c243a3d84edcd4a59fa139266e2.mp3*~data=user_id=0,application_id=42~hmac=4fd5667fc18fcd3819b08a9ce9172a03ed8ca76224b3d9fe12ca249f385b6dc1","On 1 list: 10s Hits"
"(thematic candidate)","","","","High On Life (feat. Bonn)","Martin Garrix","High On Life (feat. Bonn)","532182272","691480","230","false","https://www.deezer.com/us/track/532182272","https://cdnt-preview.dzcdn.net/api/1/1/8/f/d/0/8fdc4a115f3a4de0e6b41e153cf5dea7.mp3?hdnea=exp=1781737749~acl=/api/1/1/8/f/d/0/8fdc4a115f3a4de0e6b41e153cf5dea7.mp3*~data=user_id=0,application_id=42~hmac=30084fac1491d8e32bf2d1d7d59ed705dc828ceba79df97d0941ca312ee81678","On 1 list: 10s Hits"
"(thematic candidate)","","","","GDFR (feat. Sage the Gemini & Lookas)","Flo Rida","GDFR (feat. Sage The Gemini & Lookas)","86922279","691009","190","false","https://www.deezer.com/us/track/86922279","https://cdnt-preview.dzcdn.net/api/1/1/6/c/2/0/6c2345abea37ec15628f2b326f2bc3f2.mp3?hdnea=exp=1781737748~acl=/api/1/1/6/c/2/0/6c2345abea37ec15628f2b326f2bc3f2.mp3*~data=user_id=0,application_id=42~hmac=a2c5e7ca349c4724b423febd3c66acf9206fefbc6eca316f14e78460c26de154","On 1 list: 10s Hits"
"(thematic candidate)","","","","Your Love Is My Drug","Ke$ha","Animal (Expanded Edition)","15595928","689926","187","false","https://www.deezer.com/us/track/15595928","https://cdnt-preview.dzcdn.net/api/1/1/f/2/2/0/f22908c115163f3ccfa1432053431549.mp3?hdnea=exp=1781737748~acl=/api/1/1/f/2/2/0/f22908c115163f3ccfa1432053431549.mp3*~data=user_id=0,application_id=42~hmac=1b23e371ed5d49bf096b70e70384489b0296d9060dbb5e1f214b443c0b35471f","On 1 list: 10s Hits"
"(thematic candidate)","","","","Billionaire (feat. Bruno Mars)","Travie McCoy","Billionaire (feat. Bruno Mars)","6590103","689616","211","true","https://www.deezer.com/us/track/6590103","https://cdnt-preview.dzcdn.net/api/1/1/3/c/9/0/3c939c0cb21640e5f30b49c1e1427c71.mp3?hdnea=exp=1781737748~acl=/api/1/1/3/c/9/0/3c939c0cb21640e5f30b49c1e1427c71.mp3*~data=user_id=0,application_id=42~hmac=2e0ad1640a40b20a64cd110d82e8bf333ef88ceacf317c5584f7b5bff6d65975","On 1 list: 10s Hits"
"(thematic candidate)","","","","Let Me Love You (Until You Learn To Love Yourself)","Ne-Yo","R.E.D. (Deluxe Edition)","61793545","689585","254","false","https://www.deezer.com/us/track/61793545","https://cdnt-preview.dzcdn.net/api/1/1/e/6/a/0/e6ae2c638a0ed498d87203d96b15b2bb.mp3?hdnea=exp=1781737748~acl=/api/1/1/e/6/a/0/e6ae2c638a0ed498d87203d96b15b2bb.mp3*~data=user_id=0,application_id=42~hmac=b98fca9c335fcc265094bd2934923d319faf1b5af6c073aede9367fff80844c4","On 1 list: 10s Hits"
"(thematic candidate)","","","","Haven't Met You Yet","Michael Bublé","Crazy Love","4311272","689465","244","false","https://www.deezer.com/us/track/4311272","https://cdnt-preview.dzcdn.net/api/1/1/0/f/5/0/0f567d6d2da5b1c81ebde632e69e2a6b.mp3?hdnea=exp=1781737748~acl=/api/1/1/0/f/5/0/0f567d6d2da5b1c81ebde632e69e2a6b.mp3*~data=user_id=0,application_id=42~hmac=81e46921d37e8bcdae3650553a48bce2068b804628b1eee156828f4eb5ef7199","On 1 list: 10s Hits"
"(thematic candidate)","","","","Nonstop","Drake","Scorpion","533609202","688813","239","true","https://www.deezer.com/us/track/533609202","https://cdnt-preview.dzcdn.net/api/1/1/e/0/c/0/e0c1c5e0db941f3393239a64e8991376.mp3?hdnea=exp=1781737748~acl=/api/1/1/e/0/c/0/e0c1c5e0db941f3393239a64e8991376.mp3*~data=user_id=0,application_id=42~hmac=534d5fb2e143fed693295f598b13d7fd962dee369fbb3ec7a0c361a6bb78b5ef","On 1 list: 10s Hits"
"(thematic candidate)","","","","Look Back at It","A Boogie wit da Hoodie","Look Back at It","599047102","687321","179","true","https://www.deezer.com/us/track/599047102","https://cdnt-preview.dzcdn.net/api/1/1/5/c/d/0/5cd4bd98450ae9b71c75267bdc771a42.mp3?hdnea=exp=1781737748~acl=/api/1/1/5/c/d/0/5cd4bd98450ae9b71c75267bdc771a42.mp3*~data=user_id=0,application_id=42~hmac=8e9491a5f558e319a45b578a451432bbaa19a5eb7f2b2a8f42a899d51c72f0b9","On 1 list: 10s Hits"
"(thematic candidate)","","","","Clarity","Zedd","Clarity","60904700","684488","271","false","https://www.deezer.com/us/track/60904700","https://cdnt-preview.dzcdn.net/api/1/1/e/9/3/0/e9361dad0bf958c5bccb53ed096be917.mp3?hdnea=exp=1781737748~acl=/api/1/1/e/9/3/0/e9361dad0bf958c5bccb53ed096be917.mp3*~data=user_id=0,application_id=42~hmac=3266fab23d171417b472d123de4fd9384589ed991152c0f28dabcd5ea23dbaed","On 1 list: 10s Hits"
"(thematic candidate)","","","","In My Head","Jason Derulo","Jason Derulo (International)","5420473","682656","198","false","https://www.deezer.com/us/track/5420473","https://cdnt-preview.dzcdn.net/api/1/1/9/2/f/0/92fe9ae188ce2927146eb743c3601d5d.mp3?hdnea=exp=1781737747~acl=/api/1/1/9/2/f/0/92fe9ae188ce2927146eb743c3601d5d.mp3*~data=user_id=0,application_id=42~hmac=02411002fe8bfcf3ef1157c46e923be70e29781ff7382e2ed7637f77615f80d4","On 1 list: 10s Hits"
"(thematic candidate)","","","","Antidote","Travis Scott","Rodeo","106713886","680642","262","true","https://www.deezer.com/us/track/106713886","https://cdnt-preview.dzcdn.net/api/1/1/a/4/e/0/a4ef2ec4cb30d7696e214322fe413e39.mp3?hdnea=exp=1781737748~acl=/api/1/1/a/4/e/0/a4ef2ec4cb30d7696e214322fe413e39.mp3*~data=user_id=0,application_id=42~hmac=783828b37294e61f68de12db68090743660083278dea7e70fb79ba9b9127c961","On 1 list: 10s Hits"
"(thematic candidate)","","","","Blow Me","P!nk","The Truth About Love","60200371","680265","256","true","https://www.deezer.com/us/track/60200371","https://cdnt-preview.dzcdn.net/api/1/1/8/1/3/0/813f66b8fb41d98591e89b9c24cd73ae.mp3?hdnea=exp=1781737748~acl=/api/1/1/8/1/3/0/813f66b8fb41d98591e89b9c24cd73ae.mp3*~data=user_id=0,application_id=42~hmac=02c954608bb5a594b479202b79e65d0e108a22f197d8984a3e0993857f6f2c8f","On 1 list: 10s Hits"
"(thematic candidate)","","","","Ex's & Oh's","Elle King","Love Stuff","94753848","678974","201","false","https://www.deezer.com/us/track/94753848","https://cdnt-preview.dzcdn.net/api/1/1/7/e/6/0/7e6ac8bf74f8b2322e65a4223625f731.mp3?hdnea=exp=1781737748~acl=/api/1/1/7/e/6/0/7e6ac8bf74f8b2322e65a4223625f731.mp3*~data=user_id=0,application_id=42~hmac=23642a56eb114de7db61bb5269f1260a4ba86148fa49f99e06f90f216a9232a9","On 1 list: 10s Hits"
"(thematic candidate)","","","","Money In The Grave","Drake","The Best In The World Pack","696957242","677332","205","true","https://www.deezer.com/us/track/696957242","https://cdnt-preview.dzcdn.net/api/1/1/b/a/7/0/ba7358aa3d74b60dc6bcf26211f7f9e5.mp3?hdnea=exp=1781737748~acl=/api/1/1/b/a/7/0/ba7358aa3d74b60dc6bcf26211f7f9e5.mp3*~data=user_id=0,application_id=42~hmac=eaa721dd22b258faba52ece8f637403df67ddf5684d43793f5321b692bd77aa3","On 1 list: 10s Hits"
"(thematic candidate)","","","","High Enough","K.Flay","Every Where Is Some Where","344939021","677225","230","false","https://www.deezer.com/us/track/344939021","https://cdnt-preview.dzcdn.net/api/1/1/7/f/1/0/7f1ac6e6f479020c9f9c20f6ed5fa05e.mp3?hdnea=exp=1781737754~acl=/api/1/1/7/f/1/0/7f1ac6e6f479020c9f9c20f6ed5fa05e.mp3*~data=user_id=0,application_id=42~hmac=132baf79889eb231f6f13c262dd6b4843e9e2503455625c8b776efaa7c075c57","On 1 list: Modern Rock Essentials"
"(thematic candidate)","","","","Too Good","Drake","Views","124603278","676975","263","true","https://www.deezer.com/us/track/124603278","https://cdnt-preview.dzcdn.net/api/1/1/f/1/5/0/f152d4afb75fae93e1f8702f2e6be4b3.mp3?hdnea=exp=1781737748~acl=/api/1/1/f/1/5/0/f152d4afb75fae93e1f8702f2e6be4b3.mp3*~data=user_id=0,application_id=42~hmac=91d7078f1463654b7edfe7d0c4588f4dd12e8af6851581ae8d8fd6eb6cc5e2b0","On 1 list: 10s Hits"
"(thematic candidate)","","","","Thunder","Imagine Dragons","Best Of 2017","435821802","675746","188","false","https://www.deezer.com/us/track/435821802","https://cdnt-preview.dzcdn.net/api/1/1/4/c/8/0/4c8d211b7aa47e570453849758308b55.mp3?hdnea=exp=1781737747~acl=/api/1/1/4/c/8/0/4c8d211b7aa47e570453849758308b55.mp3*~data=user_id=0,application_id=42~hmac=11e3d8703e19cb5ba477cc8d7c3398434c0d48d16a240a75933ce5289ccda9c6","On 1 list: 10s Hits"
"(thematic candidate)","","","","Unsteady","X Ambassadors","VHS","102364678","675741","192","false","https://www.deezer.com/us/track/102364678","https://cdnt-preview.dzcdn.net/api/1/1/1/f/1/0/1f1435fc3d9ca153f4a105c6cd5b5415.mp3?hdnea=exp=1781737748~acl=/api/1/1/1/f/1/0/1f1435fc3d9ca153f4a105c6cd5b5415.mp3*~data=user_id=0,application_id=42~hmac=ad1be1dfaf5d4decffae9dd8aea59767f66a3273563de046ef5e76a2ab896447","On 1 list: 10s Hits"
"(thematic candidate)","","","","1-800-273-8255","Logic","Everybody","357859971","673791","250","true","https://www.deezer.com/us/track/357859971","https://cdnt-preview.dzcdn.net/api/1/1/3/e/9/0/3e9c50ead4f9aa81d1492cc844f89b30.mp3?hdnea=exp=1781737748~acl=/api/1/1/3/e/9/0/3e9c50ead4f9aa81d1492cc844f89b30.mp3*~data=user_id=0,application_id=42~hmac=8b38e615c2e4aa564e574f915c8cecf048836086f48cd4a1ec0b3ce5992dc234","On 1 list: 10s Hits"
"(thematic candidate)","","","","Bank Account","21 Savage","Issa Album","380536131","673582","220","true","https://www.deezer.com/us/track/380536131","https://cdnt-preview.dzcdn.net/api/1/1/f/2/a/0/f2a845aa1428e505c112144b3a820c97.mp3?hdnea=exp=1781737748~acl=/api/1/1/f/2/a/0/f2a845aa1428e505c112144b3a820c97.mp3*~data=user_id=0,application_id=42~hmac=77533bdcd1c97678ecd871f236ba017ba96282bc0ef59b27d62c5bb7cb5a70bc","On 1 list: 10s Hits"
"(thematic candidate)","","","","Don't","Ed Sheeran","x (Deluxe Edition)","79875050","673461","219","false","https://www.deezer.com/us/track/79875050","https://cdnt-preview.dzcdn.net/api/1/1/5/3/f/0/53f6ffbf96d861b06ecf7b2f740dfb42.mp3?hdnea=exp=1781737748~acl=/api/1/1/5/3/f/0/53f6ffbf96d861b06ecf7b2f740dfb42.mp3*~data=user_id=0,application_id=42~hmac=cef390d86f4a12e47f0e7303f75c5972c1213ae0f2158a285c2f4919cca2655a","On 1 list: 10s Hits"
"(thematic candidate)","","","","Maps","Maroon 5","V (Deluxe)","100004582","672533","191","false","https://www.deezer.com/us/track/100004582","https://cdnt-preview.dzcdn.net/api/1/1/2/3/3/0/233b3636bb73c8f2c33c69975cd54690.mp3?hdnea=exp=1781737748~acl=/api/1/1/2/3/3/0/233b3636bb73c8f2c33c69975cd54690.mp3*~data=user_id=0,application_id=42~hmac=05c2655e2db542ae012710706b99ebb117a5755ae3412f553f0747cc7cffb50f","On 1 list: 10s Hits"
"(thematic candidate)","","","","Panini","Lil Nas X","7","699056202","671018","114","false","https://www.deezer.com/us/track/699056202","https://cdnt-preview.dzcdn.net/api/1/1/f/0/4/0/f043b478d60669193be435818b83f84c.mp3?hdnea=exp=1781737748~acl=/api/1/1/f/0/4/0/f043b478d60669193be435818b83f84c.mp3*~data=user_id=0,application_id=42~hmac=cac93584575b27822a667b161429b380173de92ce25aa7be3c752e0d5fae4e3c","On 1 list: 10s Hits"
"(thematic candidate)","","","","212","Azealia Banks","1991 - EP","540984692","670662","203","true","https://www.deezer.com/us/track/540984692","https://cdnt-preview.dzcdn.net/api/1/1/c/a/6/0/ca606de89bf329f390b6b795403d02a5.mp3?hdnea=exp=1781737751~acl=/api/1/1/c/a/6/0/ca606de89bf329f390b6b795403d02a5.mp3*~data=user_id=0,application_id=42~hmac=84f8e802e0e17579d78d97de5e391fc442e37d4b1b4dbf77febd0249249612eb","On 1 list: 10s Party Hits"
"(thematic candidate)","","","","Na Na","Trey Songz","Na Na","74395576","670351","231","false","https://www.deezer.com/us/track/74395576","https://cdnt-preview.dzcdn.net/api/1/1/9/7/9/0/97959101c4580f9d4295e9dda066b5c2.mp3?hdnea=exp=1781737748~acl=/api/1/1/9/7/9/0/97959101c4580f9d4295e9dda066b5c2.mp3*~data=user_id=0,application_id=42~hmac=7e25e5d9da3124c780e12085e922b81c0194417052ed944f1086b23fb22c7e36","On 1 list: 10s Hits"
"(thematic candidate)","","","","Imma Be","The Black Eyed Peas","THE E.N.D. (THE ENERGY NEVER DIES) (Deluxe Version)","4619465","670187","258","true","https://www.deezer.com/us/track/4619465","https://cdnt-preview.dzcdn.net/api/1/1/8/0/e/0/80e3e66bddfa48c1195be6512ba33b19.mp3?hdnea=exp=1781737748~acl=/api/1/1/8/0/e/0/80e3e66bddfa48c1195be6512ba33b19.mp3*~data=user_id=0,application_id=42~hmac=88824295f54952b10365003816ca0b9cab38bce2129ca5fa1f8749f201e4e6c4","On 1 list: 10s Hits"
"(thematic candidate)","","","","No Type","Rae Sremmurd","SremmLife","92871300","669350","200","true","https://www.deezer.com/us/track/92871300","https://cdnt-preview.dzcdn.net/api/1/1/7/9/7/0/797de9a62cb6711bfb8cd9da35f754f9.mp3?hdnea=exp=1781737748~acl=/api/1/1/7/9/7/0/797de9a62cb6711bfb8cd9da35f754f9.mp3*~data=user_id=0,application_id=42~hmac=3ddd8a3a90cc96727acae40a08a5f04560deb0567ff1387b20721db6ece5e796","On 1 list: 10s Hits"
"(thematic candidate)","","","","Little Do You Know","Alex & Sierra","It's About Us","86876435","668390","184","false","https://www.deezer.com/us/track/86876435","https://cdnt-preview.dzcdn.net/api/1/1/9/b/3/0/9b3b2ca25d9661d27efb3bf750f283bd.mp3?hdnea=exp=1781737750~acl=/api/1/1/9/b/3/0/9b3b2ca25d9661d27efb3bf750f283bd.mp3*~data=user_id=0,application_id=42~hmac=d8e621f01f414202e85375de5f44725b82442040cc27b087aff03f1353832448","On 1 list: 10s Hits"
"(thematic candidate)","","","","Look At Me Now (feat. Lil' Wayne & Busta Rhymes)","Chris Brown","F.A.M.E. (Expanded Edition)","652442532","666161","223","true","https://www.deezer.com/us/track/652442532","https://cdnt-preview.dzcdn.net/api/1/1/a/3/4/0/a343b4ff810dab3ef93595625e688219.mp3?hdnea=exp=1781737748~acl=/api/1/1/a/3/4/0/a343b4ff810dab3ef93595625e688219.mp3*~data=user_id=0,application_id=42~hmac=46753e30b9d1475d153103a7162dc97144696bfccf6f6825305136d0d01a7fdf","On 1 list: 10s Hits"
"(thematic candidate)","","","","White Iverson","Post Malone","Stoney (Deluxe)","137726975","666021","254","true","https://www.deezer.com/us/track/137726975","https://cdnt-preview.dzcdn.net/api/1/1/9/e/b/0/9eb7273be3cbbbaec07702b8b882327c.mp3?hdnea=exp=1781737748~acl=/api/1/1/9/e/b/0/9eb7273be3cbbbaec07702b8b882327c.mp3*~data=user_id=0,application_id=42~hmac=12407ff82f3624cbbf5f1d85db0f283758482cbc932fd214d8742f97ea8fbfc7","On 1 list: 10s Hits"
"(thematic candidate)","","","","Beautiful People (feat. Khalid)","Ed Sheeran","Beautiful People (feat. Khalid)","703496412","665735","197","false","https://www.deezer.com/us/track/703496412","https://cdnt-preview.dzcdn.net/api/1/1/0/c/b/0/0cbb768840bb5712958367339f5eec8a.mp3?hdnea=exp=1781737748~acl=/api/1/1/0/c/b/0/0cbb768840bb5712958367339f5eec8a.mp3*~data=user_id=0,application_id=42~hmac=8cc7ed0ee4282e2add6c2e8ab387da0d699d8ed3cd5c89531d3793b91b0a11a7","On 1 list: 10s Hits"
"(thematic candidate)","","","","jar of hearts","Christina Perri","jar of hearts","12343340","664723","246","false","https://www.deezer.com/us/track/12343340","https://cdnt-preview.dzcdn.net/api/1/1/5/0/5/0/505cacddae5a487ed82da4770ec843fb.mp3?hdnea=exp=1781737748~acl=/api/1/1/5/0/5/0/505cacddae5a487ed82da4770ec843fb.mp3*~data=user_id=0,application_id=42~hmac=bc45db55c5db021675f1126b34bcd61ef12e75c4a8ddc51ef2f56e57f832064f","On 1 list: 10s Hits"
"(thematic candidate)","","","","Going Bad (feat. Drake)","Meek Mill","Championships","596680492","664605","180","true","https://www.deezer.com/us/track/596680492","https://cdnt-preview.dzcdn.net/api/1/1/5/5/9/0/5597724d659cf57605a5051f8d109a0d.mp3?hdnea=exp=1781737747~acl=/api/1/1/5/5/9/0/5597724d659cf57605a5051f8d109a0d.mp3*~data=user_id=0,application_id=42~hmac=cc3a9032b10480c4511c1dc96ece0d1ac70bfc50c85dab1056ceff07e52a3726","On 1 list: 10s Hits"
"(thematic candidate)","","","","Tighten Up","The Black Keys","Brothers (Deluxe Remastered Anniversary Edition)","1191627792","662718","211","false","https://www.deezer.com/us/track/1191627792","https://cdnt-preview.dzcdn.net/api/1/1/a/9/7/0/a973a3c6ac6713adf95abf60ceaf3a7d.mp3?hdnea=exp=1781737754~acl=/api/1/1/a/9/7/0/a973a3c6ac6713adf95abf60ceaf3a7d.mp3*~data=user_id=0,application_id=42~hmac=f25c9faa1f2a4b3d119c7ad90493239ca11e3d913c7059a1c24f5c2f90b61d53","On 1 list: Modern Rock Essentials"
"(thematic candidate)","","","","Under Cover of Darkness","The Strokes","Angles","10101602","662597","236","false","https://www.deezer.com/us/track/10101602","https://cdnt-preview.dzcdn.net/api/1/1/7/8/2/0/782337d78b02dca2c2b98e9b333cf7ce.mp3?hdnea=exp=1781737752~acl=/api/1/1/7/8/2/0/782337d78b02dca2c2b98e9b333cf7ce.mp3*~data=user_id=0,application_id=42~hmac=e77274ecc6fd58da95dc2a017361433fa8c5651eb1598dc9a96f93cca1f4572c","On 1 list: 2010s Rock"
"(thematic candidate)","","","","Trap Queen","Fetty Wap","Trap Queen","91934728","662436","222","true","https://www.deezer.com/us/track/91934728","https://cdnt-preview.dzcdn.net/api/1/1/d/2/3/0/d236757c1e73afbdf29640ff7195e862.mp3?hdnea=exp=1781737747~acl=/api/1/1/d/2/3/0/d236757c1e73afbdf29640ff7195e862.mp3*~data=user_id=0,application_id=42~hmac=2fdab3bdd3dd81d1091e747817a0586b7047942990a60a868844940c7593e534","On 1 list: 10s Hits"
"(thematic candidate)","","","","23","Mike WiLL Made-It","23","70509386","662075","252","true","https://www.deezer.com/us/track/70509386","https://cdnt-preview.dzcdn.net/api/1/1/c/9/1/0/c91c13d7a2f391fc1929156e4a1fb492.mp3?hdnea=exp=1781737748~acl=/api/1/1/c/9/1/0/c91c13d7a2f391fc1929156e4a1fb492.mp3*~data=user_id=0,application_id=42~hmac=572904adde405ea25ca417b422617554053c99fad777ddefd585b54c1f80c2ae","On 1 list: 10s Hits"
"(thematic candidate)","","","","F**kin' Perfect","P!nk","Greatest Hits...So Far!!!","15597832","660204","210","true","https://www.deezer.com/us/track/15597832","https://cdnt-preview.dzcdn.net/api/1/1/8/c/5/0/8c5c7dda8dfcfd010d07e0d6a7c88f4f.mp3?hdnea=exp=1781737748~acl=/api/1/1/8/c/5/0/8c5c7dda8dfcfd010d07e0d6a7c88f4f.mp3*~data=user_id=0,application_id=42~hmac=6fb27cd0a4d59a9f71154a4a820a5cc0db6aa12f18aefbfefa1f98bd8a5e3f01","On 1 list: 10s Hits"
"(thematic candidate)","","","","Habits (Stay High) (Hippie Sabotage Remix)","Tove Lo","Queen Of The Clouds","84669149","658734","258","false","https://www.deezer.com/us/track/84669149","https://cdnt-preview.dzcdn.net/api/1/1/6/c/0/0/6c0b63a5a4a327954f34e3c4318b7e39.mp3?hdnea=exp=1781737749~acl=/api/1/1/6/c/0/0/6c0b63a5a4a327954f34e3c4318b7e39.mp3*~data=user_id=0,application_id=42~hmac=6fa9daa4fc2dc2f278416cbdd2a1979b600d17ab5d9b677cb75af5eaa60632b2","On 1 list: 10s Hits"
"(thematic candidate)","","","","Watch Me (Whip / Nae Nae)","Silentó","Watch Me (Whip / Nae Nae)","100614636","658255","185","false","https://www.deezer.com/us/track/100614636","https://cdnt-preview.dzcdn.net/api/1/1/a/2/0/0/a204688c7e74520e3342609aefafb17b.mp3?hdnea=exp=1781737747~acl=/api/1/1/a/2/0/0/a204688c7e74520e3342609aefafb17b.mp3*~data=user_id=0,application_id=42~hmac=d4dd5c70b8f0f6c67b10fb6bf6c92d517e777244f2610d67557399aa59684d4f","On 1 list: 10s Hits"
"(thematic candidate)","","","","breathin","Ariana Grande","Sweetener","542389542","657901","198","true","https://www.deezer.com/us/track/542389542","https://cdnt-preview.dzcdn.net/api/1/1/1/1/f/0/11fd1a1dbcc5d4fe216cc820d8bb1ece.mp3?hdnea=exp=1781737748~acl=/api/1/1/1/1/f/0/11fd1a1dbcc5d4fe216cc820d8bb1ece.mp3*~data=user_id=0,application_id=42~hmac=4154bcbe545f80dbb9bbef92f8eda4f450e86fce106c792df5d55ed67b706641","On 1 list: 10s Hits"
"(thematic candidate)","","","","Deuces (feat. Tyga & Kevin McCall)","Chris Brown","F.A.M.E. (Expanded Edition)","652442502","656163","276","true","https://www.deezer.com/us/track/652442502","https://cdnt-preview.dzcdn.net/api/1/1/d/1/8/0/d18d7f107d2de65026589f31b750ef1a.mp3?hdnea=exp=1781737748~acl=/api/1/1/d/1/8/0/d18d7f107d2de65026589f31b750ef1a.mp3*~data=user_id=0,application_id=42~hmac=3368d5b78d206bdb88cade00f3bb6a8b30b147ba6e796492bf4e2115a46002d3","On 1 list: 10s Hits"
"(thematic candidate)","","","","Hot N*gga","Bobby Shmurda","Hot N*gga","81924820","655682","195","true","https://www.deezer.com/us/track/81924820","https://cdnt-preview.dzcdn.net/api/1/1/2/2/d/0/22d8ad773b8da11ab5ed1b572ac2f75c.mp3?hdnea=exp=1781737748~acl=/api/1/1/2/2/d/0/22d8ad773b8da11ab5ed1b572ac2f75c.mp3*~data=user_id=0,application_id=42~hmac=55fc2285a971bdd4c2e1dfcc61c1acbda4a3e6de18de447ef422f76c49b36556","On 1 list: 10s Hits"
"(thematic candidate)","","","","Cups (Pitch Perfect’s “When I’m Gone”) (Pop Version)","Anna Kendrick","Cups (Pitch Perfect’s “When I’m Gone”)","65759926","654331","127","false","https://www.deezer.com/us/track/65759926","https://cdnt-preview.dzcdn.net/api/1/1/d/4/a/0/d4a8fa9b05eb24ac393bd05872365f8a.mp3?hdnea=exp=1781737748~acl=/api/1/1/d/4/a/0/d4a8fa9b05eb24ac393bd05872365f8a.mp3*~data=user_id=0,application_id=42~hmac=3d4c33ab68ef694fb8a9c858ebbe74d2c60439fc19b8eff633baf51c9a88cbac","On 1 list: 10s Hits"
"(thematic candidate)","","","","Jealous","Nick Jonas","Nick Jonas","89128471","654088","222","false","https://www.deezer.com/us/track/89128471","https://cdnt-preview.dzcdn.net/api/1/1/7/c/9/0/7c9e893c5fe72425dfd5b75b0e3f5f74.mp3?hdnea=exp=1781737748~acl=/api/1/1/7/c/9/0/7c9e893c5fe72425dfd5b75b0e3f5f74.mp3*~data=user_id=0,application_id=42~hmac=1de3cdd163adae97424d57dfe0369b66421462f49462cbb623c0a2ae342ae150","On 1 list: 10s Hits"
"(thematic candidate)","","","","As Long As You Love Me","Justin Bieber","Believe (Deluxe Edition)","37027921","652931","229","false","https://www.deezer.com/us/track/37027921","https://cdnt-preview.dzcdn.net/api/1/1/0/4/6/0/0466b347cb8a09d2d52ac7d094643729.mp3?hdnea=exp=1781737748~acl=/api/1/1/0/4/6/0/0466b347cb8a09d2d52ac7d094643729.mp3*~data=user_id=0,application_id=42~hmac=c43f3d95b6182589ac282101290d6df883deae33c6f6955da4169a026ec5b2f7","On 1 list: 10s Hits"
"(thematic candidate)","","","","Truth Hurts","Lizzo","Cuz I Love You (Deluxe)","674416352","650845","173","true","https://www.deezer.com/us/track/674416352","https://cdnt-preview.dzcdn.net/api/1/1/3/d/1/0/3d1ef62384b03dbca441b342f33f8e82.mp3?hdnea=exp=1781737747~acl=/api/1/1/3/d/1/0/3d1ef62384b03dbca441b342f33f8e82.mp3*~data=user_id=0,application_id=42~hmac=ce916a76fd6781379238509141dc188dc8c66e4957b520d90fb13285b99d66b0","On 1 list: 10s Hits"
"(thematic candidate)","","","","Find Me","Kings Of Leon","WALLS","134024954","648901","245","false","https://www.deezer.com/us/track/134024954","https://cdnt-preview.dzcdn.net/api/1/1/7/b/6/0/7b68c5917ab510ba22ecdacba72baf32.mp3?hdnea=exp=1781737752~acl=/api/1/1/7/b/6/0/7b68c5917ab510ba22ecdacba72baf32.mp3*~data=user_id=0,application_id=42~hmac=eeb8bece829eb02fc6a2c1f58cce61b2a121d07c3235775c63c8981222740fc3","On 1 list: 2010s Rock"
"(thematic candidate)","","","","I Like It","Enrique Iglesias","Euphoria","10202477","646362","232","false","https://www.deezer.com/us/track/10202477","https://cdnt-preview.dzcdn.net/api/1/1/5/1/5/0/515c1b8bdfdff321b06fc9f7b91d71db.mp3?hdnea=exp=1781737747~acl=/api/1/1/5/1/5/0/515c1b8bdfdff321b06fc9f7b91d71db.mp3*~data=user_id=0,application_id=42~hmac=32330adbbfdb48647265706362eebaafb30221b7228f7dad823dd377a8698859","On 1 list: 10s Hits"
"(thematic candidate)","","","","Jumpman","Drake","What A Time To Be Alive","107878888","645531","205","true","https://www.deezer.com/us/track/107878888","https://cdnt-preview.dzcdn.net/api/1/1/d/9/6/0/d9611cd42e5e3fb17f62eaa9aacda32b.mp3?hdnea=exp=1781737748~acl=/api/1/1/d/9/6/0/d9611cd42e5e3fb17f62eaa9aacda32b.mp3*~data=user_id=0,application_id=42~hmac=db3887e27e0252eb7eda8b0ab64145b66382dea831e56351337f78d902650e6b","On 1 list: 10s Hits"
"(thematic candidate)","","","","Pretty Girl (Cheat Codes X CADE Remix)","Maggie Lindemann","Pretty Girl (Cheat Codes X CADE Remix)","143172578","645201","193","true","https://www.deezer.com/us/track/143172578","https://cdnt-preview.dzcdn.net/api/1/1/b/5/4/0/b54adbadbd8df6f58f1e24e2f59542a1.mp3?hdnea=exp=1781737749~acl=/api/1/1/b/5/4/0/b54adbadbd8df6f58f1e24e2f59542a1.mp3*~data=user_id=0,application_id=42~hmac=8d3ca43f83d4906504893d1fdd541886cbd1b952c7d666445334bd26f3c9de1d","On 1 list: 10s Hits"
"(thematic candidate)","","","","Wicked Games (feat. Anna Naklab) (Radio Edit)","Parra For Cuva","Wicked Games (feat. Anna Naklab) (Radio Edit)","452733402","643216","195","false","https://www.deezer.com/us/track/452733402","https://cdnt-preview.dzcdn.net/api/1/1/f/7/4/0/f74a557add1de331ef2bb3e5053e0621.mp3?hdnea=exp=1781737749~acl=/api/1/1/f/7/4/0/f74a557add1de331ef2bb3e5053e0621.mp3*~data=user_id=0,application_id=42~hmac=ccc97f8f5414ea82a53ff82347fa96b0d3f09f88d5a19177c14070ae089fd32a","On 1 list: 10s Hits"
"(thematic candidate)","","","","Wasted","Tiësto","Wasted","77633484","642576","190","false","https://www.deezer.com/us/track/77633484","https://cdnt-preview.dzcdn.net/api/1/1/b/f/9/0/bf99f3f74a9f299e8f3cc3ed76fc60c8.mp3?hdnea=exp=1781737749~acl=/api/1/1/b/f/9/0/bf99f3f74a9f299e8f3cc3ed76fc60c8.mp3*~data=user_id=0,application_id=42~hmac=4fde7fc335969be9d9eddae1823f33445a7d0bd4db849df64d442a59f85bef8a","On 1 list: 10s Hits"
"(thematic candidate)","","","","She Looks So Perfect","5 Seconds of Summer","5 Seconds Of Summer (Deluxe)","80077244","641818","202","false","https://www.deezer.com/us/track/80077244","https://cdnt-preview.dzcdn.net/api/1/1/4/7/5/0/475a12f23fd8b4e51e095672b72d1fa2.mp3?hdnea=exp=1781737750~acl=/api/1/1/4/7/5/0/475a12f23fd8b4e51e095672b72d1fa2.mp3*~data=user_id=0,application_id=42~hmac=790e114cd67dc2d32d93b867865f7cda708a5910bbf11d7e506530ed8c602ee6","On 1 list: 10s Hits"
"(thematic candidate)","","","","Strip That Down","Liam Payne","Strip That Down","363834871","641107","204","false","https://www.deezer.com/us/track/363834871","https://cdnt-preview.dzcdn.net/api/1/1/4/f/d/0/4fd49a16a73ebe99d8d0168722b16d71.mp3?hdnea=exp=1781737748~acl=/api/1/1/4/f/d/0/4fd49a16a73ebe99d8d0168722b16d71.mp3*~data=user_id=0,application_id=42~hmac=aabb6fd4bdfb18472d83abce541662cf0dc1924fd47775b1fcaf094436388226","On 1 list: 10s Hits"
"(thematic candidate)","","","","Fairly Local","Twenty One Pilots","Blurryface","99976956","639508","207","false","https://www.deezer.com/us/track/99976956","https://cdnt-preview.dzcdn.net/api/1/1/7/0/e/0/70e3831fd96389b8364dbaa8a60ab3f0.mp3?hdnea=exp=1781737752~acl=/api/1/1/7/0/e/0/70e3831fd96389b8364dbaa8a60ab3f0.mp3*~data=user_id=0,application_id=42~hmac=aadcb3851831cc5ba9fa80013a20699a964081e6fb943451ea08bf952f1c7b42","On 1 list: 2010s Rock"
"(thematic candidate)","","","","E.T.","Katy Perry","Teenage Dream: The Complete Confection","17135124","637080","229","false","https://www.deezer.com/us/track/17135124","https://cdnt-preview.dzcdn.net/api/1/1/8/c/5/0/8c57064f782350a948c941352fcefc0d.mp3?hdnea=exp=1781737747~acl=/api/1/1/8/c/5/0/8c57064f782350a948c941352fcefc0d.mp3*~data=user_id=0,application_id=42~hmac=e88ce02c16a429e254bb8ea54f4a0fee67cd7f7b4c1b35f412584b3c76aafc22","On 1 list: 10s Hits"
"(thematic candidate)","","","","The Adventures Of Rain Dance Maggie","Red Hot Chili Peppers","I'm With You","14575268","634794","282","false","https://www.deezer.com/us/track/14575268","https://cdnt-preview.dzcdn.net/api/1/1/8/2/7/0/8275a766564c115487208bd91f4c8163.mp3?hdnea=exp=1781737752~acl=/api/1/1/8/2/7/0/8275a766564c115487208bd91f4c8163.mp3*~data=user_id=0,application_id=42~hmac=4523384f92bb33ddaca000c9dca1ff8a8c3a5fc8f593ef59836e01e2c29d60c9","On 1 list: 2010s Rock"
"(thematic candidate)","","","","Yes Indeed","Lil Baby","Harder Than Ever","500099532","634314","142","true","https://www.deezer.com/us/track/500099532","https://cdnt-preview.dzcdn.net/api/1/1/c/6/9/0/c692591b606bd7fbfcc7e265c9db49e8.mp3?hdnea=exp=1781737748~acl=/api/1/1/c/6/9/0/c692591b606bd7fbfcc7e265c9db49e8.mp3*~data=user_id=0,application_id=42~hmac=ed20bc37e0d0ebaefbc4112c51971355e6e3ea0c385abf35fb487ddfcea96d6d","On 1 list: 10s Hits"
"(thematic candidate)","","","","So Far Away","Avenged Sevenfold","Nightmare","6715844","633182","326","false","https://www.deezer.com/us/track/6715844","https://cdnt-preview.dzcdn.net/api/1/1/b/5/2/0/b52ea395ceb35530b34bb8c286e72b0b.mp3?hdnea=exp=1781737754~acl=/api/1/1/b/5/2/0/b52ea395ceb35530b34bb8c286e72b0b.mp3*~data=user_id=0,application_id=42~hmac=612a313e802b010a38f1351226c7c8885b3a65ee55747426ff946ef7729d09d7","On 1 list: Modern Rock Essentials"
"(thematic candidate)","","","","Bad Blood","Taylor Swift","Bad Blood","372049961","633108","199","false","https://www.deezer.com/us/track/372049961","https://cdnt-preview.dzcdn.net/api/1/1/7/2/6/0/7265f6261d516b1c14bece8398bd2ffb.mp3?hdnea=exp=1781737748~acl=/api/1/1/7/2/6/0/7265f6261d516b1c14bece8398bd2ffb.mp3*~data=user_id=0,application_id=42~hmac=a1bf99d8aa57e39c54ee1d4b6f0a6e33f0f50d2579055bcb7db9c64e71d9f19f","On 1 list: 10s Hits"
"(thematic candidate)","","","","All The Right Moves","OneRepublic","Waking Up","4638779","632232","241","false","https://www.deezer.com/us/track/4638779","https://cdnt-preview.dzcdn.net/api/1/1/d/8/a/0/d8a838e04cc3f2d388f627b14ecc51f1.mp3?hdnea=exp=1781737748~acl=/api/1/1/d/8/a/0/d8a838e04cc3f2d388f627b14ecc51f1.mp3*~data=user_id=0,application_id=42~hmac=4f11f301d811a127caebc98106e9af4faf740fc8189126d5251b71def77258ed","On 1 list: 10s Hits"
"(thematic candidate)","","","","Bodak Yellow","Cardi B","Bodak Yellow","373063001","629263","223","true","https://www.deezer.com/us/track/373063001","https://cdnt-preview.dzcdn.net/api/1/1/8/7/9/0/87987d748bdb469c0bc3c342c37bff4e.mp3?hdnea=exp=1781737747~acl=/api/1/1/8/7/9/0/87987d748bdb469c0bc3c342c37bff4e.mp3*~data=user_id=0,application_id=42~hmac=ef4e7e38e96410d6ae3822e245a8784d057da662da4e8e18e089bcdf56c7e990","On 1 list: 10s Hits"
"(thematic candidate)","","","","Wagon Wheel","Darius Rucker","True Believers","67351232","629180","298","false","https://www.deezer.com/us/track/67351232","https://cdnt-preview.dzcdn.net/api/1/1/2/e/c/0/2ec8d3ae990c8f77d69809e40457d5af.mp3?hdnea=exp=1781737748~acl=/api/1/1/2/e/c/0/2ec8d3ae990c8f77d69809e40457d5af.mp3*~data=user_id=0,application_id=42~hmac=2887c8ea29d8bba71092d7da1efbdcfb8adcb97823ad00bebf4e33b3f8e72cd6","On 1 list: 10s Hits"
"(thematic candidate)","","","","MIDDLE CHILD","J. Cole","MIDDLE CHILD","622457832","629172","213","true","https://www.deezer.com/us/track/622457832","https://cdnt-preview.dzcdn.net/api/1/1/4/c/5/0/4c56026860c0a440d0bdae24b691e06f.mp3?hdnea=exp=1781737748~acl=/api/1/1/4/c/5/0/4c56026860c0a440d0bdae24b691e06f.mp3*~data=user_id=0,application_id=42~hmac=b4919087b26c198e185f0dd0bb8afdf933ea4bb19225dedacb31a383d195d25b","On 1 list: 10s Hits"
"(thematic candidate)","","","","Post Malone (feat. RANI)","Sam Feldt","Magnets EP","682799032","628068","174","false","https://www.deezer.com/us/track/682799032","https://cdnt-preview.dzcdn.net/api/1/1/e/9/4/0/e94bae7ee80e8b401b3037bb6c4cb0e4.mp3?hdnea=exp=1781737749~acl=/api/1/1/e/9/4/0/e94bae7ee80e8b401b3037bb6c4cb0e4.mp3*~data=user_id=0,application_id=42~hmac=4ad813f91311b3e9c2455ac2b16eb657243a1d0b33985ede88f7daf8bbf6aac9","On 1 list: 10s Hits"
"(thematic candidate)","","","","I'm On One (Explicit Version)","DJ Khaled","We The Best Forever","12687711","626067","296","true","https://www.deezer.com/us/track/12687711","https://cdnt-preview.dzcdn.net/api/1/1/e/9/4/0/e946da264e2deb32f73b2e8e6e45d1f2.mp3?hdnea=exp=1781737748~acl=/api/1/1/e/9/4/0/e946da264e2deb32f73b2e8e6e45d1f2.mp3*~data=user_id=0,application_id=42~hmac=8a6f618ab2102b26171312da445fdae9971b297bd91030b480fe12edda891cf5","On 1 list: 10s Hits"
"(thematic candidate)","","","","Mercy","Kanye West","Mercy","17919329","625849","329","true","https://www.deezer.com/us/track/17919329","https://cdnt-preview.dzcdn.net/api/1/1/d/7/0/0/d70552a8bf50900e2752cfe792ea239d.mp3?hdnea=exp=1781737748~acl=/api/1/1/d/7/0/0/d70552a8bf50900e2752cfe792ea239d.mp3*~data=user_id=0,application_id=42~hmac=cbc35f0819acf5a39591aabe767ea63c0a73dcdc011838d8b2bb34fe03f04799","On 1 list: 10s Hits"
"(thematic candidate)","","","","Lighters","Bad Meets Evil","Hell: The Sequel (Deluxe)","12255576","625677","303","true","https://www.deezer.com/us/track/12255576","https://cdnt-preview.dzcdn.net/api/1/1/4/4/5/0/4453bc8c2fc9d743b9eeea017172ce4d.mp3?hdnea=exp=1781737748~acl=/api/1/1/4/4/5/0/4453bc8c2fc9d743b9eeea017172ce4d.mp3*~data=user_id=0,application_id=42~hmac=720e024520bd7ff5fa665855c517a0ef18758fc69fdecd77990fcad77ccaf1af","On 1 list: 10s Hits"
"(thematic candidate)","","","","Na Na Na (Na Na Na Na Na Na Na Na Na)","My Chemical Romance","Danger Days: The True Lives of the Fabulous Killjoys","7718385","625274","205","true","https://www.deezer.com/us/track/7718385","https://cdnt-preview.dzcdn.net/api/1/1/0/4/6/0/0464163df8d7d77ca95d4ffbd145f936.mp3?hdnea=exp=1781737752~acl=/api/1/1/0/4/6/0/0464163df8d7d77ca95d4ffbd145f936.mp3*~data=user_id=0,application_id=42~hmac=045c891783e347ec613c5077ac13368a02cabe981a7052fff7fe8cef5f21d3d2","On 1 list: 2010s Rock"
"(thematic candidate)","","","","Dance Macabre","Ghost","Prequelle","505508992","624722","220","false","https://www.deezer.com/us/track/505508992","https://cdnt-preview.dzcdn.net/api/1/1/5/7/f/0/57f74ce3a3a6f1e40711ce573eaed907.mp3?hdnea=exp=1781737754~acl=/api/1/1/5/7/f/0/57f74ce3a3a6f1e40711ce573eaed907.mp3*~data=user_id=0,application_id=42~hmac=2e288e49c32777b826dffce36d1dd028ecd19c91c71a178dbee81fdba6ae86e3","On 1 list: Modern Rock Essentials"
"(thematic candidate)","","","","Tissues","YUNGBLUD","YUNGBLUD","1883566627","624459","215","false","https://www.deezer.com/us/track/1883566627","https://cdnt-preview.dzcdn.net/api/1/1/9/2/f/0/92f6b4b6c6f091d7f6e0cc4357ebb1ca.mp3?hdnea=exp=1781737754~acl=/api/1/1/9/2/f/0/92f6b4b6c6f091d7f6e0cc4357ebb1ca.mp3*~data=user_id=0,application_id=42~hmac=aea6f01b01285956032513eca7d047e4a6a8fa94ba581326cb3051e346332fcf","On 1 list: Modern Rock Essentials"
"(thematic candidate)","","","","Controlla","Drake","Views","124603268","623798","245","true","https://www.deezer.com/us/track/124603268","https://cdnt-preview.dzcdn.net/api/1/1/9/4/a/0/94a94baa6b342700c5d7a18b978bc351.mp3?hdnea=exp=1781737748~acl=/api/1/1/9/4/a/0/94a94baa6b342700c5d7a18b978bc351.mp3*~data=user_id=0,application_id=42~hmac=dfe40db47deef458890fef918ef79b5e8c2e2bbedc4cd0c68f3fd9c23903cba3","On 1 list: 10s Hits"
"(thematic candidate)","","","","I Sat by the Ocean","Queens Of The Stone Age","...Like Clockwork","67615719","623182","235","false","https://www.deezer.com/us/track/67615719","https://cdnt-preview.dzcdn.net/api/1/1/8/e/c/0/8ecb2b3edaed0d39c067f5e90cbab8ae.mp3?hdnea=exp=1781737752~acl=/api/1/1/8/e/c/0/8ecb2b3edaed0d39c067f5e90cbab8ae.mp3*~data=user_id=0,application_id=42~hmac=cf1aaafef9ae3a58dd206d32292660f7e03da82ade6743e17fc9107fd50cb4bc","On 1 list: 2010s Rock"
"(thematic candidate)","","","","Love Lies","Khalid","Love Lies","460570702","623129","201","true","https://www.deezer.com/us/track/460570702","https://cdnt-preview.dzcdn.net/api/1/1/3/9/8/0/398e7171e057ef4f43c875590ecc4f13.mp3?hdnea=exp=1781737747~acl=/api/1/1/3/9/8/0/398e7171e057ef4f43c875590ecc4f13.mp3*~data=user_id=0,application_id=42~hmac=86d0e510e5e170267ffbd1afc7b49dc4d25e269e5c09060478499ca8cf4baaad","On 1 list: 10s Hits"
"(thematic candidate)","","","","Euphoria","Loreen","Heal (2013 Edition)","67466760","621882","212","false","https://www.deezer.com/us/track/67466760","https://cdnt-preview.dzcdn.net/api/1/1/4/d/1/0/4d1a99e0ba9771c46ef3986d5f6e4e45.mp3?hdnea=exp=1781737749~acl=/api/1/1/4/d/1/0/4d1a99e0ba9771c46ef3986d5f6e4e45.mp3*~data=user_id=0,application_id=42~hmac=1d67ef6721d83210ef8f850e3c3fa941666861d979f97ba267ef2727fdeee0ba","On 1 list: 10s Hits"
"(thematic candidate)","","","","Broccoli (feat. Lil Yachty)","Shelley FKA DRAM","Broccoli (feat. Lil Yachty)","131611536","621716","225","true","https://www.deezer.com/us/track/131611536","https://cdnt-preview.dzcdn.net/api/1/1/e/a/f/0/eaf865041da0c5e10ead04f7509cb7d7.mp3?hdnea=exp=1781737747~acl=/api/1/1/e/a/f/0/eaf865041da0c5e10ead04f7509cb7d7.mp3*~data=user_id=0,application_id=42~hmac=4b46c58ee425659097f211b0908a6261ef2315e2f1018321d6766b3ef2d2d061","On 1 list: 10s Hits"
"(thematic candidate)","","","","Satellite","Rise Against","Endgame","9919786","621479","239","false","https://www.deezer.com/us/track/9919786","https://cdnt-preview.dzcdn.net/api/1/1/2/2/7/0/227dd792a6c38854d6b365db6685b189.mp3?hdnea=exp=1781737752~acl=/api/1/1/2/2/7/0/227dd792a6c38854d6b365db6685b189.mp3*~data=user_id=0,application_id=42~hmac=e3b7344fc6907544ac06a179890bd695f042f289263a4af292266993eb990026","On 1 list: 2010s Rock"
"(thematic candidate)","","","","I Don't Fuck With You","Big Sean","Dark Sky Paradise","95057442","621454","284","true","https://www.deezer.com/us/track/95057442","https://cdnt-preview.dzcdn.net/api/1/1/2/5/d/0/25d64952ba55cb59a4596908ef23be6d.mp3?hdnea=exp=1781737748~acl=/api/1/1/2/5/d/0/25d64952ba55cb59a4596908ef23be6d.mp3*~data=user_id=0,application_id=42~hmac=f4f8b3a6e62f4245db9e9fadabab64f6c1db3bccfa09bc1bd52f80df42847d68","On 1 list: 10s Hits"
"(thematic candidate)","","","","Moment 4 Life","Nicki Minaj","Pink Friday","7653922","620952","279","true","https://www.deezer.com/us/track/7653922","https://cdnt-preview.dzcdn.net/api/1/1/f/5/6/0/f56b9438c2af7dcc9a454b3963b60090.mp3?hdnea=exp=1781737748~acl=/api/1/1/f/5/6/0/f56b9438c2af7dcc9a454b3963b60090.mp3*~data=user_id=0,application_id=42~hmac=5c0c2296aaaa7af032d0e98abb3b5a2766823ba4bd89f05cf7bf18dcb21aff27","On 1 list: 10s Hits"
"(thematic candidate)","","","","Sexual","NEIKED","Sexual","130853370","619393","188","false","https://www.deezer.com/us/track/130853370","https://cdnt-preview.dzcdn.net/api/1/1/6/3/d/0/63d416dc2a534cbedf12a4d804b6a3a6.mp3?hdnea=exp=1781737749~acl=/api/1/1/6/3/d/0/63d416dc2a534cbedf12a4d804b6a3a6.mp3*~data=user_id=0,application_id=42~hmac=fbef26f8edb1d4930684af048940a2fb06fc044b745df98bff2e3e8be50146bd","On 1 list: 10s Hits"
"(thematic candidate)","","","","Cut the Cord","Shinedown","Threat to Survival","107295834","617854","224","false","https://www.deezer.com/us/track/107295834","https://cdnt-preview.dzcdn.net/api/1/1/1/2/6/0/12628b213ded51e3f7ad6f1d7d28a967.mp3?hdnea=exp=1781737752~acl=/api/1/1/1/2/6/0/12628b213ded51e3f7ad6f1d7d28a967.mp3*~data=user_id=0,application_id=42~hmac=242c6f9af0506b40bd190d6cf1235e049c79cc51f86b1bfebd0b210ed47f720d","On 1 list: 2010s Rock"
"(thematic candidate)","","","","Like I'm Gonna Lose You (feat. John Legend)","Meghan Trainor","Title (Deluxe)","92739396","616517","225","false","https://www.deezer.com/us/track/92739396","https://cdnt-preview.dzcdn.net/api/1/1/e/1/0/0/e10d7a37d51246cb8bd12d6301b27c83.mp3?hdnea=exp=1781737748~acl=/api/1/1/e/1/0/0/e10d7a37d51246cb8bd12d6301b27c83.mp3*~data=user_id=0,application_id=42~hmac=2e545faf95f486dcf2bccd9bb06aa4a8345f109c6a71409b3ca81729b9d69f42","On 1 list: 10s Hits"
"(thematic candidate)","","","","Rude Boy","Rihanna","Rated R","4711056","615198","222","true","https://www.deezer.com/us/track/4711056","https://cdnt-preview.dzcdn.net/api/1/1/b/a/d/0/bad4d525042d9cd274fafd57a8aed111.mp3?hdnea=exp=1781737748~acl=/api/1/1/b/a/d/0/bad4d525042d9cd274fafd57a8aed111.mp3*~data=user_id=0,application_id=42~hmac=36ec4febc1f747e6eeaafdf3e50ce17ca65fa217141a34b9c7f275a79ae29be9","On 1 list: 10s Hits"
"(thematic candidate)","","","","Highway Tune","Greta Van Fleet","From The Fires","424587822","614495","181","false","https://www.deezer.com/us/track/424587822","https://cdnt-preview.dzcdn.net/api/1/1/e/b/e/0/ebe7b94c06d115566dd9ea23cdaa1306.mp3?hdnea=exp=1781737754~acl=/api/1/1/e/b/e/0/ebe7b94c06d115566dd9ea23cdaa1306.mp3*~data=user_id=0,application_id=42~hmac=64c32277683dc183d22d7db622ea4be20a6f562a292bc9e09ad3d32da27dde06","On 1 list: Modern Rock Essentials"
"(thematic candidate)","","","","Talk (feat. Disclosure)","Khalid","Talk (feat. Disclosure)","626612382","614395","197","false","https://www.deezer.com/us/track/626612382","https://cdnt-preview.dzcdn.net/api/1/1/e/2/0/0/e20fad42b45998ce49ca65d50bd6d3db.mp3?hdnea=exp=1781737747~acl=/api/1/1/e/2/0/0/e20fad42b45998ce49ca65d50bd6d3db.mp3*~data=user_id=0,application_id=42~hmac=d5d4f46e8cd5e4d64e9097522e7f4457b696f19908db3726d880fa82e96236ff","On 1 list: 10s Hits"
"(thematic candidate)","","","","Daylight","Maroon 5","Overexposed (Deluxe)","44231001","613643","225","false","https://www.deezer.com/us/track/44231001","https://cdnt-preview.dzcdn.net/api/1/1/8/1/3/0/81367fb8e28f9ac86706296f2b9c0571.mp3?hdnea=exp=1781737748~acl=/api/1/1/8/1/3/0/81367fb8e28f9ac86706296f2b9c0571.mp3*~data=user_id=0,application_id=42~hmac=b79c4baa82368d6258c97b9ead0fc6be597a9eb912875f7aa1d1ceb234ee7c26","On 1 list: 10s Hits"
"(thematic candidate)","","","","Adorn","Miguel","Kaleidoscope Dream: The Water Preview","51867991","608450","194","false","https://www.deezer.com/us/track/51867991","https://cdnt-preview.dzcdn.net/api/1/1/9/5/5/0/955b509bed164a84648e6a904d10b26f.mp3?hdnea=exp=1781737748~acl=/api/1/1/9/5/5/0/955b509bed164a84648e6a904d10b26f.mp3*~data=user_id=0,application_id=42~hmac=bfc6bff2f81fc94ef11fac8f7649e70b49a6b2fd42a7436d5253f1fb1339e1cf","On 1 list: 10s Hits"
"(thematic candidate)","","","","Gucci Gang","Lil Pump","Gucci Gang","399023232","607414","124","true","https://www.deezer.com/us/track/399023232","https://cdnt-preview.dzcdn.net/api/1/1/1/b/a/0/1ba51b8233fb7992a3fcf863d200082d.mp3?hdnea=exp=1781737748~acl=/api/1/1/1/b/a/0/1ba51b8233fb7992a3fcf863d200082d.mp3*~data=user_id=0,application_id=42~hmac=9f61ae87c9120a98d40a1bdcfbdd48a6393b832fc4c5cb888717b5a2b4d83a74","On 1 list: 10s Hits"
"(thematic candidate)","","","","Exchange","Bryson Tiller","T R A P S O U L","107744162","605367","194","true","https://www.deezer.com/us/track/107744162","https://cdnt-preview.dzcdn.net/api/1/1/a/4/c/0/a4c74ac4233e3d4195cbd10e3851ce8d.mp3?hdnea=exp=1781737748~acl=/api/1/1/a/4/c/0/a4c74ac4233e3d4195cbd10e3851ce8d.mp3*~data=user_id=0,application_id=42~hmac=08cd406e0cb1449ef1d2440ae1b6424a6e8301ed69766e60c70141260082dfbb","On 1 list: 10s Hits"
"(thematic candidate)","","","","Before You Go","Lewis Capaldi","Divinely Uninspired To A Hellish Extent (Extended Edition)","810557802","604632","215","false","https://www.deezer.com/us/track/810557802","https://cdnt-preview.dzcdn.net/api/1/1/d/a/4/0/da4564a79ddd1d91a002fec8f7be6263.mp3?hdnea=exp=1781737752~acl=/api/1/1/d/a/4/0/da4564a79ddd1d91a002fec8f7be6263.mp3*~data=user_id=0,application_id=42~hmac=54272f01ef01c3d7f0f1eba15096fc50172f5aa2fc0effdc16ba9e424514fef1","On 1 list: 10s Pop"
"(thematic candidate)","","","","Cooler Than Me (Single Mix)","Mike Posner","31 Minutes to Takeoff","6720668","604429","215","false","https://www.deezer.com/us/track/6720668","https://cdnt-preview.dzcdn.net/api/1/1/9/a/b/0/9ab216e0c42cfdfc94eea6e8088d1c1d.mp3?hdnea=exp=1781737748~acl=/api/1/1/9/a/b/0/9ab216e0c42cfdfc94eea6e8088d1c1d.mp3*~data=user_id=0,application_id=42~hmac=2a85125bf204083a2a5dfeaa31e538623c0a95c57b18b6010020dacba8bf7bce","On 1 list: 10s Hits"
"(thematic candidate)","","","","Need You Now","Lady A","Need You Now","5152324","603791","278","false","https://www.deezer.com/us/track/5152324","https://cdnt-preview.dzcdn.net/api/1/1/7/d/1/0/7d1bdfd58710fe184ea0b4463ec783b8.mp3?hdnea=exp=1781737747~acl=/api/1/1/7/d/1/0/7d1bdfd58710fe184ea0b4463ec783b8.mp3*~data=user_id=0,application_id=42~hmac=4ac63b54d43f7b5d9375c27b64b4c00d905f18fb7ce89239533b5bf2c8c1befe","On 1 list: 10s Hits"
"(thematic candidate)","","","","Million Voices (Radio Edit)","Otto Knows","House Party Jams","651772792","603622","193","false","https://www.deezer.com/us/track/651772792","https://cdnt-preview.dzcdn.net/api/1/1/d/9/5/0/d95bfec6ea46f3fce445a6476303684c.mp3?hdnea=exp=1781737749~acl=/api/1/1/d/9/5/0/d95bfec6ea46f3fce445a6476303684c.mp3*~data=user_id=0,application_id=42~hmac=92a61008dd0a0771af3787d8628e7450423fcfe1a3fe27581b1fd3322dd1f11d","On 1 list: 10s Hits"
"(thematic candidate)","","","","Slow Hands","Niall Horan","Flicker (Deluxe)","417673222","601367","188","false","https://www.deezer.com/us/track/417673222","https://cdnt-preview.dzcdn.net/api/1/1/6/d/e/0/6de2b2ac0ecaaacc509e9e66915b8ca1.mp3?hdnea=exp=1781737748~acl=/api/1/1/6/d/e/0/6de2b2ac0ecaaacc509e9e66915b8ca1.mp3*~data=user_id=0,application_id=42~hmac=8aac6bf17ad39fc724dcdd8785810ef66569cda59ebc259934df940260cea0d2","On 1 list: 10s Hits"
"(thematic candidate)","","","","Rattle","Bingo Players","Rattle","466013612","600738","287","false","https://www.deezer.com/us/track/466013612","https://cdnt-preview.dzcdn.net/api/1/1/f/0/f/0/f0f590838467a74eaa24b9198b8d7c65.mp3?hdnea=exp=1781737749~acl=/api/1/1/f/0/f/0/f0f590838467a74eaa24b9198b8d7c65.mp3*~data=user_id=0,application_id=42~hmac=cbbe41ccdf3c55cbf42041dbc400a8532d410ed13a72d38226e1d519ae987c0e","On 1 list: 10s Hits"
"(thematic candidate)","","","","International Love (feat. Chris Brown)","Pitbull","Planet Pit (Deluxe Version)","12270398","599501","229","false","https://www.deezer.com/us/track/12270398","https://cdnt-preview.dzcdn.net/api/1/1/1/0/e/0/10ec8629dff52cb9a055c6c0d4d46c5d.mp3?hdnea=exp=1781737748~acl=/api/1/1/1/0/e/0/10ec8629dff52cb9a055c6c0d4d46c5d.mp3*~data=user_id=0,application_id=42~hmac=8b8c89520e376735ae8d7dc7ed749276c8232601c575bd0db8106d9d53d594cd","On 1 list: 10s Hits"
"(thematic candidate)","","","","Drop That Low (When I Dip)","Tujamo","Drop That Low (When I Dip)","452689552","594486","160","false","https://www.deezer.com/us/track/452689552","https://cdnt-preview.dzcdn.net/api/1/1/8/3/1/0/831a65679e59f257d71b3bbc173a7846.mp3?hdnea=exp=1781737749~acl=/api/1/1/8/3/1/0/831a65679e59f257d71b3bbc173a7846.mp3*~data=user_id=0,application_id=42~hmac=ca010c73ea26699df78d25f66828e9312b8a61eed6f1b51c091cec87ed7727f2","On 1 list: 10s Hits"
"(thematic candidate)","","","","I'm In Control","AlunaGeorge","I Remember","132195158","594406","209","false","https://www.deezer.com/us/track/132195158","https://cdnt-preview.dzcdn.net/api/1/1/8/2/e/0/82e50f2680494c456e5a528d40f6c3f8.mp3?hdnea=exp=1781737753~acl=/api/1/1/8/2/e/0/82e50f2680494c456e5a528d40f6c3f8.mp3*~data=user_id=0,application_id=42~hmac=06be778151c190e20182614db83ae70978c2c653b9424ca1035dde52dad2f63b","On 1 list: 10s Summer Hits"
"(thematic candidate)","","","","Came Here for Love","Sigala","Came Here for Love","366740131","591137","203","false","https://www.deezer.com/us/track/366740131","https://cdnt-preview.dzcdn.net/api/1/1/e/c/2/0/ec2dd6e05d39ffff9a4da8460b30578c.mp3?hdnea=exp=1781737749~acl=/api/1/1/e/c/2/0/ec2dd6e05d39ffff9a4da8460b30578c.mp3*~data=user_id=0,application_id=42~hmac=508b007b55019b3eed58f66695e2bcd4ed4f844f137eb50eb89028c6662c4c12","On 1 list: 10s Hits"
"(thematic candidate)","","","","iSpy (feat. Lil Yachty)","Kyle","iSpy (feat. Lil Yachty)","141921707","590464","253","true","https://www.deezer.com/us/track/141921707","https://cdnt-preview.dzcdn.net/api/1/1/3/e/0/0/3e02bfe4af4379a18fc9d4fee636dc77.mp3?hdnea=exp=1781737748~acl=/api/1/1/3/e/0/0/3e02bfe4af4379a18fc9d4fee636dc77.mp3*~data=user_id=0,application_id=42~hmac=304ff830475a73ef478ef67960eadae5f854189dd8bb7975352c1b42b151a792","On 1 list: 10s Hits"
"(thematic candidate)","","","","oui","Jeremih","Late Nights: The Album","114477736","590282","238","false","https://www.deezer.com/us/track/114477736","https://cdnt-preview.dzcdn.net/api/1/1/5/0/a/0/50a17b4d0413ce5d5af5b9e585512d65.mp3?hdnea=exp=1781737749~acl=/api/1/1/5/0/a/0/50a17b4d0413ce5d5af5b9e585512d65.mp3*~data=user_id=0,application_id=42~hmac=432d210fa6602ec3849143f4708cbdf3bbf37bb449b4a749a38a2d7cae936fea","On 1 list: 10s Hits"
"(thematic candidate)","","","","Trip","Ella Mai","Ella Mai","564946592","590231","217","false","https://www.deezer.com/us/track/564946592","https://cdnt-preview.dzcdn.net/api/1/1/c/a/8/0/ca8db72e6759f372d5d3fd2edf6dbf44.mp3?hdnea=exp=1781737748~acl=/api/1/1/c/a/8/0/ca8db72e6759f372d5d3fd2edf6dbf44.mp3*~data=user_id=0,application_id=42~hmac=ca019468fe672746a3c27160c40e5a7f2fbf6fee6cc66f22aadfb6b5c9400292","On 1 list: 10s Hits"
"(thematic candidate)","","","","Seven Nation Army","The White Stripes","Elephant (Deluxe)","2210446237","590157","231","false","https://www.deezer.com/us/track/2210446237","https://cdnt-preview.dzcdn.net/api/1/1/d/a/4/0/da4a91930856b5ccf3307792cbb31fc2.mp3?hdnea=exp=1781737754~acl=/api/1/1/d/a/4/0/da4a91930856b5ccf3307792cbb31fc2.mp3*~data=user_id=0,application_id=42~hmac=bbefa83fd1ad49d2f704bad7ca12246cbbc0743dbb9684d02d6feef6477dffd5","On 1 list: Modern Rock Essentials"
"(thematic candidate)","","","","Gold","Kiiara","Gold","110230842","589878","225","false","https://www.deezer.com/us/track/110230842","https://cdnt-preview.dzcdn.net/api/1/1/c/0/4/0/c046edc1f70153dc196d34a9f3ca2889.mp3?hdnea=exp=1781737749~acl=/api/1/1/c/0/4/0/c046edc1f70153dc196d34a9f3ca2889.mp3*~data=user_id=0,application_id=42~hmac=906fb441dccc5df94eb89bd57bc9963616b3b5495ad50aa15f7c42b5af248cf1","On 1 list: 10s Hits"
"(thematic candidate)","","","","Brave","Sara Bareilles","The Blessed Unrest","68772205","588186","219","false","https://www.deezer.com/us/track/68772205","https://cdnt-preview.dzcdn.net/api/1/1/5/6/7/0/567269876bab2b449eb3509be6e92563.mp3?hdnea=exp=1781737748~acl=/api/1/1/5/6/7/0/567269876bab2b449eb3509be6e92563.mp3*~data=user_id=0,application_id=42~hmac=c5eb532d1263ac1b37f0765cb5592a897117fd2fa0eff82d8b32d02f9ea9a97e","On 1 list: 10s Hits"
"(thematic candidate)","","","","Fake Love","Drake","More Life","144572244","587871","211","true","https://www.deezer.com/us/track/144572244","https://cdnt-preview.dzcdn.net/api/1/1/f/5/f/0/f5ffba88d25a0e8e1d6b2098ca0adb69.mp3?hdnea=exp=1781737748~acl=/api/1/1/f/5/f/0/f5ffba88d25a0e8e1d6b2098ca0adb69.mp3*~data=user_id=0,application_id=42~hmac=0bea241b8b64d76feea1c9d38711aa586e7bce9b5274febe05f36fc82458a5c3","On 1 list: 10s Hits"
"(thematic candidate)","","","","Clique","Kanye West","Kanye West Presents Good Music Cruel Summer","60742275","587607","294","true","https://www.deezer.com/us/track/60742275","https://cdnt-preview.dzcdn.net/api/1/1/8/7/7/0/87744d3a69a531a0e09898bb3a7e7ce6.mp3?hdnea=exp=1781737748~acl=/api/1/1/8/7/7/0/87744d3a69a531a0e09898bb3a7e7ce6.mp3*~data=user_id=0,application_id=42~hmac=3e86aa9ce5c59a85d12919d96479a3f0db1ca4de40fdc99ae21616ef2a91889c","On 1 list: 10s Hits"
"(thematic candidate)","","","","If I Can't Have You","Shawn Mendes","If I Can't Have You","672264442","586249","190","false","https://www.deezer.com/us/track/672264442","https://cdnt-preview.dzcdn.net/api/1/1/a/8/2/0/a82d3a8cc8765b18e26c3197599a285b.mp3?hdnea=exp=1781737748~acl=/api/1/1/a/8/2/0/a82d3a8cc8765b18e26c3197599a285b.mp3*~data=user_id=0,application_id=42~hmac=3b62e63e6b8001d03b65b387f2691ab65b645b0fd602a7d3b4d845fba579fe94","On 1 list: 10s Hits"
"(thematic candidate)","","","","No Promises (feat. Demi Lovato)","Cheat Codes","No Promises (feat. Demi Lovato)","145432614","586166","223","false","https://www.deezer.com/us/track/145432614","https://cdnt-preview.dzcdn.net/api/1/1/6/9/d/0/69d92bb16ab994d00878969a06e79a63.mp3?hdnea=exp=1781737751~acl=/api/1/1/6/9/d/0/69d92bb16ab994d00878969a06e79a63.mp3*~data=user_id=0,application_id=42~hmac=100e2a3549d8b976fee7f450ac9607b8bdb4c56729e34f20d73629fe81d72719","On 1 list: 10s Party Hits"
"(thematic candidate)","","","","Money","Cardi B","Money","572115822","586091","183","true","https://www.deezer.com/us/track/572115822","https://cdnt-preview.dzcdn.net/api/1/1/2/a/c/0/2ac74f4bb18d17e82086c377732743ab.mp3?hdnea=exp=1781737748~acl=/api/1/1/2/a/c/0/2ac74f4bb18d17e82086c377732743ab.mp3*~data=user_id=0,application_id=42~hmac=42159c6865569e8538901e687a6d8aaf7c6d6d15e29740a6dd27c8fd7597b205","On 1 list: 10s Hits"
"(thematic candidate)","","","","Worth It (feat. Kid Ink)","Fifth Harmony","Reflection (Deluxe)","94195484","585353","224","false","https://www.deezer.com/us/track/94195484","https://cdnt-preview.dzcdn.net/api/1/1/b/e/2/0/be2c7a8ebffcd6fe29d8522fd31b8542.mp3?hdnea=exp=1781737748~acl=/api/1/1/b/e/2/0/be2c7a8ebffcd6fe29d8522fd31b8542.mp3*~data=user_id=0,application_id=42~hmac=9f232db7a28d15eae2c7cdbbdb6bb3fb7f014963c7bca22c1bd36f15b38a10bc","On 1 list: 10s Hits"
"(thematic candidate)","","","","Right Above It","Lil Wayne","I Am Not A Human Being","7442932","585253","271","true","https://www.deezer.com/us/track/7442932","https://cdnt-preview.dzcdn.net/api/1/1/d/4/6/0/d4688dfe27da527a96ea4b34eb5fae11.mp3?hdnea=exp=1781737748~acl=/api/1/1/d/4/6/0/d4688dfe27da527a96ea4b34eb5fae11.mp3*~data=user_id=0,application_id=42~hmac=44e12d1fe30768f8e75194a4a86ec319496e5179445873e93dab8eb7e0b79c6f","On 1 list: 10s Hits"
"(thematic candidate)","","","","Silhouette","Aquilo","Silhouettes","140857423","584862","232","false","https://www.deezer.com/us/track/140857423","https://cdnt-preview.dzcdn.net/api/1/1/d/5/f/0/d5f44d183152ce307fed8de6fbeb8293.mp3?hdnea=exp=1781737752~acl=/api/1/1/d/5/f/0/d5f44d183152ce307fed8de6fbeb8293.mp3*~data=user_id=0,application_id=42~hmac=11373a0a945b2137b108fa56c870fdb201f95fffaf940ed5f78c603527d02e6c","On 1 list: 10s Pop"
"(thematic candidate)","","","","Pretty Pimpin","Kurt Vile","b'lieve i'm goin down...","107741676","582468","298","false","https://www.deezer.com/us/track/107741676","https://cdnt-preview.dzcdn.net/api/1/1/d/1/3/0/d1323dec3628cc501d3e954014719e2c.mp3?hdnea=exp=1781737752~acl=/api/1/1/d/1/3/0/d1323dec3628cc501d3e954014719e2c.mp3*~data=user_id=0,application_id=42~hmac=6be954af814ac5c35d41ab6f5f72a889f86fa37e1413eaf694823fa8995afcde","On 1 list: 2010s Rock"
"(thematic candidate)","","","","The Man","The Killers","Wonderful Wonderful","407173132","581185","248","false","https://www.deezer.com/us/track/407173132","https://cdnt-preview.dzcdn.net/api/1/1/1/4/1/0/14100841842556feffe64152b368978e.mp3?hdnea=exp=1781737752~acl=/api/1/1/1/4/1/0/14100841842556feffe64152b368978e.mp3*~data=user_id=0,application_id=42~hmac=f9a40b0df377a45bc0daf4ea787af4309bef1b46c1a07eb447131591f8c94d27","On 1 list: 2010s Rock"
"(thematic candidate)","","","","Waiting All Night (feat. Ella Eyre)","Rudimental","Waiting All Night","65735114","580525","292","false","https://www.deezer.com/us/track/65735114","https://cdnt-preview.dzcdn.net/api/1/1/f/4/3/0/f43927e56c25904e1bdd28828f281dae.mp3?hdnea=exp=1781737749~acl=/api/1/1/f/4/3/0/f43927e56c25904e1bdd28828f281dae.mp3*~data=user_id=0,application_id=42~hmac=8b5b132f2121c0c37de3213cab9ccbc6176839a159f3eebf8b02ff410ce5bca5","On 1 list: 10s Hits"
"(thematic candidate)","","","","Save A Prayer","Eagles Of Death Metal","Zipper Down","107768534","578310","280","false","https://www.deezer.com/us/track/107768534","https://cdnt-preview.dzcdn.net/api/1/1/e/e/6/0/ee6f06f685821122af89a40627c5d3cf.mp3?hdnea=exp=1781737752~acl=/api/1/1/e/e/6/0/ee6f06f685821122af89a40627c5d3cf.mp3*~data=user_id=0,application_id=42~hmac=a2bf25c4b9514e4778e5fc371c01f7fe1e150f7c4d45827548a06c03ed056848","On 1 list: 2010s Rock"
"(thematic candidate)","","","","Hold My Hand","Jess Glynne","Hold My Hand","95973024","577718","227","false","https://www.deezer.com/us/track/95973024","https://cdnt-preview.dzcdn.net/api/1/1/4/9/6/0/49601e8d76ce4a73bebd27084c9335b7.mp3?hdnea=exp=1781737749~acl=/api/1/1/4/9/6/0/49601e8d76ce4a73bebd27084c9335b7.mp3*~data=user_id=0,application_id=42~hmac=2415229f2e01220ae02615e365f2729a6480bd766c51487efc47593846aff4f1","On 1 list: 10s Hits"
"(thematic candidate)","","","","Castle on the Hill","Ed Sheeran","Castle on the Hill","139470657","576997","261","false","https://www.deezer.com/us/track/139470657","https://cdnt-preview.dzcdn.net/api/1/1/4/3/a/0/43ab0be487dec7dffc2f8c76371d81e5.mp3?hdnea=exp=1781737748~acl=/api/1/1/4/3/a/0/43ab0be487dec7dffc2f8c76371d81e5.mp3*~data=user_id=0,application_id=42~hmac=3062c0a3ebc0efe19485e32885dcd2736171488a04237ff7113b46228b2ba76d","On 1 list: 10s Hits"
"(thematic candidate)","","","","Suge","DaBaby","Baby On Baby","638510312","576619","163","true","https://www.deezer.com/us/track/638510312","https://cdnt-preview.dzcdn.net/api/1/1/c/3/7/0/c37ccd86f7dc59f2ef05afdc69d5d23c.mp3?hdnea=exp=1781737748~acl=/api/1/1/c/3/7/0/c37ccd86f7dc59f2ef05afdc69d5d23c.mp3*~data=user_id=0,application_id=42~hmac=5218e2c4feeb11492e14b3beb620ee021fb39b6b16a8c82dd03695c033b4a1ff","On 1 list: 10s Hits"
"(thematic candidate)","","","","Welcome to Wonderland","Anson Seabra","Welcome to Wonderland","485095352","576382","199","false","https://www.deezer.com/us/track/485095352","https://cdnt-preview.dzcdn.net/api/1/1/6/a/e/0/6aec2c7c72dba337312a488267ac5758.mp3?hdnea=exp=1781737752~acl=/api/1/1/6/a/e/0/6aec2c7c72dba337312a488267ac5758.mp3*~data=user_id=0,application_id=42~hmac=df60c7568f621ae9f1587249eeb47f12c4968dbc91879b410eb93485acb338a6","On 1 list: 10s Pop"
"(thematic candidate)","","","","No Limit (feat. A$AP Rocky & Cardi B)","G-Eazy","The Beautiful & Damned","439864552","571316","245","true","https://www.deezer.com/us/track/439864552","https://cdnt-preview.dzcdn.net/api/1/1/c/4/4/0/c4453b61b4ed49e92c0ed04024c29d26.mp3?hdnea=exp=1781737748~acl=/api/1/1/c/4/4/0/c4453b61b4ed49e92c0ed04024c29d26.mp3*~data=user_id=0,application_id=42~hmac=88db30d798f06202bcf2df0eef0d36bb30ab8a70d2de08c4b8bf644d26324d9c","On 1 list: 10s Hits"
"(thematic candidate)","","","","Time for Heroes","The Libertines","Up the Bracket","951290","568090","160","false","https://www.deezer.com/us/track/951290","https://cdnt-preview.dzcdn.net/api/1/1/d/e/d/0/ded16109ea8e24cd013f62e8bed79bb9.mp3?hdnea=exp=1781737754~acl=/api/1/1/d/e/d/0/ded16109ea8e24cd013f62e8bed79bb9.mp3*~data=user_id=0,application_id=42~hmac=56281ec77405f832e7ad06d319ad5fb493bcb5b56049a88bc968a777bb6782dc","On 1 list: Modern Rock Essentials"
"(thematic candidate)","","","","Animal","Neon Trees","Habits (International Version)","8929688","567783","212","false","https://www.deezer.com/us/track/8929688","https://cdnt-preview.dzcdn.net/api/1/1/1/1/a/0/11a2068c97bf571867368dbcd80e9816.mp3?hdnea=exp=1781737748~acl=/api/1/1/1/1/a/0/11a2068c97bf571867368dbcd80e9816.mp3*~data=user_id=0,application_id=42~hmac=99e274fc4b7a3c431a0398e7c0ba905b999c51eaf49248e0ec791ddcdba0f993","On 1 list: 10s Hits"
"(thematic candidate)","","","","Tonight (I'm Fuckin' You)","Enrique Iglesias","Euphoria","10202476","567630","234","true","https://www.deezer.com/us/track/10202476","https://cdnt-preview.dzcdn.net/api/1/1/1/3/6/0/136ccfb35462a9b89b44a140a9c60809.mp3?hdnea=exp=1781737748~acl=/api/1/1/1/3/6/0/136ccfb35462a9b89b44a140a9c60809.mp3*~data=user_id=0,application_id=42~hmac=ae14cd1035498f71d0e247bf436f88779d3b0f1c6c67642dcfc1594bacfe0164","On 1 list: 10s Hits"
"(thematic candidate)","","","","Carry Out (Featuring Justin Timberlake)","Timbaland","Shock Value II (International Deluxe version)","4833722","567245","232","false","https://www.deezer.com/us/track/4833722","https://cdnt-preview.dzcdn.net/api/1/1/8/5/c/0/85c61c855dade53714b6f3b34b8383c2.mp3?hdnea=exp=1781737748~acl=/api/1/1/8/5/c/0/85c61c855dade53714b6f3b34b8383c2.mp3*~data=user_id=0,application_id=42~hmac=01a85a84e05e1867d81f2368d2ba71c6df69415b0c4ae6f24b5c03adab74e0c0","On 1 list: 10s Hits"
"(thematic candidate)","","","","Fever","The Black Keys","Turn Blue","78233016","566596","246","false","https://www.deezer.com/us/track/78233016","https://cdnt-preview.dzcdn.net/api/1/1/f/6/7/0/f678838e8065c2c0859b2d37788acfc8.mp3?hdnea=exp=1781737752~acl=/api/1/1/f/6/7/0/f678838e8065c2c0859b2d37788acfc8.mp3*~data=user_id=0,application_id=42~hmac=c3c4195548023e8a4e7bd1c207c2773c47cdc9abe633f2b8a59a7a340245da0c","On 1 list: 2010s Rock"
"(thematic candidate)","","","","Motivation","Kelly Rowland","Here I Am (Deluxe Version)","12818629","564074","231","false","https://www.deezer.com/us/track/12818629","https://cdnt-preview.dzcdn.net/api/1/1/d/d/a/0/ddafa8dd2712387cec3aaab211faba49.mp3?hdnea=exp=1781737748~acl=/api/1/1/d/d/a/0/ddafa8dd2712387cec3aaab211faba49.mp3*~data=user_id=0,application_id=42~hmac=3157b0422d6bfd229bd2d0355ab1e28e3396b89cea831534ff505298e58a2652","On 1 list: 10s Hits"
"(thematic candidate)","","","","I Will Wait","Mumford & Sons","Babel (Deluxe Version)","60742349","561265","276","false","https://www.deezer.com/us/track/60742349","https://cdnt-preview.dzcdn.net/api/1/1/d/b/6/0/db62a1e8501c9beeca4adeb135ffa9f1.mp3?hdnea=exp=1781737747~acl=/api/1/1/d/b/6/0/db62a1e8501c9beeca4adeb135ffa9f1.mp3*~data=user_id=0,application_id=42~hmac=506efcab7ae211154b2e85da9aa0f745d30fd6354d2172747862ddc5966e6ef1","On 1 list: 10s Hits"
"(thematic candidate)","","","","Mess Around","Cage The Elephant","Tell Me I'm Pretty","115706570","561182","173","false","https://www.deezer.com/us/track/115706570","https://cdnt-preview.dzcdn.net/api/1/1/c/c/1/0/cc10b69b6c42835f0a2e7bfb83753db0.mp3?hdnea=exp=1781737752~acl=/api/1/1/c/c/1/0/cc10b69b6c42835f0a2e7bfb83753db0.mp3*~data=user_id=0,application_id=42~hmac=a9f6d6e6d3bf0430133aaa669e1688b300aa6b004a6dca677993669bbef5be82","On 1 list: 2010s Rock"
"(thematic candidate)","","","","Location","Khalid","American Teen","143172408","558657","217","false","https://www.deezer.com/us/track/143172408","https://cdnt-preview.dzcdn.net/api/1/1/3/a/1/0/3a18659849ca0b8215dfeedad466a682.mp3?hdnea=exp=1781737747~acl=/api/1/1/3/a/1/0/3a18659849ca0b8215dfeedad466a682.mp3*~data=user_id=0,application_id=42~hmac=1026d79d5b73fd47c5eea8f0f3d3224a3a831b0fab21dc4fd1888bf41e529020","On 1 list: 10s Hits"
"(thematic candidate)","","","","Only","Nicki Minaj","The Pinkprint","91543334","557510","312","true","https://www.deezer.com/us/track/91543334","https://cdnt-preview.dzcdn.net/api/1/1/a/8/1/0/a8140e3c4503cbab8e65c295687bd50c.mp3?hdnea=exp=1781737748~acl=/api/1/1/a/8/1/0/a8140e3c4503cbab8e65c295687bd50c.mp3*~data=user_id=0,application_id=42~hmac=d8f35cc3e50bf35ced09388cc7b78d6d4c412b956960a0d9391a5451dfc93ed6","On 1 list: 10s Hits"
"(thematic candidate)","","","","The Hand That Feeds","Nine Inch Nails","With Teeth (Bonus Tracks)","2124065","556752","211","false","https://www.deezer.com/us/track/2124065","https://cdnt-preview.dzcdn.net/api/1/1/6/7/e/0/67efa92c3480f2101ac1eac6c0e5e5ad.mp3?hdnea=exp=1781737754~acl=/api/1/1/6/7/e/0/67efa92c3480f2101ac1eac6c0e5e5ad.mp3*~data=user_id=0,application_id=42~hmac=291c4ca8f1506efe734af028c60acf54840e70a2488627594ea316649744ade4","On 1 list: Modern Rock Essentials"
"(thematic candidate)","","","","Love Somebody","Maroon 5","Overexposed (Deluxe)","44231031","554558","229","false","https://www.deezer.com/us/track/44231031","https://cdnt-preview.dzcdn.net/api/1/1/e/9/2/0/e92b31f6e159867086f30addfab5f72a.mp3?hdnea=exp=1781737748~acl=/api/1/1/e/9/2/0/e92b31f6e159867086f30addfab5f72a.mp3*~data=user_id=0,application_id=42~hmac=1ea16bdd28061c73820671dddd513f16af5120962d78d0a24160f7b49f17aa48","On 1 list: 10s Hits"
"(thematic candidate)","","","","For the First Time","The Script","Science & Faith","7245912","554207","250","true","https://www.deezer.com/us/track/7245912","https://cdnt-preview.dzcdn.net/api/1/1/7/4/7/0/7477283739bbb68ad4261db70d60b5c1.mp3?hdnea=exp=1781737748~acl=/api/1/1/7/4/7/0/7477283739bbb68ad4261db70d60b5c1.mp3*~data=user_id=0,application_id=42~hmac=5ff9377ee1f4d84eef8edbecd7d4ced4781049faf63dd3e6203100416d81155a","On 1 list: 10s Hits"
"(thematic candidate)","","","","Fuck Forever","Babyshambles","Down In Albion (International Edition)","941733","553765","277","true","https://www.deezer.com/us/track/941733","https://cdnt-preview.dzcdn.net/api/1/1/d/c/f/0/dcf284a6dce50739f8885ae746957cd8.mp3?hdnea=exp=1781737754~acl=/api/1/1/d/c/f/0/dcf284a6dce50739f8885ae746957cd8.mp3*~data=user_id=0,application_id=42~hmac=c01e655404bea78ab3ef088801b1e1e1aefeb2a87cbb7421a865e585923eaee0","On 1 list: Modern Rock Essentials"
"(thematic candidate)","","","","Mi Gente","J. Balvin","Mi Gente featuring Beyoncé","412519402","552252","209","false","https://www.deezer.com/us/track/412519402","https://cdnt-preview.dzcdn.net/api/1/1/e/c/e/0/ece49c3d93a10b7579e692dcf4980239.mp3?hdnea=exp=1781737748~acl=/api/1/1/e/c/e/0/ece49c3d93a10b7579e692dcf4980239.mp3*~data=user_id=0,application_id=42~hmac=3be4401cb1a89378eeb24d3ead2c828444ae37131255591037cc8a745ae74349","On 1 list: 10s Hits"
"(thematic candidate)","","","","Take Me to Church","Hozier","Take Me to Church EP","72690686","548857","241","false","https://www.deezer.com/us/track/72690686","https://cdnt-preview.dzcdn.net/api/1/1/7/5/1/0/7518991af8f790ef2f2898f6fb55d71b.mp3?hdnea=exp=1781737747~acl=/api/1/1/7/5/1/0/7518991af8f790ef2f2898f6fb55d71b.mp3*~data=user_id=0,application_id=42~hmac=a2571a6927c076a195e5d8e1093d4a3576ca586516010dd15ead4a96d2e2bc65","On 1 list: 10s Hits"
"(thematic candidate)","","","","This Feeling (feat. Kelsea Ballerini)","The Chainsmokers","Sick Boy","603095682","548645","197","false","https://www.deezer.com/us/track/603095682","https://cdnt-preview.dzcdn.net/api/1/1/9/0/7/0/907f3b43b5cd752ac98b3c7faf10e92d.mp3?hdnea=exp=1781737749~acl=/api/1/1/9/0/7/0/907f3b43b5cd752ac98b3c7faf10e92d.mp3*~data=user_id=0,application_id=42~hmac=3ce8d17de3c02aee54d3acbe4ca18c78df6bc699b36596f59ef5dcd1f7055afd","On 1 list: 10s Hits"
"(thematic candidate)","","","","Talk Dirty (feat. 2 Chainz)","Jason Derulo","Tattoos","70506861","548582","177","true","https://www.deezer.com/us/track/70506861","https://cdnt-preview.dzcdn.net/api/1/1/6/0/7/0/607c855ee30c37c17389e5416f3e55dc.mp3?hdnea=exp=1781737747~acl=/api/1/1/6/0/7/0/607c855ee30c37c17389e5416f3e55dc.mp3*~data=user_id=0,application_id=42~hmac=40f97c51013f6c3f2003f387f9b80eb38891169a7fd7c909172ccfb4f4d9e81f","On 1 list: 10s Hits"
"(thematic candidate)","","","","Last Friday Night (T.G.I.F.)","Katy Perry","Teenage Dream","6812359","543753","231","false","https://www.deezer.com/us/track/6812359","https://cdnt-preview.dzcdn.net/api/1/1/5/e/d/0/5edb44ec9dec7d37935ef2170cef0957.mp3?hdnea=exp=1781737748~acl=/api/1/1/5/e/d/0/5edb44ec9dec7d37935ef2170cef0957.mp3*~data=user_id=0,application_id=42~hmac=627f7c196d54d809e9b47ee344901a91e7e0b0029a992229af34ecae231312c3","On 1 list: 10s Hits"
"(thematic candidate)","","","","DJ Got Us Fallin' In Love (feat. Pitbull)","USHER","Justice Crew Party Mix","14489931","543431","220","false","https://www.deezer.com/us/track/14489931","https://cdnt-preview.dzcdn.net/api/1/1/4/b/f/0/4bf5ffc403b489e922d6c7d0035fa2f0.mp3?hdnea=exp=1781737747~acl=/api/1/1/4/b/f/0/4bf5ffc403b489e922d6c7d0035fa2f0.mp3*~data=user_id=0,application_id=42~hmac=cf11dd7f38690dc0711bc1ee1f6cd1e59f1f0c6013f41a1be53d3bd6df099e0e","On 1 list: 10s Hits"
"(thematic candidate)","","","","The Motto","Drake","Take Care (Deluxe)","17347988","536110","181","true","https://www.deezer.com/us/track/17347988","https://cdnt-preview.dzcdn.net/api/1/1/6/5/e/0/65e7f2405f539294489aedb09191985e.mp3?hdnea=exp=1781737747~acl=/api/1/1/6/5/e/0/65e7f2405f539294489aedb09191985e.mp3*~data=user_id=0,application_id=42~hmac=65248c49ff15802000632b0b322d8aabdf80cee41ad26ad04f1ab442bf291d05","On 1 list: 10s Hits"
"(thematic candidate)","","","","Fight Song","Rachel Platten","Fight Song - EP","99689968","534330","204","false","https://www.deezer.com/us/track/99689968","https://cdnt-preview.dzcdn.net/api/1/1/b/8/a/0/b8aa7834cc7c210e4c43c2fcc8e71447.mp3?hdnea=exp=1781737748~acl=/api/1/1/b/8/a/0/b8aa7834cc7c210e4c43c2fcc8e71447.mp3*~data=user_id=0,application_id=42~hmac=7e02b008a4e14bfe1b488cdaebc1936c729a78f0614b3deaad538559a902ea9d","On 1 list: 10s Hits"
"(thematic candidate)","","","","Now That We’re Dead","Metallica","Hardwired…To Self-Destruct (Deluxe)","136332800","531208","419","false","https://www.deezer.com/us/track/136332800","https://cdnt-preview.dzcdn.net/api/1/1/f/5/6/0/f560a65d85b0bddedd1ccfd87b8be8b8.mp3?hdnea=exp=1781737752~acl=/api/1/1/f/5/6/0/f560a65d85b0bddedd1ccfd87b8be8b8.mp3*~data=user_id=0,application_id=42~hmac=d3694945ff20bea70162308d41d77409ad16cdaec647b0962981bf182459f97e","On 1 list: 2010s Rock"
"(thematic candidate)","","","","One Call Away","Charlie Puth","One Call Away","105878272","530306","192","false","https://www.deezer.com/us/track/105878272","https://cdnt-preview.dzcdn.net/api/1/1/f/0/9/0/f09a1fc133b2edf7bb75b223d1e2563c.mp3?hdnea=exp=1781737748~acl=/api/1/1/f/0/9/0/f09a1fc133b2edf7bb75b223d1e2563c.mp3*~data=user_id=0,application_id=42~hmac=dad0dd8aa39f0d012c96e98185eb766cd0904b8b5769b1956b676ff1ee6bee1d","On 1 list: 10s Hits"
"(thematic candidate)","","","","Post to Be (feat. Chris Brown & Jhene Aiko)","Omarion","Sex Playlist","90465927","530032","226","true","https://www.deezer.com/us/track/90465927","https://cdnt-preview.dzcdn.net/api/1/1/6/3/7/0/637bae91540ec0e76a542a794b97be0f.mp3?hdnea=exp=1781737748~acl=/api/1/1/6/3/7/0/637bae91540ec0e76a542a794b97be0f.mp3*~data=user_id=0,application_id=42~hmac=09575f9ab345f89aad9dc6bf8df5aa944c68071d11070e0af74e9eb7214dd388","On 1 list: 10s Hits"
"(thematic candidate)","","","","Diamond Eyes","Deftones","Diamond Eyes (Deluxe)","5896910","524314","188","false","https://www.deezer.com/us/track/5896910","https://cdnt-preview.dzcdn.net/api/1/1/f/1/4/0/f144099dce908ce3964b06baa82d8440.mp3?hdnea=exp=1781737754~acl=/api/1/1/f/1/4/0/f144099dce908ce3964b06baa82d8440.mp3*~data=user_id=0,application_id=42~hmac=66da2c07b0d39574293f5eafaccfe292c3ff2f293733bddf9f4ad0ba969e9158","On 1 list: Modern Rock Essentials"
"(thematic candidate)","","","","Hold On","Alabama Shakes","Boys & Girls","16935918","524300","226","false","https://www.deezer.com/us/track/16935918","https://cdnt-preview.dzcdn.net/api/1/1/9/3/0/0/9308326d3df320b6166b0a8790123dad.mp3?hdnea=exp=1781737752~acl=/api/1/1/9/3/0/0/9308326d3df320b6166b0a8790123dad.mp3*~data=user_id=0,application_id=42~hmac=30452700913815bbb192019b1b7ff3c2825474ec2c6a882119c7de2dc3ffac01","On 1 list: 2010s Rock"
"(thematic candidate)","","","","Somebody","Natalie La Rose","Somebody","92829314","519989","189","false","https://www.deezer.com/us/track/92829314","https://cdnt-preview.dzcdn.net/api/1/1/2/9/5/0/29581423f8fcd3f04b2382fcd17b407a.mp3?hdnea=exp=1781737748~acl=/api/1/1/2/9/5/0/29581423f8fcd3f04b2382fcd17b407a.mp3*~data=user_id=0,application_id=42~hmac=a3b8fa19ffe2f4bd0ce3d7a5ca285b75268f0f10c2f05da178e667b6a52667d4","On 1 list: 10s Hits"
"(thematic candidate)","","","","Breakeven","The Script","The Script","13129397","517298","262","false","https://www.deezer.com/us/track/13129397","https://cdnt-preview.dzcdn.net/api/1/1/4/5/f/0/45f05151cda564c37162a1867144e35f.mp3?hdnea=exp=1781737747~acl=/api/1/1/4/5/f/0/45f05151cda564c37162a1867144e35f.mp3*~data=user_id=0,application_id=42~hmac=351e11e1672c4461b7186ad24a9f32a49be86f7e4fd1a9d77444b95ce68cef56","On 1 list: 10s Hits"
"(thematic candidate)","","","","Lydia","Highly Suspect","Mister Asylum","103856370","513599","242","true","https://www.deezer.com/us/track/103856370","https://cdnt-preview.dzcdn.net/api/1/1/d/6/6/0/d669c424acd75da3d408946293a58660.mp3?hdnea=exp=1781737752~acl=/api/1/1/d/6/6/0/d669c424acd75da3d408946293a58660.mp3*~data=user_id=0,application_id=42~hmac=0042ba93416186e2590935be069cbf99bb5c9585e803ca7799fa20637cdaa8fa","On 1 list: 2010s Rock"
"(thematic candidate)","","","","Bounce Back","Big Sean","I Decided.","141433451","513452","222","true","https://www.deezer.com/us/track/141433451","https://cdnt-preview.dzcdn.net/api/1/1/4/a/f/0/4afecd61c66cc153935c8773554637e1.mp3?hdnea=exp=1781737748~acl=/api/1/1/4/a/f/0/4afecd61c66cc153935c8773554637e1.mp3*~data=user_id=0,application_id=42~hmac=b650e630709dd82a0d495cc8276e771b4fc0de16279f6b20bec661bcc0e62685","On 1 list: 10s Hits"
"(thematic candidate)","","","","Show Me a Leader","Alter Bridge","The Last Hero","137709253","509996","305","false","https://www.deezer.com/us/track/137709253","https://cdnt-preview.dzcdn.net/api/1/1/5/d/1/0/5d18f1ea5b06f7578a8ad89aa6bf1416.mp3?hdnea=exp=1781737752~acl=/api/1/1/5/d/1/0/5d18f1ea5b06f7578a8ad89aa6bf1416.mp3*~data=user_id=0,application_id=42~hmac=293ded746f65c5c4ff6b55ad2e36e4b5970d9aa9916aa751c9a9773d2c392cf9","On 1 list: 2010s Rock"
"(thematic candidate)","","","","Hey Baby (Drop It to the Floor) (feat. T-Pain)","Pitbull","Planet Pit","12270342","505868","234","false","https://www.deezer.com/us/track/12270342","https://cdnt-preview.dzcdn.net/api/1/1/7/5/a/0/75a60d4a9d8c8902c6d2387f3e5fa4d9.mp3?hdnea=exp=1781737748~acl=/api/1/1/7/5/a/0/75a60d4a9d8c8902c6d2387f3e5fa4d9.mp3*~data=user_id=0,application_id=42~hmac=a426d0eb18c4ec509fea621a46c6adaa2698070dd281c410c0cd4af0b30ccee3","On 1 list: 10s Hits"
"(thematic candidate)","","","","Fall Back Down","Rancid","Indestructible","378374951","496671","223","false","https://www.deezer.com/us/track/378374951","https://cdnt-preview.dzcdn.net/api/1/1/f/2/2/0/f22c9f0a722f33732ad871f442de35f8.mp3?hdnea=exp=1781737754~acl=/api/1/1/f/2/2/0/f22c9f0a722f33732ad871f442de35f8.mp3*~data=user_id=0,application_id=42~hmac=ba4e36c9bd5872e5a110046ff679f840a3eb782abe30f361827ab0fb7d7f7185","On 1 list: Modern Rock Essentials"
"(thematic candidate)","","","","Blurred Lines","Robin Thicke","Blurred Lines","77824832","496582","263","true","https://www.deezer.com/us/track/77824832","https://cdnt-preview.dzcdn.net/api/1/1/7/2/7/0/72759acd1aa9b1b4cc5ec5f8ef2563f2.mp3?hdnea=exp=1781737747~acl=/api/1/1/7/2/7/0/72759acd1aa9b1b4cc5ec5f8ef2563f2.mp3*~data=user_id=0,application_id=42~hmac=b19b91a3551bd8a05a90e71256cd983bdcb41710113ffc121694b09100273595","On 1 list: 10s Hits"
"(thematic candidate)","","","","I Don't Care (with Justin Bieber)","Ed Sheeran","Daily Lift","1525826682","496415","219","true","https://www.deezer.com/us/track/1525826682","https://cdnt-preview.dzcdn.net/api/1/1/2/9/4/0/2947ed413d210287df1e53c14e5a9250.mp3?hdnea=exp=1781737748~acl=/api/1/1/2/9/4/0/2947ed413d210287df1e53c14e5a9250.mp3*~data=user_id=0,application_id=42~hmac=0cb53756c9eaaad38bc7624ca074d895988da70fa0abc3bc10b9d29c0b4193ce","On 1 list: 10s Hits"
"(thematic candidate)","","","","Do Your Worst","Rival Sons","Feral Roots","621216332","495211","210","false","https://www.deezer.com/us/track/621216332","https://cdnt-preview.dzcdn.net/api/1/1/a/6/3/0/a63c8df2e618bcc30ef15e0576dd6fb8.mp3?hdnea=exp=1781737752~acl=/api/1/1/a/6/3/0/a63c8df2e618bcc30ef15e0576dd6fb8.mp3*~data=user_id=0,application_id=42~hmac=681f86746b2a35df7035efb5d47b7629b163073e4c4cfe03ea81ff4742c183e7","On 1 list: 2010s Rock"
"(thematic candidate)","","","","Freeze Me","Death From Above 1979","Freeze Me","363682001","490115","198","false","https://www.deezer.com/us/track/363682001","https://cdnt-preview.dzcdn.net/api/1/1/1/a/b/0/1ab66273e8762a659b180854332edcfd.mp3?hdnea=exp=1781737752~acl=/api/1/1/1/a/b/0/1ab66273e8762a659b180854332edcfd.mp3*~data=user_id=0,application_id=42~hmac=497342ecc66a267ee46a99608d7e939ddb457f66fb1eb5461f7c9fd6bb5b514f","On 1 list: 2010s Rock"
"(thematic candidate)","","","","How Far I'll Go (Alessia Cara Version)","Alessia Cara","Vaiana - La Légende du Bout du Monde (Bande originale française du Film/Édition Deluxe)","136864450","490004","174","false","https://www.deezer.com/us/track/136864450","https://cdnt-preview.dzcdn.net/api/1/1/c/6/b/0/c6b23386dcd313a62a7ce48094cb10a8.mp3?hdnea=exp=1781737752~acl=/api/1/1/c/6/b/0/c6b23386dcd313a62a7ce48094cb10a8.mp3*~data=user_id=0,application_id=42~hmac=05c7f44d136f2c42b564ab5630d705ddc4addb3410d58b5e9bc39072cb166c34","On 1 list: 10s Pop"
"(thematic candidate)","","","","Lips Are Movin","Meghan Trainor","Lips Are Movin","88252935","483517","183","false","https://www.deezer.com/us/track/88252935","https://cdnt-preview.dzcdn.net/api/1/1/4/e/6/0/4e6a7897fac1d84a08d80c3eb04861ef.mp3?hdnea=exp=1781737748~acl=/api/1/1/4/e/6/0/4e6a7897fac1d84a08d80c3eb04861ef.mp3*~data=user_id=0,application_id=42~hmac=548fe8fa326954ce33428eead9db4108362443bbcf2954d804e79b788444fb8b","On 1 list: 10s Hits"
"(thematic candidate)","","","","Body Like A Back Road","Sam Hunt","Body Like A Back Road","141160791","482795","165","false","https://www.deezer.com/us/track/141160791","https://cdnt-preview.dzcdn.net/api/1/1/7/6/9/0/76965e803ffee7a210d73c7ff94fa0ff.mp3?hdnea=exp=1781737747~acl=/api/1/1/7/6/9/0/76965e803ffee7a210d73c7ff94fa0ff.mp3*~data=user_id=0,application_id=42~hmac=e88ea078284fc15584924dfd40728671beed055a033a8e76911b3aa26d0fa2c3","On 1 list: 10s Hits"
"(thematic candidate)","","","","Those Nights","Bastille","Doom Days","693393652","477938","269","false","https://www.deezer.com/us/track/693393652","https://cdnt-preview.dzcdn.net/api/1/1/d/f/c/0/dfc9376888a4da8eae726725e4132695.mp3?hdnea=exp=1781737752~acl=/api/1/1/d/f/c/0/dfc9376888a4da8eae726725e4132695.mp3*~data=user_id=0,application_id=42~hmac=03b2dbbd6859c9e648541e9449ab314fd1bec8d707e13a49594d070b8ae949ed","On 1 list: 10s Pop"
"(thematic candidate)","","","","This Is How We Roll","Florida Georgia Line","Here's To The Good Times...This Is How We Roll","72517596","475897","222","false","https://www.deezer.com/us/track/72517596","https://cdnt-preview.dzcdn.net/api/1/1/3/6/1/0/36129ab7661dcbe76209d383890e2a41.mp3?hdnea=exp=1781737748~acl=/api/1/1/3/6/1/0/36129ab7661dcbe76209d383890e2a41.mp3*~data=user_id=0,application_id=42~hmac=e0857763d18734771cb4de0536a4ec623be7ec9756a352529e56a458846fb1ed","On 1 list: 10s Hits"
"(thematic candidate)","","","","Rockstar","Nickelback","All the Right Reasons","3580261","475756","255","false","https://www.deezer.com/us/track/3580261","https://cdnt-preview.dzcdn.net/api/1/1/6/1/4/0/6146fac84f54aa73bb1440a74794b16a.mp3?hdnea=exp=1781737754~acl=/api/1/1/6/1/4/0/6146fac84f54aa73bb1440a74794b16a.mp3*~data=user_id=0,application_id=42~hmac=e4545d49454649e5039492ca6aa06a2344b0af3bdec7ebab07d0a970cc7ca088","On 1 list: Modern Rock Essentials"
"(thematic candidate)","","","","Think Before I Talk","Astrid S","Think Before I Talk","396461832","475335","184","false","https://www.deezer.com/us/track/396461832","https://cdnt-preview.dzcdn.net/api/1/1/e/2/6/0/e26dce2dfe122579bac9428aebf785ae.mp3?hdnea=exp=1781737752~acl=/api/1/1/e/2/6/0/e26dce2dfe122579bac9428aebf785ae.mp3*~data=user_id=0,application_id=42~hmac=2448dbe28f5c950e32c3cdaa064ce23a8268eb998c253cd8d716e441cfa1e149","On 1 list: 10s Pop"
"(thematic candidate)","","","","You & Me","Disclosure","Settle (Special Edition)","75526543","474687","266","false","https://www.deezer.com/us/track/75526543","https://cdnt-preview.dzcdn.net/api/1/1/9/8/c/0/98c130a1544d30d58eb8b317b229df05.mp3?hdnea=exp=1781737753~acl=/api/1/1/9/8/c/0/98c130a1544d30d58eb8b317b229df05.mp3*~data=user_id=0,application_id=42~hmac=da9408fd2500bc930d7c5ebb4bc24c61cd8d9fb2492d2d89e1b6215314479d22","On 1 list: 10s Summer Hits"
"(thematic candidate)","","","","Gypsy Caravan","Wolfmother","Victorious","119436440","472537","214","false","https://www.deezer.com/us/track/119436440","https://cdnt-preview.dzcdn.net/api/1/1/e/0/e/0/e0e935175bd1b283a1206a6747de05ab.mp3?hdnea=exp=1781737752~acl=/api/1/1/e/0/e/0/e0e935175bd1b283a1206a6747de05ab.mp3*~data=user_id=0,application_id=42~hmac=4b8e21aebda09a3061d023ec9d0c401d09a8446236bc6c521d4c9496bd260588","On 1 list: 2010s Rock"
"(thematic candidate)","","","","Take Your Time","Sam Hunt","Montevallo","87936873","472047","243","false","https://www.deezer.com/us/track/87936873","https://cdnt-preview.dzcdn.net/api/1/1/a/4/c/0/a4c3628d3640c6dd8ad57110bfe82a10.mp3?hdnea=exp=1781737748~acl=/api/1/1/a/4/c/0/a4c3628d3640c6dd8ad57110bfe82a10.mp3*~data=user_id=0,application_id=42~hmac=bc7fc1e7ac193883591ea4acc758a0261338a037d37fd6162588a87637eba712","On 1 list: 10s Hits"
"(thematic candidate)","","","","Give Your Heart a Break","Demi Lovato","Unbroken","13623157","471136","205","false","https://www.deezer.com/us/track/13623157","https://cdnt-preview.dzcdn.net/api/1/1/7/8/b/0/78b019dc707c7f6a2e476799dd6b59b4.mp3?hdnea=exp=1781737748~acl=/api/1/1/7/8/b/0/78b019dc707c7f6a2e476799dd6b59b4.mp3*~data=user_id=0,application_id=42~hmac=efb867e5febf737f7a060b4d099cebb524560f7d16e10e9ab2971896d47b8434","On 1 list: 10s Hits"
"(thematic candidate)","","","","Say Aah (feat. Fabolous)","Trey Songz","Ready","4134359","469860","207","false","https://www.deezer.com/us/track/4134359","https://cdnt-preview.dzcdn.net/api/1/1/9/9/b/0/99ba73e282dc740f1d070a1dbf001edd.mp3?hdnea=exp=1781737748~acl=/api/1/1/9/9/b/0/99ba73e282dc740f1d070a1dbf001edd.mp3*~data=user_id=0,application_id=42~hmac=f0a154eebf3608f827e6e0c83a74e36545dd46bddf76c3c6b3970094dad396b2","On 1 list: 10s Hits"
"(thematic candidate)","","","","Broken","Jake Bugg","Jake Bugg","61002685","468035","247","false","https://www.deezer.com/us/track/61002685","https://cdnt-preview.dzcdn.net/api/1/1/2/4/0/0/240adf95f80b7ac1564732b881446111.mp3?hdnea=exp=1781737752~acl=/api/1/1/2/4/0/0/240adf95f80b7ac1564732b881446111.mp3*~data=user_id=0,application_id=42~hmac=2eb92d3683abc09a053bbce32307ce08e3ee799e5095a5de378e297a846a0bf4","On 1 list: 2010s Rock"
"(thematic candidate)","","","","Caroline","Aminé","Caroline","120429104","467610","209","true","https://www.deezer.com/us/track/120429104","https://cdnt-preview.dzcdn.net/api/1/1/0/5/f/0/05fa4655291bc8981fe6581532f2a22c.mp3?hdnea=exp=1781737748~acl=/api/1/1/0/5/f/0/05fa4655291bc8981fe6581532f2a22c.mp3*~data=user_id=0,application_id=42~hmac=1ff63a627642a5e51b43a880c69166be19405762fca6a5d621a8d7eeae9f6f97","On 1 list: 10s Hits"
"(thematic candidate)","","","","Domino","Jessie J","Just Dance Video Game Hits, Vol. 1","134548745","466889","233","false","https://www.deezer.com/us/track/134548745","https://cdnt-preview.dzcdn.net/api/1/1/6/1/2/0/6123d5c3417833c44303d20be848c34d.mp3?hdnea=exp=1781737748~acl=/api/1/1/6/1/2/0/6123d5c3417833c44303d20be848c34d.mp3*~data=user_id=0,application_id=42~hmac=a8f7992155f077b2ac2aa23b8844c1a9b95aa53e6e7e4aaa887eabeae5cd9abf","On 1 list: 10s Hits"
"(thematic candidate)","","","","Boo'd Up","Ella Mai","READY","142915972","465656","256","false","https://www.deezer.com/us/track/142915972","https://cdnt-preview.dzcdn.net/api/1/1/7/c/6/0/7c6ea58e04fd66c7b60c75c5715df6bf.mp3?hdnea=exp=1781737747~acl=/api/1/1/7/c/6/0/7c6ea58e04fd66c7b60c75c5715df6bf.mp3*~data=user_id=0,application_id=42~hmac=b89bfe0f79734b43c4514817fc1a2cedea0f97320b31fe35295821a910a133b8","On 1 list: 10s Hits"
"(thematic candidate)","","","","Not a Bad Thing","Justin Timberlake","The 20/20 Experience - 2 of 2 (Deluxe)","71035330","459058","688","true","https://www.deezer.com/us/track/71035330","https://cdnt-preview.dzcdn.net/api/1/1/4/9/1/0/49193833d8270c342e906049de41ec13.mp3?hdnea=exp=1781737748~acl=/api/1/1/4/9/1/0/49193833d8270c342e906049de41ec13.mp3*~data=user_id=0,application_id=42~hmac=a5dca266e584808353a377c0793d0859f0426780135e083fabf731e726c4bcfb","On 1 list: 10s Hits"
"(thematic candidate)","","","","Tonight Tonight","Hot Chelle Rae","Tonight Tonight","12785828","457591","200","false","https://www.deezer.com/us/track/12785828","https://cdnt-preview.dzcdn.net/api/1/1/0/d/d/0/0dd7a9e77853dd885a058dc9c9d95c6d.mp3?hdnea=exp=1781737748~acl=/api/1/1/0/d/d/0/0dd7a9e77853dd885a058dc9c9d95c6d.mp3*~data=user_id=0,application_id=42~hmac=0bb25ec3ca0ce72f42650e406b375d82ded46fbbf598f4255f2b1b4a7a59146c","On 1 list: 10s Hits"
"(thematic candidate)","","","","Don't","Bryson Tiller","Don't","100814018","455915","200","true","https://www.deezer.com/us/track/100814018","https://cdnt-preview.dzcdn.net/api/1/1/1/7/3/0/173240f5b23977a3a1823ff86a36ab33.mp3?hdnea=exp=1781737748~acl=/api/1/1/1/7/3/0/173240f5b23977a3a1823ff86a36ab33.mp3*~data=user_id=0,application_id=42~hmac=b3e63d12689b9b1e675eec4cf728e93e8737a77f815cc1d55b2a5938d717991b","On 1 list: 10s Hits"
"(thematic candidate)","","","","Sexy Chick (feat. Akon)","David Guetta","The Best Chart Album in the World... Ever!","17542811","448490","194","false","https://www.deezer.com/us/track/17542811","https://cdnt-preview.dzcdn.net/api/1/1/0/6/b/0/06b050fad4584ff54f003d63c8b174f0.mp3?hdnea=exp=1781737748~acl=/api/1/1/0/6/b/0/06b050fad4584ff54f003d63c8b174f0.mp3*~data=user_id=0,application_id=42~hmac=ebcbcf375423f2d3165547f92881f68506daaa0fe7b0ddd1dc17a4404a48381c","On 1 list: 10s Hits"
"(thematic candidate)","","","","I.F.L.Y.","Bazzi","I.F.L.Y.","712370562","447852","165","true","https://www.deezer.com/us/track/712370562","https://cdnt-preview.dzcdn.net/api/1/1/f/4/5/0/f45e431a2347d0f21fdb652112ec4411.mp3?hdnea=exp=1781737752~acl=/api/1/1/f/4/5/0/f45e431a2347d0f21fdb652112ec4411.mp3*~data=user_id=0,application_id=42~hmac=c956757766f986f712077045bcf2cb83c021b8679ef86103c33cbe50878e459a","On 1 list: 10s Pop"
"(thematic candidate)","","","","Robin Hood","Anson Seabra","Robin Hood","545479002","444282","221","false","https://www.deezer.com/us/track/545479002","https://cdnt-preview.dzcdn.net/api/1/1/d/d/c/0/ddcf2703bb83eb84f214c8c726db3e61.mp3?hdnea=exp=1781737752~acl=/api/1/1/d/d/c/0/ddcf2703bb83eb84f214c8c726db3e61.mp3*~data=user_id=0,application_id=42~hmac=0a901f7cfe60e5c3461efb638aab181638c486491e7fc2c650bbc8f1fcbff8ed","On 1 list: 10s Pop"
"(thematic candidate)","","","","Still Life","The Horrors","Skying","12901843","443102","321","false","https://www.deezer.com/us/track/12901843","https://cdnt-preview.dzcdn.net/api/1/1/4/f/5/0/4f509911ef498a3a51ff18c7682a273d.mp3?hdnea=exp=1781737752~acl=/api/1/1/4/f/5/0/4f509911ef498a3a51ff18c7682a273d.mp3*~data=user_id=0,application_id=42~hmac=3259f425b0eab5043128ae70581cb50931f146731df6189de175f35b5b93bae3","On 1 list: 2010s Rock"
"(thematic candidate)","","","","Good Life","OneRepublic","Waking Up","4638783","442454","253","true","https://www.deezer.com/us/track/4638783","https://cdnt-preview.dzcdn.net/api/1/1/a/1/d/0/a1d242bae773308abda514a57044a378.mp3?hdnea=exp=1781737747~acl=/api/1/1/a/1/d/0/a1d242bae773308abda514a57044a378.mp3*~data=user_id=0,application_id=42~hmac=f312cf6d84c4154cc6585624980f72fbae15b7ba8d1e20c3b18a961820f69898","On 1 list: 10s Hits"
"(thematic candidate)","","","","All Loved Up","Amy Shark","Love Monster","518731052","440345","210","false","https://www.deezer.com/us/track/518731052","https://cdnt-preview.dzcdn.net/api/1/1/1/6/6/0/1666cf40db7ad46c5ab58efdf08c163b.mp3?hdnea=exp=1781737752~acl=/api/1/1/1/6/6/0/1666cf40db7ad46c5ab58efdf08c163b.mp3*~data=user_id=0,application_id=42~hmac=2bee5e05eeaa31803c84c1f49804b96ff46aae713b121f5ca24582a7c7ca2a93","On 1 list: 10s Pop"
"(thematic candidate)","","","","Not Over You","Gavin DeGraw","Not Over You","12000806","430844","218","false","https://www.deezer.com/us/track/12000806","https://cdnt-preview.dzcdn.net/api/1/1/d/2/9/0/d295c584524eb943a3db4e36bf8d7fe1.mp3?hdnea=exp=1781737748~acl=/api/1/1/d/2/9/0/d295c584524eb943a3db4e36bf8d7fe1.mp3*~data=user_id=0,application_id=42~hmac=0aa18136be7631ab265a3ae64e8e6b48317f3a8b258e17932797e83d4d5db9a7","On 1 list: 10s Hits"
"(thematic candidate)","","","","Killing Loneliness","HIM","Dark Light","1855585927","429673","270","false","https://www.deezer.com/us/track/1855585927","https://cdnt-preview.dzcdn.net/api/1/1/5/0/5/0/505bf9a6fd4bc240d7721a0a767883fa.mp3?hdnea=exp=1781737754~acl=/api/1/1/5/0/5/0/505bf9a6fd4bc240d7721a0a767883fa.mp3*~data=user_id=0,application_id=42~hmac=d630829dcfbc3d9330758ef5fbf5f1eba92f9a4185abff840e3a32ab0aa25b91","On 1 list: Modern Rock Essentials"
"(thematic candidate)","","","","Hot Right Now (feat. RITA ORA) (Radio Edit)","DJ Fresh","Nextlevelism (Deluxe Version)","144226454","429565","182","false","https://www.deezer.com/us/track/144226454","https://cdnt-preview.dzcdn.net/api/1/1/d/2/4/0/d241b474ee426be84e738140d0e20282.mp3?hdnea=exp=1781737753~acl=/api/1/1/d/2/4/0/d241b474ee426be84e738140d0e20282.mp3*~data=user_id=0,application_id=42~hmac=bfb8641cc9f032e8eebeb832ac87a9bf9568e2f191883e05902b6276e4350716","On 1 list: 10s Summer Hits"
"(thematic candidate)","","","","Speechless","Dan + Shay","Speechless","499632732","426169","212","false","https://www.deezer.com/us/track/499632732","https://cdnt-preview.dzcdn.net/api/1/1/4/4/d/0/44d5831d450f7f18751febc5c75cf8e3.mp3?hdnea=exp=1781737748~acl=/api/1/1/4/4/d/0/44d5831d450f7f18751febc5c75cf8e3.mp3*~data=user_id=0,application_id=42~hmac=fe5231ab1b0be76ade81fd5b663edcbe8e4234ad79147383c90799d34463abe1","On 1 list: 10s Hits"
"(thematic candidate)","","","","Hey, Soul Sister","Train","Save Me, San Francisco","4303104","424204","216","false","https://www.deezer.com/us/track/4303104","https://cdnt-preview.dzcdn.net/api/1/1/c/1/c/0/c1c311876c4d76bbc76f5cbc254a17b2.mp3?hdnea=exp=1781737747~acl=/api/1/1/c/1/c/0/c1c311876c4d76bbc76f5cbc254a17b2.mp3*~data=user_id=0,application_id=42~hmac=16b82a268a7e6234d2615d7e7ec6844425bf2f2486f33276186e3d835ae36ba1","On 1 list: 10s Hits"
"(thematic candidate)","","","","Weekends","Amy Shark","Night Thinker - EP","349658761","415731","190","false","https://www.deezer.com/us/track/349658761","https://cdnt-preview.dzcdn.net/api/1/1/e/e/d/0/eed14b74b01dfc011d409f1ce7dd3be2.mp3?hdnea=exp=1781737752~acl=/api/1/1/e/e/d/0/eed14b74b01dfc011d409f1ce7dd3be2.mp3*~data=user_id=0,application_id=42~hmac=d08ae6ab5986fe74ed292301da249439713fdbd4ace1e4bfc2e3f60b2df05741","On 1 list: 10s Pop"
"(thematic candidate)","","","","Trumpets","Jason Derulo","Platinum Hits","129314016","409617","217","false","https://www.deezer.com/us/track/129314016","https://cdnt-preview.dzcdn.net/api/1/1/6/7/a/0/67a68e648ac6e9b24e433d81cff7129e.mp3?hdnea=exp=1781737748~acl=/api/1/1/6/7/a/0/67a68e648ac6e9b24e433d81cff7129e.mp3*~data=user_id=0,application_id=42~hmac=3515d8566c9534bcb8565fed2ed2bb36434f2b44259dcbaf31b5b5d5363dc8e0","On 1 list: 10s Hits"
"(thematic candidate)","","","","Never Run Away","Kurt Vile","Wakin On A Pretty Daze","65768905","408277","204","false","https://www.deezer.com/us/track/65768905","https://cdnt-preview.dzcdn.net/api/1/1/a/8/9/0/a8961e665c81f89f05311c131cbe2e44.mp3?hdnea=exp=1781737754~acl=/api/1/1/a/8/9/0/a8961e665c81f89f05311c131cbe2e44.mp3*~data=user_id=0,application_id=42~hmac=86a7614690d9eb6a2b3df4c72d520af9cd8dfeb21ec2efc6b60ceb9c4e643b83","On 1 list: Modern Rock Essentials"
"(thematic candidate)","","","","Just A Kiss","Lady A","Best Country Of The Decade: 2010-2019","842130852","403694","219","false","https://www.deezer.com/us/track/842130852","https://cdnt-preview.dzcdn.net/api/1/1/0/a/2/0/0a2e0c46fe5625d058b4ddd4117ca612.mp3?hdnea=exp=1781737747~acl=/api/1/1/0/a/2/0/0a2e0c46fe5625d058b4ddd4117ca612.mp3*~data=user_id=0,application_id=42~hmac=1f50b47f2a79192c70a22df38840c385a24764d18bb0e6d3cfc6c1f4ab4825af","On 1 list: 10s Hits"
"(thematic candidate)","","","","Awakening","Yellowcard","Southern Air","54751661","401355","263","false","https://www.deezer.com/us/track/54751661","https://cdnt-preview.dzcdn.net/api/1/1/2/e/e/0/2eea7ac6d2eb2d96cabb074b73b1f7f9.mp3?hdnea=exp=1781737752~acl=/api/1/1/2/e/e/0/2eea7ac6d2eb2d96cabb074b73b1f7f9.mp3*~data=user_id=0,application_id=42~hmac=218679da82225d3dd475dc963e3979fe8b91ee40acdba8f71b196fca3f18ee7d","On 1 list: 2010s Rock"
"(thematic candidate)","","","","Hate To Say I Told You So","The Hives","Veni Vidi Vicious","378207101","397550","200","false","https://www.deezer.com/us/track/378207101","https://cdnt-preview.dzcdn.net/api/1/1/b/8/0/0/b8082b72b85334e8855e66d861568de6.mp3?hdnea=exp=1781737754~acl=/api/1/1/b/8/0/0/b8082b72b85334e8855e66d861568de6.mp3*~data=user_id=0,application_id=42~hmac=94954d432a61e7e78266d67f49e8165cc304f25197959255373292ef25bda5de","On 1 list: Modern Rock Essentials"
"(thematic candidate)","","","","Don't Forget Who You Are","Miles Kane","Don't Forget Who You Are","67238378","388684","204","false","https://www.deezer.com/us/track/67238378","https://cdnt-preview.dzcdn.net/api/1/1/9/c/a/0/9cae9938882c86097576ad66502d4738.mp3?hdnea=exp=1781737752~acl=/api/1/1/9/c/a/0/9cae9938882c86097576ad66502d4738.mp3*~data=user_id=0,application_id=42~hmac=a1cfbd9d6039dd021f6c582d46d4ce4d37b6d6fe3dbf48536d47f5536d4daebb","On 1 list: 2010s Rock"
"(thematic candidate)","","","","The Hindu Times","Oasis","Heathen Chemistry","985979182","383138","226","false","https://www.deezer.com/us/track/985979182","https://cdnt-preview.dzcdn.net/api/1/1/6/b/f/0/6bf496ddfd08f34682750df526da96e3.mp3?hdnea=exp=1781737754~acl=/api/1/1/6/b/f/0/6bf496ddfd08f34682750df526da96e3.mp3*~data=user_id=0,application_id=42~hmac=3aa53b288f4a1bac7bed48d80749479b1b8babfc1a5fbc864297ed70c030da50","On 1 list: Modern Rock Essentials"
"(thematic candidate)","","","","Ridin' Solo","Jason Derulo","Jason Derulo (International)","5420472","382771","215","false","https://www.deezer.com/us/track/5420472","https://cdnt-preview.dzcdn.net/api/1/1/5/e/1/0/5e11640c5236733c1172b06726189d06.mp3?hdnea=exp=1781737748~acl=/api/1/1/5/e/1/0/5e11640c5236733c1172b06726189d06.mp3*~data=user_id=0,application_id=42~hmac=167c6490f37f6628b5d8e6988c52e8baf790c261bb8268418d836af824989c68","On 1 list: 10s Hits"
"(thematic candidate)","","","","MotorSport","Migos","Best Of 2017 Hip Hop","438870902","382109","308","true","https://www.deezer.com/us/track/438870902","https://cdnt-preview.dzcdn.net/api/1/1/a/2/7/0/a2730c13a86bb2c930ef81280705a244.mp3?hdnea=exp=1781737748~acl=/api/1/1/a/2/7/0/a2730c13a86bb2c930ef81280705a244.mp3*~data=user_id=0,application_id=42~hmac=f092b540190982d968cbb97ece1c46f4dd423cac3760f27eb2aac2175a5c117f","On 1 list: 10s Hits"
"(thematic candidate)","","","","Cruise (Remix)","Florida Georgia Line","Cruise (Remix)","67755614","372182","206","false","https://www.deezer.com/us/track/67755614","https://cdnt-preview.dzcdn.net/api/1/1/3/b/c/0/3bc267b9a5accd63d817b0de4d31abe2.mp3?hdnea=exp=1781737747~acl=/api/1/1/3/b/c/0/3bc267b9a5accd63d817b0de4d31abe2.mp3*~data=user_id=0,application_id=42~hmac=78051724f5989e9dd07f69416d4b2d40581130e4c78df8de326f78e7ac1c8fa7","On 1 list: 10s Hits"
"(thematic candidate)","","","","Last Resort","Papa Roach","Infest","846482582","365495","199","false","https://www.deezer.com/us/track/846482582","https://cdnt-preview.dzcdn.net/api/1/1/2/9/0/0/290af69bde3f841064e2ba77bf923c96.mp3?hdnea=exp=1781737754~acl=/api/1/1/2/9/0/0/290af69bde3f841064e2ba77bf923c96.mp3*~data=user_id=0,application_id=42~hmac=e42377cca8e6ccba559819fe5a8c852841361f3aa60552c1ddab0a284f1f9cd2","On 1 list: Modern Rock Essentials"
"(thematic candidate)","","","","Bad (feat. Tiara Thomas)","Wale","Bad (feat. Tiara Thomas)","64281382","362162","255","true","https://www.deezer.com/us/track/64281382","https://cdnt-preview.dzcdn.net/api/1/1/5/d/3/0/5d36133609377a4a7c6620d838819ad6.mp3?hdnea=exp=1781737748~acl=/api/1/1/5/d/3/0/5d36133609377a4a7c6620d838819ad6.mp3*~data=user_id=0,application_id=42~hmac=e9d77382da5a44c831148da4b062343339429404be5b369944959db5eb171a12","On 1 list: 10s Hits"
"(thematic candidate)","","","","Started From the Bottom","Drake","Started From the Bottom (Explicit Version)","64650062","361784","173","true","https://www.deezer.com/us/track/64650062","https://cdnt-preview.dzcdn.net/api/1/1/0/8/8/0/08898c3daae62bdef4ad14997ce0c0cf.mp3?hdnea=exp=1781737748~acl=/api/1/1/0/8/8/0/08898c3daae62bdef4ad14997ce0c0cf.mp3*~data=user_id=0,application_id=42~hmac=9b53d251c9cad6060ee8c1248c0de74aaeffb1204115dcd70fa8c7ff55fe419b","On 1 list: 10s Hits"
"(thematic candidate)","","","","Mr. Know It All","Kelly Clarkson","Greatest Hits - Chapter One","62119001","355645","231","false","https://www.deezer.com/us/track/62119001","https://cdnt-preview.dzcdn.net/api/1/1/4/3/3/0/433ba6189d3fa6e472cb0e5350aeff9b.mp3?hdnea=exp=1781737748~acl=/api/1/1/4/3/3/0/433ba6189d3fa6e472cb0e5350aeff9b.mp3*~data=user_id=0,application_id=42~hmac=c8d6b39be540130bf642cea5ed0e4baade2eab89a377bb8622fa9838d9b94f37","On 1 list: 10s Hits"
"(thematic candidate)","","","","I Fall Apart","Post Malone","Stoney","137724055","355378","226","true","https://www.deezer.com/us/track/137724055","https://cdnt-preview.dzcdn.net/api/1/1/f/f/3/0/ff3078ffa8575a2c7b1faf60f78a0e0e.mp3?hdnea=exp=1781737748~acl=/api/1/1/f/f/3/0/ff3078ffa8575a2c7b1faf60f78a0e0e.mp3*~data=user_id=0,application_id=42~hmac=79f81e1ccb87c994fba3884695e6202f8d21ba2db68dae0267bfad99efdc5ba8","On 1 list: 10s Hits"
"(thematic candidate)","","","","BedRock","Young Money","BedRock","4834207","347473","289","true","https://www.deezer.com/us/track/4834207","https://cdnt-preview.dzcdn.net/api/1/1/a/c/2/0/ac201eb1a7e8b40c1381bc9dadcd447e.mp3?hdnea=exp=1781737748~acl=/api/1/1/a/c/2/0/ac201eb1a7e8b40c1381bc9dadcd447e.mp3*~data=user_id=0,application_id=42~hmac=8baf1cf527116bf693bcfffa9f0e53b30bda38f6ca3f3d3e1c572b03db7fb9ee","On 1 list: 10s Hits"
"(thematic candidate)","","","","God Gave Me You","Blake Shelton","Red River Blue (Deluxe Edition)","12785896","345758","229","false","https://www.deezer.com/us/track/12785896","https://cdnt-preview.dzcdn.net/api/1/1/0/7/b/0/07bccb32e7d30531f7793d485e8d14a3.mp3?hdnea=exp=1781737748~acl=/api/1/1/0/7/b/0/07bccb32e7d30531f7793d485e8d14a3.mp3*~data=user_id=0,application_id=42~hmac=26ad435add970c871d19bd5d11f902336c52c7ec4e7c76a256ba2d89e809da58","On 1 list: 10s Hits"
"(thematic candidate)","","","","When I Was Your Man","Bruno Mars","Unorthodox Jukebox","62724009","343208","213","false","https://www.deezer.com/us/track/62724009","https://cdnt-preview.dzcdn.net/api/1/1/2/b/e/0/2bea35dd5ed7fbd460a50ea0a3b3bb68.mp3?hdnea=exp=1781737747~acl=/api/1/1/2/b/e/0/2bea35dd5ed7fbd460a50ea0a3b3bb68.mp3*~data=user_id=0,application_id=42~hmac=8bfb453865ea0fe938f7fc46149018a4890b011374ec28b297ebcbb2c6205230","On 1 list: 10s Hits"
"(thematic candidate)","","","","Break Your Heart","Taio Cruz","Rokstarr","85273498","337639","186","false","https://www.deezer.com/us/track/85273498","https://cdnt-preview.dzcdn.net/api/1/1/f/3/2/0/f320a0a6c81d966a1a3fadcfefcc209d.mp3?hdnea=exp=1781737747~acl=/api/1/1/f/3/2/0/f320a0a6c81d966a1a3fadcfefcc209d.mp3*~data=user_id=0,application_id=42~hmac=6d950410e5308b279344eacb70c6b7dd2372e88ae7e4245759bc946e4cb646c1","On 1 list: 10s Hits"
"(thematic candidate)","","","","If I Die Young","The Band Perry","The Band Perry EP","6716460","330626","224","false","https://www.deezer.com/us/track/6716460","https://cdnt-preview.dzcdn.net/api/1/1/6/8/d/0/68d961763253ebeed2f34e4b028cf618.mp3?hdnea=exp=1781737747~acl=/api/1/1/6/8/d/0/68d961763253ebeed2f34e4b028cf618.mp3*~data=user_id=0,application_id=42~hmac=82c936667cdd8cdade3395290dcbc04ffe12b8b81d578e6bdd710ed81fda685c","On 1 list: 10s Hits"
"(thematic candidate)","","","","Live Like We're Dying","Kris Allen","Live Like We're Dying","4274229","326731","212","false","https://www.deezer.com/us/track/4274229","https://cdnt-preview.dzcdn.net/api/1/1/8/9/5/0/8956a1366285d1210a00d96add5e627c.mp3?hdnea=exp=1781737748~acl=/api/1/1/8/9/5/0/8956a1366285d1210a00d96add5e627c.mp3*~data=user_id=0,application_id=42~hmac=a8df9ba0d969907a43a3c55b5336a19987c1cdf530d51f5600c502fe8cdd469b","On 1 list: 10s Hits"
"(thematic candidate)","","","","Glad You Came","The Wanted","The Wanted (Special Edition)","20535671","322942","198","false","https://www.deezer.com/us/track/20535671","https://cdnt-preview.dzcdn.net/api/1/1/6/b/7/0/6b7e606a3114d8cd4ee44753fa944631.mp3?hdnea=exp=1781737747~acl=/api/1/1/6/b/7/0/6b7e606a3114d8cd4ee44753fa944631.mp3*~data=user_id=0,application_id=42~hmac=66b9e6d0d9149c9964f05903c20906e91328772d12d62272c2145d6c7dada3c1","On 1 list: 10s Hits"
"(thematic candidate)","","","","The Show Goes On","Lupe Fiasco","The Show Goes On","8175115","322393","240","true","https://www.deezer.com/us/track/8175115","https://cdnt-preview.dzcdn.net/api/1/1/f/0/3/0/f037c7cc92ce73accc057ff6f205a178.mp3?hdnea=exp=1781737748~acl=/api/1/1/f/0/3/0/f037c7cc92ce73accc057ff6f205a178.mp3*~data=user_id=0,application_id=42~hmac=8972b87f10cfa7e036ecf9e4100e32f6b60f11ab84bb39db77852c1f7151a6cc","On 1 list: 10s Hits"
"(thematic candidate)","","","","It's You","Ali Gatie","Nights Like This - Chilled R'n'B & Rap","1493746682","315349","212","false","https://www.deezer.com/us/track/1493746682","https://cdnt-preview.dzcdn.net/api/1/1/1/f/1/0/1f199c7f7cfe3af694b45c5a65f03521.mp3?hdnea=exp=1781737750~acl=/api/1/1/1/f/1/0/1f199c7f7cfe3af694b45c5a65f03521.mp3*~data=user_id=0,application_id=42~hmac=3e88f0b07fe5a62519aa062eb62463b7f9bf07c1d8f2258ead26ca78c8c45b4d","On 1 list: 10s Hits"
"(thematic candidate)","","","","More (RedOne Jimmy Joker Remix)","Usher","Running Hits","62471096","306407","219","false","https://www.deezer.com/us/track/62471096","https://cdnt-preview.dzcdn.net/api/1/1/e/b/2/0/eb25d13a3107ade2af22df09a5192ce4.mp3?hdnea=exp=1781737749~acl=/api/1/1/e/b/2/0/eb25d13a3107ade2af22df09a5192ce4.mp3*~data=user_id=0,application_id=42~hmac=c922cdf148601e4d88ab1cfb91c1d4193dcce84762294c0d739d69b1b0144f51","On 1 list: 10s Hits"
"(thematic candidate)","","","","Mine","Taylor Swift","Speak Now (Deluxe Package)","7474223","303240","231","false","https://www.deezer.com/us/track/7474223","https://cdnt-preview.dzcdn.net/api/1/1/f/0/a/0/f0a1b8e2ed5253276016bba4bdd3b5a6.mp3?hdnea=exp=1781737748~acl=/api/1/1/f/0/a/0/f0a1b8e2ed5253276016bba4bdd3b5a6.mp3*~data=user_id=0,application_id=42~hmac=00595b8991b4a8935dbebf838d493970db26a4ce226d67cfc9d441a5920fd225","On 1 list: 10s Hits"
"(thematic candidate)","","","","Starving","Hailee Steinfeld","Best Of 2017","435821842","298409","181","false","https://www.deezer.com/us/track/435821842","https://cdnt-preview.dzcdn.net/api/1/1/e/9/c/0/e9c3c0b129357b1c31aa42cb170dc987.mp3?hdnea=exp=1781737748~acl=/api/1/1/e/9/c/0/e9c3c0b129357b1c31aa42cb170dc987.mp3*~data=user_id=0,application_id=42~hmac=03b3c1d37a3d12732c8bbd58004187be5d00de80a4bb355623afcfb44b962c86","On 1 list: 10s Hits"
"(thematic candidate)","","","","All About That Bass","Meghan Trainor","All About That Bass","79975768","291754","189","true","https://www.deezer.com/us/track/79975768","https://cdnt-preview.dzcdn.net/api/1/1/a/0/d/0/a0d6c5724af305e25d14470b9aecf7a4.mp3?hdnea=exp=1781737747~acl=/api/1/1/a/0/d/0/a0d6c5724af305e25d14470b9aecf7a4.mp3*~data=user_id=0,application_id=42~hmac=ee9bf417bfb207eb3592e670bf9cc77dfd09ffc871c440a6c024966c1bde1249","On 1 list: 10s Hits"
"(thematic candidate)","","","","Every Inch of You","The Darkness","Hot Cakes","42365931","289049","184","true","https://www.deezer.com/us/track/42365931","https://cdnt-preview.dzcdn.net/api/1/1/0/c/4/0/0c4f685c53acb5b0128f8ae4d021ee01.mp3?hdnea=exp=1781737754~acl=/api/1/1/0/c/4/0/0c4f685c53acb5b0128f8ae4d021ee01.mp3*~data=user_id=0,application_id=42~hmac=4a3bf30520e80eec1a7f5a393b0f0f502c8243dea86ed0e28b538dee6f2c3fd1","On 1 list: Modern Rock Essentials"
"(thematic candidate)","","","","Whataya Want from Me","Adam Lambert","For Your Entertainment","5968620","269756","227","false","https://www.deezer.com/us/track/5968620","https://cdnt-preview.dzcdn.net/api/1/1/c/8/5/0/c855699060d802f97e9f850d7847ebf6.mp3?hdnea=exp=1781737748~acl=/api/1/1/c/8/5/0/c855699060d802f97e9f850d7847ebf6.mp3*~data=user_id=0,application_id=42~hmac=53db0bb5472e4c7565be5e91d2b4c6993ba682f580b808bbf8efa684744bab3c","On 1 list: 10s Hits"
"(thematic candidate)","","","","Dancing on My Own (Radio Edit)","Robyn","Dancing On My Own","14697959","224112","276","false","https://www.deezer.com/us/track/14697959","https://cdnt-preview.dzcdn.net/api/1/1/d/b/a/0/dba161be32444cac72b18db616923082.mp3?hdnea=exp=1781737749~acl=/api/1/1/d/b/a/0/dba161be32444cac72b18db616923082.mp3*~data=user_id=0,application_id=42~hmac=99dab0c46e0622483c6c2d6ef9c466a5a4243dbe5d1bb42f08f5c9953ed376e3","On 1 list: 10s Hits"
"(thematic candidate)","","","","Good Time","Owl City","Good Time","38987411","200553","206","false","https://www.deezer.com/us/track/38987411","https://cdnt-preview.dzcdn.net/api/1/1/6/f/8/0/6f8e32e9a60296f2b3b3e495b1a85f30.mp3?hdnea=exp=1781737748~acl=/api/1/1/6/f/8/0/6f8e32e9a60296f2b3b3e495b1a85f30.mp3*~data=user_id=0,application_id=42~hmac=5836b1c22bbae2adf88229b005c3ffa78c22cc08ea1ab27d911ab406c87c7fc9","On 1 list: 10s Hits"
"(thematic candidate)","","","","If I Lose Myself (Alesso vs OneRepublic)","OneRepublic","If I Lose Myself (Alesso vs OneRepublic)","65724975","178446","213","false","https://www.deezer.com/us/track/65724975","https://cdnt-preview.dzcdn.net/api/1/1/3/3/8/0/33885ae99b2ef61113039d43bb1ffd9e.mp3?hdnea=exp=1781737749~acl=/api/1/1/3/3/8/0/33885ae99b2ef61113039d43bb1ffd9e.mp3*~data=user_id=0,application_id=42~hmac=7b181e15d161fa5ffd7d3d630bfaaef00c60779f8c288e48e1dea3c5922860ca","On 1 list: 10s Hits"
"(thematic candidate)","","","","Royals","Lorde","Royals","69390867","171436","190","false","https://www.deezer.com/us/track/69390867","https://cdnt-preview.dzcdn.net/api/1/1/5/2/d/0/52d4a1e64a39225166bafb279416f768.mp3?hdnea=exp=1781737747~acl=/api/1/1/5/2/d/0/52d4a1e64a39225166bafb279416f768.mp3*~data=user_id=0,application_id=42~hmac=5238e786f91434a2bc8237cef2640cb5fcd738bdbeadc9f4ec1996b55ed55579","On 1 list: 10s Hits"
"(thematic candidate)","","","","Psycho","Post Malone","beerbongs & bentleys","492398662","156479","221","false","https://www.deezer.com/us/track/492398662","https://cdnt-preview.dzcdn.net/api/1/1/d/f/3/0/df39c5a1b9f11e975e581150e9d55565.mp3?hdnea=exp=1781737747~acl=/api/1/1/d/f/3/0/df39c5a1b9f11e975e581150e9d55565.mp3*~data=user_id=0,application_id=42~hmac=bb6845e26f2d62330788d4225d0881699141ba2b8a79c0e975e4d482e6708979","On 1 list: 10s Hits"
"(thematic candidate)","","","","ZEZE (feat. Travis Scott & Offset)","Kodak Black","ZEZE (feat. Travis Scott & Offset)","566492952","123861","229","false","https://www.deezer.com/us/track/566492952","https://cdnt-preview.dzcdn.net/api/1/1/7/1/b/0/71baf2e666517fa0e2af0a90a637a09f.mp3?hdnea=exp=1781737748~acl=/api/1/1/7/1/b/0/71baf2e666517fa0e2af0a90a637a09f.mp3*~data=user_id=0,application_id=42~hmac=03ef4bc7115f861055f141dd27914d1c829c10a5f4425c4837c269c709247be2","On 1 list: 10s Hits"
"(thematic candidate)","","","","Bailando (Spanish Version)","Enrique Iglesias","S** AND LOVE (Deluxe)","83876607","88519","244","false","https://www.deezer.com/us/track/83876607","https://cdnt-preview.dzcdn.net/api/1/1/2/6/b/0/26bed953142c1488c1ab38d11612c798.mp3?hdnea=exp=1781737748~acl=/api/1/1/2/6/b/0/26bed953142c1488c1ab38d11612c798.mp3*~data=user_id=0,application_id=42~hmac=b848430028e7c51cde2a216b1bc9c2e44055940903586a3608636c892e278463","On 1 list: 10s Hits"
"(thematic candidate)","","","","Call On Me (Ryan Riback Remix)","Starley","One Of One","1073060392","82666","222","false","https://www.deezer.com/us/track/1073060392","https://cdnt-preview.dzcdn.net/api/1/1/2/a/c/0/2acab24241d1f2cf686b80a4a4051e60.mp3?hdnea=exp=1781737749~acl=/api/1/1/2/a/c/0/2acab24241d1f2cf686b80a4a4051e60.mp3*~data=user_id=0,application_id=42~hmac=7f1920d531d206d22c96936e3a652e7b2b25aafde00c2f5ee195e61ef59b131e","On 1 list: 10s Hits"
"(thematic candidate)","","","","Nevermind","Dennis Lloyd","Nevermind","138421893","64349","157","false","https://www.deezer.com/us/track/138421893","https://cdnt-preview.dzcdn.net/api/1/1/0/8/f/0/08feafe0e63ba1ba57b47ecdb91990b4.mp3?hdnea=exp=1781737753~acl=/api/1/1/0/8/f/0/08feafe0e63ba1ba57b47ecdb91990b4.mp3*~data=user_id=0,application_id=42~hmac=3aaa4dd21eefc99dbcf2b1afd90b51518cd3332c401123e0dae85de05a21c4cb","On 1 list: 10s Summer Hits"
"(thematic candidate)","","","","Don't You Wanna Stay (feat. Kelly Clarkson)","Jason Aldean","Stronger (Deluxe Version)","14846514","22768","256","false","https://www.deezer.com/us/track/14846514","https://cdnt-preview.dzcdn.net/api/1/1/7/a/3/0/7a3c6c8dfcc9a8425aedec5b335df492.mp3?hdnea=exp=1781737748~acl=/api/1/1/7/a/3/0/7a3c6c8dfcc9a8425aedec5b335df492.mp3*~data=user_id=0,application_id=42~hmac=8b181e80479db4bbc539a1de9811f035d4dc8a8697f83b0232125ce9ad21818e","On 1 list: 10s Hits"
"(thematic candidate)","","","","Love Me","Lil Wayne","I Am Not A Human Being II (Japan Version)","436318572","22399","253","true","https://www.deezer.com/us/track/436318572","https://cdnt-preview.dzcdn.net/api/1/1/a/3/6/0/a363e0530d142d3f02f0c61f73d0b86d.mp3?hdnea=exp=1781737748~acl=/api/1/1/a/3/6/0/a363e0530d142d3f02f0c61f73d0b86d.mp3*~data=user_id=0,application_id=42~hmac=b2351f802da3d3134735e350398c4738703b1439bcd14ef3b92c7e9b94b450f3","On 1 list: 10s Hits"
"(thematic candidate)","","","","Old Town Road (feat. Billy Ray Cyrus) (Remix)","Lil Nas X","Old Town Road (feat. Billy Ray Cyrus) (Remix)","660051472","11459","157","false","https://www.deezer.com/us/track/660051472","https://cdnt-preview.dzcdn.net/api/1/1/d/7/9/0/d79ca0ab57b16730433f9b53ce6bf599.mp3?hdnea=exp=1781737747~acl=/api/1/1/d/7/9/0/d79ca0ab57b16730433f9b53ce6bf599.mp3*~data=user_id=0,application_id=42~hmac=533aeafba1d6d1468d8953c9d5f418653aca8aad9244cfa28b185167e37dba49","On 1 list: 10s Hits"
