OriginalTitle,OriginalArtist,OriginalDeezerId,OriginalRank,AlternativeTitle,AlternativeArtist,AlternativeAlbum,AlternativeDeezerId,AlternativeRank,AlternativeDurationSec,AlternativeExplicit,DeezerTrackUrl,AlternativePreviewUrl,ConfidenceNote
"(thematic candidate)","","","","Superstition (Single Version)","Stevie Wonder","The Definitive Collection","598076432","199433","245","false","https://www.deezer.com/us/track/598076432","https://cdnt-preview.dzcdn.net/api/1/1/4/e/a/0/4ea0729984e6027d9cc3c0bbb0af3305.mp3?hdnea=exp=1781737713~acl=/api/1/1/4/e/a/0/4ea0729984e6027d9cc3c0bbb0af3305.mp3*~data=user_id=0,application_id=42~hmac=74f947db2bb91f34681584b2cc45d3216e69e9b2ddcdbfc45667f50a06a76676","On 2 editorial lists"
"(thematic candidate)","","","","My Life","Billy Joel","52nd Street","1025636","694795","282","false","https://www.deezer.com/us/track/1025636","https://cdnt-preview.dzcdn.net/api/1/1/d/e/d/0/ded15d04574c7e1691212e4288d196e5.mp3?hdnea=exp=1781737711~acl=/api/1/1/d/e/d/0/ded15d04574c7e1691212e4288d196e5.mp3*~data=user_id=0,application_id=42~hmac=7184a7a6b1d36ba054b71a5915b32ed7953ff339cbf409a41c08072f3c3f376d","On 1 list: 70s Hits"
"(thematic candidate)","","","","I'm So Excited","The Pointer Sisters","I'm So Excited - The Very Best Of","13142736","693135","233","false","https://www.deezer.com/us/track/13142736","https://cdnt-preview.dzcdn.net/api/1/1/b/2/a/0/b2a915f6335ce3afd11e4c17b3c9793a.mp3?hdnea=exp=1781737715~acl=/api/1/1/b/2/a/0/b2a915f6335ce3afd11e4c17b3c9793a.mp3*~data=user_id=0,application_id=42~hmac=736656eb0fbe40cc146b24e76f993c2b86878345a29c28735ba7cbcc509c4c93","On 1 list: Disco Essentials"
"(thematic candidate)","","","","Whatever You Want","Status Quo","Whatever You Want","1181897","692304","243","false","https://www.deezer.com/us/track/1181897","https://cdnt-preview.dzcdn.net/api/1/1/8/5/f/0/85facbc956d0ee630990893ba0ed5410.mp3?hdnea=exp=1781737711~acl=/api/1/1/8/5/f/0/85facbc956d0ee630990893ba0ed5410.mp3*~data=user_id=0,application_id=42~hmac=4939be2f77c4ce05c3db42dd5c8e1025dedb3104120ffd10a62f60866a1a982b","On 1 list: 70s Hits"
"(thematic candidate)","","","","Angeleyes","ABBA","Abba Gold Anniversary Edition","76376891","692094","260","false","https://www.deezer.com/us/track/76376891","https://cdnt-preview.dzcdn.net/api/1/1/c/f/d/0/cfd2692638e9799cced3f08930b4872b.mp3?hdnea=exp=1781737711~acl=/api/1/1/c/f/d/0/cfd2692638e9799cced3f08930b4872b.mp3*~data=user_id=0,application_id=42~hmac=964f4ad03d8966cd7cf5438f76c3005625ca1977622b309720844f04bce0fad8","On 1 list: 70s Hits"
"(thematic candidate)","","","","Just An Illusion","Imagination","In The Heat Of The Night","3996796","690899","387","false","https://www.deezer.com/us/track/3996796","https://cdnt-preview.dzcdn.net/api/1/1/6/5/f/0/65fe674fa20495163e4f7bfc3a011979.mp3?hdnea=exp=1781737715~acl=/api/1/1/6/5/f/0/65fe674fa20495163e4f7bfc3a011979.mp3*~data=user_id=0,application_id=42~hmac=ee0da94381c204c092fceec8112edc80e08b7f967ab6e2854e19bf49d884ab2b","On 1 list: Disco Essentials"
"(thematic candidate)","","","","Live And Let Die","Paul McCartney","Pure McCartney (Deluxe Edition)","126368823","689941","194","false","https://www.deezer.com/us/track/126368823","https://cdnt-preview.dzcdn.net/api/1/1/0/d/6/0/0d684413b4327e7bfa06f670c79e860c.mp3?hdnea=exp=1781737711~acl=/api/1/1/0/d/6/0/0d684413b4327e7bfa06f670c79e860c.mp3*~data=user_id=0,application_id=42~hmac=2d6b7749592af75c820c0631696a96e0e92fb438c6187c8fca49bc1673d87d47","On 1 list: 70s Hits"
"(thematic candidate)","","","","The Gambler","Kenny Rogers","The Gambler","3108438","686614","212","false","https://www.deezer.com/us/track/3108438","https://cdnt-preview.dzcdn.net/api/1/1/c/a/6/0/ca66aef1993f20bd6ee14d40b49ec7e9.mp3?hdnea=exp=1781737711~acl=/api/1/1/c/a/6/0/ca66aef1993f20bd6ee14d40b49ec7e9.mp3*~data=user_id=0,application_id=42~hmac=ec8ef915f4a5a2a4fc6b2cda453e3106c648832f1bc780f16d3ac131d0e96049","On 1 list: 70s Hits"
"(thematic candidate)","","","","Fantasy","Earth, Wind & Fire","September","487484162","685041","277","false","https://www.deezer.com/us/track/487484162","https://cdnt-preview.dzcdn.net/api/1/1/2/0/8/0/20832a0ec01c7ddf17148bc6c31df44b.mp3?hdnea=exp=1781737710~acl=/api/1/1/2/0/8/0/20832a0ec01c7ddf17148bc6c31df44b.mp3*~data=user_id=0,application_id=42~hmac=098d48edceddd484641959272685e7e094f3e4bd9dd0927debb753b5d56d73c2","On 1 list: 70s Hits"
"(thematic candidate)","","","","Knowing Me, Knowing You","ABBA","ABBA Gold","884026","684344","242","false","https://www.deezer.com/us/track/884026","https://cdnt-preview.dzcdn.net/api/1/1/4/5/8/0/4587db646c3d0be6679d9a4fcab8423b.mp3?hdnea=exp=1781737711~acl=/api/1/1/4/5/8/0/4587db646c3d0be6679d9a4fcab8423b.mp3*~data=user_id=0,application_id=42~hmac=8454ff270acf02d46b7e376cd4d8a6a25ebf1f40c9faea2dfd1c095e14cb7fd5","On 1 list: 70s Hits"
"(thematic candidate)","","","","That's the Way (I Like It)","KC & The Sunshine Band","The Best of KC & the Sunshine Band","3151321","684233","306","false","https://www.deezer.com/us/track/3151321","https://cdnt-preview.dzcdn.net/api/1/1/e/b/1/0/eb1d3bfd27db2092dc245c229811eca8.mp3?hdnea=exp=1781737715~acl=/api/1/1/e/b/1/0/eb1d3bfd27db2092dc245c229811eca8.mp3*~data=user_id=0,application_id=42~hmac=4bfb88a30b0170fe3a1d78b4d98129fcc2b7df2b0c73d99713f0b60e297c9434","On 1 list: Disco Essentials"
"(thematic candidate)","","","","Old Time Rock & Roll","Bob Seger & The Silver Bullet Band","Textsicher","2548061582","681175","192","false","https://www.deezer.com/us/track/2548061582","https://cdnt-preview.dzcdn.net/api/1/1/b/c/5/0/bc51c617e693da223211eb49f8aa6b85.mp3?hdnea=exp=1781737712~acl=/api/1/1/b/c/5/0/bc51c617e693da223211eb49f8aa6b85.mp3*~data=user_id=0,application_id=42~hmac=5d5724c44db21f8b57c8e1d2e09d8a2a67c32d25a52563849b47c5d9be39791b","On 1 list: 70s Hits"
"(thematic candidate)","","","","Cry Baby","Janis Joplin","Box Of Pearls","830254","680664","236","false","https://www.deezer.com/us/track/830254","https://cdnt-preview.dzcdn.net/api/1/1/5/d/a/0/5da0753dc5260e30421f7fbaf5e109cf.mp3?hdnea=exp=1781737713~acl=/api/1/1/5/d/a/0/5da0753dc5260e30421f7fbaf5e109cf.mp3*~data=user_id=0,application_id=42~hmac=e3bc35d703299179dafd93a20cd1d0d03783c7c613ce4f2bfe23a9c7f7882942","On 1 list: 70s Rock"
"(thematic candidate)","","","","Copacabana (Remastered)","Barry Manilow","The Complete Collection...And Then Some","1076432","679150","245","false","https://www.deezer.com/us/track/1076432","https://cdnt-preview.dzcdn.net/api/1/1/d/0/a/0/d0a139bb2e18d2283ee44aa41fb13608.mp3?hdnea=exp=1781737712~acl=/api/1/1/d/0/a/0/d0a139bb2e18d2283ee44aa41fb13608.mp3*~data=user_id=0,application_id=42~hmac=bdcd0bf40e1028bed297af4092213aeca14ab26b528b9e96357c3d7eb1a958e7","On 1 list: 70s Hits"
"(thematic candidate)","","","","Ladies Night","Kool & The Gang","Ladies' Night","541625242","677609","386","false","https://www.deezer.com/us/track/541625242","https://cdnt-preview.dzcdn.net/api/1/1/d/0/0/0/d0095b60f8b21284eeffbe18b803d37e.mp3?hdnea=exp=1781737715~acl=/api/1/1/d/0/0/0/d0095b60f8b21284eeffbe18b803d37e.mp3*~data=user_id=0,application_id=42~hmac=8406ffeba1b54ca74375d7ec08107e98717892043f35e4d22f9d22456c1db76f","On 1 list: Disco Essentials"
"(thematic candidate)","","","","(They Long To Be) Close To You","Carpenters","Close To You","74790480","676839","273","false","https://www.deezer.com/us/track/74790480","https://cdnt-preview.dzcdn.net/api/1/1/1/3/8/0/1389404d0fbd26e181ab5f89b1e6202f.mp3?hdnea=exp=1781737715~acl=/api/1/1/1/3/8/0/1389404d0fbd26e181ab5f89b1e6202f.mp3*~data=user_id=0,application_id=42~hmac=bdc0d70781bd98485167ca97a1126115e4088c8fa968e3443a5fe2dfa79bb64d","On 1 list: 70s Ballads"
"(thematic candidate)","","","","Just the Way You Are","Billy Joel","The Stranger (Legacy Edition)","988630","667389","289","false","https://www.deezer.com/us/track/988630","https://cdnt-preview.dzcdn.net/api/1/1/3/3/c/0/33cf043eaaa7cfc2ecb8c8e4fb24742e.mp3?hdnea=exp=1781737710~acl=/api/1/1/3/3/c/0/33cf043eaaa7cfc2ecb8c8e4fb24742e.mp3*~data=user_id=0,application_id=42~hmac=5252612bb64253dd9074382c219c081715385f207f0459bbe6aa4d776ae3ff53","On 1 list: 70s Hits"
"(thematic candidate)","","","","Crazy On You","Heart","Dreamboat Annie","3127720","665488","294","false","https://www.deezer.com/us/track/3127720","https://cdnt-preview.dzcdn.net/api/1/1/8/1/7/0/8174c9c8fc7edf0d374a08f082eaf002.mp3?hdnea=exp=1781737710~acl=/api/1/1/8/1/7/0/8174c9c8fc7edf0d374a08f082eaf002.mp3*~data=user_id=0,application_id=42~hmac=87b58cd4b6137086a5028d723f760a6f0794a8adc2b96eb0052c4df549eaa54a","On 1 list: 70s Hits"
"(thematic candidate)","","","","Year of the Cat (2001 Remaster)","Al Stewart","Year of the Cat","3100130","662905","401","false","https://www.deezer.com/us/track/3100130","https://cdnt-preview.dzcdn.net/api/1/1/1/7/0/0/1709eafcc99e3864aeede0d929ba96c9.mp3?hdnea=exp=1781737712~acl=/api/1/1/1/7/0/0/1709eafcc99e3864aeede0d929ba96c9.mp3*~data=user_id=0,application_id=42~hmac=8c91ca378b001e89875d1fa767f99ccfcf798f82fa0240d6767aadc691d58137","On 1 list: 70s Hits"
"(thematic candidate)","","","","I Keep Forgettin' (Every Time You're Near)","Michael McDonald","If That's What It Takes","5617796","659576","222","false","https://www.deezer.com/us/track/5617796","https://cdnt-preview.dzcdn.net/api/1/1/9/5/d/0/95de4b7920eaad133dff7457ecff2048.mp3?hdnea=exp=1781737710~acl=/api/1/1/9/5/d/0/95de4b7920eaad133dff7457ecff2048.mp3*~data=user_id=0,application_id=42~hmac=0cf94257af01145b834b7ead9322c66a1dcc1e85434cd85edaffa53e269f7ab0","On 1 list: 70s Hits"
"(thematic candidate)","","","","The Boxer","Simon & Garfunkel","Bridge Over Troubled Water","13174769","654089","307","false","https://www.deezer.com/us/track/13174769","https://cdnt-preview.dzcdn.net/api/1/1/6/0/1/0/6017f82df0f004dbf8bb508c7e439565.mp3?hdnea=exp=1781737711~acl=/api/1/1/6/0/1/0/6017f82df0f004dbf8bb508c7e439565.mp3*~data=user_id=0,application_id=42~hmac=45251eda9f44d79b823377336f3dc4478c94f46eb220011a083c93cf59fb5919","On 1 list: 70s Hits"
"(thematic candidate)","","","","I Can See Clearly Now","Johnny Nash","I Can See Clearly Now (Expanded Edition)","13784672","651443","164","false","https://www.deezer.com/us/track/13784672","https://cdnt-preview.dzcdn.net/api/1/1/1/8/a/0/18a9b6dd28993496e06284679f220b64.mp3?hdnea=exp=1781737709~acl=/api/1/1/1/8/a/0/18a9b6dd28993496e06284679f220b64.mp3*~data=user_id=0,application_id=42~hmac=7ef1711f6e678b1e2253e809dd815f28a738f16c72cc28e671a605019a177a5b","On 1 list: 70s Hits"
"(thematic candidate)","","","","Another Brick in the Wall, Pt. 1","Pink Floyd","The Wall","116914090","650703","192","false","https://www.deezer.com/us/track/116914090","https://cdnt-preview.dzcdn.net/api/1/1/c/4/4/0/c443879390b86ec056dbfe2d31d2deac.mp3?hdnea=exp=1781737710~acl=/api/1/1/c/4/4/0/c443879390b86ec056dbfe2d31d2deac.mp3*~data=user_id=0,application_id=42~hmac=57779e408ff183b2d4487d2308dfe0a9ecfdc20ee27c69bacc999dd96148f677","On 1 list: 70s Hits"
"(thematic candidate)","","","","The Love You Save","Jackson 5","The Ultimate Collection: Jackson 5","920084","650400","184","false","https://www.deezer.com/us/track/920084","https://cdnt-preview.dzcdn.net/api/1/1/f/2/8/0/f2800608e88dc5b65a13979bcac9dcbd.mp3?hdnea=exp=1781737714~acl=/api/1/1/f/2/8/0/f2800608e88dc5b65a13979bcac9dcbd.mp3*~data=user_id=0,application_id=42~hmac=dee567b8b35fca5c50a1f40e47cec1eeeaeb9787e2f7d7cf9e1739a895042d95","On 1 list: 70s Soul"
"(thematic candidate)","","","","Bridge Over Troubled Water","Simon & Garfunkel","Bridge Over Troubled Water","13174764","649099","293","false","https://www.deezer.com/us/track/13174764","https://cdnt-preview.dzcdn.net/api/1/1/b/5/a/0/b5a43e78afa9d03f0e4e556aed5993e4.mp3?hdnea=exp=1781737709~acl=/api/1/1/b/5/a/0/b5a43e78afa9d03f0e4e556aed5993e4.mp3*~data=user_id=0,application_id=42~hmac=7c07f4cce25967f99076055c7be407ab02f0c27ba5c7dd830b446a9a72d2ef6b","On 1 list: 70s Hits"
"(thematic candidate)","","","","Low Rider","War","Anthology 1970-1974","143042822","647123","190","false","https://www.deezer.com/us/track/143042822","https://cdnt-preview.dzcdn.net/api/1/1/0/6/0/0/0608fe18fdf2e78a07dfef2e8db79517.mp3?hdnea=exp=1781737711~acl=/api/1/1/0/6/0/0/0608fe18fdf2e78a07dfef2e8db79517.mp3*~data=user_id=0,application_id=42~hmac=b1744b38d3df606a34456971af83be1d84610839591fd2387e988133d628c8d2","On 1 list: 70s Hits"
"(thematic candidate)","","","","Changes (2015 Remaster)","David Bowie","Hunky Dory (2015 Remaster)","107474516","644679","212","false","https://www.deezer.com/us/track/107474516","https://cdnt-preview.dzcdn.net/api/1/1/1/c/9/0/1c9f796475c95d82c14cde1e8f3f6e0b.mp3?hdnea=exp=1781737713~acl=/api/1/1/1/c/9/0/1c9f796475c95d82c14cde1e8f3f6e0b.mp3*~data=user_id=0,application_id=42~hmac=209e8e9b7bdf981c6277dd35d6fdadd0b65311a3a777bb897ddca7eed040f52e","On 1 list: 70s HITS - 100 Greatest Songs of the 1970s"
"(thematic candidate)","","","","Reasons","Earth, Wind & Fire","That's The Way Of The World","15636813","638189","299","false","https://www.deezer.com/us/track/15636813","https://cdnt-preview.dzcdn.net/api/1/1/d/8/5/0/d855e14c526acb4f1c57ec62c99bc801.mp3?hdnea=exp=1781737709~acl=/api/1/1/d/8/5/0/d855e14c526acb4f1c57ec62c99bc801.mp3*~data=user_id=0,application_id=42~hmac=fe75e63bcc111fa3093430bcd9fe794babb0b244501a1db4a6a3fb2a79e35e62","On 1 list: 70s Hits"
"(thematic candidate)","","","","Love Really Hurts Without You","Billy Ocean","The Very Best of Billy Ocean","6071038","633465","186","false","https://www.deezer.com/us/track/6071038","https://cdnt-preview.dzcdn.net/api/1/1/c/2/e/0/c2e139dadd683ec88bb9601bc7d7764d.mp3?hdnea=exp=1781737710~acl=/api/1/1/c/2/e/0/c2e139dadd683ec88bb9601bc7d7764d.mp3*~data=user_id=0,application_id=42~hmac=9d38e5448aa6dd70b5fdbbc3d1a252f33ae1bbceff222ab35ae012b0c0a5937f","On 1 list: 70s Hits"
"(thematic candidate)","","","","Werewolves of London","Warren Zevon","Excitable Boy","773638","632841","209","false","https://www.deezer.com/us/track/773638","https://cdnt-preview.dzcdn.net/api/1/1/e/b/4/0/eb47089fb527b93159cfb0ee2d5f7d07.mp3?hdnea=exp=1781737713~acl=/api/1/1/e/b/4/0/eb47089fb527b93159cfb0ee2d5f7d07.mp3*~data=user_id=0,application_id=42~hmac=86ceecca348f81c5cf9d824f7c9f2eaf6fe71bdbc62b7eceed28ca5a1827825a","On 1 list: 70s Rock"
"(thematic candidate)","","","","Brandy (You're a Fine Girl)","Looking Glass","Looking Glass","6917710","627511","186","false","https://www.deezer.com/us/track/6917710","https://cdnt-preview.dzcdn.net/api/1/1/f/d/4/0/fd471b12bbf972d8cb06077ed7e7a0be.mp3?hdnea=exp=1781737709~acl=/api/1/1/f/d/4/0/fd471b12bbf972d8cb06077ed7e7a0be.mp3*~data=user_id=0,application_id=42~hmac=d9dac8d9b55883b5aa2d88b6a94615197dbd3f18081f98fa20ba478691fe51e3","On 1 list: 70s Hits"
"(thematic candidate)","","","","Wham Bam Shang-A-Lang","Silver","Silver","120731576","627156","212","false","https://www.deezer.com/us/track/120731576","https://cdnt-preview.dzcdn.net/api/1/1/8/3/f/0/83fbee230fc4fc3fc9ed7df9149d3c43.mp3?hdnea=exp=1781737709~acl=/api/1/1/8/3/f/0/83fbee230fc4fc3fc9ed7df9149d3c43.mp3*~data=user_id=0,application_id=42~hmac=89104be6e912d7c8e8cfe2fbd8c4a652f7eb3f203cf913db463cbca51f9f27ae","On 1 list: 70s Hits"
"(thematic candidate)","","","","Make It with You","Bread","The Best of Bread","675093","626438","192","false","https://www.deezer.com/us/track/675093","https://cdnt-preview.dzcdn.net/api/1/1/0/4/9/0/049e1d3dfb728deb303371de82de985f.mp3?hdnea=exp=1781737712~acl=/api/1/1/0/4/9/0/049e1d3dfb728deb303371de82de985f.mp3*~data=user_id=0,application_id=42~hmac=a103216e3ed2edb29e6d29f70c376e28b0425115de1398938c58e82390cd478d","On 1 list: 70s Hits"
"(thematic candidate)","","","","Fooled Around And Fell In Love","Elvin Bishop","Boogie Nights #2 (More Music From The Original Motion Picture)","4733215","624858","275","false","https://www.deezer.com/us/track/4733215","https://cdnt-preview.dzcdn.net/api/1/1/4/1/f/0/41f7a765d529921bafc90e9a29f6bf6b.mp3?hdnea=exp=1781737710~acl=/api/1/1/4/1/f/0/41f7a765d529921bafc90e9a29f6bf6b.mp3*~data=user_id=0,application_id=42~hmac=bf49574c8c26760406adac64b59fd8b71c3802437488e43294bb7b65851f5292","On 1 list: 70s Hits"
"(thematic candidate)","","","","You've Got a Friend","Carole King","Tapestry","119819710","622889","309","false","https://www.deezer.com/us/track/119819710","https://cdnt-preview.dzcdn.net/api/1/1/d/a/a/0/daaae54ad9f2f0f56b6040823a699e59.mp3?hdnea=exp=1781737709~acl=/api/1/1/d/a/a/0/daaae54ad9f2f0f56b6040823a699e59.mp3*~data=user_id=0,application_id=42~hmac=b0774bddc913d04297d9f81588bee2c3de51f98c39da5a9462352f8fc66a72f2","On 1 list: 70s Hits"
"(thematic candidate)","","","","Oye Como Va","Santana","Ultimate Santana","15437788","621768","256","false","https://www.deezer.com/us/track/15437788","https://cdnt-preview.dzcdn.net/api/1/1/e/6/c/0/e6c87072497256fdb43060b8e3c19bc5.mp3?hdnea=exp=1781737710~acl=/api/1/1/e/6/c/0/e6c87072497256fdb43060b8e3c19bc5.mp3*~data=user_id=0,application_id=42~hmac=9d83bff11f17be040802f1b01b69e89dd34ef5c1b8597863a137efe1368aa552","On 1 list: 70s Hits"
"(thematic candidate)","","","","The Ocean (Remaster)","Led Zeppelin","Houses of the Holy (Remaster)","111628810","620765","271","false","https://www.deezer.com/us/track/111628810","https://cdnt-preview.dzcdn.net/api/1/1/6/4/c/0/64c0f7b1c11b5e28bb01f3eb010ed281.mp3?hdnea=exp=1781737713~acl=/api/1/1/6/4/c/0/64c0f7b1c11b5e28bb01f3eb010ed281.mp3*~data=user_id=0,application_id=42~hmac=b83cf2ad67e55691a07bfc535601099031c2bebe3971c268cc565873580a799d","On 1 list: 70s Rock"
"(thematic candidate)","","","","Thunder Road","Bruce Springsteen","Greatest Hits","552942242","620714","290","false","https://www.deezer.com/us/track/552942242","https://cdnt-preview.dzcdn.net/api/1/1/3/f/6/0/3f6fabc043140a5d7e4fc759b4305a0a.mp3?hdnea=exp=1781737710~acl=/api/1/1/3/f/6/0/3f6fabc043140a5d7e4fc759b4305a0a.mp3*~data=user_id=0,application_id=42~hmac=b028a81ad508f756d11a30686f75d058d5efedf5a49328969939e720f89eb76c","On 1 list: 70s Hits"
"(thematic candidate)","","","","The Model (2009 Remaster)","Kraftwerk","The Man-Machine (2009 Remaster)","4262789","618638","220","false","https://www.deezer.com/us/track/4262789","https://cdnt-preview.dzcdn.net/api/1/1/3/5/a/0/35a5644f9fbe51af066e76f80194b7c6.mp3?hdnea=exp=1781737711~acl=/api/1/1/3/5/a/0/35a5644f9fbe51af066e76f80194b7c6.mp3*~data=user_id=0,application_id=42~hmac=eb885e38e50a44558dafef11e0e7d35cf65d2e72ea267532cfd0334991656e35","On 1 list: 70s Hits"
"(thematic candidate)","","","","Use Me","Bill Withers","The Essential Bill Withers","70016820","618130","222","false","https://www.deezer.com/us/track/70016820","https://cdnt-preview.dzcdn.net/api/1/1/4/a/4/0/4a448a3e9bfbf8501ed3e101df292024.mp3?hdnea=exp=1781737709~acl=/api/1/1/4/a/4/0/4a448a3e9bfbf8501ed3e101df292024.mp3*~data=user_id=0,application_id=42~hmac=3d7a0480a98309ff402a0cc92852ae2d2f6c1813aec4d7e8da0f65b7b125a4c8","On 1 list: 70s Hits"
"(thematic candidate)","","","","Songbird (2004 Remaster)","Fleetwood Mac","Rumours","63480991","617979","200","false","https://www.deezer.com/us/track/63480991","https://cdnt-preview.dzcdn.net/api/1/1/a/d/9/0/ad94901612b6c2b856990ed1f0b801b3.mp3?hdnea=exp=1781737710~acl=/api/1/1/a/d/9/0/ad94901612b6c2b856990ed1f0b801b3.mp3*~data=user_id=0,application_id=42~hmac=d57ca4d01247e45e6ac3e076df628874e83e9b6d9b5a8cf6fa219d113218a295","On 1 list: 70s Hits"
"(thematic candidate)","","","","Let Me Roll It (2010 Remaster)","Paul McCartney","Band On The Run","7340167","616214","289","false","https://www.deezer.com/us/track/7340167","https://cdnt-preview.dzcdn.net/api/1/1/5/7/8/0/578b5f0d6ab026149d3091b58bf49fce.mp3?hdnea=exp=1781737713~acl=/api/1/1/5/7/8/0/578b5f0d6ab026149d3091b58bf49fce.mp3*~data=user_id=0,application_id=42~hmac=97eddf4d08c10455ba493efc047733cf79706cae2e82b41f4b21c7e9a344a5d5","On 1 list: 70s Rock"
"(thematic candidate)","","","","Mississippi Queen","Mountain","Climbing!","608589","615150","151","false","https://www.deezer.com/us/track/608589","https://cdnt-preview.dzcdn.net/api/1/1/d/6/8/0/d686bf1cf29384d34b1d4c7ae3b4f78a.mp3?hdnea=exp=1781737709~acl=/api/1/1/d/6/8/0/d686bf1cf29384d34b1d4c7ae3b4f78a.mp3*~data=user_id=0,application_id=42~hmac=54de3ceb27186cc5b619a57d5f7ff0254d745a854cb21c202dfc40797015aad1","On 1 list: 70s Hits"
"(thematic candidate)","","","","I Wanna Be Sedated","Ramones","Road to Ruin (40th Anniversary Deluxe Edition)","556340432","603951","149","false","https://www.deezer.com/us/track/556340432","https://cdnt-preview.dzcdn.net/api/1/1/8/a/9/0/8a9aec09c9a34b5972e5699d46b9ffa8.mp3?hdnea=exp=1781737713~acl=/api/1/1/8/a/9/0/8a9aec09c9a34b5972e5699d46b9ffa8.mp3*~data=user_id=0,application_id=42~hmac=a8e03625f350198ecebc53f360548da8cc6cc59ba8f664d2ad40ff8383af213f","On 1 list: 70s HITS - 100 Greatest Songs of the 1970s"
"(thematic candidate)","","","","All By Myself","Eric Carmen","Eric Carmen","391680222","603895","435","false","https://www.deezer.com/us/track/391680222","https://cdnt-preview.dzcdn.net/api/1/1/3/1/c/0/31cd2e2f2ff3eb6c1768ce71d4e51621.mp3?hdnea=exp=1781737710~acl=/api/1/1/3/1/c/0/31cd2e2f2ff3eb6c1768ce71d4e51621.mp3*~data=user_id=0,application_id=42~hmac=c32bbb1f7a56be3f194fd402fb7f04ade8744eaa877c1292592212c73e96a04b","On 1 list: 70s Hits"
"(thematic candidate)","","","","Life on Mars? (2015 Remaster)","David Bowie","Hunky Dory (2015 Remaster)","107474522","602468","235","false","https://www.deezer.com/us/track/107474522","https://cdnt-preview.dzcdn.net/api/1/1/e/e/a/0/eeaa0189f2fb357c28560a9b399295ee.mp3?hdnea=exp=1781737710~acl=/api/1/1/e/e/a/0/eeaa0189f2fb357c28560a9b399295ee.mp3*~data=user_id=0,application_id=42~hmac=f0fba3d03f3c91789db81affc1e1a59859cddf023dab21022c9e7a1aef4b0c53","On 1 list: 70s Hits"
"(thematic candidate)","","","","Everyday People","Sly & The Family Stone","Stand","534508","601782","141","false","https://www.deezer.com/us/track/534508","https://cdnt-preview.dzcdn.net/api/1/1/6/7/8/0/6781cded6ea316cd62c128d648fffba4.mp3?hdnea=exp=1781737713~acl=/api/1/1/6/7/8/0/6781cded6ea316cd62c128d648fffba4.mp3*~data=user_id=0,application_id=42~hmac=e07b7eb07f2debb9512fcf2c85de4224a81db69e2594704cad5c4851ab84fe23","On 1 list: 70s HITS - 100 Greatest Songs of the 1970s"
"(thematic candidate)","","","","Escape (The Pina Colada Song)","Rupert Holmes","'70s Pop #1's","906658","601523","274","false","https://www.deezer.com/us/track/906658","https://cdnt-preview.dzcdn.net/api/1/1/6/3/3/0/6334554264a696668efa94e43854281c.mp3?hdnea=exp=1781737715~acl=/api/1/1/6/3/3/0/6334554264a696668efa94e43854281c.mp3*~data=user_id=0,application_id=42~hmac=c4427a15310ce157b8024a6f5e3bdb1a616aaa7e23fa403d02c2bf39f272bee5","On 1 list: 70s Ballads"
"(thematic candidate)","","","","I Can't Tell You Why (2013 Remaster)","Eagles","The Complete Greatest Hits (2013 Remaster)","68116172","596821","295","false","https://www.deezer.com/us/track/68116172","https://cdnt-preview.dzcdn.net/api/1/1/7/1/8/0/7185f143b1826251bfdab61e136fc0fe.mp3?hdnea=exp=1781737710~acl=/api/1/1/7/1/8/0/7185f143b1826251bfdab61e136fc0fe.mp3*~data=user_id=0,application_id=42~hmac=d0034001a0ac41b3faa741edb9031e8c6d9e7ec936879645c623ea9c10ddd40a","On 1 list: 70s Hits"
"(thematic candidate)","","","","Born to Run","Bruce Springsteen","Chapter and Verse","132635408","592210","270","false","https://www.deezer.com/us/track/132635408","https://cdnt-preview.dzcdn.net/api/1/1/9/4/0/0/9403ab4091938da2595d356ba95b7612.mp3?hdnea=exp=1781737712~acl=/api/1/1/9/4/0/0/9403ab4091938da2595d356ba95b7612.mp3*~data=user_id=0,application_id=42~hmac=8838d4be6eeddb4f45f4a672ae08cd184f5e84aeaeb19182fe3cf6f1b1e2c37c","On 1 list: 70s Hits"
"(thematic candidate)","","","","Disco Inferno (Edit)","The Trammps","Playlist: The Best Of The Trammps","126844977","591916","215","false","https://www.deezer.com/us/track/126844977","https://cdnt-preview.dzcdn.net/api/1/1/c/1/5/0/c1541f4b8024c865cb0805f66af7a72c.mp3?hdnea=exp=1781737715~acl=/api/1/1/c/1/5/0/c1541f4b8024c865cb0805f66af7a72c.mp3*~data=user_id=0,application_id=42~hmac=341f1ac01e422d989f569690a08b9ac5fccebe6464d94d5b24a2a4bef3f2363e","On 1 list: Disco Essentials"
"(thematic candidate)","","","","Aqualung","Jethro Tull","Aqualung (Special Edition)","3105318","590836","395","false","https://www.deezer.com/us/track/3105318","https://cdnt-preview.dzcdn.net/api/1/1/1/b/5/0/1b59c1e99cd548ee780247eecab24356.mp3?hdnea=exp=1781737710~acl=/api/1/1/1/b/5/0/1b59c1e99cd548ee780247eecab24356.mp3*~data=user_id=0,application_id=42~hmac=a10d6666cf5979261be6ec0eb5bf0ac4b72467a37abb57c8547b0b5d13603c43","On 1 list: 70s Hits"
"(thematic candidate)","","","","Cat's in the Cradle","Harry Chapin","Cat's in the Cradle / Vacancy","4118799","589618","212","false","https://www.deezer.com/us/track/4118799","https://cdnt-preview.dzcdn.net/api/1/1/9/1/3/0/91343b6d061d59d1cdefb2a8b8800973.mp3?hdnea=exp=1781737711~acl=/api/1/1/9/1/3/0/91343b6d061d59d1cdefb2a8b8800973.mp3*~data=user_id=0,application_id=42~hmac=d25663a92a490bb228b70d0dd6bd34a67a3de11ec81959ce6786b4a5a80e398d","On 1 list: 70s Hits"
"(thematic candidate)","","","","Ain't No Sunshine","Michael Jackson","The Definitive Collection","4188296","589463","253","false","https://www.deezer.com/us/track/4188296","https://cdnt-preview.dzcdn.net/api/1/1/f/b/3/0/fb37784c571812cf1ad69991f111c6fd.mp3?hdnea=exp=1781737711~acl=/api/1/1/f/b/3/0/fb37784c571812cf1ad69991f111c6fd.mp3*~data=user_id=0,application_id=42~hmac=a87f7f64332a2e279b86239dbdbb5868dfe23549aee898ffe6cfb49db3d7de6c","On 1 list: 70s Hits"
"(thematic candidate)","","","","Anarchy In The UK","Sex Pistols","Never Mind The Bollocks, Here’s The Sex Pistols","33255551","586820","210","false","https://www.deezer.com/us/track/33255551","https://cdnt-preview.dzcdn.net/api/1/1/5/2/5/0/5258ee3da019935ca65b0b42a9c50206.mp3?hdnea=exp=1781737713~acl=/api/1/1/5/2/5/0/5258ee3da019935ca65b0b42a9c50206.mp3*~data=user_id=0,application_id=42~hmac=372f7bb9dfba43f5871365d41664edd6f2c6631d31eab4d4a055a6d18ca46651","On 1 list: 70s Rock"
"(thematic candidate)","","","","Stand By Me (Remastered 2010)","John Lennon","Rock 'N' Roll","7163177","586260","208","false","https://www.deezer.com/us/track/7163177","https://cdnt-preview.dzcdn.net/api/1/1/5/c/6/0/5c635ebf4f5854dab718d3bd8d98dfef.mp3?hdnea=exp=1781737711~acl=/api/1/1/5/c/6/0/5c635ebf4f5854dab718d3bd8d98dfef.mp3*~data=user_id=0,application_id=42~hmac=79be21b4dff7c0a80fb1e779a69ee5bf7f3257d8a098c6e2f20b3e97f3328005","On 1 list: 70s Hits"
"(thematic candidate)","","","","Superfly","Curtis Mayfield","The Essentials","74658385","583401","233","false","https://www.deezer.com/us/track/74658385","https://cdnt-preview.dzcdn.net/api/1/1/3/6/3/0/363a60c3a0caa067deac1d043def5d83.mp3?hdnea=exp=1781737714~acl=/api/1/1/3/6/3/0/363a60c3a0caa067deac1d043def5d83.mp3*~data=user_id=0,application_id=42~hmac=fecbb9f095512671994403588ee7128b5a0a83d58d1c5c4950dbef5553bccdf5","On 1 list: 70s Soul"
"(thematic candidate)","","","","Helplessly Hoping (2005 Remaster)","Crosby, Stills & Nash","Crosby, Stills & Nash","3590422","581585","157","false","https://www.deezer.com/us/track/3590422","https://cdnt-preview.dzcdn.net/api/1/1/b/0/f/0/b0fceb9866e82893cdf39511684f649c.mp3?hdnea=exp=1781737713~acl=/api/1/1/b/0/f/0/b0fceb9866e82893cdf39511684f649c.mp3*~data=user_id=0,application_id=42~hmac=d2eb8fd59498a3ae6670f18e9eebb3d9d1f33770482796e80df60fc85c54a664","On 1 list: 70s HITS - 100 Greatest Songs of the 1970s"
"(thematic candidate)","","","","O-o-h Child (Buddha Remastered 2001)","The Five Stairsteps","The First Family of Soul: The Best of The Five Stairsteps","13198823","580629","193","false","https://www.deezer.com/us/track/13198823","https://cdnt-preview.dzcdn.net/api/1/1/b/2/0/0/b204e9c6b5e7f021ff5d47ca266274a8.mp3?hdnea=exp=1781737709~acl=/api/1/1/b/2/0/0/b204e9c6b5e7f021ff5d47ca266274a8.mp3*~data=user_id=0,application_id=42~hmac=356515d3a5f3245f3a4daa1dc5bca2494277a0f40dc4898a4a88db7edb443fda","On 1 list: 70s Hits"
"(thematic candidate)","","","","I Can Help","Billy Swan","The Best Of Billy Swan","15273580","579019","240","false","https://www.deezer.com/us/track/15273580","https://cdnt-preview.dzcdn.net/api/1/1/a/2/4/0/a2443dadc0a6514d30d28ff7b4d1202d.mp3?hdnea=exp=1781737713~acl=/api/1/1/a/2/4/0/a2443dadc0a6514d30d28ff7b4d1202d.mp3*~data=user_id=0,application_id=42~hmac=9b0da8ece6b6b3c418f5c9b102b913218d9b69f576045f6922ba14f14e9f3b52","On 1 list: 70s Rock"
"(thematic candidate)","","","","Midnight Rider","The Allman Brothers Band","Legendary Hits","549286792","576072","175","false","https://www.deezer.com/us/track/549286792","https://cdnt-preview.dzcdn.net/api/1/1/8/8/5/0/88570c34c440edb3516437b7fdaa2b52.mp3?hdnea=exp=1781737711~acl=/api/1/1/8/8/5/0/88570c34c440edb3516437b7fdaa2b52.mp3*~data=user_id=0,application_id=42~hmac=ef88309a94f6b13458dfa1f1dcce8f6a4543f9200dc12354f28cedb4cda75f75","On 1 list: 70s Hits"
"(thematic candidate)","","","","Soul Makossa","Manu Dibango","Manu Dibango Anthology","564564462","576011","264","false","https://www.deezer.com/us/track/564564462","https://cdnt-preview.dzcdn.net/api/1/1/4/2/a/0/42af6d51dc268225304716fcf30dac7f.mp3?hdnea=exp=1781737715~acl=/api/1/1/4/2/a/0/42af6d51dc268225304716fcf30dac7f.mp3*~data=user_id=0,application_id=42~hmac=475e19c74fe73241bde57d3b6e3feaf52f16bc7fc4d6465638368a1b1edc0417","On 1 list: Disco Essentials"
"(thematic candidate)","","","","Into the Mystic (2013 Remaster)","Van Morrison","Moondance","71433041","571574","205","false","https://www.deezer.com/us/track/71433041","https://cdnt-preview.dzcdn.net/api/1/1/0/e/6/0/0e6e92bacba01af65d6270abf8622db4.mp3?hdnea=exp=1781737713~acl=/api/1/1/0/e/6/0/0e6e92bacba01af65d6270abf8622db4.mp3*~data=user_id=0,application_id=42~hmac=4d01d3257330a38090502eff2f29605703f0f6f82af973c7891c438191d31c40","On 1 list: 70s HITS - 100 Greatest Songs of the 1970s"
"(thematic candidate)","","","","Baby Come Back","Player","70s Love","917233","570842","252","false","https://www.deezer.com/us/track/917233","https://cdnt-preview.dzcdn.net/api/1/1/a/9/5/0/a95ff45fd5a942508012ca067d5de7c6.mp3?hdnea=exp=1781737710~acl=/api/1/1/a/9/5/0/a95ff45fd5a942508012ca067d5de7c6.mp3*~data=user_id=0,application_id=42~hmac=eb1a4d3bd06112cc49146723a065dd0b05322014da87f2629a9a02b3cc663b37","On 1 list: 70s Hits"
"(thematic candidate)","","","","New York State of Mind","Billy Joel","Turnstiles","15438710","569201","362","false","https://www.deezer.com/us/track/15438710","https://cdnt-preview.dzcdn.net/api/1/1/0/6/3/0/063bf37d8dd8ec5b13e9842d95fdf2c9.mp3?hdnea=exp=1781737709~acl=/api/1/1/0/6/3/0/063bf37d8dd8ec5b13e9842d95fdf2c9.mp3*~data=user_id=0,application_id=42~hmac=e78ad5662c9a126df5514a2bf85ca9cf84f48737abce328b6db46123a8ca473c","On 1 list: 70s Hits"
"(thematic candidate)","","","","Bat Out of Hell","Meat Loaf","Bat Out Of Hell","125468082","566666","590","false","https://www.deezer.com/us/track/125468082","https://cdnt-preview.dzcdn.net/api/1/1/b/1/1/0/b1143a12de359c041a8f1c36cd6b54b5.mp3?hdnea=exp=1781737709~acl=/api/1/1/b/1/1/0/b1143a12de359c041a8f1c36cd6b54b5.mp3*~data=user_id=0,application_id=42~hmac=cb8c3674c187eaeb99cb8c5a486bf6442c5e48ebc5bac154df7c61c0f71a9642","On 1 list: 70s Hits"
"(thematic candidate)","","","","Fly Robin Fly","Silver Convention","Fly Robin Fly","11787290","564586","230","false","https://www.deezer.com/us/track/11787290","https://cdnt-preview.dzcdn.net/api/1/1/2/a/a/0/2aa0ad31d6522d5c36c94a7e95b153df.mp3?hdnea=exp=1781737715~acl=/api/1/1/2/a/a/0/2aa0ad31d6522d5c36c94a7e95b153df.mp3*~data=user_id=0,application_id=42~hmac=306f8f0110a38d7ee4c9e6c07ffcc6c8a787d620bd210a7733731c981ff86c18","On 1 list: Disco Essentials"
"(thematic candidate)","","","","Ooh La La","Faces","Ooh La La","3858835","564092","212","false","https://www.deezer.com/us/track/3858835","https://cdnt-preview.dzcdn.net/api/1/1/f/c/3/0/fc3e34d86827b274310f004ea3b97750.mp3?hdnea=exp=1781737713~acl=/api/1/1/f/c/3/0/fc3e34d86827b274310f004ea3b97750.mp3*~data=user_id=0,application_id=42~hmac=47d51823f41e6e75445b38e08f9d44fc2a80d23b354950182c28d0adf2b57770","On 1 list: 70s HITS - 100 Greatest Songs of the 1970s"
"(thematic candidate)","","","","Big Yellow Taxi","Joni Mitchell","Hits","2812992","563765","134","false","https://www.deezer.com/us/track/2812992","https://cdnt-preview.dzcdn.net/api/1/1/2/2/5/0/2256658eac261b29969fb2896cc9fb22.mp3?hdnea=exp=1781737711~acl=/api/1/1/2/2/5/0/2256658eac261b29969fb2896cc9fb22.mp3*~data=user_id=0,application_id=42~hmac=031c65f85a9f16da24b0f878a43e2ebb138b4116d3a8c2fa3a3d4b017c5f0b93","On 1 list: 70s Hits"
"(thematic candidate)","","","","All the Young Dudes","Mott The Hoople","All The Young Dudes (Expanded Edition)","13149413","556360","212","false","https://www.deezer.com/us/track/13149413","https://cdnt-preview.dzcdn.net/api/1/1/d/4/6/0/d46fadab194ca920ad6c701900f8078a.mp3?hdnea=exp=1781737710~acl=/api/1/1/d/4/6/0/d46fadab194ca920ad6c701900f8078a.mp3*~data=user_id=0,application_id=42~hmac=96205a75b3a9227753a4598a318c2aa0ce1b6172503712a8fd2daf178e063d20","On 1 list: 70s Hits"
"(thematic candidate)","","","","Black Betty","Ram Jam","The Best Of The 70's (seventies)","541400","554967","237","false","https://www.deezer.com/us/track/541400","https://cdnt-preview.dzcdn.net/api/1/1/9/3/d/0/93d9c34aa1933061291b2a0e4533cf52.mp3?hdnea=exp=1781737709~acl=/api/1/1/9/3/d/0/93d9c34aa1933061291b2a0e4533cf52.mp3*~data=user_id=0,application_id=42~hmac=f1a3e36cee36c0bdaa9aab96bcfd5b291ff082f174bfa965326c05e3e6a161ce","On 1 list: 70s Hits"
"(thematic candidate)","","","","Sailing","Rod Stewart","Atlantic Crossing","2550755","554822","277","false","https://www.deezer.com/us/track/2550755","https://cdnt-preview.dzcdn.net/api/1/1/2/4/b/0/24b659baf751b50f31b6f28c226f74d8.mp3?hdnea=exp=1781737710~acl=/api/1/1/2/4/b/0/24b659baf751b50f31b6f28c226f74d8.mp3*~data=user_id=0,application_id=42~hmac=9c4748d2136693ba107902f06e44b1b533d17d90a8c78dc0558cb213b5d6464e","On 1 list: 70s Hits"
"(thematic candidate)","","","","I Just Want To Be Your Everything","Andy Gibb","The Very Best Of","483554552","554578","224","false","https://www.deezer.com/us/track/483554552","https://cdnt-preview.dzcdn.net/api/1/1/b/c/5/0/bc570e6d4f1f13c879ce0f536fb2791c.mp3?hdnea=exp=1781737712~acl=/api/1/1/b/c/5/0/bc570e6d4f1f13c879ce0f536fb2791c.mp3*~data=user_id=0,application_id=42~hmac=f66fda2f56fb4c527cb466eff610a542dadd46693ac699dd3ed0b7c082ce8d98","On 1 list: 70s Hits"
"(thematic candidate)","","","","Peace of Mind","Boston","Boston","84340027","554566","303","false","https://www.deezer.com/us/track/84340027","https://cdnt-preview.dzcdn.net/api/1/1/2/e/5/0/2e559cd1d884c503710207af7ec5bbed.mp3?hdnea=exp=1781737710~acl=/api/1/1/2/e/5/0/2e559cd1d884c503710207af7ec5bbed.mp3*~data=user_id=0,application_id=42~hmac=d795d531dd35e73fb8f77244e06cb7121d1289bd4014f78084170950ebf9d106","On 1 list: 70s Hits"
"(thematic candidate)","","","","The Hustle - Original Mix","Van McCoy","The Hustle and the Best of Van McCoy","1622544002","552898","248","false","https://www.deezer.com/us/track/1622544002","https://cdnt-preview.dzcdn.net/api/1/1/7/6/9/0/769ee231fd3908a9ee73978edc145e68.mp3?hdnea=exp=1781737715~acl=/api/1/1/7/6/9/0/769ee231fd3908a9ee73978edc145e68.mp3*~data=user_id=0,application_id=42~hmac=fc60c0b95f35f7e509a3ae19ecbaa5af0519984b088d5b4cee7c1b39a6183955","On 1 list: Disco Essentials"
"(thematic candidate)","","","","December, 1963 (Oh What a Night!)","The Four Seasons","The Very Best of Frankie Valli & The 4 Seasons","725715","552210","201","false","https://www.deezer.com/us/track/725715","https://cdnt-preview.dzcdn.net/api/1/1/9/f/2/0/9f28156b0dbc789b05c7b86a235af99d.mp3?hdnea=exp=1781737711~acl=/api/1/1/9/f/2/0/9f28156b0dbc789b05c7b86a235af99d.mp3*~data=user_id=0,application_id=42~hmac=4a9da9d349cc62ce774559732f96aaf4975b3700faf810dcee410d7fa562b284","On 1 list: 70s Hits"
"(thematic candidate)","","","","Show Me The Way","Peter Frampton","Frampton","99490978","550853","245","false","https://www.deezer.com/us/track/99490978","https://cdnt-preview.dzcdn.net/api/1/1/a/c/a/0/acac510bfdd12c67820f703c98078cbe.mp3?hdnea=exp=1781737710~acl=/api/1/1/a/c/a/0/acac510bfdd12c67820f703c98078cbe.mp3*~data=user_id=0,application_id=42~hmac=cf9dfe8e1f28e4c34591a458b517e42eb5e2bd73b99919757fc9f9464f51da89","On 1 list: 70s Hits"
"(thematic candidate)","","","","Sound and Vision (2017 Remaster)","David Bowie","Low (2017 Remaster)","461043562","550700","184","false","https://www.deezer.com/us/track/461043562","https://cdnt-preview.dzcdn.net/api/1/1/f/a/6/0/fa643e3eb29e7638567c30e6d29135ea.mp3?hdnea=exp=1781737711~acl=/api/1/1/f/a/6/0/fa643e3eb29e7638567c30e6d29135ea.mp3*~data=user_id=0,application_id=42~hmac=582482773fbe6956537ad780850b325f2e0dd52a0f729f73d16fbbb3e34c4458","On 1 list: 70s Hits"
"(thematic candidate)","","","","I Love You More (Remastered)","René & Angela","Classic Masters","3296376","550636","330","false","https://www.deezer.com/us/track/3296376","https://cdnt-preview.dzcdn.net/api/1/1/2/8/b/0/28ba7ae7a5d105ca3f0c5af40fae2ca7.mp3?hdnea=exp=1781737715~acl=/api/1/1/2/8/b/0/28ba7ae7a5d105ca3f0c5af40fae2ca7.mp3*~data=user_id=0,application_id=42~hmac=2171755c24f71b176cfd29b76975d90f7f828dad450d091ed2370755fe9fe933","On 1 list: Disco Essentials"
"(thematic candidate)","","","","The Logical Song (Remastered 2010)","Supertramp","Breakfast In America (Deluxe Edition)","7087537","549631","250","false","https://www.deezer.com/us/track/7087537","https://cdnt-preview.dzcdn.net/api/1/1/2/5/7/0/2573107f791c6ffdd430fcdaa9d8827d.mp3?hdnea=exp=1781737711~acl=/api/1/1/2/5/7/0/2573107f791c6ffdd430fcdaa9d8827d.mp3*~data=user_id=0,application_id=42~hmac=2e8e3dbf194da86b9846fc93098ac3d57cb6800f1d42950a07d50f0ef044aa47","On 1 list: 70s Hits"
"(thematic candidate)","","","","Wheel in the Sky (2024 Remaster)","Journey","Greatest Hits (2024 Remaster)","534463","548766","253","false","https://www.deezer.com/us/track/534463","https://cdnt-preview.dzcdn.net/api/1/1/9/b/5/0/9b59c6d925e12eb2ad86b3bf0ceae833.mp3?hdnea=exp=1781737710~acl=/api/1/1/9/b/5/0/9b59c6d925e12eb2ad86b3bf0ceae833.mp3*~data=user_id=0,application_id=42~hmac=0912d3048d220136e7cd2a2ae893f0c1822499adb7bf999f0049600d170b20b6","On 1 list: 70s Hits"
"(thematic candidate)","","","","Someday We'll All Be Free","Donny Hathaway","A Donny Hathaway Collection","675083","547826","250","false","https://www.deezer.com/us/track/675083","https://cdnt-preview.dzcdn.net/api/1/1/8/3/5/0/83542286c2d4f2d2263a1a03c0b6a121.mp3?hdnea=exp=1781737714~acl=/api/1/1/8/3/5/0/83542286c2d4f2d2263a1a03c0b6a121.mp3*~data=user_id=0,application_id=42~hmac=580d9a4d99f88d58d246b6ef8268042592de195b60f3a5c11227d85bbdc26f7d","On 1 list: 70s Soul"
"(thematic candidate)","","","","No More Mr. Nice Guy","Alice Cooper","Billion Dollar Babies (Deluxe Reissue)","768443","545444","187","false","https://www.deezer.com/us/track/768443","https://cdnt-preview.dzcdn.net/api/1/1/f/3/2/0/f324c8f95c3906cc1764a3341a565921.mp3?hdnea=exp=1781737713~acl=/api/1/1/f/3/2/0/f324c8f95c3906cc1764a3341a565921.mp3*~data=user_id=0,application_id=42~hmac=428ab6c69d4134b4bca2349137f9c28d3a78ccf38d070ebe0bb606f8bc250479","On 1 list: 70s Rock"
"(thematic candidate)","","","","Cracklin' Rosie","Neil Diamond","All-Time Greatest Hits","529949701","544009","178","false","https://www.deezer.com/us/track/529949701","https://cdnt-preview.dzcdn.net/api/1/1/e/8/b/0/e8b384d5925f8b4a98c3432cc5506b03.mp3?hdnea=exp=1781737711~acl=/api/1/1/e/8/b/0/e8b384d5925f8b4a98c3432cc5506b03.mp3*~data=user_id=0,application_id=42~hmac=3ed88f4cf348293533500a97905ad9d521c20487ef53602a10ab68cd49905193","On 1 list: 70s Hits"
"(thematic candidate)","","","","Love To Love You Baby","Donna Summer","Love To Love You Baby","598088272","541636","1010","false","https://www.deezer.com/us/track/598088272","https://cdnt-preview.dzcdn.net/api/1/1/7/a/d/0/7adb4ac3894fb1de0055f79ce0dad6b5.mp3?hdnea=exp=1781737715~acl=/api/1/1/7/a/d/0/7adb4ac3894fb1de0055f79ce0dad6b5.mp3*~data=user_id=0,application_id=42~hmac=adbcff35cedeaa282924f8e4abf37db3a5b55b1df97d2f6145ba897e4af214c9","On 1 list: Disco Essentials"
"(thematic candidate)","","","","Where Is the Love","Roberta Flack","A Donny Hathaway Collection","675077","541215","166","false","https://www.deezer.com/us/track/675077","https://cdnt-preview.dzcdn.net/api/1/1/c/1/9/0/c1908dcd492374810b1fc4f11e216c17.mp3?hdnea=exp=1781737714~acl=/api/1/1/c/1/9/0/c1908dcd492374810b1fc4f11e216c17.mp3*~data=user_id=0,application_id=42~hmac=9499dfc13562885890e993ca7ef1515aee431c26cf65fff43a39aa789a4d7b1b","On 1 list: 70s Soul"
"(thematic candidate)","","","","Close the Door","Teddy Pendergrass","Life Is A Song Worth Singing (Expanded Edition)","16222628","539437","326","false","https://www.deezer.com/us/track/16222628","https://cdnt-preview.dzcdn.net/api/1/1/2/b/a/0/2ba5cf46c647ef6a8c1a57f39c0d9bd9.mp3?hdnea=exp=1781737714~acl=/api/1/1/2/b/a/0/2ba5cf46c647ef6a8c1a57f39c0d9bd9.mp3*~data=user_id=0,application_id=42~hmac=b492fc4c105875d1c09bf05d41be86c70d9f087ea836a73dd92490f2b6791776","On 1 list: 70s Soul"
"(thematic candidate)","","","","The Way We Were","Barbra Streisand","The Essential Barbra Streisand","626294","538943","210","false","https://www.deezer.com/us/track/626294","https://cdnt-preview.dzcdn.net/api/1/1/b/5/d/0/b5d271d60e49b9793035abf576ddc28f.mp3?hdnea=exp=1781737711~acl=/api/1/1/b/5/d/0/b5d271d60e49b9793035abf576ddc28f.mp3*~data=user_id=0,application_id=42~hmac=434133ab47e728db75a6906ea2d4212b043628949bb582c248503360d0a4004e","On 1 list: 70s Hits"
"(thematic candidate)","","","","Street Life (Single Edit)","The Crusaders","Gold","1142755","537963","330","false","https://www.deezer.com/us/track/1142755","https://cdnt-preview.dzcdn.net/api/1/1/9/f/f/0/9ff8e22c493ad920c3f031291cd82a81.mp3?hdnea=exp=1781737714~acl=/api/1/1/9/f/f/0/9ff8e22c493ad920c3f031291cd82a81.mp3*~data=user_id=0,application_id=42~hmac=8533fea3ede8deb6ef416bb1e49aeaa5ed62be17aa7b6ad78a9d668742d2bfe1","On 1 list: 70s Soul"
"(thematic candidate)","","","","You Ain't Seen Nothing Yet","Bachman-Turner Overdrive","Not Fragile","2447245","532500","237","false","https://www.deezer.com/us/track/2447245","https://cdnt-preview.dzcdn.net/api/1/1/b/9/f/0/b9f40cee0ec58d42f93bbf2bb394cdf2.mp3?hdnea=exp=1781737711~acl=/api/1/1/b/9/f/0/b9f40cee0ec58d42f93bbf2bb394cdf2.mp3*~data=user_id=0,application_id=42~hmac=489462cd4e1c579a9029b9ee16e48597d2ab85236fed06572692571497212ed1","On 1 list: 70s Hits"
"(thematic candidate)","","","","Tangled up in Blue","Bob Dylan","Blood On The Tracks","15188933","531637","342","false","https://www.deezer.com/us/track/15188933","https://cdnt-preview.dzcdn.net/api/1/1/8/3/7/0/8376927487d980b52dc91592b864291f.mp3?hdnea=exp=1781737710~acl=/api/1/1/8/3/7/0/8376927487d980b52dc91592b864291f.mp3*~data=user_id=0,application_id=42~hmac=17b38f55da01ff5a2d86e3b93b64eae06a201908e9cfe33001976fce4dd904df","On 1 list: 70s Hits"
"(thematic candidate)","","","","Young Americans (2016 Remaster)","David Bowie","Young Americans (2016 Remaster)","141820041","530857","313","false","https://www.deezer.com/us/track/141820041","https://cdnt-preview.dzcdn.net/api/1/1/7/4/e/0/74eb153208ca96403bf8b575826bdce9.mp3?hdnea=exp=1781737711~acl=/api/1/1/7/4/e/0/74eb153208ca96403bf8b575826bdce9.mp3*~data=user_id=0,application_id=42~hmac=84bd57b9a9813a5ec9eb38b76a560023f96c94a3c9594014c69245a0917e4f3f","On 1 list: 70s Hits"
"(thematic candidate)","","","","Don't Bring Me Down","Electric Light Orchestra","Flashback","80354238","530214","243","false","https://www.deezer.com/us/track/80354238","https://cdnt-preview.dzcdn.net/api/1/1/8/0/f/0/80f379d2efd6df9579bbe1ad4b146f72.mp3?hdnea=exp=1781737710~acl=/api/1/1/8/0/f/0/80f379d2efd6df9579bbe1ad4b146f72.mp3*~data=user_id=0,application_id=42~hmac=2c5efbc7bf19e41f8dba3f7b9ceb07d6f912f4128093d2e1d0718de017ad1abe","On 1 list: 70s Hits"
"(thematic candidate)","","","","Blue Bayou","Linda Ronstadt","Simple Dreams","3919443","529192","239","false","https://www.deezer.com/us/track/3919443","https://cdnt-preview.dzcdn.net/api/1/1/3/c/3/0/3c30af1aaa4867d2920dc168112c276f.mp3?hdnea=exp=1781737711~acl=/api/1/1/3/c/3/0/3c30af1aaa4867d2920dc168112c276f.mp3*~data=user_id=0,application_id=42~hmac=2dbcba881074cd43f8ce24e4dcc5fbbe973751c1206171f1de5f83434d893115","On 1 list: 70s Hits"
"(thematic candidate)","","","","Hello It's Me","Todd Rundgren","Hello It's Me","1428566","529002","215","false","https://www.deezer.com/us/track/1428566","https://cdnt-preview.dzcdn.net/api/1/1/8/7/b/0/87bf5144d1a04b28ea321b413b174750.mp3?hdnea=exp=1781737713~acl=/api/1/1/8/7/b/0/87bf5144d1a04b28ea321b413b174750.mp3*~data=user_id=0,application_id=42~hmac=f24ebaff38e86f8bf746fb20c9931f70a8d3c41a38459d6573595f1130ceed51","On 1 list: 70s Rock"
"(thematic candidate)","","","","Yes Sir, I Can Boogie","Baccara","DISCO - 100 Hit's - Dance floor fillers from the 70s and 80s inc. The Jacksons, Boney M & Earth Wind & Fire","68075498","528334","269","false","https://www.deezer.com/us/track/68075498","https://cdnt-preview.dzcdn.net/api/1/1/5/e/3/0/5e39ed62fb6449399d83dc7a72a19746.mp3?hdnea=exp=1781737712~acl=/api/1/1/5/e/3/0/5e39ed62fb6449399d83dc7a72a19746.mp3*~data=user_id=0,application_id=42~hmac=6a149f36321d736a748c2c1b58c762572efd7972550ed1056d7e7faffcf3115e","On 1 list: 70s Hits"
"(thematic candidate)","","","","What Is Life (Remastered 2014)","George Harrison","All Things Must Pass (Remastered 2014)","84791533","527787","265","false","https://www.deezer.com/us/track/84791533","https://cdnt-preview.dzcdn.net/api/1/1/e/9/c/0/e9c22f88dbd8edd55c12cdb4bd4c1be9.mp3?hdnea=exp=1781737711~acl=/api/1/1/e/9/c/0/e9c22f88dbd8edd55c12cdb4bd4c1be9.mp3*~data=user_id=0,application_id=42~hmac=8dca6eac36382b635b136c1bf09fe8c50f70a535df7bb782ed927ea8f81bc851","On 1 list: 70s Hits"
"(thematic candidate)","","","","It's A Shame","The Spinners","2nd Time Around (Expanded Edition)","528345241","527346","190","false","https://www.deezer.com/us/track/528345241","https://cdnt-preview.dzcdn.net/api/1/1/2/8/2/0/282938196dda924c2f2612a36f661b66.mp3?hdnea=exp=1781737713~acl=/api/1/1/2/8/2/0/282938196dda924c2f2612a36f661b66.mp3*~data=user_id=0,application_id=42~hmac=cab5d0af06ee182afe88325e0c8c06664ab4118d7cc861a68a1782886698cf52","On 1 list: 70s HITS - 100 Greatest Songs of the 1970s"
"(thematic candidate)","","","","You Are So Beautiful","Joe Cocker","The Ultimate Collection 1968-2003","3156389","525623","162","false","https://www.deezer.com/us/track/3156389","https://cdnt-preview.dzcdn.net/api/1/1/d/8/d/0/d8df1170027326dad15b3fb10d2aecc0.mp3?hdnea=exp=1781737711~acl=/api/1/1/d/8/d/0/d8df1170027326dad15b3fb10d2aecc0.mp3*~data=user_id=0,application_id=42~hmac=75a03ab7a926cfaf995db9723dca8f36192de81a92b960f909775c579f3c1b4a","On 1 list: 70s Hits"
"(thematic candidate)","","","","Let Your Love Flow","The Bellamy Brothers","Bellamy Brothers","75765949","524547","196","false","https://www.deezer.com/us/track/75765949","https://cdnt-preview.dzcdn.net/api/1/1/a/6/c/0/a6cd915b09ae2c31b8efd459ff77b065.mp3?hdnea=exp=1781737711~acl=/api/1/1/a/6/c/0/a6cd915b09ae2c31b8efd459ff77b065.mp3*~data=user_id=0,application_id=42~hmac=9ac837200a4d274d80f5e04e09150558fe2115478a3969cb5b9ebbe501fc65cb","On 1 list: 70s Hits"
"(thematic candidate)","","","","Layla (40th Anniversary Version / 2010 Remastered)","Derek & The Dominos","Layla And Other Assorted Love Songs (Super Deluxe Edition)","10101864","523998","425","false","https://www.deezer.com/us/track/10101864","https://cdnt-preview.dzcdn.net/api/1/1/4/e/4/0/4e4408bc7381d5ae7c5c7d38b52c4b6e.mp3?hdnea=exp=1781737710~acl=/api/1/1/4/e/4/0/4e4408bc7381d5ae7c5c7d38b52c4b6e.mp3*~data=user_id=0,application_id=42~hmac=b0e1fd9e4467405ea6844c6df072e1faf7aa5f3afad2d7dd423b42e4d2a6a511","On 1 list: 70s Hits"
"(thematic candidate)","","","","Living Next Door to Alice","Smokie","Collections","69883086","521913","206","false","https://www.deezer.com/us/track/69883086","https://cdnt-preview.dzcdn.net/api/1/1/8/f/b/0/8fbf040bb23f02f47d1e5981dca93556.mp3?hdnea=exp=1781737710~acl=/api/1/1/8/f/b/0/8fbf040bb23f02f47d1e5981dca93556.mp3*~data=user_id=0,application_id=42~hmac=4ca9a7504d228507aa0d29a48d1b095f2b57633a783cc32aedf16bce55247e1c","On 1 list: 70s Hits"
"(thematic candidate)","","","","Every 1's a Winner (Single Version)","Hot Chocolate","Every 1's a Winner","3851832","517489","289","false","https://www.deezer.com/us/track/3851832","https://cdnt-preview.dzcdn.net/api/1/1/a/8/d/0/a8d545ee4fccd5d429579ef03516fceb.mp3?hdnea=exp=1781737711~acl=/api/1/1/a/8/d/0/a8d545ee4fccd5d429579ef03516fceb.mp3*~data=user_id=0,application_id=42~hmac=e6d5006fa66d356812448ffc2a76280c31251d76897e402eb2d5dd5f553282ab","On 1 list: 70s Hits"
"(thematic candidate)","","","","I Want You to Want Me","Cheap Trick","In Color","104760756","511799","191","false","https://www.deezer.com/us/track/104760756","https://cdnt-preview.dzcdn.net/api/1/1/4/7/6/0/47632ed4b2d64e411e02392d351f2859.mp3?hdnea=exp=1781737710~acl=/api/1/1/4/7/6/0/47632ed4b2d64e411e02392d351f2859.mp3*~data=user_id=0,application_id=42~hmac=f35a209040bca9397185723df1c6a85a348e3bc6af3e4b31c96e2380d8fd94f9","On 1 list: 70s Hits"
"(thematic candidate)","","","","The Seeker (Edit)","The Who","Meaty, Beaty, Big And Bouncy","65414413","508673","200","false","https://www.deezer.com/us/track/65414413","https://cdnt-preview.dzcdn.net/api/1/1/d/4/2/0/d42b0a77d8d39833c8c10d5afed8cc5c.mp3?hdnea=exp=1781737713~acl=/api/1/1/d/4/2/0/d42b0a77d8d39833c8c10d5afed8cc5c.mp3*~data=user_id=0,application_id=42~hmac=1961a76af6eed17ea265b7d3ca2b3268e4700dfb4aaa6c3e599b53ef2cb9aace","On 1 list: 70s HITS - 100 Greatest Songs of the 1970s"
"(thematic candidate)","","","","Bright Eyes","Art Garfunkel","The Singer","55175991","507431","237","false","https://www.deezer.com/us/track/55175991","https://cdnt-preview.dzcdn.net/api/1/1/2/6/c/0/26c2b416a1dc1188aeab4f47e9b5f054.mp3?hdnea=exp=1781737711~acl=/api/1/1/2/6/c/0/26c2b416a1dc1188aeab4f47e9b5f054.mp3*~data=user_id=0,application_id=42~hmac=d50139cd25c8fccaad113c2dee4c69eea1c3f5d46d8fe42b770ef371b007d788","On 1 list: 70s Hits"
"(thematic candidate)","","","","Paradise By the Dashboard Light","Meat Loaf","Bat Out Of Hell","125468092","507049","506","false","https://www.deezer.com/us/track/125468092","https://cdnt-preview.dzcdn.net/api/1/1/9/1/e/0/91eaa653ece2f0b1c47e54fb2bea690a.mp3?hdnea=exp=1781737710~acl=/api/1/1/9/1/e/0/91eaa653ece2f0b1c47e54fb2bea690a.mp3*~data=user_id=0,application_id=42~hmac=84f95591617136fcabb44173e1d02322255a2b7e19514b22984bbf6439d11bb9","On 1 list: 70s Hits"
"(thematic candidate)","","","","I'm a Ramblin' Man","Waylon Jennings","Ultimate Waylon Jennings","597506","505992","165","false","https://www.deezer.com/us/track/597506","https://cdnt-preview.dzcdn.net/api/1/1/3/4/3/0/343f7c9644d76273452cbc563f3ac4fa.mp3?hdnea=exp=1781737709~acl=/api/1/1/3/4/3/0/343f7c9644d76273452cbc563f3ac4fa.mp3*~data=user_id=0,application_id=42~hmac=0a37aff177f25996ab1130e6ac25717c93986c8833e948ab4f4b8c2e9d1e98d9","On 1 list: 70s Hits"
"(thematic candidate)","","","","The Rubberband Man","The Spinners","The Rubberband Man / Now That We're Together","4289458","505283","213","false","https://www.deezer.com/us/track/4289458","https://cdnt-preview.dzcdn.net/api/1/1/b/3/0/0/b30533eff0fd8523e9f733d1551eb274.mp3?hdnea=exp=1781737713~acl=/api/1/1/b/3/0/0/b30533eff0fd8523e9f733d1551eb274.mp3*~data=user_id=0,application_id=42~hmac=fc64b9c8e13c64b96cd289c4dafcb5e2da7003a34538e8c987e88992440ca06e","On 1 list: 70s HITS - 100 Greatest Songs of the 1970s"
"(thematic candidate)","","","","She's Gone","Daryl Hall & John Oates","Abandoned Luncheonette","4288127","504970","313","false","https://www.deezer.com/us/track/4288127","https://cdnt-preview.dzcdn.net/api/1/1/e/1/a/0/e1a7ddeab1f3f6e3178926c956d765dd.mp3?hdnea=exp=1781737710~acl=/api/1/1/e/1/a/0/e1a7ddeab1f3f6e3178926c956d765dd.mp3*~data=user_id=0,application_id=42~hmac=3e355e0a4bfc14942ff125532941cac1e53d77f12a7523dc648c3d56f27b9fc4","On 1 list: 70s Hits"
"(thematic candidate)","","","","Take It to the Limit (2013 Remaster)","Eagles","One of These Nights (2013 Remaster)","68094427","504653","287","false","https://www.deezer.com/us/track/68094427","https://cdnt-preview.dzcdn.net/api/1/1/6/2/4/0/6240c5980ac703d7c3f7d8feb73b9577.mp3?hdnea=exp=1781737711~acl=/api/1/1/6/2/4/0/6240c5980ac703d7c3f7d8feb73b9577.mp3*~data=user_id=0,application_id=42~hmac=b813211fdef84fa2d0ce94caa7736ef981aa4843e8ea3d3137d1af396db23621","On 1 list: 70s Hits"
"(thematic candidate)","","","","I Only Want to Be with You","The Tourists","Greatest Hits","1057261","498561","144","false","https://www.deezer.com/us/track/1057261","https://cdnt-preview.dzcdn.net/api/1/1/b/6/1/0/b61c7d46ab03651ded464f2408256a95.mp3?hdnea=exp=1781737713~acl=/api/1/1/b/6/1/0/b61c7d46ab03651ded464f2408256a95.mp3*~data=user_id=0,application_id=42~hmac=be54a84aba5abfa8fbe62d211ada84a12eadb537a72878a31d4db188453a5254","On 1 list: 70s Rock"
"(thematic candidate)","","","","I Need You","America","America's Greatest Hits - History","727723","497067","183","false","https://www.deezer.com/us/track/727723","https://cdnt-preview.dzcdn.net/api/1/1/e/f/0/0/ef0ba57150c9ac48ae11df056592a0c2.mp3?hdnea=exp=1781737710~acl=/api/1/1/e/f/0/0/ef0ba57150c9ac48ae11df056592a0c2.mp3*~data=user_id=0,application_id=42~hmac=ec05604beb2b33d850f28ccf206a5122f6ba6627a869549551e016808224ecec","On 1 list: 70s Hits"
"(thematic candidate)","","","","Baby I'm Yours (Digitally Remastered)","Cass Elliot","Cass Elliot (With Bonus Tracks)","82666484","495938","152","false","https://www.deezer.com/us/track/82666484","https://cdnt-preview.dzcdn.net/api/1/1/6/9/9/0/699c8c11375c2271aba0a4af8c147352.mp3?hdnea=exp=1781737710~acl=/api/1/1/6/9/9/0/699c8c11375c2271aba0a4af8c147352.mp3*~data=user_id=0,application_id=42~hmac=fc992dabf747904d6b1e27c432955cac2c1f189e6f76a5d41e9b8e6d99fde22e","On 1 list: 70s Hits"
"(thematic candidate)","","","","Renegade","Styx","Greatest Hits","2289262","494193","253","false","https://www.deezer.com/us/track/2289262","https://cdnt-preview.dzcdn.net/api/1/1/f/6/b/0/f6b6a38d331a2f15058bd14c1e4e895a.mp3?hdnea=exp=1781737711~acl=/api/1/1/f/6/b/0/f6b6a38d331a2f15058bd14c1e4e895a.mp3*~data=user_id=0,application_id=42~hmac=8a4b43f9ecfdbd546f0c118cbd867b12cca6f577313a68062b723e4e086c605b","On 1 list: 70s Hits"
"(thematic candidate)","","","","Gimme Danger [2023 Remaster] (Iggy Mix)","Iggy & the Stooges","Raw Power (Iggy Mix - 2023 Remaster)","1026283","493151","213","false","https://www.deezer.com/us/track/1026283","https://cdnt-preview.dzcdn.net/api/1/1/3/b/7/0/3b7cf991ff7e855d8954559c0dec8c58.mp3?hdnea=exp=1781737713~acl=/api/1/1/3/b/7/0/3b7cf991ff7e855d8954559c0dec8c58.mp3*~data=user_id=0,application_id=42~hmac=51cac808f74e42b0c858c5eb2e059c2b747a631f0332ba65ce91632cd1b17181","On 1 list: 70s Rock"
"(thematic candidate)","","","","Theme From Shaft","Isaac Hayes","Stax Volt Chartbusters Vol 1","907443","490706","195","false","https://www.deezer.com/us/track/907443","https://cdnt-preview.dzcdn.net/api/1/1/1/a/b/0/1ab04f4d409f8960220635de5dbd1a28.mp3?hdnea=exp=1781737714~acl=/api/1/1/1/a/b/0/1ab04f4d409f8960220635de5dbd1a28.mp3*~data=user_id=0,application_id=42~hmac=ada3700ad7048570baba0615872cce15ede2c9f4f712dec3c6a0bb137910c400","On 1 list: 70s Soul"
"(thematic candidate)","","","","Feel like Makin' Love (2015 Remaster)","Bad Company","Straight Shooter","97640852","490608","313","false","https://www.deezer.com/us/track/97640852","https://cdnt-preview.dzcdn.net/api/1/1/c/f/7/0/cf7612260761cd7435eb3c9a82faf661.mp3?hdnea=exp=1781737710~acl=/api/1/1/c/f/7/0/cf7612260761cd7435eb3c9a82faf661.mp3*~data=user_id=0,application_id=42~hmac=0efbf8e5d7c3672c20a7f6750335acb9e324c822ac7d47c7f94bf8a0126b7087","On 1 list: 70s Hits"
"(thematic candidate)","","","","Rock and Roll, Pt. 2","Gary Glitter","Hey Song (The Best Of)","69928673","488897","180","false","https://www.deezer.com/us/track/69928673","https://cdnt-preview.dzcdn.net/api/1/1/f/2/b/0/f2b229073a5f097dd0e262806777b763.mp3?hdnea=exp=1781737711~acl=/api/1/1/f/2/b/0/f2b229073a5f097dd0e262806777b763.mp3*~data=user_id=0,application_id=42~hmac=6ab493539598ffe56d4ec54da02d082e29d076be089d9f314bca5aaee8994eff","On 1 list: 70s Hits"
"(thematic candidate)","","","","Love Song","Elton John","Tumbleweed Connection","2528498","487097","220","false","https://www.deezer.com/us/track/2528498","https://cdnt-preview.dzcdn.net/api/1/1/4/8/6/0/48676b569b354340086226fea201ad3b.mp3?hdnea=exp=1781737713~acl=/api/1/1/4/8/6/0/48676b569b354340086226fea201ad3b.mp3*~data=user_id=0,application_id=42~hmac=02953168560104c5a3beaf3cd0e08016d19f893c73ffe4f38bd99c8c16a702a7","On 1 list: 70s Rock"
"(thematic candidate)","","","","Smokin'","Boston","Boston","84340033","484909","261","false","https://www.deezer.com/us/track/84340033","https://cdnt-preview.dzcdn.net/api/1/1/1/d/7/0/1d77a425cf927dfbcf432a4eaec9b719.mp3?hdnea=exp=1781737711~acl=/api/1/1/1/d/7/0/1d77a425cf927dfbcf432a4eaec9b719.mp3*~data=user_id=0,application_id=42~hmac=e9d9aa2cdc760b7a7b61299bb0a607bbe90d58cc89d3a5855b17cdfb070747e3","On 1 list: 70s Hits"
"(thematic candidate)","","","","Seven Seas Of Rhye (Remastered 2011)","Queen","Queen II (2011 Remaster)","9990601","479883","169","false","https://www.deezer.com/us/track/9990601","https://cdnt-preview.dzcdn.net/api/1/1/1/d/2/0/1d21d7950ecc286d51d0f040176622a8.mp3?hdnea=exp=1781737711~acl=/api/1/1/1/d/2/0/1d21d7950ecc286d51d0f040176622a8.mp3*~data=user_id=0,application_id=42~hmac=55c4df984d541afcc53a3dc67bddf34363c7215f2be562979499e8b71b917c05","On 1 list: 70s Hits"
"(thematic candidate)","","","","Moonlight Mile (2009 Mix)","The Rolling Stones","Sticky Fingers (Remastered)","4125591","479812","356","false","https://www.deezer.com/us/track/4125591","https://cdnt-preview.dzcdn.net/api/1/1/f/7/4/0/f7408f55f4e6ca4e3d51bfa80b6a4b5d.mp3?hdnea=exp=1781737711~acl=/api/1/1/f/7/4/0/f7408f55f4e6ca4e3d51bfa80b6a4b5d.mp3*~data=user_id=0,application_id=42~hmac=5464679a46927a207bfbe3da0f98c1281d4826a98e8587be41a67c7ce23ac784","On 1 list: 70s Hits"
"(thematic candidate)","","","","Lido Shuffle","Boz Scaggs","Hits!","3730976","479659","223","false","https://www.deezer.com/us/track/3730976","https://cdnt-preview.dzcdn.net/api/1/1/e/b/2/0/eb23489ad56a068c0798a52281ddbc72.mp3?hdnea=exp=1781737712~acl=/api/1/1/e/b/2/0/eb23489ad56a068c0798a52281ddbc72.mp3*~data=user_id=0,application_id=42~hmac=f3eec5c9171d15d1f8530bc29de6a60980fa83ebf41acb6586a00d1b4525a452","On 1 list: 70s Hits"
"(thematic candidate)","","","","Never Can Say Goodbye (Single Version)","Gloria Gaynor","Never Can Say Goodbye (Deluxe Edition)","725638542","478766","179","false","https://www.deezer.com/us/track/725638542","https://cdnt-preview.dzcdn.net/api/1/1/4/d/e/0/4defc54e64619c85fc425aa1ad7f54ce.mp3?hdnea=exp=1781737715~acl=/api/1/1/4/d/e/0/4defc54e64619c85fc425aa1ad7f54ce.mp3*~data=user_id=0,application_id=42~hmac=fdc344d383ff99e977f36da9b64d35bd3178c6e5b3ad2e7abee2e670165aa390","On 1 list: Disco Essentials"
"(thematic candidate)","","","","Only the Good Die Young","Billy Joel","The Stranger (Legacy Edition)","974819","475975","233","false","https://www.deezer.com/us/track/974819","https://cdnt-preview.dzcdn.net/api/1/1/2/8/6/0/286724cd33f224f34dde4fa53554c8e4.mp3?hdnea=exp=1781737710~acl=/api/1/1/2/8/6/0/286724cd33f224f34dde4fa53554c8e4.mp3*~data=user_id=0,application_id=42~hmac=0a3ce74766b048690b87a61ab7ece590e524ba6f40dddb78cef63867d890c9d1","On 1 list: 70s Hits"
"(thematic candidate)","","","","Me and Julio Down by the Schoolyard","Paul Simon","Paul Simon","6581093","474936","164","false","https://www.deezer.com/us/track/6581093","https://cdnt-preview.dzcdn.net/api/1/1/e/a/2/0/ea249bc7e1dd192e2e1ab326794dd18a.mp3?hdnea=exp=1781737713~acl=/api/1/1/e/a/2/0/ea249bc7e1dd192e2e1ab326794dd18a.mp3*~data=user_id=0,application_id=42~hmac=cbbaa05bd177c57e9127175a39d0ec9233a2bcef47844ad843809d8895df1a19","On 1 list: 70s HITS - 100 Greatest Songs of the 1970s"
"(thematic candidate)","","","","Free","Deniece Williams","This is Niecy","583205","472741","358","false","https://www.deezer.com/us/track/583205","https://cdnt-preview.dzcdn.net/api/1/1/6/b/5/0/6b557ae329e9822494bccdf520723246.mp3?hdnea=exp=1781737714~acl=/api/1/1/6/b/5/0/6b557ae329e9822494bccdf520723246.mp3*~data=user_id=0,application_id=42~hmac=fae4b42fa724dc98962b8ac548c0b5fdae7cf53bfa76b7acc0d429ec801f0745","On 1 list: 70s Soul"
"(thematic candidate)","","","","Life's Been Good","Joe Walsh","But Seriously, Folks...","4288345","471372","536","false","https://www.deezer.com/us/track/4288345","https://cdnt-preview.dzcdn.net/api/1/1/7/4/0/0/7405011833a0da945f367ac4f8f53ec1.mp3?hdnea=exp=1781737710~acl=/api/1/1/7/4/0/0/7405011833a0da945f367ac4f8f53ec1.mp3*~data=user_id=0,application_id=42~hmac=7e3cb4c99cee0d0794040eba8e29a4bbbae238dae93c8a513cc6bce85c5f9026","On 1 list: 70s Hits"
"(thematic candidate)","","","","Spanish Girl","Julio Iglesias","Emociones","108120754","469861","210","false","https://www.deezer.com/us/track/108120754","https://cdnt-preview.dzcdn.net/api/1/1/2/a/f/0/2afe4ea62df6e995e3ee85343fe2a8f6.mp3?hdnea=exp=1781737710~acl=/api/1/1/2/a/f/0/2afe4ea62df6e995e3ee85343fe2a8f6.mp3*~data=user_id=0,application_id=42~hmac=4fbea6aa0f3c12d153baa45e036dfb43d7516619757d5e926c7f3120ae2d37fd","On 1 list: 70s Hits"
"(thematic candidate)","","","","Leave Me","Scorpions","Lonesome Crow","4233015","469567","302","false","https://www.deezer.com/us/track/4233015","https://cdnt-preview.dzcdn.net/api/1/1/0/b/c/0/0bcdfa9355cd907b93e4d3af666ae237.mp3?hdnea=exp=1781737713~acl=/api/1/1/0/b/c/0/0bcdfa9355cd907b93e4d3af666ae237.mp3*~data=user_id=0,application_id=42~hmac=109e4b0a431dc98e878dc6720539ab6e39a8ffd841ad64e181a05f422c7526bf","On 1 list: 70s Rock"
"(thematic candidate)","","","","Show and Tell","Al Wilson","Show and Tell: The Best of Al Wilson","5598998","469362","207","false","https://www.deezer.com/us/track/5598998","https://cdnt-preview.dzcdn.net/api/1/1/9/4/3/0/9432b297f1355619e7eb11fd9528d200.mp3?hdnea=exp=1781737714~acl=/api/1/1/9/4/3/0/9432b297f1355619e7eb11fd9528d200.mp3*~data=user_id=0,application_id=42~hmac=f45b8d0da1320b20983b2f7a74ec1f98801d8bfe06ebc2b181f4d3393b5e053b","On 1 list: 70s Soul"
"(thematic candidate)","","","","This Masquerade (2015 GH Version)","George Benson","The Ultimate Collection","95964518","465033","196","false","https://www.deezer.com/us/track/95964518","https://cdnt-preview.dzcdn.net/api/1/1/f/4/2/0/f42233760ca5231bc084fd607d6882f4.mp3?hdnea=exp=1781737714~acl=/api/1/1/f/4/2/0/f42233760ca5231bc084fd607d6882f4.mp3*~data=user_id=0,application_id=42~hmac=408496e665171b8344fb1d48ad35a6bbf77ff3da48b53a192e071ce8ab377aa3","On 1 list: 70s Soul"
"(thematic candidate)","","","","Babe","Styx","Greatest Hits","2289259","464831","265","false","https://www.deezer.com/us/track/2289259","https://cdnt-preview.dzcdn.net/api/1/1/9/d/8/0/9d8883cb86ddafeace0edf382e1a4a14.mp3?hdnea=exp=1781737710~acl=/api/1/1/9/d/8/0/9d8883cb86ddafeace0edf382e1a4a14.mp3*~data=user_id=0,application_id=42~hmac=f17150d6262ceeaa56a856a2b97ee929bfab378d043d17e25e70b0c4447728c0","On 1 list: 70s Hits"
"(thematic candidate)","","","","Two Out of Three Ain't Bad","Meat Loaf","Bat Out Of Hell","125468090","464104","324","false","https://www.deezer.com/us/track/125468090","https://cdnt-preview.dzcdn.net/api/1/1/1/5/5/0/155b6448712a350b65a64d3851d7029e.mp3?hdnea=exp=1781737710~acl=/api/1/1/1/5/5/0/155b6448712a350b65a64d3851d7029e.mp3*~data=user_id=0,application_id=42~hmac=1604ca600ff57f2a9a12c1d73894d90024af1f6e8123ce328302f23245630830","On 1 list: 70s Hits"
"(thematic candidate)","","","","Oh! Sweet Nuthin' (2015 Remaster)","The Velvet Underground","Loaded (2015 Remaster)","109844104","463390","445","false","https://www.deezer.com/us/track/109844104","https://cdnt-preview.dzcdn.net/api/1/1/5/d/e/0/5de531b824730388a34e8dcfce908e31.mp3?hdnea=exp=1781737711~acl=/api/1/1/5/d/e/0/5de531b824730388a34e8dcfce908e31.mp3*~data=user_id=0,application_id=42~hmac=d19eb599b07908b0ffb741d40cb2f94814f20f94589e8e1198134349219f1714","On 1 list: 70s Hits"
"(thematic candidate)","","","","I Feel Love","Donna Summer","The Dance Collection","1175274","460786","494","false","https://www.deezer.com/us/track/1175274","https://cdnt-preview.dzcdn.net/api/1/1/7/e/8/0/7e87331142f793633edff93cfbadfffd.mp3?hdnea=exp=1781737711~acl=/api/1/1/7/e/8/0/7e87331142f793633edff93cfbadfffd.mp3*~data=user_id=0,application_id=42~hmac=fd96836d31f28cecf5b4af199abc9f8647486d219b6174c1469b923797bf3434","On 1 list: 70s Hits"
"(thematic candidate)","","","","You Should Be Dancing","Bee Gees","The Ultimate Bee Gees","139138741","457878","255","false","https://www.deezer.com/us/track/139138741","https://cdnt-preview.dzcdn.net/api/1/1/0/b/1/0/0b169bd4bef8f9679cb21b9616633f35.mp3?hdnea=exp=1781737711~acl=/api/1/1/0/b/1/0/0b169bd4bef8f9679cb21b9616633f35.mp3*~data=user_id=0,application_id=42~hmac=64452860918601a7e3b7c68e952fc8a72a444c8b2e2703c9bc2d558d1cab5bf5","On 1 list: 70s Hits"
"(thematic candidate)","","","","You Better You Bet","The Who","The Who- The Greatest Hits & More (International Version Edited)","5250673","456843","336","false","https://www.deezer.com/us/track/5250673","https://cdnt-preview.dzcdn.net/api/1/1/f/a/2/0/fa2e5c551b5c7afb1d269849e58566b2.mp3?hdnea=exp=1781737713~acl=/api/1/1/f/a/2/0/fa2e5c551b5c7afb1d269849e58566b2.mp3*~data=user_id=0,application_id=42~hmac=2aba9f0f11f6027375c8f5282796be04e33d07c4070b4bf5ec6994b1e67b45c9","On 1 list: 70s Rock"
"(thematic candidate)","","","","25 or 6 to 4 (2002 Remaster)","Chicago","The Very Best of Chicago: Only the Beginning","3616289","455267","289","false","https://www.deezer.com/us/track/3616289","https://cdnt-preview.dzcdn.net/api/1/1/d/f/8/0/df8d319fa775caeda2c2ca82f8629e1b.mp3?hdnea=exp=1781737711~acl=/api/1/1/d/f/8/0/df8d319fa775caeda2c2ca82f8629e1b.mp3*~data=user_id=0,application_id=42~hmac=91c617b09d2c05b06aad21278c346e54b412484b435b7f1f841a8b96bfe4fbed","On 1 list: 70s Hits"
"(thematic candidate)","","","","Stranglehold","Ted Nugent","Great Gonzos! The Best Of Ted Nugent","848323","454459","503","false","https://www.deezer.com/us/track/848323","https://cdnt-preview.dzcdn.net/api/1/1/e/f/c/0/efc74146989e3d1589ffff5e973d719a.mp3?hdnea=exp=1781737710~acl=/api/1/1/e/f/c/0/efc74146989e3d1589ffff5e973d719a.mp3*~data=user_id=0,application_id=42~hmac=ff1da8a5cddd6f505532d75e48778b8efd820c43dc241d0ae2bbe541d64958c4","On 1 list: 70s Hits"
"(thematic candidate)","","","","Could It Be I'm Falling in Love","The Spinners","Spinners","682798","453466","249","false","https://www.deezer.com/us/track/682798","https://cdnt-preview.dzcdn.net/api/1/1/5/a/c/0/5aca11477260670caf5fc283519076ad.mp3?hdnea=exp=1781737713~acl=/api/1/1/5/a/c/0/5aca11477260670caf5fc283519076ad.mp3*~data=user_id=0,application_id=42~hmac=fd6fe3e5d2fdaa92cf36bb96087b0b6b3bcf59669915feb7411149869ff643f1","On 1 list: 70s HITS - 100 Greatest Songs of the 1970s"
"(thematic candidate)","","","","Dancing in the Moonlight","King Harvest","Dancing in the Moonlight","13830452","453026","181","false","https://www.deezer.com/us/track/13830452","https://cdnt-preview.dzcdn.net/api/1/1/9/d/6/0/9d650b459ed54ae3af5ae286aed21cc2.mp3?hdnea=exp=1781737711~acl=/api/1/1/9/d/6/0/9d650b459ed54ae3af5ae286aed21cc2.mp3*~data=user_id=0,application_id=42~hmac=17a1bdba2dfdfa92a3e086f34e1b14d04ae1f313e3f5128f9513a7adcb61e8c5","On 1 list: 70s Hits"
"(thematic candidate)","","","","This Will Be (An Everlasting Love) (2003 Remaster)","Natalie Cole","Natalie Cole Anthology","3326021","451888","174","false","https://www.deezer.com/us/track/3326021","https://cdnt-preview.dzcdn.net/api/1/1/4/e/d/0/4ede4709f4b2405fc8c4779e846345b0.mp3?hdnea=exp=1781737714~acl=/api/1/1/4/e/d/0/4ede4709f4b2405fc8c4779e846345b0.mp3*~data=user_id=0,application_id=42~hmac=2eb363f0e4d7fc0c267a604a83725507cd1d69d970d3829c87035ab956f56956","On 1 list: 70s Soul"
"(thematic candidate)","","","","Doctor My Eyes","Jackson Browne","The Very Best Of Jackson Browne","76108713","451417","199","false","https://www.deezer.com/us/track/76108713","https://cdnt-preview.dzcdn.net/api/1/1/7/4/4/0/7446bfbc3ef36609ac756fcd1617b818.mp3?hdnea=exp=1781737711~acl=/api/1/1/7/4/4/0/7446bfbc3ef36609ac756fcd1617b818.mp3*~data=user_id=0,application_id=42~hmac=77d75d55f5903ae0b2cbf1b20fea952fb900300dbd2d5c00e78ddc64f2feb880","On 1 list: 70s Hits"
"(thematic candidate)","","","","Turn the Beat Around","Vicki Sue Robinson","Never Gonna Let You Go (Expanded Edition)","374322331","449739","332","false","https://www.deezer.com/us/track/374322331","https://cdnt-preview.dzcdn.net/api/1/1/9/e/1/0/9e1f9d891c9db297d09e3afb9db31f65.mp3?hdnea=exp=1781737715~acl=/api/1/1/9/e/1/0/9e1f9d891c9db297d09e3afb9db31f65.mp3*~data=user_id=0,application_id=42~hmac=8f25e9186752e03dab6a655cb4f068289f554becd90645b9da6ca1306382f6c6","On 1 list: Disco Essentials"
"(thematic candidate)","","","","Life in the Fast Lane (2013 Remaster)","Eagles","Hotel California (2013 Remaster)","68097789","448015","286","false","https://www.deezer.com/us/track/68097789","https://cdnt-preview.dzcdn.net/api/1/1/5/6/c/0/56c1283f56c64135a7ac25ae74c65dbf.mp3?hdnea=exp=1781737711~acl=/api/1/1/5/6/c/0/56c1283f56c64135a7ac25ae74c65dbf.mp3*~data=user_id=0,application_id=42~hmac=8f78383902584fafc22541b631cf303fa26cc14499ee2a4c5ebaac5035e1a4fc","On 1 list: 70s Hits"
"(thematic candidate)","","","","Telephone Line","Electric Light Orchestra","A New World Record","112660452","445497","280","false","https://www.deezer.com/us/track/112660452","https://cdnt-preview.dzcdn.net/api/1/1/d/3/3/0/d33ebdfd555d0fdfe5bd7de63bb45bd3.mp3?hdnea=exp=1781737710~acl=/api/1/1/d/3/3/0/d33ebdfd555d0fdfe5bd7de63bb45bd3.mp3*~data=user_id=0,application_id=42~hmac=3222dfed958ce30b8e1eee66161c61f3955531fe81c6ae1dbb4eaca1ad128071","On 1 list: 70s Hits"
"(thematic candidate)","","","","Forever In Blue Jeans","Neil Diamond","You Don't Bring Me Flowers","79835508","443812","219","false","https://www.deezer.com/us/track/79835508","https://cdnt-preview.dzcdn.net/api/1/1/6/e/d/0/6ed49eba6f0027b0430718f2a21319ed.mp3?hdnea=exp=1781737711~acl=/api/1/1/6/e/d/0/6ed49eba6f0027b0430718f2a21319ed.mp3*~data=user_id=0,application_id=42~hmac=08331ef87ef28a9fc2383967b84338d495a260868a59fed536077c20ff3354f1","On 1 list: 70s Hits"
"(thematic candidate)","","","","Shining Star","Earth, Wind & Fire","The Essential Earth, Wind & Fire","75626419","443087","171","false","https://www.deezer.com/us/track/75626419","https://cdnt-preview.dzcdn.net/api/1/1/e/f/0/0/ef0e25a97485688fd3c2305b113d1178.mp3?hdnea=exp=1781737709~acl=/api/1/1/e/f/0/0/ef0e25a97485688fd3c2305b113d1178.mp3*~data=user_id=0,application_id=42~hmac=fa70327a151ab565ba3e563cf52246f9ecb8b80ae3e9819428860464f3599065","On 1 list: 70s Hits"
"(thematic candidate)","","","","Biggest Part of Me","Ambrosia","Rhino Hi Five: Ambrosia","764505","441541","324","false","https://www.deezer.com/us/track/764505","https://cdnt-preview.dzcdn.net/api/1/1/c/0/3/0/c03c86021b7c52609d6a40bb7459309a.mp3?hdnea=exp=1781737710~acl=/api/1/1/c/0/3/0/c03c86021b7c52609d6a40bb7459309a.mp3*~data=user_id=0,application_id=42~hmac=132d398aaf534541606646e3d5d6d2fcad1f710beb9ccf529407f5467f8c0d8f","On 1 list: 70s Hits"
"(thematic candidate)","","","","Still The Same","Bob Seger","The Classic 1980 Broadcasts","952676192","440698","208","false","https://www.deezer.com/us/track/952676192","https://cdnt-preview.dzcdn.net/api/1/1/3/c/e/0/3cec8a8d373c32fb69a3c6d6cc2f90c5.mp3?hdnea=exp=1781737712~acl=/api/1/1/3/c/e/0/3cec8a8d373c32fb69a3c6d6cc2f90c5.mp3*~data=user_id=0,application_id=42~hmac=876204156e2f12d44ca395a20889e47d0684b3dc56a65f2f742d5834300ea440","On 1 list: 70s Hits"
"(thematic candidate)","","","","Who'll Stop The Rain","Creedence Clearwater Revival","Cosmo's Factory (Expanded Edition)","112839944","438212","147","false","https://www.deezer.com/us/track/112839944","https://cdnt-preview.dzcdn.net/api/1/1/3/0/e/0/30e0213826e4853e68a476f51a085b13.mp3?hdnea=exp=1781737710~acl=/api/1/1/3/0/e/0/30e0213826e4853e68a476f51a085b13.mp3*~data=user_id=0,application_id=42~hmac=ead9027e34b75ece3c6f40101a04ae558f7947c7258c495772beacf2b02f934a","On 1 list: 70s Hits"
"(thematic candidate)","","","","Photograph","Ringo Starr","Very Best Of","3108327","434908","238","false","https://www.deezer.com/us/track/3108327","https://cdnt-preview.dzcdn.net/api/1/1/c/2/8/0/c289003337c7b262c476af67f69b85ae.mp3?hdnea=exp=1781737711~acl=/api/1/1/c/2/8/0/c289003337c7b262c476af67f69b85ae.mp3*~data=user_id=0,application_id=42~hmac=3ef2d4ae57a60bd6d00b7088fdeb7aa729ffd4dd96074a963d4cd9fa06e6a9f8","On 1 list: 70s Hits"
"(thematic candidate)","","","","Natural High (Single Version)","Bloodstone","The Essentials: Bloodstone","4099821","434557","249","false","https://www.deezer.com/us/track/4099821","https://cdnt-preview.dzcdn.net/api/1/1/b/1/6/0/b16a61b55d1ef7096842458d49a86e89.mp3?hdnea=exp=1781737714~acl=/api/1/1/b/1/6/0/b16a61b55d1ef7096842458d49a86e89.mp3*~data=user_id=0,application_id=42~hmac=5b3eda56a1fb9c406c80b9208963ffc7172066ac85516aafffc06ccad1e79a02","On 1 list: 70s Soul"
"(thematic candidate)","","","","Boogie Oogie Oogie","A Taste Of Honey","A Taste Of Honey","13530476","433064","225","false","https://www.deezer.com/us/track/13530476","https://cdnt-preview.dzcdn.net/api/1/1/2/6/a/0/26a10c4f7f3ed7fda91c506c954d8bf0.mp3?hdnea=exp=1781737715~acl=/api/1/1/2/6/a/0/26a10c4f7f3ed7fda91c506c954d8bf0.mp3*~data=user_id=0,application_id=42~hmac=a1581f5b95e3bf4d4d681930d3c1df166b65ed62575b9f8e526363e7eed9b271","On 1 list: Disco Essentials"
"(thematic candidate)","","","","Everybody Dance (2018 Remaster)","Chic","Chic (2018 Remaster)","589734392","432349","402","false","https://www.deezer.com/us/track/589734392","https://cdnt-preview.dzcdn.net/api/1/1/1/c/8/0/1c846a2aa27d1c492155f827873b90b3.mp3?hdnea=exp=1781737715~acl=/api/1/1/1/c/8/0/1c846a2aa27d1c492155f827873b90b3.mp3*~data=user_id=0,application_id=42~hmac=f43158dedcfbecda5ead7bcd991773df3012523a384537eb8e1c63f37da4e1a2","On 1 list: Disco Essentials"
"(thematic candidate)","","","","Bargain","The Who","Who's Next (Deluxe Edition)","2121806","432097","333","false","https://www.deezer.com/us/track/2121806","https://cdnt-preview.dzcdn.net/api/1/1/3/4/3/0/34360058f4666f76a125e1efdc07d569.mp3?hdnea=exp=1781737710~acl=/api/1/1/3/4/3/0/34360058f4666f76a125e1efdc07d569.mp3*~data=user_id=0,application_id=42~hmac=4047eaab1a224dc77f340cd48a15746103814d66ec1d51041c3513c18ec16fa4","On 1 list: 70s Hits"
"(thematic candidate)","","","","Crippled Inside (Remastered 2010)","John Lennon","Imagine","7193835","430234","230","false","https://www.deezer.com/us/track/7193835","https://cdnt-preview.dzcdn.net/api/1/1/6/8/c/0/68c5fed378f9663b43c235cb61460b32.mp3?hdnea=exp=1781737711~acl=/api/1/1/6/8/c/0/68c5fed378f9663b43c235cb61460b32.mp3*~data=user_id=0,application_id=42~hmac=f076a3cf040943426f1286a9e8b5ddef902da7573a6c69443adc3fd94dfbcabf","On 1 list: 70s Hits"
"(thematic candidate)","","","","Lovin'you","Minnie Riperton","De l'autre côté du lit (Bande originale du film)","2837988","426589","204","false","https://www.deezer.com/us/track/2837988","https://cdnt-preview.dzcdn.net/api/1/1/0/5/8/0/058bc7009e3e97d09e9404aa04e274ab.mp3?hdnea=exp=1781737714~acl=/api/1/1/0/5/8/0/058bc7009e3e97d09e9404aa04e274ab.mp3*~data=user_id=0,application_id=42~hmac=095ba88bc20bc7dadc6838b0f2b0d735815dc722e96488e346fd2b6e70fa2a1f","On 1 list: 70s Soul"
"(thematic candidate)","","","","Milk and Alcohol","Dr. Feelgood","The UA Years","3124085","426495","168","false","https://www.deezer.com/us/track/3124085","https://cdnt-preview.dzcdn.net/api/1/1/e/0/a/0/e0a5832defe2e16e68a8ab1c06994f47.mp3?hdnea=exp=1781737713~acl=/api/1/1/e/0/a/0/e0a5832defe2e16e68a8ab1c06994f47.mp3*~data=user_id=0,application_id=42~hmac=c84ff07db09f1e4b1eb424407951284542abf4e0fb793246800038a18e1cfdb6","On 1 list: 70s Rock"
"(thematic candidate)","","","","Wasted Time (2013 Remaster)","Eagles","Hotel California (2013 Remaster)","68097790","424216","296","false","https://www.deezer.com/us/track/68097790","https://cdnt-preview.dzcdn.net/api/1/1/4/a/8/0/4a8bb975ac08486c9bc9a1d7e8d5deba.mp3?hdnea=exp=1781737711~acl=/api/1/1/4/a/8/0/4a8bb975ac08486c9bc9a1d7e8d5deba.mp3*~data=user_id=0,application_id=42~hmac=71db20d350b39b651b3ab1118222eef1f4e3b643b5b39327d8a386a8039cf3c5","On 1 list: 70s Hits"
"(thematic candidate)","","","","Jump Into The Fire","Harry Nilsson","Nilsson Schmilsson","15408010","424105","413","false","https://www.deezer.com/us/track/15408010","https://cdnt-preview.dzcdn.net/api/1/1/4/8/9/0/48970f0907a106649532b5227a019fb3.mp3?hdnea=exp=1781737713~acl=/api/1/1/4/8/9/0/48970f0907a106649532b5227a019fb3.mp3*~data=user_id=0,application_id=42~hmac=5fd28486f0d58c2d85ee69e22b37f4536ab3f27d058a7ce2e07656e8abe20ea0","On 1 list: 70s Rock"
"(thematic candidate)","","","","I Need Your Lovin'","Teena Marie","Love Funk","549271692","422122","454","false","https://www.deezer.com/us/track/549271692","https://cdnt-preview.dzcdn.net/api/1/1/5/f/f/0/5ffc83a1856ffbd9ef82f7894deccd1d.mp3?hdnea=exp=1781737715~acl=/api/1/1/5/f/f/0/5ffc83a1856ffbd9ef82f7894deccd1d.mp3*~data=user_id=0,application_id=42~hmac=9d0347511dd34f1778ed015a73d4b6c075525f78ebcf8bff4448d119c3d693ee","On 1 list: Disco Essentials"
"(thematic candidate)","","","","Forever (Remastered 2009)","The Beach Boys","Sunflower","73080134","419681","163","false","https://www.deezer.com/us/track/73080134","https://cdnt-preview.dzcdn.net/api/1/1/d/a/3/0/da3f19245c6afe33ca8b8c2596c1a2c3.mp3?hdnea=exp=1781737713~acl=/api/1/1/d/a/3/0/da3f19245c6afe33ca8b8c2596c1a2c3.mp3*~data=user_id=0,application_id=42~hmac=138863a21ab4048584fe0f9ad85221585888f6215c6d1d80da186de0fdede5f5","On 1 list: 70s HITS - 100 Greatest Songs of the 1970s"
"(thematic candidate)","","","","50 Ways to Leave Your Lover","Paul Simon","The Essential Paul Simon","6599445","417820","217","false","https://www.deezer.com/us/track/6599445","https://cdnt-preview.dzcdn.net/api/1/1/f/8/5/0/f8590ad47d3188f8949ad080ae977eca.mp3?hdnea=exp=1781737711~acl=/api/1/1/f/8/5/0/f8590ad47d3188f8949ad080ae977eca.mp3*~data=user_id=0,application_id=42~hmac=49c2b1d31294ee0f2e657347e77bd1836586882523bd7f4d2aa229574a489527","On 1 list: 70s Hits"
"(thematic candidate)","","","","September","Throttle","September","112666838","416994","256","false","https://www.deezer.com/us/track/112666838","https://cdnt-preview.dzcdn.net/api/1/1/4/9/8/0/498c15da36abacfb3635c051a1cd84a3.mp3?hdnea=exp=1781737713~acl=/api/1/1/4/9/8/0/498c15da36abacfb3635c051a1cd84a3.mp3*~data=user_id=0,application_id=42~hmac=c3d0dd640c3ec5a790b563d54297a9f1d8039afe5694c472daabfa6d3e6d48a2","On 1 list: 70s HITS - 100 Greatest Songs of the 1970s"
"(thematic candidate)","","","","Sunny","Boney M.","Rivers Of Babylon","968801","415834","241","false","https://www.deezer.com/us/track/968801","https://cdnt-preview.dzcdn.net/api/1/1/f/9/a/0/f9ab446402bc2159870defee4909140a.mp3?hdnea=exp=1781737710~acl=/api/1/1/f/9/a/0/f9ab446402bc2159870defee4909140a.mp3*~data=user_id=0,application_id=42~hmac=b7475adc2a5cd8f1a1e3f051a3df3468e4831e0dc63415dd9736536a7e06a1bc","On 1 list: 70s Hits"
"(thematic candidate)","","","","Enjoy Yourself","The Jacksons","The Essential Michael Jackson","14874837","414362","201","false","https://www.deezer.com/us/track/14874837","https://cdnt-preview.dzcdn.net/api/1/1/b/4/8/0/b48f0e4701b70a0a1f315c6b4423ca49.mp3?hdnea=exp=1781737710~acl=/api/1/1/b/4/8/0/b48f0e4701b70a0a1f315c6b4423ca49.mp3*~data=user_id=0,application_id=42~hmac=6b6f277104f7f1689e19f386b3e24f36b1fcc68fe651bcc9086f6b169f5f0b06","On 1 list: 70s Hits"
"(thematic candidate)","","","","Happy Feelin's (Remastered 2004)","Maze","Maze Featuring Frankie Beverly (Remastered 2004)","3089379","411622","431","false","https://www.deezer.com/us/track/3089379","https://cdnt-preview.dzcdn.net/api/1/1/6/6/b/0/66bb25b7a35c636dd0bbe63fc76f082e.mp3?hdnea=exp=1781737714~acl=/api/1/1/6/6/b/0/66bb25b7a35c636dd0bbe63fc76f082e.mp3*~data=user_id=0,application_id=42~hmac=6efbee363d6e7beba0e2d2b6e94a2fe69823093dde21a9596edfe3336d197460","On 1 list: 70s Soul"
"(thematic candidate)","","","","Danny's Song","Loggins & Messina","The Best: Loggins & Messina Sittin' In Again","559837","410283","255","false","https://www.deezer.com/us/track/559837","https://cdnt-preview.dzcdn.net/api/1/1/8/7/6/0/87661a339f49cf32198fd8d525d4065d.mp3?hdnea=exp=1781737710~acl=/api/1/1/8/7/6/0/87661a339f49cf32198fd8d525d4065d.mp3*~data=user_id=0,application_id=42~hmac=c845143693a6466bde9bb1b01195cbc53f0773df4b24384e69d33d167c94457c","On 1 list: 70s Hits"
"(thematic candidate)","","","","You've Got a Friend","James Taylor","Greatest Hits","6523613","409185","268","false","https://www.deezer.com/us/track/6523613","https://cdnt-preview.dzcdn.net/api/1/1/6/7/9/0/679776978673db954075675e65a12a93.mp3?hdnea=exp=1781737710~acl=/api/1/1/6/7/9/0/679776978673db954075675e65a12a93.mp3*~data=user_id=0,application_id=42~hmac=58ecfe1dbe54e8b64f36d10e13379c1375968b4e8ab0412279f9169e04cdf512","On 1 list: 70s Hits"
"(thematic candidate)","","","","Lovin', Touchin', Squeezin' (2024 Remaster)","Journey","Greatest Hits (2024 Remaster)","534471","408021","234","false","https://www.deezer.com/us/track/534471","https://cdnt-preview.dzcdn.net/api/1/1/3/d/8/0/3d8c3330a6ce94b2d591d8cdbe292bbc.mp3?hdnea=exp=1781737710~acl=/api/1/1/3/d/8/0/3d8c3330a6ce94b2d591d8cdbe292bbc.mp3*~data=user_id=0,application_id=42~hmac=06a8617385e50bfb4960b73f1ddf548384d1c9fcbe37d851d2d79b955f839057","On 1 list: 70s Hits"
"(thematic candidate)","","","","Speed of Life (2017 Remaster)","David Bowie","Low (2017 Remaster)","461043532","407356","167","false","https://www.deezer.com/us/track/461043532","https://cdnt-preview.dzcdn.net/api/1/1/1/f/5/0/1f5ddc44ebb9ab979f067b874b9fdc8f.mp3?hdnea=exp=1781737711~acl=/api/1/1/1/f/5/0/1f5ddc44ebb9ab979f067b874b9fdc8f.mp3*~data=user_id=0,application_id=42~hmac=cf139ecdb236b86e58241eece39baf166e171363cc922357b9bd7cb348f5399e","On 1 list: 70s Hits"
"(thematic candidate)","","","","ABC","Jackson 5","ABC","2162319","404034","174","false","https://www.deezer.com/us/track/2162319","https://cdnt-preview.dzcdn.net/api/1/1/e/8/0/0/e8000b6312b748b1ad75a2eb14543fb3.mp3?hdnea=exp=1781737713~acl=/api/1/1/e/8/0/0/e8000b6312b748b1ad75a2eb14543fb3.mp3*~data=user_id=0,application_id=42~hmac=977750d4351625654f7085915b3c34917c029229fca9d61a94b06e83fafee512","On 1 list: 70s HITS - 100 Greatest Songs of the 1970s"
"(thematic candidate)","","","","After the Love Has Gone","Earth, Wind & Fire","I Am","27533041","402866","274","false","https://www.deezer.com/us/track/27533041","https://cdnt-preview.dzcdn.net/api/1/1/b/c/6/0/bc6b675f62d4bb389e9f25d33a944ce2.mp3?hdnea=exp=1781737709~acl=/api/1/1/b/c/6/0/bc6b675f62d4bb389e9f25d33a944ce2.mp3*~data=user_id=0,application_id=42~hmac=ce9479b8e7970ed4334885b21aebe9240b4db240e58d8aca316fd7f58a804dc1","On 1 list: 70s Hits"
"(thematic candidate)","","","","In The Rain","The Dramatics","Whatcha See Is Whatcha Get [Stax Remasters]","13622523","402390","311","false","https://www.deezer.com/us/track/13622523","https://cdnt-preview.dzcdn.net/api/1/1/d/5/8/0/d58e30fe8d61654656770ed272000907.mp3?hdnea=exp=1781737714~acl=/api/1/1/d/5/8/0/d58e30fe8d61654656770ed272000907.mp3*~data=user_id=0,application_id=42~hmac=c1ebb6583229358a31bc188eb7847067570a77f4e754ffc1ea24f1e3e310734c","On 1 list: 70s Soul"
"(thematic candidate)","","","","Stumblin' In","Lone Tusker","Stumblin' In","2852554952","402098","177","false","https://www.deezer.com/us/track/2852554952","https://cdnt-preview.dzcdn.net/api/1/1/0/8/c/0/08c25a5a46096eec65491aba443064e7.mp3?hdnea=exp=1781737710~acl=/api/1/1/0/8/c/0/08c25a5a46096eec65491aba443064e7.mp3*~data=user_id=0,application_id=42~hmac=5b635480f6fa754c49e77802f38d48c620f950a563bfdf3330cb7204872adb8e","On 1 list: 70s Hits"
"(thematic candidate)","","","","I'll Take You There","The Staple Singers","Stax Volt Chartbusters Vol 4","907186","401786","196","false","https://www.deezer.com/us/track/907186","https://cdnt-preview.dzcdn.net/api/1/1/b/e/f/0/bef2cc296dbbbbeca2010e3e437ce4b1.mp3?hdnea=exp=1781737714~acl=/api/1/1/b/e/f/0/bef2cc296dbbbbeca2010e3e437ce4b1.mp3*~data=user_id=0,application_id=42~hmac=53a3214a862ea822f438730c8891cea037c2a1ed8b4217640372d481f0d8390d","On 1 list: 70s Soul"
"(thematic candidate)","","","","Lights (2024 Remaster)","Journey","Greatest Hits (2024 Remaster)","534470","399441","189","false","https://www.deezer.com/us/track/534470","https://cdnt-preview.dzcdn.net/api/1/1/4/2/d/0/42de7da0aa3eadd72343562cb2167a29.mp3?hdnea=exp=1781737709~acl=/api/1/1/4/2/d/0/42de7da0aa3eadd72343562cb2167a29.mp3*~data=user_id=0,application_id=42~hmac=3d11392297bfe8fa6e2057a289ea3e4211f6947229a7b281ab30797f4261dd9f","On 1 list: 70s Hits"
"(thematic candidate)","","","","Country Road (Remastered 2002)","Grand Funk Railroad","Survival (Remastered 2002 / Expanded Edition)","3478182","395788","260","false","https://www.deezer.com/us/track/3478182","https://cdnt-preview.dzcdn.net/api/1/1/a/e/7/0/ae7d865fdb3557f4ba0e1c8e289d968d.mp3?hdnea=exp=1781737713~acl=/api/1/1/a/e/7/0/ae7d865fdb3557f4ba0e1c8e289d968d.mp3*~data=user_id=0,application_id=42~hmac=0a401b6767a4f664890ec4686cbcbc5655a1a6701b1baa2617b68314fc97b9b9","On 1 list: 70s Rock"
"(thematic candidate)","","","","Lonely People","America","America's Greatest Hits - History","727758","390355","150","false","https://www.deezer.com/us/track/727758","https://cdnt-preview.dzcdn.net/api/1/1/c/8/6/0/c86b4adc69f22ebbde8927ac550c6a09.mp3?hdnea=exp=1781737711~acl=/api/1/1/c/8/6/0/c86b4adc69f22ebbde8927ac550c6a09.mp3*~data=user_id=0,application_id=42~hmac=848b2d1487ea009a9e4767ceb7ddf46261fa2d59404f6f826579985ddf5bb3c6","On 1 list: 70s Hits"
"(thematic candidate)","","","","Gypsys, Tramps & Thieves","Cher","Cher's Greatest Hits: 1965-1992","1126803","390291","156","false","https://www.deezer.com/us/track/1126803","https://cdnt-preview.dzcdn.net/api/1/1/7/8/8/0/788af474a35a530b038d9eac46ca1f8b.mp3?hdnea=exp=1781737711~acl=/api/1/1/7/8/8/0/788af474a35a530b038d9eac46ca1f8b.mp3*~data=user_id=0,application_id=42~hmac=ad86d37301da98e23d4287e6a3071ab1084ed119032ac9dd631706d9e21cca74","On 1 list: 70s Hits"
"(thematic candidate)","","","","Good Morning Judge","10cc","Deceptive Bends","1113990","385464","174","false","https://www.deezer.com/us/track/1113990","https://cdnt-preview.dzcdn.net/api/1/1/b/3/c/0/b3cf4b18e634ac3976a5a8e0be539206.mp3?hdnea=exp=1781737711~acl=/api/1/1/b/3/c/0/b3cf4b18e634ac3976a5a8e0be539206.mp3*~data=user_id=0,application_id=42~hmac=fc89602184a082d3302dc5e112800cf80401d5b64ac11546cb646e0e3ef44eec","On 1 list: 70s Hits"
"(thematic candidate)","","","","Solsbury Hill","Peter Gabriel","Shaking The Tree - 16 Golden Greats (Remastered)","540500882","381182","261","false","https://www.deezer.com/us/track/540500882","https://cdnt-preview.dzcdn.net/api/1/1/2/7/5/0/27558acc72a19f92979477ace8a0fb4a.mp3?hdnea=exp=1781737711~acl=/api/1/1/2/7/5/0/27558acc72a19f92979477ace8a0fb4a.mp3*~data=user_id=0,application_id=42~hmac=7982f9c8f3226fc7d56bf7d4979ce1d41660b79adee76d79d504b919747f430c","On 1 list: 70s Hits"
"(thematic candidate)","","","","Message In A Bottle","The Police","Greatest Hits","7045679","380615","289","false","https://www.deezer.com/us/track/7045679","https://cdnt-preview.dzcdn.net/api/1/1/f/c/7/0/fc7e862e7f0dd3f275a9ff96aaca7a61.mp3?hdnea=exp=1781737713~acl=/api/1/1/f/c/7/0/fc7e862e7f0dd3f275a9ff96aaca7a61.mp3*~data=user_id=0,application_id=42~hmac=7d864a8d641a72db8185a05a39ae66801fb5f984e362b57b8590037a7f1d99fe","On 1 list: 70s HITS - 100 Greatest Songs of the 1970s"
"(thematic candidate)","","","","Moondance (2013 Remaster)","Van Morrison","Moondance (Deluxe Edition)","71444764","376791","274","false","https://www.deezer.com/us/track/71444764","https://cdnt-preview.dzcdn.net/api/1/1/1/5/b/0/15b7639ced429ae100a1330984b9b641.mp3?hdnea=exp=1781737711~acl=/api/1/1/1/5/b/0/15b7639ced429ae100a1330984b9b641.mp3*~data=user_id=0,application_id=42~hmac=ef817714f4583c71fe82c6d75b171d6c678e09e1eb371097eb82edb3962522ae","On 1 list: 70s Hits"
"(thematic candidate)","","","","Always and Forever (Edit)","Heatwave","Slow Soul","989062","369134","289","false","https://www.deezer.com/us/track/989062","https://cdnt-preview.dzcdn.net/api/1/1/f/b/0/0/fb07454a860b50e8370484db1a5d28cf.mp3?hdnea=exp=1781737714~acl=/api/1/1/f/b/0/0/fb07454a860b50e8370484db1a5d28cf.mp3*~data=user_id=0,application_id=42~hmac=b649735fa946c59a244cdf90068f638d61ad81fb65f2d9c216ed8ccf347ba5ca","On 1 list: 70s Soul"
"(thematic candidate)","","","","What I Like About You","The Romantics","The Romantics","1129265","364128","174","false","https://www.deezer.com/us/track/1129265","https://cdnt-preview.dzcdn.net/api/1/1/6/f/e/0/6fe867f3f7e0114c6fe21db3a629bf76.mp3?hdnea=exp=1781737709~acl=/api/1/1/6/f/e/0/6fe867f3f7e0114c6fe21db3a629bf76.mp3*~data=user_id=0,application_id=42~hmac=68b0a662e89db66190f9077cf11f8299e271c9a24deaa1b1d6fcc95d5d32d981","On 1 list: 70s Hits"
"(thematic candidate)","","","","Walk Away From Love","David Ruffin","'70s Soul #1's","1110877","359859","330","false","https://www.deezer.com/us/track/1110877","https://cdnt-preview.dzcdn.net/api/1/1/f/b/1/0/fb11814cf90e3ef3b87a77d28065c1ef.mp3?hdnea=exp=1781737714~acl=/api/1/1/f/b/1/0/fb11814cf90e3ef3b87a77d28065c1ef.mp3*~data=user_id=0,application_id=42~hmac=5514ed00cb00c4c98e3efc3283e5f26b630b0957ec3b2c5012c3cea8af65ff05","On 1 list: 70s Soul"
"(thematic candidate)","","","","Maggie May (Remastered Version)","Rod Stewart","Some Guys Have All the Luck","2550595","358497","345","false","https://www.deezer.com/us/track/2550595","https://cdnt-preview.dzcdn.net/api/1/1/3/d/4/0/3d4871cd93ccee9758ea2e88dc43cf39.mp3?hdnea=exp=1781737710~acl=/api/1/1/3/d/4/0/3d4871cd93ccee9758ea2e88dc43cf39.mp3*~data=user_id=0,application_id=42~hmac=d8588a3122b172fce12ed1ae0fb1ddb76910d1a1086330c37a12ea24a5ef246a","On 1 list: 70s Hits"
"(thematic candidate)","","","","What's Going On","Marvin Gaye","The 50 Greatest Songs","1101747","356856","232","false","https://www.deezer.com/us/track/1101747","https://cdnt-preview.dzcdn.net/api/1/1/2/2/5/0/225861d1c40abf192bff6013a57b17f9.mp3?hdnea=exp=1781737710~acl=/api/1/1/2/2/5/0/225861d1c40abf192bff6013a57b17f9.mp3*~data=user_id=0,application_id=42~hmac=acf5d98d760222385d47152567e22beb7f79fa60ee1053ec826c8744680fcb23","On 1 list: 70s Hits"
"(thematic candidate)","","","","Two Tickets to Paradise (2022 Remaster)","Eddie Money","Eddie Money (2022 Remaster)","1080500","355284","238","false","https://www.deezer.com/us/track/1080500","https://cdnt-preview.dzcdn.net/api/1/1/8/9/e/0/89e141f3cd2253d83cab213206befa0d.mp3?hdnea=exp=1781737709~acl=/api/1/1/8/9/e/0/89e141f3cd2253d83cab213206befa0d.mp3*~data=user_id=0,application_id=42~hmac=bffe27c65eab24772d8dcea43fca86a4adeb58ee41f544b1af92e160a1c5162e","On 1 list: 70s Hits"
"(thematic candidate)","","","","Dream Police","Cheap Trick","Dream Police","82325634","344739","233","false","https://www.deezer.com/us/track/82325634","https://cdnt-preview.dzcdn.net/api/1/1/e/3/f/0/e3f48a6151397775abdf9242d6fa3193.mp3?hdnea=exp=1781737711~acl=/api/1/1/e/3/f/0/e3f48a6151397775abdf9242d6fa3193.mp3*~data=user_id=0,application_id=42~hmac=494202114a3fe8ce2cfcaa37426aa0111cb32d6050aa15ea0c679f5942298701","On 1 list: 70s Hits"
"(thematic candidate)","","","","Squeeze Box","The Who","The Who By Numbers","1169084","337172","162","false","https://www.deezer.com/us/track/1169084","https://cdnt-preview.dzcdn.net/api/1/1/9/9/1/0/9917b9752da812039e15117f691546cd.mp3?hdnea=exp=1781737711~acl=/api/1/1/9/9/1/0/9917b9752da812039e15117f691546cd.mp3*~data=user_id=0,application_id=42~hmac=f49f2f6a14829e26d5f12b629beba442a6d2497e76b32680af1d625e1fc853de","On 1 list: 70s Hits"
"(thematic candidate)","","","","Still the One","Orleans","Waking & Dreaming","732513","333548","234","false","https://www.deezer.com/us/track/732513","https://cdnt-preview.dzcdn.net/api/1/1/6/5/c/0/65c0ca7b4818a9a96bdfafa1c180bf64.mp3?hdnea=exp=1781737710~acl=/api/1/1/6/5/c/0/65c0ca7b4818a9a96bdfafa1c180bf64.mp3*~data=user_id=0,application_id=42~hmac=268024818faccc48e978113b0d3184dae25780ec5487d7291eb33693c6adc09c","On 1 list: 70s Hits"
"(thematic candidate)","","","","Maybe I’m Amazed","Paul McCartney","Pure McCartney (Deluxe Edition)","126368789","326795","228","false","https://www.deezer.com/us/track/126368789","https://cdnt-preview.dzcdn.net/api/1/1/e/3/3/0/e33488340c519f49c4ee9808ca52d6e1.mp3?hdnea=exp=1781737710~acl=/api/1/1/e/3/3/0/e33488340c519f49c4ee9808ca52d6e1.mp3*~data=user_id=0,application_id=42~hmac=4f7a2c4ca0cc3340b6d6a610a986a8a0da32e61c84c73432bad3d3b84bd184d8","On 1 list: 70s Hits"
"(thematic candidate)","","","","Love Will Tear Us Apart (2010 Remaster)","Joy Division","Substance","103915904","326540","204","false","https://www.deezer.com/us/track/103915904","https://cdnt-preview.dzcdn.net/api/1/1/f/1/8/0/f186b5c196d8165b4558bfe6cd75f6b8.mp3?hdnea=exp=1781737710~acl=/api/1/1/f/1/8/0/f186b5c196d8165b4558bfe6cd75f6b8.mp3*~data=user_id=0,application_id=42~hmac=8efca2cb4099e4755698cb5e7404fa65629e8ff84f908079d7f4e042da08fb05","On 1 list: 70s Hits"
"(thematic candidate)","","","","Without You","Harry Nilsson","70s 100 Hits","5404450","326504","195","false","https://www.deezer.com/us/track/5404450","https://cdnt-preview.dzcdn.net/api/1/1/7/9/a/0/79a5c568ef00a63c30045fa7603a5be2.mp3?hdnea=exp=1781737709~acl=/api/1/1/7/9/a/0/79a5c568ef00a63c30045fa7603a5be2.mp3*~data=user_id=0,application_id=42~hmac=962e818cd02c86fec7d68cfbd3657a8817e2177625b58e1e2aec0033ac30bd15","On 1 list: 70s Hits"
"(thematic candidate)","","","","It Don't Come Easy","Ringo Starr","Very Best Of","3108328","319025","180","false","https://www.deezer.com/us/track/3108328","https://cdnt-preview.dzcdn.net/api/1/1/8/3/a/0/83a06679132ae83dc826d70cf92f072b.mp3?hdnea=exp=1781737711~acl=/api/1/1/8/3/a/0/83a06679132ae83dc826d70cf92f072b.mp3*~data=user_id=0,application_id=42~hmac=93d2c20ee4168b205e96f79f23fda8aa9b88f1966609b0003a03f55bf629dcf5","On 1 list: 70s Hits"
"(thematic candidate)","","","","Suspicious Minds","Elvis Presley","From Elvis in Memphis","129232116","310857","269","false","https://www.deezer.com/us/track/129232116","https://cdnt-preview.dzcdn.net/api/1/1/d/c/c/0/dcc18398c806e9db31d669b0a46d21cf.mp3?hdnea=exp=1781737713~acl=/api/1/1/d/c/c/0/dcc18398c806e9db31d669b0a46d21cf.mp3*~data=user_id=0,application_id=42~hmac=d547ec6007419459bf8c6474dcced7a08804b718a14807478fd8336bd800c3aa","On 1 list: 70s HITS - 100 Greatest Songs of the 1970s"
"(thematic candidate)","","","","Kodachrome","Paul Simon","There Goes Rhymin' Simon","6581070","309604","215","false","https://www.deezer.com/us/track/6581070","https://cdnt-preview.dzcdn.net/api/1/1/3/1/0/0/310fd798a44afe6d4faad7299f89d934.mp3?hdnea=exp=1781737710~acl=/api/1/1/3/1/0/0/310fd798a44afe6d4faad7299f89d934.mp3*~data=user_id=0,application_id=42~hmac=276e48e433dbf8814f4bbc5e5321823f4193fce6da9e0fe269fceec0a6d36b87","On 1 list: 70s Hits"
"(thematic candidate)","","","","Don't Stop Believin'","Lone Tusker","Don't Stop Believin'","3141174561","309006","148","false","https://www.deezer.com/us/track/3141174561","https://cdnt-preview.dzcdn.net/api/1/1/a/e/7/0/ae79a069776afdcc636588a125ca9f57.mp3?hdnea=exp=1781737710~acl=/api/1/1/a/e/7/0/ae79a069776afdcc636588a125ca9f57.mp3*~data=user_id=0,application_id=42~hmac=8b03eb32b6e20eba16409bb3e760d766b733e505600ea4a1807df53ebaaf1324","On 1 list: 70s Hits"
"(thematic candidate)","","","","Witchy Woman (2013 Remaster)","Eagles","Their Greatest Hits 1971-1975 (2013 Remaster)","68094696","307658","250","false","https://www.deezer.com/us/track/68094696","https://cdnt-preview.dzcdn.net/api/1/1/7/c/3/0/7c3f4d9d16e030a38e5c425bca797eb7.mp3?hdnea=exp=1781737711~acl=/api/1/1/7/c/3/0/7c3f4d9d16e030a38e5c425bca797eb7.mp3*~data=user_id=0,application_id=42~hmac=2fa0f0ea574e48b0fb84722f1c1bf8fcf37413efd607e1663d1a76586dfe94b1","On 1 list: 70s Hits"
"(thematic candidate)","","","","Can't Get Enough (2009 Remaster)","Bad Company","10 from 6 (2009 Remaster)","3818859","305897","253","false","https://www.deezer.com/us/track/3818859","https://cdnt-preview.dzcdn.net/api/1/1/6/9/c/0/69c70d8dd12dfb7bdbff8ea68266e828.mp3?hdnea=exp=1781737710~acl=/api/1/1/6/9/c/0/69c70d8dd12dfb7bdbff8ea68266e828.mp3*~data=user_id=0,application_id=42~hmac=57e61c9827a10c40c0419be72d3d0a827e0fcd9ba01c255dfb60146bb41f3351","On 1 list: 70s Hits"
"(thematic candidate)","","","","Footsteps in the Dark, Pts. 1 & 2","The Isley Brothers","The Essential Isley Brothers","586085","305077","304","false","https://www.deezer.com/us/track/586085","https://cdnt-preview.dzcdn.net/api/1/1/6/7/1/0/6711ea18a9f545cfefa3254b945379e2.mp3?hdnea=exp=1781737709~acl=/api/1/1/6/7/1/0/6711ea18a9f545cfefa3254b945379e2.mp3*~data=user_id=0,application_id=42~hmac=563fa24106734147d1e07f35c2940e9833eaa7bb3276db17ac535181a0aa3b3d","On 1 list: 70s Hits"
"(thematic candidate)","","","","I Wanna Be Your Lover","Prince","I Wanna Be Your Lover","732594","296864","347","false","https://www.deezer.com/us/track/732594","https://cdnt-preview.dzcdn.net/api/1/1/b/2/2/0/b22488c50f673059b9046720b3abf931.mp3?hdnea=exp=1781737711~acl=/api/1/1/b/2/2/0/b22488c50f673059b9046720b3abf931.mp3*~data=user_id=0,application_id=42~hmac=ee499ac64aa04c81db8d4348a7f3aa802f8bd2f65474413098d350fc293659c1","On 1 list: 70s Hits"
"(thematic candidate)","","","","Long Long Time","Linda Ronstadt","Different Drum","3147367","280898","264","false","https://www.deezer.com/us/track/3147367","https://cdnt-preview.dzcdn.net/api/1/1/1/9/b/0/19ba7ddc29a42e9cff143fba50b14abf.mp3?hdnea=exp=1781737711~acl=/api/1/1/1/9/b/0/19ba7ddc29a42e9cff143fba50b14abf.mp3*~data=user_id=0,application_id=42~hmac=5b84fdff986456a264df4c8064a9be00ea7a34937a12410b344a0bbbd19272e1","On 1 list: 70s Hits"
"(thematic candidate)","","","","Sweet Dreams (Are Made Of This) (feat. Moody Violet)","EFA","Sweet Dreams (Are Made Of This) (feat. Moody Violet)","3188163751","277763","132","false","https://www.deezer.com/us/track/3188163751","https://cdnt-preview.dzcdn.net/api/1/1/3/7/d/0/37d921366fea0d162d3ace81e61777dd.mp3?hdnea=exp=1781737710~acl=/api/1/1/3/7/d/0/37d921366fea0d162d3ace81e61777dd.mp3*~data=user_id=0,application_id=42~hmac=cb99fc2eb692f63f0dacf5ace2e6339adeeafb326ceed49560000f71471696ca","On 1 list: 70s Hits"
"(thematic candidate)","","","","Truckin' (2013 Remaster)","Grateful Dead","American Beauty (2013 Remaster)","74933120","275403","306","false","https://www.deezer.com/us/track/74933120","https://cdnt-preview.dzcdn.net/api/1/1/9/0/f/0/90f5deba3f262ab3bf9825d351f797c7.mp3?hdnea=exp=1781737713~acl=/api/1/1/9/0/f/0/90f5deba3f262ab3bf9825d351f797c7.mp3*~data=user_id=0,application_id=42~hmac=69be4e0ce76b600aeecf79699e0f97a9f84b90ccb1ae09c8c7dbc664354a5f18","On 1 list: 70s HITS - 100 Greatest Songs of the 1970s"
"(thematic candidate)","","","","Unchained Melody (Live at Ann Arbor, MI)","Elvis Presley","Moody Blue","15398781","265515","152","false","https://www.deezer.com/us/track/15398781","https://cdnt-preview.dzcdn.net/api/1/1/4/b/a/0/4ba5069369c2aa9e889bd25e95a5b99d.mp3?hdnea=exp=1781737710~acl=/api/1/1/4/b/a/0/4ba5069369c2aa9e889bd25e95a5b99d.mp3*~data=user_id=0,application_id=42~hmac=e76cec617d9a6c58d9e53de4ffff40ed7354d1156e0781b7ba98e43cc0e7bb67","On 1 list: 70s Hits"
"(thematic candidate)","","","","Chug All Night (2013 Remaster)","Eagles","Eagles (2013 Remaster)","68098785","259623","195","false","https://www.deezer.com/us/track/68098785","https://cdnt-preview.dzcdn.net/api/1/1/0/6/f/0/06fd25e9c3226198d4a03b5d6acd28dc.mp3?hdnea=exp=1781737711~acl=/api/1/1/0/6/f/0/06fd25e9c3226198d4a03b5d6acd28dc.mp3*~data=user_id=0,application_id=42~hmac=f551ebcf0f17e953f6a7e7c4196d4d06d6dcd45e21ec141093b03468c4679031","On 1 list: 70s Hits"
"(thematic candidate)","","","","I Don't Like Mondays","The Boomtown Rats","Back To Boomtown : Classic Rats Hits","70106439","256660","256","false","https://www.deezer.com/us/track/70106439","https://cdnt-preview.dzcdn.net/api/1/1/5/5/b/0/55b03ff768b988460d46cdaddd5125aa.mp3?hdnea=exp=1781737711~acl=/api/1/1/5/5/b/0/55b03ff768b988460d46cdaddd5125aa.mp3*~data=user_id=0,application_id=42~hmac=725c2b2fe8a4ac2fb45d4df084a93522dae327df763842dd08ad9e1d9653238b","On 1 list: 70s Hits"
"(thematic candidate)","","","","If I Can't Have You","Yvonne Elliman","Women In Love","917077","253231","175","false","https://www.deezer.com/us/track/917077","https://cdnt-preview.dzcdn.net/api/1/1/3/2/3/0/3234d2de80eab81c009973fda220ee54.mp3?hdnea=exp=1781737711~acl=/api/1/1/3/2/3/0/3234d2de80eab81c009973fda220ee54.mp3*~data=user_id=0,application_id=42~hmac=f21d3ec9cec9e214195078f67458c22e934eaf6c32a28dee44c6287775a9b616","On 1 list: 70s Hits"
"(thematic candidate)","","","","Black Magic Woman (Single Version)","Santana","Pure... Drive","13816199","249486","200","false","https://www.deezer.com/us/track/13816199","https://cdnt-preview.dzcdn.net/api/1/1/e/9/6/0/e962c59d1e88c1110ab015b523c55191.mp3?hdnea=exp=1781737709~acl=/api/1/1/e/9/6/0/e962c59d1e88c1110ab015b523c55191.mp3*~data=user_id=0,application_id=42~hmac=799dbee18606c70aae14f4ac4bf409f4ac0db64846c629d15223e5328e98c252","On 1 list: 70s Hits"
"(thematic candidate)","","","","The Last Waltz Suite: The Weight (feat. The Staples)","The Band","The Last Waltz (Deluxe Version)","70535383","249145","275","false","https://www.deezer.com/us/track/70535383","https://cdnt-preview.dzcdn.net/api/1/1/8/1/0/0/810e56a12f14bf9532dfd2d7a7ebffb2.mp3?hdnea=exp=1781737713~acl=/api/1/1/8/1/0/0/810e56a12f14bf9532dfd2d7a7ebffb2.mp3*~data=user_id=0,application_id=42~hmac=d678a3dcecba1b5b47d103d2d1e6c077d28f6641d21a0a715cf9f9bdf06abf61","On 1 list: 70s HITS - 100 Greatest Songs of the 1970s"
"(thematic candidate)","","","","Voices","Cheap Trick","The Essential Cheap Trick","611349","248108","262","false","https://www.deezer.com/us/track/611349","https://cdnt-preview.dzcdn.net/api/1/1/9/c/7/0/9c7cb21c4c242161f0ae6ff2c97e40b4.mp3?hdnea=exp=1781737711~acl=/api/1/1/9/c/7/0/9c7cb21c4c242161f0ae6ff2c97e40b4.mp3*~data=user_id=0,application_id=42~hmac=8a3cda34693db9826c88accabdc252f54988d8b0c6027484399bcefcc7d3dd98","On 1 list: 70s Hits"
"(thematic candidate)","","","","Lady Marmalade (Single Version)","LaBelle","70s 100 Hits","5404435","244469","194","false","https://www.deezer.com/us/track/5404435","https://cdnt-preview.dzcdn.net/api/1/1/d/8/c/0/d8c72c02f2271df6733a943cb905078f.mp3?hdnea=exp=1781737710~acl=/api/1/1/d/8/c/0/d8c72c02f2271df6733a943cb905078f.mp3*~data=user_id=0,application_id=42~hmac=f085ac045f13eb74d9ce72a54a42d4dd69a5494811d89fbfcfe2a4b1eadc9ff8","On 1 list: 70s Hits"
"(thematic candidate)","","","","Fall in Philadelphia","Daryl Hall & John Oates","Whole Oats","4962178","239579","238","false","https://www.deezer.com/us/track/4962178","https://cdnt-preview.dzcdn.net/api/1/1/a/a/7/0/aa7ce1cfaf5c84cc226bdb5afebdcde4.mp3?hdnea=exp=1781737711~acl=/api/1/1/a/a/7/0/aa7ce1cfaf5c84cc226bdb5afebdcde4.mp3*~data=user_id=0,application_id=42~hmac=a65567d26b6cb86403570e5ef2440b6d8fd992fc1fe311e2ede98fa677d7fb96","On 1 list: 70s Hits"
"(thematic candidate)","","","","Stay with Me","Faces","A Nod Is as Good as a Wink... to a Blind Horse","664552","237305","279","false","https://www.deezer.com/us/track/664552","https://cdnt-preview.dzcdn.net/api/1/1/6/9/d/0/69d97cf1c30f8a5f172c2b958b6da38f.mp3?hdnea=exp=1781737713~acl=/api/1/1/6/9/d/0/69d97cf1c30f8a5f172c2b958b6da38f.mp3*~data=user_id=0,application_id=42~hmac=02cda9fc2c44c3b45a08f7e6a43eb4130d24218930fa542d6ff25908c8672ec9","On 1 list: 70s HITS - 100 Greatest Songs of the 1970s"
"(thematic candidate)","","","","You Wear It Well (Remastered Version)","Rod Stewart","The Definitive Rod Stewart","2550638","228340","253","false","https://www.deezer.com/us/track/2550638","https://cdnt-preview.dzcdn.net/api/1/1/d/8/f/0/d8f9413ffbeefd8e5950e660014dacb8.mp3?hdnea=exp=1781737713~acl=/api/1/1/d/8/f/0/d8f9413ffbeefd8e5950e660014dacb8.mp3*~data=user_id=0,application_id=42~hmac=ae59c76bcb9011fd83c5866d03da6b93519fb02fc3dbeb811c4b5461cf8fcc8a","On 1 list: 70s HITS - 100 Greatest Songs of the 1970s"
"(thematic candidate)","","","","Sign on the Window","Bob Dylan","New Morning","56890741","224686","225","false","https://www.deezer.com/us/track/56890741","https://cdnt-preview.dzcdn.net/api/1/1/0/b/c/0/0bc7752f473016fef5159585530c77f6.mp3?hdnea=exp=1781737711~acl=/api/1/1/0/b/c/0/0bc7752f473016fef5159585530c77f6.mp3*~data=user_id=0,application_id=42~hmac=b9369c1977a4e18c42e77572c3ba705a33c01ab7fd48669091026d5d4f3cd610","On 1 list: 70s Hits"
"(thematic candidate)","","","","Mrs. Robinson (From ""The Graduate"" Soundtrack)","Simon & Garfunkel","Paul Simon - The Ultimate Collection","97693578","214083","244","false","https://www.deezer.com/us/track/97693578","https://cdnt-preview.dzcdn.net/api/1/1/e/8/6/0/e86641bc8f647c86321a65ae68243353.mp3?hdnea=exp=1781737710~acl=/api/1/1/e/8/6/0/e86641bc8f647c86321a65ae68243353.mp3*~data=user_id=0,application_id=42~hmac=ff7ca0078386cb2486e038acd06e7b45f750703a56934053431e4cfe4be72792","On 1 list: 70s Hits"
"(thematic candidate)","","","","Hung Up","Vogel","Hung Up","2882714992","211796","148","false","https://www.deezer.com/us/track/2882714992","https://cdnt-preview.dzcdn.net/api/1/1/9/9/b/0/99b4d5088cd9abd2c74466e278c655f8.mp3?hdnea=exp=1781737710~acl=/api/1/1/9/9/b/0/99b4d5088cd9abd2c74466e278c655f8.mp3*~data=user_id=0,application_id=42~hmac=552aa5186069cc8148761eed94ef5cbc1f96a722d6e17be41014df890d5f6984","On 1 list: 70s Hits"
"(thematic candidate)","","","","Badlands","Bruce Springsteen","Chapter and Verse","132635410","210173","242","false","https://www.deezer.com/us/track/132635410","https://cdnt-preview.dzcdn.net/api/1/1/2/1/3/0/213152e35be09d49ef6f9eaba06684df.mp3?hdnea=exp=1781737709~acl=/api/1/1/2/1/3/0/213152e35be09d49ef6f9eaba06684df.mp3*~data=user_id=0,application_id=42~hmac=2997735ece7dab4514e9aeb942ff8fac99e57726fc5c3f0a149b892c90787959","On 1 list: 70s Hits"
"(thematic candidate)","","","","Come Sail Away","Styx","Gold","24466921","207724","367","false","https://www.deezer.com/us/track/24466921","https://cdnt-preview.dzcdn.net/api/1/1/6/3/a/0/63ad4a2c15e4061377547d1fadf91026.mp3?hdnea=exp=1781737711~acl=/api/1/1/6/3/a/0/63ad4a2c15e4061377547d1fadf91026.mp3*~data=user_id=0,application_id=42~hmac=7c20d36f728dbc39cd64f8e1d4733b4edfd340f30d542c0ffa2dd6fa6f982519","On 1 list: 70s Hits"
"(thematic candidate)","","","","Have You Ever Seen The Rain?","Alberto Ciccarini","Have You Ever Seen The Rain?","2614223992","205380","170","false","https://www.deezer.com/us/track/2614223992","https://cdnt-preview.dzcdn.net/api/1/1/8/3/d/0/83d906f1c4566e233e919c1cd8ee7fc0.mp3?hdnea=exp=1781737710~acl=/api/1/1/8/3/d/0/83d906f1c4566e233e919c1cd8ee7fc0.mp3*~data=user_id=0,application_id=42~hmac=bf51185e02e7b51ead7ddad689b5ddd03107b15a88f2b62b60ea09adc93cd287","On 1 list: 70s Hits"
"(thematic candidate)","","","","Devil Woman (2001 Remaster)","Cliff Richard","I'm Nearly Famous","3100727","200003","217","false","https://www.deezer.com/us/track/3100727","https://cdnt-preview.dzcdn.net/api/1/1/5/1/2/0/512af62063287c01cc3db13343e998d2.mp3?hdnea=exp=1781737711~acl=/api/1/1/5/1/2/0/512af62063287c01cc3db13343e998d2.mp3*~data=user_id=0,application_id=42~hmac=75f0b3562fba51c741f87efee20a6d6a044fcfa5ed51efb604161b002fe88bd4","On 1 list: 70s Hits"
"(thematic candidate)","","","","Don't Look Back","Boston","The Best Year Of My Life: 1978","5748787","198159","358","false","https://www.deezer.com/us/track/5748787","https://cdnt-preview.dzcdn.net/api/1/1/1/3/1/0/131899e58040393bcb6558568b958850.mp3?hdnea=exp=1781737709~acl=/api/1/1/1/3/1/0/131899e58040393bcb6558568b958850.mp3*~data=user_id=0,application_id=42~hmac=490bca726b9f1ef815c6183591305e7074f32590a59c24893c45366485842b6e","On 1 list: 70s Hits"
"(thematic candidate)","","","","This Is It","Kenny Loggins","The Essential Kenny Loggins","91018569","192038","236","false","https://www.deezer.com/us/track/91018569","https://cdnt-preview.dzcdn.net/api/1/1/e/9/8/0/e984dd6b3512c1407fe9d3f5577258de.mp3?hdnea=exp=1781737710~acl=/api/1/1/e/9/8/0/e984dd6b3512c1407fe9d3f5577258de.mp3*~data=user_id=0,application_id=42~hmac=2b001e2a6356204ad2617adbcb65912754b2928f256955a9fec936a34a0aae62","On 1 list: 70s Hits"
"(thematic candidate)","","","","Margaritaville","Jimmy Buffett","Changes In Latitudes, Changes In Attitudes","86542311","188741","249","false","https://www.deezer.com/us/track/86542311","https://cdnt-preview.dzcdn.net/api/1/1/a/2/1/0/a216b370378505d5951d01490e73f6e6.mp3?hdnea=exp=1781737713~acl=/api/1/1/a/2/1/0/a216b370378505d5951d01490e73f6e6.mp3*~data=user_id=0,application_id=42~hmac=f0a2b11c3c76bbeb38ec9b3f993d3d59c29d9e458a75a3677c4233b7b8178bb9","On 1 list: 70s HITS - 100 Greatest Songs of the 1970s"
"(thematic candidate)","","","","How Sweet It Is (To Be Loved By You) (2019 Remaster)","James Taylor","The Warner Bros. Albums: 1970-1976","713029982","186382","216","false","https://www.deezer.com/us/track/713029982","https://cdnt-preview.dzcdn.net/api/1/1/0/d/c/0/0dc5578c7c0fd4406ae0a7722f7c3d2d.mp3?hdnea=exp=1781737710~acl=/api/1/1/0/d/c/0/0dc5578c7c0fd4406ae0a7722f7c3d2d.mp3*~data=user_id=0,application_id=42~hmac=8b23a783bc39af0f52b14cecc11b51977cbf6e7e4f9561a0d75159eef91131df","On 1 list: 70s Hits"
"(thematic candidate)","","","","What You Got (Remastered 2010)","John Lennon","Walls And Bridges","7163192","181612","187","false","https://www.deezer.com/us/track/7163192","https://cdnt-preview.dzcdn.net/api/1/1/3/3/2/0/33246bf67a3d8de7f9483ead196da235.mp3?hdnea=exp=1781737711~acl=/api/1/1/3/3/2/0/33246bf67a3d8de7f9483ead196da235.mp3*~data=user_id=0,application_id=42~hmac=0923b77cd1fb4ad861b72d64b17e1b5d20962bd28a83d8482994995812762509","On 1 list: 70s Hits"
"(thematic candidate)","","","","Amie (Remastered January 1992)","Pure Prairie League","Aimee And Other Hits","13246222","179029","258","false","https://www.deezer.com/us/track/13246222","https://cdnt-preview.dzcdn.net/api/1/1/f/8/a/0/f8af8b77510cf7b1481a69c7226a3189.mp3?hdnea=exp=1781737710~acl=/api/1/1/f/8/a/0/f8af8b77510cf7b1481a69c7226a3189.mp3*~data=user_id=0,application_id=42~hmac=55621cbc00d492fccaca4fee3d8d01f953ff06c0ff0b276ef26b36373e4076d5","On 1 list: 70s Hits"
"(thematic candidate)","","","","We Don't Talk Anymore (2001 Remaster)","Cliff Richard","The Fiftieth Anniversary Album","3142492","164377","257","false","https://www.deezer.com/us/track/3142492","https://cdnt-preview.dzcdn.net/api/1/1/9/d/2/0/9d2a81f04842687cea5f2c430654d3ec.mp3?hdnea=exp=1781737711~acl=/api/1/1/9/d/2/0/9d2a81f04842687cea5f2c430654d3ec.mp3*~data=user_id=0,application_id=42~hmac=fc4066661a0176a0c0482d26be76b02bb04e5f66229f03b2fc963defcdb691a9","On 1 list: 70s Hits"
"(thematic candidate)","","","","Once Bitten, Twice Shy","Ian Hunter","70s 100 Hits","5404464","154318","284","false","https://www.deezer.com/us/track/5404464","https://cdnt-preview.dzcdn.net/api/1/1/6/8/6/0/686ede4c3195ced7e1a5edbd2919dc75.mp3?hdnea=exp=1781737710~acl=/api/1/1/6/8/6/0/686ede4c3195ced7e1a5edbd2919dc75.mp3*~data=user_id=0,application_id=42~hmac=db97e3f5cf3abd139869f3a27622d2142b711ea8bef60bc4e52c770cca9ceaf4","On 1 list: 70s Hits"
"(thematic candidate)","","","","Doctor My Eyes","Tim Shelton","Jackson Browne Revisited","99497700","150068","195","false","https://www.deezer.com/us/track/99497700","https://cdnt-preview.dzcdn.net/api/1/1/a/9/2/0/a92df6a761b0ea115dd20dcde0df978c.mp3?hdnea=exp=1781737713~acl=/api/1/1/a/9/2/0/a92df6a761b0ea115dd20dcde0df978c.mp3*~data=user_id=0,application_id=42~hmac=335f86b4aa3c78aa9ac82e829a9689218c21043b38896c2fc51bbea5b38edbd9","On 1 list: 70s HITS - 100 Greatest Songs of the 1970s"
"(thematic candidate)","","","","December, 1963 (Oh What a Night!)","Frankie Valli & The Four Seasons","70's Hits","145178308","148385","201","false","https://www.deezer.com/us/track/145178308","https://cdnt-preview.dzcdn.net/api/1/1/9/f/2/0/9f28156b0dbc789b05c7b86a235af99d.mp3?hdnea=exp=1781737713~acl=/api/1/1/9/f/2/0/9f28156b0dbc789b05c7b86a235af99d.mp3*~data=user_id=0,application_id=42~hmac=722e69fcceba28aff04cc6592b4efc75f8a318e5c6692ca6b7786e865fb5f505","On 1 list: 70s HITS - 100 Greatest Songs of the 1970s"
"(thematic candidate)","","","","Country Road (2019 Remaster)","James Taylor","The Warner Bros. Albums: 1970-1976","713029482","145410","202","false","https://www.deezer.com/us/track/713029482","https://cdnt-preview.dzcdn.net/api/1/1/a/0/9/0/a098ebd7f420f591dba75f14b24f30aa.mp3?hdnea=exp=1781737711~acl=/api/1/1/a/0/9/0/a098ebd7f420f591dba75f14b24f30aa.mp3*~data=user_id=0,application_id=42~hmac=b548dc4e0babd3eabeb7d2a33fb901f0421b608bf84c757a3df0a24fe62e4190","On 1 list: 70s Hits"
"(thematic candidate)","","","","I Don't Want to Go Home","Southside Johnny And The Asbury Jukes","I Don't Want to Go Home","388725291","143848","220","false","https://www.deezer.com/us/track/388725291","https://cdnt-preview.dzcdn.net/api/1/1/1/a/7/0/1a788192979533eb89b295be41edc58e.mp3?hdnea=exp=1781737709~acl=/api/1/1/1/a/7/0/1a788192979533eb89b295be41edc58e.mp3*~data=user_id=0,application_id=42~hmac=1567473949f3649730dfd28880ecefe6e65becc77fbaf47955cbd572803e723f","On 1 list: 70s Hits"
"(thematic candidate)","","","","The Hustle","Van McCoy","Music For Seventies","907757","142389","246","false","https://www.deezer.com/us/track/907757","https://cdnt-preview.dzcdn.net/api/1/1/3/c/e/0/3ce0ab586eb68e4d43dbea289dea8dd3.mp3?hdnea=exp=1781737711~acl=/api/1/1/3/c/e/0/3ce0ab586eb68e4d43dbea289dea8dd3.mp3*~data=user_id=0,application_id=42~hmac=3c6b21efbd7abc19b767d260e08403ce87e4b51d5ef0c0338ad3f7e0ee1a8120","On 1 list: 70s Hits"
"(thematic candidate)","","","","Denis (Remastered 2001)","Blondie","Blondie Singles Collection: 1977-1982","4305092","128535","137","false","https://www.deezer.com/us/track/4305092","https://cdnt-preview.dzcdn.net/api/1/1/0/b/5/0/0b52396da6da825582746998931c4a10.mp3?hdnea=exp=1781737711~acl=/api/1/1/0/b/5/0/0b52396da6da825582746998931c4a10.mp3*~data=user_id=0,application_id=42~hmac=0371d7ea3a0d1f7c655707d69513afa3d1fba32d60b06a8edc2a93f4e4e88df6","On 1 list: 70s Hits"
"(thematic candidate)","","","","Dust In The Wind","SRNDE","Dust In The Wind","2937430751","113128","161","false","https://www.deezer.com/us/track/2937430751","https://cdnt-preview.dzcdn.net/api/1/1/2/b/b/0/2bb52c47f2fb6ac19508732055fe55f7.mp3?hdnea=exp=1781737710~acl=/api/1/1/2/b/b/0/2bb52c47f2fb6ac19508732055fe55f7.mp3*~data=user_id=0,application_id=42~hmac=97921f766287e8d48c468caf06e19086275154665565677ba66081f97c615e05","On 1 list: 70s Hits"
"(thematic candidate)","","","","Green Grass & High Tides","The Outlaws","OCC ROCKS","82292908","110090","586","false","https://www.deezer.com/us/track/82292908","https://cdnt-preview.dzcdn.net/api/1/1/b/b/2/0/bb2bea41d11df3ecd9c7eb60de4e8d9c.mp3?hdnea=exp=1781737711~acl=/api/1/1/b/b/2/0/bb2bea41d11df3ecd9c7eb60de4e8d9c.mp3*~data=user_id=0,application_id=42~hmac=49ceaccc05c5cd67f6ac2bec5a00d12f6a97c58665571fb14229cb3dfb3c86cb","On 1 list: 70s Hits"
"(thematic candidate)","","","","Cleanup Time (Stripped Down Mix, 2010)","John Lennon","Double Fantasy: Stripped Down","7163138","108425","236","false","https://www.deezer.com/us/track/7163138","https://cdnt-preview.dzcdn.net/api/1/1/6/8/a/0/68a986454e30d2fe224c5d50ccf807f3.mp3?hdnea=exp=1781737711~acl=/api/1/1/6/8/a/0/68a986454e30d2fe224c5d50ccf807f3.mp3*~data=user_id=0,application_id=42~hmac=b22d544f5a4af4b2055a3bd6fb82ea691df852a43d84a7d001d429d0d05aa271","On 1 list: 70s Hits"
"(thematic candidate)","","","","La Isla Bonita","Saxena","La Isla Bonita","2871674582","107423","158","false","https://www.deezer.com/us/track/2871674582","https://cdnt-preview.dzcdn.net/api/1/1/4/8/c/0/48c450b4b467da700256d29e72db0e83.mp3?hdnea=exp=1781737710~acl=/api/1/1/4/8/c/0/48c450b4b467da700256d29e72db0e83.mp3*~data=user_id=0,application_id=42~hmac=470a0086096e71a3996e35440abd90d4d8d4a740d58db56af449c956d506dd80","On 1 list: 70s Hits"
"(thematic candidate)","","","","Lay Down Sally","Eric Clapton","Timepieces: The Best Of Eric Clapton","2112474","92777","228","false","https://www.deezer.com/us/track/2112474","https://cdnt-preview.dzcdn.net/api/1/1/d/7/b/0/d7bd2869f09cc926d1df4974c0136367.mp3?hdnea=exp=1781737711~acl=/api/1/1/d/7/b/0/d7bd2869f09cc926d1df4974c0136367.mp3*~data=user_id=0,application_id=42~hmac=932b3fc068836721eed3f45afcc906bd6b9dc7632808d6897bd9fe062e341cbd","On 1 list: 70s Hits"
"(thematic candidate)","","","","Friend of the Devil","Grateful Dead","Live Albums Collection","73138078","88742","451","false","https://www.deezer.com/us/track/73138078","https://cdnt-preview.dzcdn.net/api/1/1/5/2/1/0/52188e967f3f452bfc6d46a4e6816a7e.mp3?hdnea=exp=1781737713~acl=/api/1/1/5/2/1/0/52188e967f3f452bfc6d46a4e6816a7e.mp3*~data=user_id=0,application_id=42~hmac=bdc7cdb925863dbe4f4a3e511d1b031c21a3a2cc26d0ba05e9231fefa5f3952a","On 1 list: 70s HITS - 100 Greatest Songs of the 1970s"
"(thematic candidate)","","","","Wuthering Heights (2018 Remaster)","Kate Bush","The Kick Inside (2018 Remaster)","2175439507","73742","268","false","https://www.deezer.com/us/track/2175439507","https://cdnt-preview.dzcdn.net/api/1/1/8/2/d/0/82d813a731d5229984f8abc703f9d5c2.mp3?hdnea=exp=1781737713~acl=/api/1/1/8/2/d/0/82d813a731d5229984f8abc703f9d5c2.mp3*~data=user_id=0,application_id=42~hmac=5d737c5ef502e6e08aaf158b1df04eb68c7c2ae7aa06460780c624f525538eda","On 1 list: 70s HITS - 100 Greatest Songs of the 1970s"
"(thematic candidate)","","","","Stand!","Jackson 5","Goin' Back To Indiana","79980360","71853","255","false","https://www.deezer.com/us/track/79980360","https://cdnt-preview.dzcdn.net/api/1/1/a/7/0/0/a70acb8b7b131b589326dc96933aeb00.mp3?hdnea=exp=1781737710~acl=/api/1/1/a/7/0/0/a70acb8b7b131b589326dc96933aeb00.mp3*~data=user_id=0,application_id=42~hmac=6ae3e4785ea34e57ecac7ba1e620b42f68b14fcbcfbb5b1bc220a068e6cceff9","On 1 list: 70s Hits"
"(thematic candidate)","","","","She's Not There (Single Version)","Santana","Pure... '70s","69220648","37902","199","false","https://www.deezer.com/us/track/69220648","https://cdnt-preview.dzcdn.net/api/1/1/2/4/d/0/24d7de40ca14150fdd07a2cd4f4dcb2e.mp3?hdnea=exp=1781737710~acl=/api/1/1/2/4/d/0/24d7de40ca14150fdd07a2cd4f4dcb2e.mp3*~data=user_id=0,application_id=42~hmac=f09c9d2fb72558a62b5555dade3c3e61b56e988d7c94eea876e77b8c4838a586","On 1 list: 70s Hits"
"(thematic candidate)","","","","Spirit in the Sky","Norman Greenbaum","Music From The Motion Picture Michael","4118906","25031","239","false","https://www.deezer.com/us/track/4118906","https://cdnt-preview.dzcdn.net/api/1/1/6/6/2/0/66279f725034f6202bdb21c1c438fe2a.mp3?hdnea=exp=1781737710~acl=/api/1/1/6/6/2/0/66279f725034f6202bdb21c1c438fe2a.mp3*~data=user_id=0,application_id=42~hmac=b15d0d189a210842e163ba3cfcb8145acef0ee4d7ac5d4f1be7b02315406afb4","On 1 list: 70s Hits"
"(thematic candidate)","","","","The Devil Went Down To Georgia","Charile Daniels Band","Coyote Ugly","75779619","21527","216","false","https://www.deezer.com/us/track/75779619","https://cdnt-preview.dzcdn.net/api/1/1/a/5/8/0/a585971a9e45e8fcb9d096a749beb3b9.mp3?hdnea=exp=1781737709~acl=/api/1/1/a/5/8/0/a585971a9e45e8fcb9d096a749beb3b9.mp3*~data=user_id=0,application_id=42~hmac=02d47c88aaaae04f5aa85947c8fd60a24c31df80e46d07ef1ee94e443a362f81","On 1 list: 70s Hits"
"(thematic candidate)","","","","Lowdown","Boz Scaggs","Silk Degrees","1025093","18532","317","false","https://www.deezer.com/us/track/1025093","https://cdnt-preview.dzcdn.net/api/1/1/2/0/0/0/200b915ae18901afdfc69b4066abe0e6.mp3?hdnea=exp=1781737709~acl=/api/1/1/2/0/0/0/200b915ae18901afdfc69b4066abe0e6.mp3*~data=user_id=0,application_id=42~hmac=bdbb59b131ade02c1c44159259737308eae7466ee3a1efdc360898cae3e8fa0f","On 1 list: 70s Hits"
"(thematic candidate)","","","","Easy","The Commodores","Baby Driver (Music from the Motion Picture)","374251561","3095","256","false","https://www.deezer.com/us/track/374251561","https://cdnt-preview.dzcdn.net/api/1/1/2/c/9/0/2c9c5b63963c2601e1c311d6988984f4.mp3?hdnea=exp=1781737709~acl=/api/1/1/2/c/9/0/2c9c5b63963c2601e1c311d6988984f4.mp3*~data=user_id=0,application_id=42~hmac=ca92323b01c5b0ce93eb9004fbcd19601065b8f094f89225853fda596ef69441","On 1 list: 70s Hits"
