OriginalTitle,OriginalArtist,OriginalDeezerId,OriginalRank,AlternativeTitle,AlternativeArtist,AlternativeAlbum,AlternativeDeezerId,AlternativeRank,AlternativeDurationSec,AlternativeExplicit,DeezerTrackUrl,AlternativePreviewUrl,ConfidenceNote
"(thematic candidate)","","","","Party Up","DMX","...And Then There Was X","553801682","699661","271","true","https://www.deezer.com/us/track/553801682","https://cdnt-preview.dzcdn.net/api/1/1/e/a/1/0/ea1e55bb25b1369051c7b506ee084347.mp3?hdnea=exp=1781737748~acl=/api/1/1/e/a/1/0/ea1e55bb25b1369051c7b506ee084347.mp3*~data=user_id=0,application_id=42~hmac=d1066442c03223077ee2924d4045e4f16c7a655eb49901c315e68c2cd15a4f9b","On 1 list: 2000s Rap"
"(thematic candidate)","","","","Family Portrait","P!nk","Greatest Hits...So Far!!!","7512054","697222","296","true","https://www.deezer.com/us/track/7512054","https://cdnt-preview.dzcdn.net/api/1/1/7/6/c/0/76caf45c0570406b899bc192084fa2a6.mp3?hdnea=exp=1781737740~acl=/api/1/1/7/6/c/0/76caf45c0570406b899bc192084fa2a6.mp3*~data=user_id=0,application_id=42~hmac=2ca113ed925ecce19c88514fb651910812afae6502319f62fe950d15d5f6f6d5","On 1 list: 00s Hits"
"(thematic candidate)","","","","X","Xzibit","Restless","532268","695598","256","true","https://www.deezer.com/us/track/532268","https://cdnt-preview.dzcdn.net/api/1/1/b/8/8/0/b888542189619903985dc16d21fe3897.mp3?hdnea=exp=1781737743~acl=/api/1/1/b/8/8/0/b888542189619903985dc16d21fe3897.mp3*~data=user_id=0,application_id=42~hmac=8c0f486667c72f5975b13f87c17074275ed0c5beeeb366f16e8584e454cb7731","On 1 list: 00s Hits"
"(thematic candidate)","","","","Apologize","Timbaland","Apologize","646330622","695577","184","false","https://www.deezer.com/us/track/646330622","https://cdnt-preview.dzcdn.net/api/1/1/7/5/d/0/75d37828b080ad8eeaa3662159683ae9.mp3?hdnea=exp=1781737740~acl=/api/1/1/7/5/d/0/75d37828b080ad8eeaa3662159683ae9.mp3*~data=user_id=0,application_id=42~hmac=6cad572b3be268bd5e2f693faa0ca518bf1808def675c7e1a33d9cd0ab825bee","On 1 list: 00s Hits"
"(thematic candidate)","","","","I Write Sins Not Tragedies","Panic! At The Disco","A Fever You Can't Sweat Out","5094040","693831","187","true","https://www.deezer.com/us/track/5094040","https://cdnt-preview.dzcdn.net/api/1/1/4/1/6/0/4161d7491bd211c082d572e24b943b6b.mp3?hdnea=exp=1781737742~acl=/api/1/1/4/1/6/0/4161d7491bd211c082d572e24b943b6b.mp3*~data=user_id=0,application_id=42~hmac=69173afafe6c4ef84e5cf4d079434cecd518bd7263a78ea4af8ba48138979e8f","On 1 list: 00s Hits"
"(thematic candidate)","","","","Satisfaction (Isak Original Extended)","Benny Benassi","Hypnotica (Benny Benassi Presents The Biz)","13839055","692398","286","false","https://www.deezer.com/us/track/13839055","https://cdnt-preview.dzcdn.net/api/1/1/f/1/8/0/f188ceaea66f507346054ced21c3dab8.mp3?hdnea=exp=1781737743~acl=/api/1/1/f/1/8/0/f188ceaea66f507346054ced21c3dab8.mp3*~data=user_id=0,application_id=42~hmac=8091c0f7925bf5258757d000827e72c71e49045fd1de4072f170fc409230756d","On 1 list: 00s Hits"
"(thematic candidate)","","","","Someday","Nickelback","The Long Road","795239","692094","207","false","https://www.deezer.com/us/track/795239","https://cdnt-preview.dzcdn.net/api/1/1/d/1/0/0/d10748ea1bd5d7c3c09442c3df87460f.mp3?hdnea=exp=1781737747~acl=/api/1/1/d/1/0/0/d10748ea1bd5d7c3c09442c3df87460f.mp3*~data=user_id=0,application_id=42~hmac=5e50921e8aa7bb20691dcb8ef4a53f680d00503d565d9e71361d19fee1ca610f","On 1 list: 2000s Rock"
"(thematic candidate)","","","","Area Codes","Ludacris","Word Of Mouf","2534219","691447","303","true","https://www.deezer.com/us/track/2534219","https://cdnt-preview.dzcdn.net/api/1/1/8/8/d/0/88d8048799a4a5d4bccee10204674d46.mp3?hdnea=exp=1781737748~acl=/api/1/1/8/8/d/0/88d8048799a4a5d4bccee10204674d46.mp3*~data=user_id=0,application_id=42~hmac=105e1fb977e23536a230d6afa4797150b6e8411537720fa9b16b461416b554af","On 1 list: 2000s Rap"
"(thematic candidate)","","","","The Anthem","Good Charlotte","Greatest Hits","7675611","691322","175","false","https://www.deezer.com/us/track/7675611","https://cdnt-preview.dzcdn.net/api/1/1/c/d/0/0/cd0ba32b6f05ab72159396325ff1ed67.mp3?hdnea=exp=1781737745~acl=/api/1/1/c/d/0/0/cd0ba32b6f05ab72159396325ff1ed67.mp3*~data=user_id=0,application_id=42~hmac=072caed51ccdc231c6f23f6e040c056837c07d7c5202bf0c7b309e70a376f77f","On 1 list: 00s Hits"
"(thematic candidate)","","","","After Hours","Kehlani","After Hours","2732617791","691177","202","false","https://www.deezer.com/us/track/2732617791","https://cdnt-preview.dzcdn.net/api/1/1/f/e/3/0/fe30aa7c69d810fd3ac14e48250bee25.mp3?hdnea=exp=1781737747~acl=/api/1/1/f/e/3/0/fe30aa7c69d810fd3ac14e48250bee25.mp3*~data=user_id=0,application_id=42~hmac=9bd83e6fd14e7807a36cf6a24381b2b91e47c70b012f5066f87c28210c8521f9","On 1 list: 2000s R&B"
"(thematic candidate)","","","","Residuals","Chris Brown","11:11 (Deluxe)","2742721261","689924","215","false","https://www.deezer.com/us/track/2742721261","https://cdnt-preview.dzcdn.net/api/1/1/6/f/b/0/6fb485126840ae478bbad4ddf89f9f51.mp3?hdnea=exp=1781737747~acl=/api/1/1/6/f/b/0/6fb485126840ae478bbad4ddf89f9f51.mp3*~data=user_id=0,application_id=42~hmac=cf3d97b9954cbbd95ee8a1917a7808f505226cccdcfb22abd06789baf1bb846e","On 1 list: 2000s R&B"
"(thematic candidate)","","","","Haven't Met You Yet","Michael Bublé","Crazy Love","4311272","689465","244","false","https://www.deezer.com/us/track/4311272","https://cdnt-preview.dzcdn.net/api/1/1/0/f/5/0/0f567d6d2da5b1c81ebde632e69e2a6b.mp3?hdnea=exp=1781737745~acl=/api/1/1/0/f/5/0/0f567d6d2da5b1c81ebde632e69e2a6b.mp3*~data=user_id=0,application_id=42~hmac=5f104731244877555a3560ce478a0bf3d08ddbae22d157b33a01e11eb6400138","On 1 list: 00s Hits"
"(thematic candidate)","","","","Move Ya Body","Nina Sky","Nina Sky","2598368","686678","232","false","https://www.deezer.com/us/track/2598368","https://cdnt-preview.dzcdn.net/api/1/1/5/8/7/0/587e87dfa5f776634bbc8cadc8299ec4.mp3?hdnea=exp=1781737743~acl=/api/1/1/5/8/7/0/587e87dfa5f776634bbc8cadc8299ec4.mp3*~data=user_id=0,application_id=42~hmac=c5acc48a3ebc2d6361dc6f7b30bcd4fcbcb3d8a163b022bf1f4cd41836c040f3","On 1 list: 00s Hits"
"(thematic candidate)","","","","So Fresh, So Clean","OutKast","Big Boi & Dre Present...OutKast","963074","683270","240","true","https://www.deezer.com/us/track/963074","https://cdnt-preview.dzcdn.net/api/1/1/e/e/a/0/eea6bf486142b95285e1b040f887b320.mp3?hdnea=exp=1781737748~acl=/api/1/1/e/e/a/0/eea6bf486142b95285e1b040f887b320.mp3*~data=user_id=0,application_id=42~hmac=15c6d38f519155e96767a89a0d8617cd6640de1a8be7f10a8d93a71120c20bd1","On 1 list: 2000s Rap"
"(thematic candidate)","","","","Nur ein Wort","Wir sind Helden","Von hier an blind","3137302","683131","234","false","https://www.deezer.com/us/track/3137302","https://cdnt-preview.dzcdn.net/api/1/1/b/b/f/0/bbf88d3e0f874b712b07eb35549b6f8e.mp3?hdnea=exp=1781737740~acl=/api/1/1/b/b/f/0/bbf88d3e0f874b712b07eb35549b6f8e.mp3*~data=user_id=0,application_id=42~hmac=9d761401b529e3f2882d1cb12e91236ab3b4acd8b7f9e7353712218c624cb1f1","On 1 list: 00s Hits"
"(thematic candidate)","","","","19-2000 (Soulchild Remix)","Gorillaz","Gorillaz","3100456","683056","209","false","https://www.deezer.com/us/track/3100456","https://cdnt-preview.dzcdn.net/api/1/1/a/5/2/0/a52a9f0251248bcdc0d02bff81a32fe9.mp3?hdnea=exp=1781737743~acl=/api/1/1/a/5/2/0/a52a9f0251248bcdc0d02bff81a32fe9.mp3*~data=user_id=0,application_id=42~hmac=1d144cb7d3d5046d00df5cc0f16de7d81a6afe4513274041c50cf32cc09436b4","On 1 list: 00s Hits"
"(thematic candidate)","","","","Objection (Tango)","Shakira","Laundry Service","15209461","682479","222","false","https://www.deezer.com/us/track/15209461","https://cdnt-preview.dzcdn.net/api/1/1/2/5/c/0/25cff14654ae65a294a0bc0c02721d0d.mp3?hdnea=exp=1781737741~acl=/api/1/1/2/5/c/0/25cff14654ae65a294a0bc0c02721d0d.mp3*~data=user_id=0,application_id=42~hmac=652ff6ffef8b1a6de9f7c9d4aff98b2035d8aca32b346c823243f0a33b41174e","On 1 list: 00s Hits"
"(thematic candidate)","","","","If I Ever Feel Better","Phoenix","If I Ever Feel Better","3307241","681582","222","false","https://www.deezer.com/us/track/3307241","https://cdnt-preview.dzcdn.net/api/1/1/3/5/7/0/357a9c70aff2c7f0512d048632c474d5.mp3?hdnea=exp=1781737743~acl=/api/1/1/3/5/7/0/357a9c70aff2c7f0512d048632c474d5.mp3*~data=user_id=0,application_id=42~hmac=776061f9995247ba0f79490418fb84050138a74477290913698ed9c5ff9abb4e","On 1 list: 00s Hits"
"(thematic candidate)","","","","1234","Feist","The Reminder","1176221","677703","183","false","https://www.deezer.com/us/track/1176221","https://cdnt-preview.dzcdn.net/api/1/1/7/7/e/0/77e722f21c7489b6c12f47e0637a9fce.mp3?hdnea=exp=1781737739~acl=/api/1/1/7/7/e/0/77e722f21c7489b6c12f47e0637a9fce.mp3*~data=user_id=0,application_id=42~hmac=7775daa54ddc25bf386127c82ab5e4a83eeea2b8216c4353caa763fea10cafe7","On 1 list: 00s Hits"
"(thematic candidate)","","","","Superstar (feat. Matthew Santos)","Lupe Fiasco","Lupe Fiasco's The Cool","663451","676835","289","false","https://www.deezer.com/us/track/663451","https://cdnt-preview.dzcdn.net/api/1/1/7/7/9/0/77937146524e3d8e72a804d176b762dc.mp3?hdnea=exp=1781737739~acl=/api/1/1/7/7/9/0/77937146524e3d8e72a804d176b762dc.mp3*~data=user_id=0,application_id=42~hmac=362514d5bb682d7d697971e40f722337cadf17643e11f3bf00f2fd6ebeaf0d7f","On 1 list: 00s Hits"
"(thematic candidate)","","","","Try Sleeping with a Broken Heart","Alicia Keys","The Element Of Freedom","4761583","674058","250","false","https://www.deezer.com/us/track/4761583","https://cdnt-preview.dzcdn.net/api/1/1/8/7/e/0/87ecc0c5a1cc8ce0ca20ca370a0f857d.mp3?hdnea=exp=1781737742~acl=/api/1/1/8/7/e/0/87ecc0c5a1cc8ce0ca20ca370a0f857d.mp3*~data=user_id=0,application_id=42~hmac=91a512a387514105b9c1c949bafd95905b224dac73091aa0c3bfb2c0fd560d9a","On 1 list: 00s Hits"
"(thematic candidate)","","","","One More Time (Short Radio Edit)","Daft Punk","One More Time","3157685","673579","235","false","https://www.deezer.com/us/track/3157685","https://cdnt-preview.dzcdn.net/api/1/1/1/b/c/0/1bc55617dc98cab4519c938ec781ba7f.mp3?hdnea=exp=1781737739~acl=/api/1/1/1/b/c/0/1bc55617dc98cab4519c938ec781ba7f.mp3*~data=user_id=0,application_id=42~hmac=3fe9515e49ba5deb52c29a306b4bc4d4e0738fa0276de9d6438c3e0b29e7fe40","On 1 list: 00s Hits"
"(thematic candidate)","","","","Life for Rent","Dido","Life For Rent","2654328","673538","222","false","https://www.deezer.com/us/track/2654328","https://cdnt-preview.dzcdn.net/api/1/1/4/5/1/0/451713b3d4bb9dc6a95751281b108194.mp3?hdnea=exp=1781737740~acl=/api/1/1/4/5/1/0/451713b3d4bb9dc6a95751281b108194.mp3*~data=user_id=0,application_id=42~hmac=c21c400e8515065187fa7830dd156c94669cd6bbe10fe9408eaa9817fdceb054","On 1 list: 00s Hits"
"(thematic candidate)","","","","Never Leave You (Uh Oooh, Uh Oooh)","Lumidee","Almost Famous","2157406","671810","184","false","https://www.deezer.com/us/track/2157406","https://cdnt-preview.dzcdn.net/api/1/1/7/9/d/0/79d5e963b005bca0b3565fbde20c1068.mp3?hdnea=exp=1781737747~acl=/api/1/1/7/9/d/0/79d5e963b005bca0b3565fbde20c1068.mp3*~data=user_id=0,application_id=42~hmac=c53fda1e847cfa00a07cf4a7d9f4b90fb8f01fe9ca009a74c0313761d57c9c56","On 1 list: 2000s R&B"
"(thematic candidate)","","","","Wish I Didn't Miss You","Angie Stone","Mahogany Soul","966648","671527","273","false","https://www.deezer.com/us/track/966648","https://cdnt-preview.dzcdn.net/api/1/1/b/1/1/0/b1180e13876102f209214e6bbeb33082.mp3?hdnea=exp=1781737739~acl=/api/1/1/b/1/1/0/b1180e13876102f209214e6bbeb33082.mp3*~data=user_id=0,application_id=42~hmac=fbb77928496fcf884add2393f6f3990577efdbeeebed2db6b10f82f428fd9189","On 1 list: 00s Hits"
"(thematic candidate)","","","","Never Forget You","Noisettes","Wild Young Hearts (Digital version)","3060176","670562","192","false","https://www.deezer.com/us/track/3060176","https://cdnt-preview.dzcdn.net/api/1/1/a/2/4/0/a242af07df8ce97644e2bd102c5b0353.mp3?hdnea=exp=1781737744~acl=/api/1/1/a/2/4/0/a242af07df8ce97644e2bd102c5b0353.mp3*~data=user_id=0,application_id=42~hmac=26da356a125e4cb62c5a96e7a9060e18b4d593dd4df7df4c3fd71780be07b9b4","On 1 list: 00s Hits"
"(thematic candidate)","","","","Ain't No Other Man","Christina Aguilera","Back To Basics","62417658","669492","229","false","https://www.deezer.com/us/track/62417658","https://cdnt-preview.dzcdn.net/api/1/1/c/b/b/0/cbb3bbcdcf06880a421abec8fc8b5fef.mp3?hdnea=exp=1781737745~acl=/api/1/1/c/b/b/0/cbb3bbcdcf06880a421abec8fc8b5fef.mp3*~data=user_id=0,application_id=42~hmac=0fca6d0b2c7d91197e7d314ebc9a9f7651ba19a9cd1f33b6da781d7fd5a8be3e","On 1 list: 00s Party Hits"
"(thematic candidate)","","","","Lifestyles of the Rich & Famous","Good Charlotte","Greatest Hits","7675610","667602","190","false","https://www.deezer.com/us/track/7675610","https://cdnt-preview.dzcdn.net/api/1/1/c/e/5/0/ce5067c143f29f3a2f92d01ce6386d03.mp3?hdnea=exp=1781737740~acl=/api/1/1/c/e/5/0/ce5067c143f29f3a2f92d01ce6386d03.mp3*~data=user_id=0,application_id=42~hmac=edded0176d50b37d09218125a53ed4e08b75ff6a5cf8a7f7bba92847ffc90eab","On 1 list: 00s Hits"
"(thematic candidate)","","","","Shake It","Metro Station","Metro Station","1277448","664901","180","false","https://www.deezer.com/us/track/1277448","https://cdnt-preview.dzcdn.net/api/1/1/2/4/a/0/24ae69b018d32b9583b4bf2a4ef7b320.mp3?hdnea=exp=1781737739~acl=/api/1/1/2/4/a/0/24ae69b018d32b9583b4bf2a4ef7b320.mp3*~data=user_id=0,application_id=42~hmac=e3de03bff1f850b8036b28761d54af8f90ced379950cdad8631fef8ba98e6bb1","On 1 list: 00s Hits"
"(thematic candidate)","","","","Obsessed","Mariah Carey","Memoirs of an imperfect Angel (International Version)","4247257","664687","245","false","https://www.deezer.com/us/track/4247257","https://cdnt-preview.dzcdn.net/api/1/1/6/6/4/0/664d963d5f769e9bc1a06b13fa3d169b.mp3?hdnea=exp=1781737744~acl=/api/1/1/6/6/4/0/664d963d5f769e9bc1a06b13fa3d169b.mp3*~data=user_id=0,application_id=42~hmac=4d177366a41fb1a8e4c80f443a150e3eba0e7151c14ccd404131006ec68583b2","On 1 list: 00s Hits"
"(thematic candidate)","","","","Ignition (Remix)","R. Kelly","Remix City Volume 1","576455","664665","186","false","https://www.deezer.com/us/track/576455","https://cdnt-preview.dzcdn.net/api/1/1/a/c/6/0/ac6ca4bbb9bd1856a2135ebd7a10e31a.mp3?hdnea=exp=1781737739~acl=/api/1/1/a/c/6/0/ac6ca4bbb9bd1856a2135ebd7a10e31a.mp3*~data=user_id=0,application_id=42~hmac=79c89ee22eec36e3494de7418ee8ec73389e1d3f3a49762fde0f9b4d67696ddd","On 1 list: 00s Hits"
"(thematic candidate)","","","","Rise & Fall (feat. Sting)","Craig David","Rewind - The Collection","143170316","662655","287","false","https://www.deezer.com/us/track/143170316","https://cdnt-preview.dzcdn.net/api/1/1/a/8/d/0/a8dbcddaa01200d3d69c77c109c029f1.mp3?hdnea=exp=1781737743~acl=/api/1/1/a/8/d/0/a8dbcddaa01200d3d69c77c109c029f1.mp3*~data=user_id=0,application_id=42~hmac=d302747f56a7253e8b802838875ea730a4c460e1a40d9e722c0af048c8f7fd22","On 1 list: 00s Hits"
"(thematic candidate)","","","","A Dios Le Pido","Juanes","Un Día Normal","1098747","661890","205","false","https://www.deezer.com/us/track/1098747","https://cdnt-preview.dzcdn.net/api/1/1/3/4/5/0/3452b89abf11e0cafa173dc3f90ab454.mp3?hdnea=exp=1781737746~acl=/api/1/1/3/4/5/0/3452b89abf11e0cafa173dc3f90ab454.mp3*~data=user_id=0,application_id=42~hmac=088e8de18a64d3c21fd062caeb0a2dc1e20b88b6a83656f09800b7f5cfee61f2","On 1 list: 00s Pop"
"(thematic candidate)","","","","U Got It Bad","USHER","8701","969349","661872","247","false","https://www.deezer.com/us/track/969349","https://cdnt-preview.dzcdn.net/api/1/1/b/5/c/0/b5c497fddec194ce87daa3423c5bb400.mp3?hdnea=exp=1781737743~acl=/api/1/1/b/5/c/0/b5c497fddec194ce87daa3423c5bb400.mp3*~data=user_id=0,application_id=42~hmac=85a93c750d1951e4e24bb68ccf8d7c18a0be85fe00781c5f9ec29d39ad1d4b26","On 1 list: 00s Hits"
"(thematic candidate)","","","","Shut Up And Let Me Go","The Ting Tings","We Started Nothing","873558","661662","171","false","https://www.deezer.com/us/track/873558","https://cdnt-preview.dzcdn.net/api/1/1/6/7/4/0/67442a3cb0deaba9c651a578599eaadc.mp3?hdnea=exp=1781737742~acl=/api/1/1/6/7/4/0/67442a3cb0deaba9c651a578599eaadc.mp3*~data=user_id=0,application_id=42~hmac=9be82a257de1c4290155dd2a19203b64f39d36f1eea3454709777716a1571ed7","On 1 list: 00s Hits"
"(thematic candidate)","","","","Run","Snow Patrol","Final Straw","1138321","661392","356","false","https://www.deezer.com/us/track/1138321","https://cdnt-preview.dzcdn.net/api/1/1/d/4/1/0/d41e1721acdc6a2d4a7fe8a5ff6bc9af.mp3?hdnea=exp=1781737742~acl=/api/1/1/d/4/1/0/d41e1721acdc6a2d4a7fe8a5ff6bc9af.mp3*~data=user_id=0,application_id=42~hmac=e1d59e5a338f967615aa525211c253d7ca62727300e6c57052fc3df13620295a","On 1 list: 00s Hits"
"(thematic candidate)","","","","Stuck In A Moment You Can't Get Out Of","U2","All That You Can't Leave Behind","2162743","660527","272","false","https://www.deezer.com/us/track/2162743","https://cdnt-preview.dzcdn.net/api/1/1/0/3/d/0/03db9e9dca67cdbeb45ebc4ccf4f5222.mp3?hdnea=exp=1781737740~acl=/api/1/1/0/3/d/0/03db9e9dca67cdbeb45ebc4ccf4f5222.mp3*~data=user_id=0,application_id=42~hmac=2f23b4241ef2c22db3f4479a94df4e91aa8104c20c63da9ba4c06ce60f09e029","On 1 list: 00s Hits"
"(thematic candidate)","","","","Freestyler","Bomfunk MC's","Freestyler","5363024","659672","306","false","https://www.deezer.com/us/track/5363024","https://cdnt-preview.dzcdn.net/api/1/1/0/2/5/0/02533f423293ad708a0a8c66ae120f1e.mp3?hdnea=exp=1781737739~acl=/api/1/1/0/2/5/0/02533f423293ad708a0a8c66ae120f1e.mp3*~data=user_id=0,application_id=42~hmac=827e28b15bd4e67da7d752ab5d8b280f6b59657542aece819f60d2bcb6ee8f3b","On 1 list: 00s Hits"
"(thematic candidate)","","","","Last Night (feat. Keyshia Cole) (Radio Edit)","Diddy","Last Night (feat. Keyshia Cole)","5094636","658428","255","false","https://www.deezer.com/us/track/5094636","https://cdnt-preview.dzcdn.net/api/1/1/c/1/3/0/c1348e3c4c87d1adea34c996ba978b26.mp3?hdnea=exp=1781737742~acl=/api/1/1/c/1/3/0/c1348e3c4c87d1adea34c996ba978b26.mp3*~data=user_id=0,application_id=42~hmac=76ea3e48efc9850c3b80908c55b8d7a0d0b299652436765b70f5ce1051d9d4e9","On 1 list: 00s Hits"
"(thematic candidate)","","","","Hit My Heart (Sfaction Radio Edit)","Benassi Bros.","Hit My Heart (Official Recordings Full Package)","61376645","658299","196","false","https://www.deezer.com/us/track/61376645","https://cdnt-preview.dzcdn.net/api/1/1/a/2/0/0/a20d760e2d1e7f904651127223bce2ca.mp3?hdnea=exp=1781737745~acl=/api/1/1/a/2/0/0/a20d760e2d1e7f904651127223bce2ca.mp3*~data=user_id=0,application_id=42~hmac=576769f683cd4a69738d5d5ec0478444239d087d5c9b0d31a6072cdb48ee962c","On 1 list: 00s Party Hits"
"(thematic candidate)","","","","Foolish","Ashanti","Ashanti","1125953","657963","227","true","https://www.deezer.com/us/track/1125953","https://cdnt-preview.dzcdn.net/api/1/1/2/f/5/0/2f5a7cea84b2005779b63ff23f76e237.mp3?hdnea=exp=1781737747~acl=/api/1/1/2/f/5/0/2f5a7cea84b2005779b63ff23f76e237.mp3*~data=user_id=0,application_id=42~hmac=48b4588eac6545c438b48d328f0162caea6d32074dc68e8f9ef3a2b3642e0903","On 1 list: 2000s R&B"
"(thematic candidate)","","","","Sweet About Me","Gabriella Cilmi","Lessons To Be Learned","913272","655124","202","false","https://www.deezer.com/us/track/913272","https://cdnt-preview.dzcdn.net/api/1/1/4/1/6/0/416ffe5151f6f21117a9a1bb9cdd4c90.mp3?hdnea=exp=1781737740~acl=/api/1/1/4/1/6/0/416ffe5151f6f21117a9a1bb9cdd4c90.mp3*~data=user_id=0,application_id=42~hmac=c45dc743cb5a60c6240bf39b19aa05249f75924ea64a8b3d11a8db828f4a770b","On 1 list: 00s Hits"
"(thematic candidate)","","","","Love Is Gone (Fred Riester & Joachim Garraud Radio Edit Remix)","David Guetta","Pop Life","3107326","653776","199","false","https://www.deezer.com/us/track/3107326","https://cdnt-preview.dzcdn.net/api/1/1/0/6/9/0/0696f1b51f37342356721590125e31d4.mp3?hdnea=exp=1781737743~acl=/api/1/1/0/6/9/0/0696f1b51f37342356721590125e31d4.mp3*~data=user_id=0,application_id=42~hmac=cf961cb651656aae81139aed10a2429effcca772ab7b8d26b449d248d38f1db9","On 1 list: 00s Hits"
"(thematic candidate)","","","","Trackin'","Billy Crawford","Ride","2426385555","653767","250","false","https://www.deezer.com/us/track/2426385555","https://cdnt-preview.dzcdn.net/api/1/1/1/4/a/0/14afaf1559ad4f18ce6f6a1526bd082f.mp3?hdnea=exp=1781737740~acl=/api/1/1/1/4/a/0/14afaf1559ad4f18ce6f6a1526bd082f.mp3*~data=user_id=0,application_id=42~hmac=bf9f8622e00eb59c78239ad2d0d01f2e427433c8cd1efcb2954f3606b549171b","On 1 list: 00s Hits"
"(thematic candidate)","","","","Ruby","Kaiser Chiefs","Souvenir : The Singles 2004 - 2012","26608051","651747","203","false","https://www.deezer.com/us/track/26608051","https://cdnt-preview.dzcdn.net/api/1/1/e/d/8/0/ed8910873cdf507873924886e91af794.mp3?hdnea=exp=1781737740~acl=/api/1/1/e/d/8/0/ed8910873cdf507873924886e91af794.mp3*~data=user_id=0,application_id=42~hmac=4204606ae9ad919e3c8ee0938ad8ae48650d6badd2b6e7056da9697c296ffc8e","On 1 list: 00s Hits"
"(thematic candidate)","","","","I Need a Girl (Pt. 2) [feat. Loon, Ginuwine, Mario Winans]","Diddy","Bad Boy's 10th Anniversary- The Hits","2794597","651561","285","false","https://www.deezer.com/us/track/2794597","https://cdnt-preview.dzcdn.net/api/1/1/e/b/8/0/eb8fcf6dc034902dc19d30feeebe3600.mp3?hdnea=exp=1781737742~acl=/api/1/1/e/b/8/0/eb8fcf6dc034902dc19d30feeebe3600.mp3*~data=user_id=0,application_id=42~hmac=d76e3daa8339beb0fc823ae050310f1c8a7e11b8ba59bf923f601f516c6d8201","On 1 list: 00s Hits"
"(thematic candidate)","","","","Hustlin'","Rick Ross","Port Of Miami","1162527","651164","255","true","https://www.deezer.com/us/track/1162527","https://cdnt-preview.dzcdn.net/api/1/1/8/5/1/0/85141c1088d0208c21b49cc79b6b7d6a.mp3?hdnea=exp=1781737748~acl=/api/1/1/8/5/1/0/85141c1088d0208c21b49cc79b6b7d6a.mp3*~data=user_id=0,application_id=42~hmac=36736fe97be6c570254a8dd348a0e54c80feeb3dbc7e7ee685a757004f1dc302","On 1 list: 2000s Rap"
"(thematic candidate)","","","","Jump","Madonna","Confessions on a Dance Floor","679240","646361","238","false","https://www.deezer.com/us/track/679240","https://cdnt-preview.dzcdn.net/api/1/1/6/3/b/0/63b65c54c0d8c017ab73f83dbcbb794e.mp3?hdnea=exp=1781737742~acl=/api/1/1/6/3/b/0/63b65c54c0d8c017ab73f83dbcbb794e.mp3*~data=user_id=0,application_id=42~hmac=6426c8d64a8714e97b783c2a1ddefa76c4e62bb7816b5cec1ac458930afbdafa","On 1 list: 00s Hits"
"(thematic candidate)","","","","Jumpin', Jumpin'","Destiny's Child","The Writing's On The Wall","580931","644176","227","false","https://www.deezer.com/us/track/580931","https://cdnt-preview.dzcdn.net/api/1/1/8/b/e/0/8bea816f389c181898e362b362efd235.mp3?hdnea=exp=1781737742~acl=/api/1/1/8/b/e/0/8bea816f389c181898e362b362efd235.mp3*~data=user_id=0,application_id=42~hmac=3d6d9b180a2ad39a9ec2360c242efabd5375fe826cf1753239e9678a2a74ecb9","On 1 list: 00s Hits"
"(thematic candidate)","","","","Unwritten","Natasha Bedingfield","The Sisterhood Of The Traveling Pants - Music From The Motion Picture","560504","640816","254","false","https://www.deezer.com/us/track/560504","https://cdnt-preview.dzcdn.net/api/1/1/0/2/4/0/024cc23064a27d7c3472258cecd8289f.mp3?hdnea=exp=1781737740~acl=/api/1/1/0/2/4/0/024cc23064a27d7c3472258cecd8289f.mp3*~data=user_id=0,application_id=42~hmac=39ebcd3193a4b69f7c686bf26bef7f1352b953092d491570a6739e3b8f7b512d","On 1 list: 00s Hits"
"(thematic candidate)","","","","Just A Lil Bit","50 Cent","The Massacre","60722940","640242","237","true","https://www.deezer.com/us/track/60722940","https://cdnt-preview.dzcdn.net/api/1/1/c/5/8/0/c58894093a7a34c8ec39095dc54c2099.mp3?hdnea=exp=1781737748~acl=/api/1/1/c/5/8/0/c58894093a7a34c8ec39095dc54c2099.mp3*~data=user_id=0,application_id=42~hmac=d6d610ece45c62f249fd3a0b4d263a25f0d66c61d2d660ffd9af31e664b909f4","On 1 list: 2000s Rap"
"(thematic candidate)","","","","Hash Pipe","Weezer","Weezer (Green Album)","2544627","639968","186","false","https://www.deezer.com/us/track/2544627","https://cdnt-preview.dzcdn.net/api/1/1/4/7/a/0/47a14eecd069f5d426e947539b5f53cc.mp3?hdnea=exp=1781737747~acl=/api/1/1/4/7/a/0/47a14eecd069f5d426e947539b5f53cc.mp3*~data=user_id=0,application_id=42~hmac=c2a5c84026e21787c7520a735d0f7a0b6e47a65b1f51f5c38f9328a0caaf87ba","On 1 list: 2000s Rock"
"(thematic candidate)","","","","Alles neu","Peter Fox","Stadtaffe","2200204","638605","260","false","https://www.deezer.com/us/track/2200204","https://cdnt-preview.dzcdn.net/api/1/1/4/2/0/0/420ce03ba7e333c9f6b2fa7f13e4eb61.mp3?hdnea=exp=1781737742~acl=/api/1/1/4/2/0/0/420ce03ba7e333c9f6b2fa7f13e4eb61.mp3*~data=user_id=0,application_id=42~hmac=1a86f1dea9f8c490da1a54db207a05a39e2557c7caebc30fb88cebffbd1f779d","On 1 list: 00s Hits"
"(thematic candidate)","","","","Come Along","Titiyo","Come Along","19271551","637807","225","false","https://www.deezer.com/us/track/19271551","https://cdnt-preview.dzcdn.net/api/1/1/1/1/1/0/11169f7261408687a5fcbbc20f78aebf.mp3?hdnea=exp=1781737741~acl=/api/1/1/1/1/1/0/11169f7261408687a5fcbbc20f78aebf.mp3*~data=user_id=0,application_id=42~hmac=cc31c6e1488136b83637190d945d7280f3d47e9297c9da422404997c5f973327","On 1 list: 00s Hits"
"(thematic candidate)","","","","All Summer Long","Kid Rock","Rock n Roll Jesus","4087608","637580","297","false","https://www.deezer.com/us/track/4087608","https://cdnt-preview.dzcdn.net/api/1/1/0/b/d/0/0bd2303952d321fb693e3a1dd49c9f35.mp3?hdnea=exp=1781737742~acl=/api/1/1/0/b/d/0/0bd2303952d321fb693e3a1dd49c9f35.mp3*~data=user_id=0,application_id=42~hmac=df8bf7b46ade63c934a7635310d2013a1ddc5db5419203ab02111c7f577cdbe3","On 1 list: 00s Hits"
"(thematic candidate)","","","","Where the Party At (feat. Nelly)","Jagged Edge","Jagged Little Thrill","863766","637416","233","false","https://www.deezer.com/us/track/863766","https://cdnt-preview.dzcdn.net/api/1/1/3/f/0/0/3f0ac0544f1ab5493efdf8bcc77d751d.mp3?hdnea=exp=1781737747~acl=/api/1/1/3/f/0/0/3f0ac0544f1ab5493efdf8bcc77d751d.mp3*~data=user_id=0,application_id=42~hmac=8744ce534618942e19b9960db6d08ebfb256dfe679ea1a5a273dbc1b21f5f630","On 1 list: 2000s R&B"
"(thematic candidate)","","","","Favorite Girl","Justin Bieber","My Worlds (International Version)","5592952","636488","256","false","https://www.deezer.com/us/track/5592952","https://cdnt-preview.dzcdn.net/api/1/1/6/5/9/0/65937ef5bff606ff0e93cfc6986bd2ae.mp3?hdnea=exp=1781737746~acl=/api/1/1/6/5/9/0/65937ef5bff606ff0e93cfc6986bd2ae.mp3*~data=user_id=0,application_id=42~hmac=06e3b55b2a75920cccc71f9cd7780f8d830e7dea318818a8ca4e18ffc8b201ea","On 1 list: 00s Pop"
"(thematic candidate)","","","","Can't Stand Me Now","The Libertines","The Libertines","946297","634881","203","true","https://www.deezer.com/us/track/946297","https://cdnt-preview.dzcdn.net/api/1/1/f/a/8/0/fa8596a35dd51844261905ae2121179e.mp3?hdnea=exp=1781737747~acl=/api/1/1/f/a/8/0/fa8596a35dd51844261905ae2121179e.mp3*~data=user_id=0,application_id=42~hmac=bc1475da102ee0fe7e368980cc8cf6822bef1ccc07de504222ecda8ea3b15563","On 1 list: 2000s Rock"
"(thematic candidate)","","","","May It Be","Enya","The Lord of the Rings: The Fellowship of the Ring (Original Motion Picture Soundtrack)","14628832","634839","257","false","https://www.deezer.com/us/track/14628832","https://cdnt-preview.dzcdn.net/api/1/1/d/f/3/0/df38970ee93e882e90cfdbcfc2aafa6a.mp3?hdnea=exp=1781737742~acl=/api/1/1/d/f/3/0/df38970ee93e882e90cfdbcfc2aafa6a.mp3*~data=user_id=0,application_id=42~hmac=097bf9c81737aae6bc6cca0e1924bdd4e8becbf9204096fee72661db77e92ffe","On 1 list: 00s Hits"
"(thematic candidate)","","","","It's Gonna Be Me","*NSYNC","No Strings Attached","632488","633451","191","false","https://www.deezer.com/us/track/632488","https://cdnt-preview.dzcdn.net/api/1/1/6/1/2/0/612e2acf027a8812fe7c33dd759b97b7.mp3?hdnea=exp=1781737746~acl=/api/1/1/6/1/2/0/612e2acf027a8812fe7c33dd759b97b7.mp3*~data=user_id=0,application_id=42~hmac=b980c28c1bcc86bb71eca581d5083f76c6c198bdc51331c439d78fd486a01e33","On 1 list: 00s Pop"
"(thematic candidate)","","","","Rock DJ","Robbie Williams","Sing When You're Winning","3102419","632715","256","false","https://www.deezer.com/us/track/3102419","https://cdnt-preview.dzcdn.net/api/1/1/c/9/a/0/c9a822e24ebde082cf91a7fe7ca966a2.mp3?hdnea=exp=1781737739~acl=/api/1/1/c/9/a/0/c9a822e24ebde082cf91a7fe7ca966a2.mp3*~data=user_id=0,application_id=42~hmac=603960cab5ca80d89ee25ccbe9823cd7228381992b856495955a197177437945","On 1 list: 00s Hits"
"(thematic candidate)","","","","All The Right Moves","OneRepublic","Waking Up","4638779","632232","241","false","https://www.deezer.com/us/track/4638779","https://cdnt-preview.dzcdn.net/api/1/1/d/8/a/0/d8a838e04cc3f2d388f627b14ecc51f1.mp3?hdnea=exp=1781737739~acl=/api/1/1/d/8/a/0/d8a838e04cc3f2d388f627b14ecc51f1.mp3*~data=user_id=0,application_id=42~hmac=d8fe4918320ff4c3800306cec7bcb734bb09fe92e04d3ad1e8b7a370d75b90b6","On 1 list: 00s Hits"
"(thematic candidate)","","","","Who Let The Dogs Out","Baha Men","Who Let The Dogs Out","3389258","630669","196","false","https://www.deezer.com/us/track/3389258","https://cdnt-preview.dzcdn.net/api/1/1/8/3/d/0/83d7b2525e4b1f02e8f73f636301aaed.mp3?hdnea=exp=1781737741~acl=/api/1/1/8/3/d/0/83d7b2525e4b1f02e8f73f636301aaed.mp3*~data=user_id=0,application_id=42~hmac=cc8aae13fcbf73370d78dd96538a3c72e23abefec227d911dbce85d0b95c03d7","On 1 list: 00s Hits"
"(thematic candidate)","","","","Ride wit U (feat. G-Unit)","Joe","Greatest Hits","2243341","630014","254","false","https://www.deezer.com/us/track/2243341","https://cdnt-preview.dzcdn.net/api/1/1/1/2/1/0/12151a467df4008fe18cb4eb25179826.mp3?hdnea=exp=1781737748~acl=/api/1/1/1/2/1/0/12151a467df4008fe18cb4eb25179826.mp3*~data=user_id=0,application_id=42~hmac=43ce29801d699469e9c400c03067d93e45dc1932cc03dc6498f3ed3c766e2195","On 1 list: 2000s R&B"
"(thematic candidate)","","","","Désenchantée","Kate Ryan","Different","3092650","629694","218","false","https://www.deezer.com/us/track/3092650","https://cdnt-preview.dzcdn.net/api/1/1/a/d/8/0/ad85ac2e1c532b4cc0237164d341d616.mp3?hdnea=exp=1781737742~acl=/api/1/1/a/d/8/0/ad85ac2e1c532b4cc0237164d341d616.mp3*~data=user_id=0,application_id=42~hmac=4547636121ebdb340025a21dbd1659dc6f21d74c33b2c0cf1522959a4eb0d7f9","On 1 list: 00s Hits"
"(thematic candidate)","","","","Shackles (Praise You)","Mary Mary","Thankful","626167","628439","196","false","https://www.deezer.com/us/track/626167","https://cdnt-preview.dzcdn.net/api/1/1/f/b/6/0/fb6a572bf7553d4367aac533c5f73068.mp3?hdnea=exp=1781737741~acl=/api/1/1/f/b/6/0/fb6a572bf7553d4367aac533c5f73068.mp3*~data=user_id=0,application_id=42~hmac=4adb23d28d7f1e40e5647ada26d80f47f1a505f3cee235017ef11b0300885956","On 1 list: 00s Hits"
"(thematic candidate)","","","","Work It","Missy Elliott","Under Construction","663571","626296","263","true","https://www.deezer.com/us/track/663571","https://cdnt-preview.dzcdn.net/api/1/1/f/1/3/0/f139769bfaabae6a3de82446814eb875.mp3?hdnea=exp=1781737742~acl=/api/1/1/f/1/3/0/f139769bfaabae6a3de82446814eb875.mp3*~data=user_id=0,application_id=42~hmac=b058c082801843eac9aeec751eb85a7a23c3d9aba91a962b306ccdad5bc456f3","On 1 list: 00s Hits"
"(thematic candidate)","","","","Fancy Footwork","Chromeo","Fancy Footwork","707533842","626240","198","false","https://www.deezer.com/us/track/707533842","https://cdnt-preview.dzcdn.net/api/1/1/3/9/0/0/390b07fb2873b587d33b468a15cf1435.mp3?hdnea=exp=1781737740~acl=/api/1/1/3/9/0/0/390b07fb2873b587d33b468a15cf1435.mp3*~data=user_id=0,application_id=42~hmac=14ad5378cabae8eeb991e78ff1be173b1885870b9d87d4c9eaab5269aa9c9622","On 1 list: 00s Hits"
"(thematic candidate)","","","","Untouched","The Veronicas","Hook Me Up","904320","622793","255","false","https://www.deezer.com/us/track/904320","https://cdnt-preview.dzcdn.net/api/1/1/9/f/5/0/9f5cbc0d3549e96ffd9ad58af374c337.mp3?hdnea=exp=1781737740~acl=/api/1/1/9/f/5/0/9f5cbc0d3549e96ffd9ad58af374c337.mp3*~data=user_id=0,application_id=42~hmac=e55eee8fc49c7517ef3cfd7bb8c6a32fed3224a92b534b3a96a94ed83807c4ff","On 1 list: 00s Hits"
"(thematic candidate)","","","","Sorry Seems To Be The Hardest Word (Radio Edit)","Blue","Sorry Seems To Be The Hardest Word","3097538","620476","211","false","https://www.deezer.com/us/track/3097538","https://cdnt-preview.dzcdn.net/api/1/1/a/3/7/0/a37b5c789c4bc62ca6df156665a0ff5d.mp3?hdnea=exp=1781737741~acl=/api/1/1/a/3/7/0/a37b5c789c4bc62ca6df156665a0ff5d.mp3*~data=user_id=0,application_id=42~hmac=d500c49daf3c2794c837c2e1d1cab8e5def2d7a14e988c008e6cfa4aa82af2b0","On 1 list: 00s Hits"
"(thematic candidate)","","","","Haus am See","Peter Fox","Stadtaffe","2200206","619216","214","false","https://www.deezer.com/us/track/2200206","https://cdnt-preview.dzcdn.net/api/1/1/0/3/e/0/03eb472d8f54ec3b5b6c53891aa51f00.mp3?hdnea=exp=1781737740~acl=/api/1/1/0/3/e/0/03eb472d8f54ec3b5b6c53891aa51f00.mp3*~data=user_id=0,application_id=42~hmac=96ac715ea0b263f879b3c9035113098b04240f2b817828729c7e628f9257e498","On 1 list: 00s Hits"
"(thematic candidate)","","","","A Certain Romance","Arctic Monkeys","Whatever People Say I Am, That's What I'm Not","4315321","618988","331","false","https://www.deezer.com/us/track/4315321","https://cdnt-preview.dzcdn.net/api/1/1/2/6/0/0/2605aa8d5279dc6edc91af9a020dd877.mp3?hdnea=exp=1781737747~acl=/api/1/1/2/6/0/0/2605aa8d5279dc6edc91af9a020dd877.mp3*~data=user_id=0,application_id=42~hmac=ed2024ea3385f8392278642d6795a3745b93db07c880ee465ba693dfbc5f9ad1","On 1 list: 2000s Rock"
"(thematic candidate)","","","","Wannabe","Spice Girls","Wannabe","3164155","618068","172","false","https://www.deezer.com/us/track/3164155","https://cdnt-preview.dzcdn.net/api/1/1/b/2/c/0/b2c127c2fce427ea7e90cbae6cda1a55.mp3?hdnea=exp=1781737739~acl=/api/1/1/b/2/c/0/b2c127c2fce427ea7e90cbae6cda1a55.mp3*~data=user_id=0,application_id=42~hmac=634ed645921d1b9e1c594ad00362ddf2e8a0acef1935d86930979484c99a2b31","On 1 list: 00s Hits"
"(thematic candidate)","","","","Last Request","Paolo Nutini","These Streets","3657960","617454","220","false","https://www.deezer.com/us/track/3657960","https://cdnt-preview.dzcdn.net/api/1/1/4/7/1/0/4719ccb129690c041562644845ff40f6.mp3?hdnea=exp=1781737740~acl=/api/1/1/4/7/1/0/4719ccb129690c041562644845ff40f6.mp3*~data=user_id=0,application_id=42~hmac=3b618bc12276610066bc532f59caa15536b88e1a490eccbe35e54901c0cf4ca3","On 1 list: 00s Hits"
"(thematic candidate)","","","","Four to the Floor","Starsailor","Four To The Floor","3097497","615869","233","false","https://www.deezer.com/us/track/3097497","https://cdnt-preview.dzcdn.net/api/1/1/7/1/3/0/7130a3760ffef7245b9319d2b7370995.mp3?hdnea=exp=1781737742~acl=/api/1/1/7/1/3/0/7130a3760ffef7245b9319d2b7370995.mp3*~data=user_id=0,application_id=42~hmac=226aa5c9dc4f2ccca14db2a028810097413dbf81ccc066575fd433535c71306f","On 1 list: 00s Hits"
"(thematic candidate)","","","","Full Moon","Brandy","Full Moon","714870","615645","248","false","https://www.deezer.com/us/track/714870","https://cdnt-preview.dzcdn.net/api/1/1/5/a/1/0/5a1af493c0da13dd7eb4f33fa06f105c.mp3?hdnea=exp=1781737747~acl=/api/1/1/5/a/1/0/5a1af493c0da13dd7eb4f33fa06f105c.mp3*~data=user_id=0,application_id=42~hmac=295ce8100150ec359af3ce64ef7ca17d4373ee1559c44a422b38b96b1f43808c","On 1 list: 2000s R&B"
"(thematic candidate)","","","","Love Sex Magic (feat. Justin Timberlake)","Ciara","Love Sex Magic (feat. Justin Timberlake)","2924891","613491","220","false","https://www.deezer.com/us/track/2924891","https://cdnt-preview.dzcdn.net/api/1/1/1/6/6/0/1662437ac86fcb4543e90c55be1b5799.mp3?hdnea=exp=1781737742~acl=/api/1/1/1/6/6/0/1662437ac86fcb4543e90c55be1b5799.mp3*~data=user_id=0,application_id=42~hmac=14d3f5125e8063c540a313334b70d21529b22206ae8980367b8df06731e8b3e0","On 1 list: 00s Hits"
"(thematic candidate)","","","","She Moves In Her Own Way","The Kooks","Inside In / Inside Out","3119029","613358","168","false","https://www.deezer.com/us/track/3119029","https://cdnt-preview.dzcdn.net/api/1/1/8/b/d/0/8bd570da7fedefa835a62b945664e34c.mp3?hdnea=exp=1781737746~acl=/api/1/1/8/b/d/0/8bd570da7fedefa835a62b945664e34c.mp3*~data=user_id=0,application_id=42~hmac=9710231efe9624731ee281f0e048e4a76767e9d4903028d1a55926ae0c368495","On 1 list: 00s Pop"
"(thematic candidate)","","","","All About Us","t.A.T.u.","t.A.T.u. - The Best","884754","613235","179","false","https://www.deezer.com/us/track/884754","https://cdnt-preview.dzcdn.net/api/1/1/5/a/7/0/5a701e42d67a329489a89f1dface6e8c.mp3?hdnea=exp=1781737743~acl=/api/1/1/5/a/7/0/5a701e42d67a329489a89f1dface6e8c.mp3*~data=user_id=0,application_id=42~hmac=33d329286a09e2653512d154b0a1b8cf00fb881866bfbf5e5776ba4f22f564dc","On 1 list: 00s Hits"
"(thematic candidate)","","","","No Tomorrow","Orson","Bright Idea","1574192","613196","167","false","https://www.deezer.com/us/track/1574192","https://cdnt-preview.dzcdn.net/api/1/1/a/a/1/0/aa1288b4e469937f76a8026508e790d1.mp3?hdnea=exp=1781737741~acl=/api/1/1/a/a/1/0/aa1288b4e469937f76a8026508e790d1.mp3*~data=user_id=0,application_id=42~hmac=b52da0c9062c93a9271b7965f4cc29da27beec786680e71e7ca9386e58ac119f","On 1 list: 00s Hits"
"(thematic candidate)","","","","Take A Picture","Filter","Title Of Record","1444388582","609441","363","false","https://www.deezer.com/us/track/1444388582","https://cdnt-preview.dzcdn.net/api/1/1/b/9/1/0/b91e67fce7065a4e90a6279ebc89f477.mp3?hdnea=exp=1781737747~acl=/api/1/1/b/9/1/0/b91e67fce7065a4e90a6279ebc89f477.mp3*~data=user_id=0,application_id=42~hmac=8915aaa84903ded274ee80867a2a945d0054a9d1f62924d1608fb5091a94b61a","On 1 list: 2000s Rock"
"(thematic candidate)","","","","Differences","Ginuwine","Greatest Hits","567968","609344","266","false","https://www.deezer.com/us/track/567968","https://cdnt-preview.dzcdn.net/api/1/1/d/9/9/0/d992b8ae4f8eedaebf000d0b06c39af2.mp3?hdnea=exp=1781737747~acl=/api/1/1/d/9/9/0/d992b8ae4f8eedaebf000d0b06c39af2.mp3*~data=user_id=0,application_id=42~hmac=73ae1daf3062f4ce889a2442fa3ee8ccd1b5f7af491d50bdcae2b25774e14b25","On 1 list: 2000s R&B"
"(thematic candidate)","","","","I'm A Believer (Radio Edit)","Smash Mouth","All Star Smash Hits","917741","608205","185","false","https://www.deezer.com/us/track/917741","https://cdnt-preview.dzcdn.net/api/1/1/8/c/7/0/8c7a79b9d40d7af03bb1ac1f9a164b21.mp3?hdnea=exp=1781737745~acl=/api/1/1/8/c/7/0/8c7a79b9d40d7af03bb1ac1f9a164b21.mp3*~data=user_id=0,application_id=42~hmac=71fe51f7902b6977fea66dd1a0d55c7f240459ab90353b72fd11de763a6469b6","On 1 list: 00s Hits"
"(thematic candidate)","","","","Hollywood","Madonna","American Life","783901","607556","262","false","https://www.deezer.com/us/track/783901","https://cdnt-preview.dzcdn.net/api/1/1/7/6/0/0/760d6039ec5bf77ebb1e61782ecf5da0.mp3?hdnea=exp=1781737742~acl=/api/1/1/7/6/0/0/760d6039ec5bf77ebb1e61782ecf5da0.mp3*~data=user_id=0,application_id=42~hmac=d788bcc2e2de1b54f7e05ed6addadadc9ab7db06265f4a381b90118a31c48ea1","On 1 list: 00s Hits"
"(thematic candidate)","","","","Me, Myself and I","Beyoncé","Dangerously In Love","13138703","605873","301","false","https://www.deezer.com/us/track/13138703","https://cdnt-preview.dzcdn.net/api/1/1/3/a/9/0/3a9ce021944e074039e99812a2f996ae.mp3?hdnea=exp=1781737747~acl=/api/1/1/3/a/9/0/3a9ce021944e074039e99812a2f996ae.mp3*~data=user_id=0,application_id=42~hmac=4d9cd172ec77e7eb701239381ad19f7777af73cae377883390fc23571f0a9b40","On 1 list: 2000s R&B"
"(thematic candidate)","","","","Cooler Than Me (Single Mix)","Mike Posner","31 Minutes to Takeoff","6720668","604429","215","false","https://www.deezer.com/us/track/6720668","https://cdnt-preview.dzcdn.net/api/1/1/9/a/b/0/9ab216e0c42cfdfc94eea6e8088d1c1d.mp3?hdnea=exp=1781737740~acl=/api/1/1/9/a/b/0/9ab216e0c42cfdfc94eea6e8088d1c1d.mp3*~data=user_id=0,application_id=42~hmac=24c6f3657b4fef6a41fd82e8e64f4cdd1b76fa446b417f98c40fd130d7d4e3c7","On 1 list: 00s Hits"
"(thematic candidate)","","","","Standing in the Way of Control","Gossip","Standing in the Way of Control","30516961","604018","256","false","https://www.deezer.com/us/track/30516961","https://cdnt-preview.dzcdn.net/api/1/1/3/9/c/0/39cd21092439c49e5c1f5a690750c056.mp3?hdnea=exp=1781737743~acl=/api/1/1/3/9/c/0/39cd21092439c49e5c1f5a690750c056.mp3*~data=user_id=0,application_id=42~hmac=24072d5057e4d8ee064a8cfaa55e5113727bc42c3e86d1029b9120761fe8199f","On 1 list: 00s Hits"
"(thematic candidate)","","","","I Luv Your Girl","The-Dream","Love/Hate","925893","603328","267","true","https://www.deezer.com/us/track/925893","https://cdnt-preview.dzcdn.net/api/1/1/e/d/6/0/ed6558f57c51855b4d1c3e11aa27beb5.mp3?hdnea=exp=1781737747~acl=/api/1/1/e/d/6/0/ed6558f57c51855b4d1c3e11aa27beb5.mp3*~data=user_id=0,application_id=42~hmac=e9464b7accbab6da9afd5a287458b5cbb90498573e8f044f699e390a2d06b53d","On 1 list: 2000s R&B"
"(thematic candidate)","","","","Stop And Stare","OneRepublic","Dreaming Out Loud","916827","602718","224","false","https://www.deezer.com/us/track/916827","https://cdnt-preview.dzcdn.net/api/1/1/1/c/d/0/1cddb1888372b7a532089e5c7bbadd6d.mp3?hdnea=exp=1781737742~acl=/api/1/1/1/c/d/0/1cddb1888372b7a532089e5c7bbadd6d.mp3*~data=user_id=0,application_id=42~hmac=8067dc2bd2bc48f7c38037be450996c112bcb350321323378ce7b14f9e4f88da","On 1 list: 00s Hits"
"(thematic candidate)","","","","Heart Of A Woman","Summer Walker","Heart Of A Woman","3050948141","601545","171","true","https://www.deezer.com/us/track/3050948141","https://cdnt-preview.dzcdn.net/api/1/1/1/3/2/0/132775f9b726d590d3c844fec5acd162.mp3?hdnea=exp=1781737748~acl=/api/1/1/1/3/2/0/132775f9b726d590d3c844fec5acd162.mp3*~data=user_id=0,application_id=42~hmac=9ef5869d245fd3391f5ca4881771d43a09109061195d9657367150150a77db02","On 1 list: 2000s R&B"
"(thematic candidate)","","","","The Bad Touch","Bloodhound Gang","Nu Rock","953105","601225","260","true","https://www.deezer.com/us/track/953105","https://cdnt-preview.dzcdn.net/api/1/1/b/f/b/0/bfb41a3cb7870407da19cdd8c1dafd9e.mp3?hdnea=exp=1781737742~acl=/api/1/1/b/f/b/0/bfb41a3cb7870407da19cdd8c1dafd9e.mp3*~data=user_id=0,application_id=42~hmac=fd52057fc666ca306bd488b63bfc6ce8ccbca95c8a06c4a5844602df4bcf5dfd","On 1 list: 00s Hits"
"(thematic candidate)","","","","Perfekte Welle","Juli","Es ist Juli","121926890","601174","200","false","https://www.deezer.com/us/track/121926890","https://cdnt-preview.dzcdn.net/api/1/1/3/7/3/0/373f076c43be4ed2cdb63f10a2b70ca1.mp3?hdnea=exp=1781737743~acl=/api/1/1/3/7/3/0/373f076c43be4ed2cdb63f10a2b70ca1.mp3*~data=user_id=0,application_id=42~hmac=71d45582bb687c40a188a769da6ce8dfac094b31b2399648fda1926f3b350cb9","On 1 list: 00s Hits"
"(thematic candidate)","","","","Won't Go Home Without You","Maroon 5","It Won't Be Soon Before Long (International Version)","1147335","600904","231","false","https://www.deezer.com/us/track/1147335","https://cdnt-preview.dzcdn.net/api/1/1/f/b/b/0/fbb994e680984ffc1281a1c770ee8bcd.mp3?hdnea=exp=1781737745~acl=/api/1/1/f/b/b/0/fbb994e680984ffc1281a1c770ee8bcd.mp3*~data=user_id=0,application_id=42~hmac=ecb07f031e728cca7216eabc266c30179dcc8fe84b97881023446bbb11f2af41","On 1 list: 00s Hits"
"(thematic candidate)","","","","Spotlight","Jennifer Hudson","Spotlight","15045084","599375","251","false","https://www.deezer.com/us/track/15045084","https://cdnt-preview.dzcdn.net/api/1/1/e/1/1/0/e1164d78965e2ef3f251b6da2ff455c8.mp3?hdnea=exp=1781737748~acl=/api/1/1/e/1/1/0/e1164d78965e2ef3f251b6da2ff455c8.mp3*~data=user_id=0,application_id=42~hmac=8b47d4997f4507d0108eaa5b3edc5a96f38151864db24698f010451d71e62710","On 1 list: 2000s R&B"
"(thematic candidate)","","","","Purple Pills","D12","Devils Night","1126602","597574","303","true","https://www.deezer.com/us/track/1126602","https://cdnt-preview.dzcdn.net/api/1/1/9/8/5/0/98586b70dec7441ada8fe7528494b2e3.mp3?hdnea=exp=1781737743~acl=/api/1/1/9/8/5/0/98586b70dec7441ada8fe7528494b2e3.mp3*~data=user_id=0,application_id=42~hmac=dbbd0fca37136f06ed469d082feb7bfff42d8091e3b43ccdae4ddd737c9a8750","On 1 list: 00s Hits"
"(thematic candidate)","","","","Violet Hill","Coldplay","Viva La Vida or Death and All His Friends","3157973","596008","222","false","https://www.deezer.com/us/track/3157973","https://cdnt-preview.dzcdn.net/api/1/1/9/8/6/0/986f45d505fb7d20a379da679778c54a.mp3?hdnea=exp=1781737742~acl=/api/1/1/9/8/6/0/986f45d505fb7d20a379da679778c54a.mp3*~data=user_id=0,application_id=42~hmac=5836b6e716df4da10c028fc0a7cac46b7080e42bc3134873e3c20e133f922476","On 1 list: 00s Hits"
"(thematic candidate)","","","","Cherry Blossom Girl","Air","Talkie Walkie","3369072","593486","219","false","https://www.deezer.com/us/track/3369072","https://cdnt-preview.dzcdn.net/api/1/1/a/1/b/0/a1bc811f3d368b58a5260209c5dd92e1.mp3?hdnea=exp=1781737743~acl=/api/1/1/a/1/b/0/a1bc811f3d368b58a5260209c5dd92e1.mp3*~data=user_id=0,application_id=42~hmac=2424df8ac8bc063124aa57a7fb656451824656e9551811bb340c5655dd8ea8d1","On 1 list: 00s Hits"
"(thematic candidate)","","","","Best of You","Foo Fighters","In Your Honor","15422120","593244","256","false","https://www.deezer.com/us/track/15422120","https://cdnt-preview.dzcdn.net/api/1/1/c/7/5/0/c757ce75f69477154407931c9c9f145c.mp3?hdnea=exp=1781737740~acl=/api/1/1/c/7/5/0/c757ce75f69477154407931c9c9f145c.mp3*~data=user_id=0,application_id=42~hmac=b99293b7913f3668ac895582da8e101aff766a6c7da4a3895a291418410ee1ca","On 1 list: 00s Hits"
"(thematic candidate)","","","","Beautiful","Christina Aguilera","Beautiful","602339","590821","238","false","https://www.deezer.com/us/track/602339","https://cdnt-preview.dzcdn.net/api/1/1/8/3/3/0/833addc73104fc34d371fe0da2653315.mp3?hdnea=exp=1781737746~acl=/api/1/1/8/3/3/0/833addc73104fc34d371fe0da2653315.mp3*~data=user_id=0,application_id=42~hmac=94134335e71165723a53e651b2c5b20754b052450f7d683da89bb3a4d35cf961","On 1 list: 00s Pop"
"(thematic candidate)","","","","That's Not My Name","The Ting Tings","We Started Nothing","901069","590017","310","false","https://www.deezer.com/us/track/901069","https://cdnt-preview.dzcdn.net/api/1/1/b/3/b/0/b3bc87912163dd3f1c65d9fab8358d72.mp3?hdnea=exp=1781737740~acl=/api/1/1/b/3/b/0/b3bc87912163dd3f1c65d9fab8358d72.mp3*~data=user_id=0,application_id=42~hmac=46dd3668dbadd7f414e5f01de0f660c9c37f40d58cdb1b58bd9927e5cfbd2dd5","On 1 list: 00s Hits"
"(thematic candidate)","","","","Confessions Part II","USHER","Confessions","837916","589562","229","false","https://www.deezer.com/us/track/837916","https://cdnt-preview.dzcdn.net/api/1/1/5/b/8/0/5b8d7ffab7955ff8a857ea706c9b584c.mp3?hdnea=exp=1781737747~acl=/api/1/1/5/b/8/0/5b8d7ffab7955ff8a857ea706c9b584c.mp3*~data=user_id=0,application_id=42~hmac=a929ef456156c8c4d31224c1b1cad1647fc17f992aeec465560480cb8e5c3e74","On 1 list: 2000s R&B"
"(thematic candidate)","","","","Don't Tell Me","Madonna","Music","3667557","589420","281","false","https://www.deezer.com/us/track/3667557","https://cdnt-preview.dzcdn.net/api/1/1/1/9/a/0/19aa3a88d7bdd32d1145f20891d31939.mp3?hdnea=exp=1781737739~acl=/api/1/1/1/9/a/0/19aa3a88d7bdd32d1145f20891d31939.mp3*~data=user_id=0,application_id=42~hmac=e4871ae6cf7bf01235cafedf5319423ff415eeaa1be8cc29e84bef91ad57c04e","On 1 list: 00s Hits"
"(thematic candidate)","","","","Run","Leona Lewis","Spirit","2485011","589092","312","false","https://www.deezer.com/us/track/2485011","https://cdnt-preview.dzcdn.net/api/1/1/1/e/6/0/1e633b7122563264f0e6e765ce5ccdf8.mp3?hdnea=exp=1781737741~acl=/api/1/1/1/e/6/0/1e633b7122563264f0e6e765ce5ccdf8.mp3*~data=user_id=0,application_id=42~hmac=125318628e1a1efabe40aededd443e16bd2bbd203332a09b706b858969446710","On 1 list: 00s Hits"
"(thematic candidate)","","","","Shake Ya Tailfeather","Bad Boys 2 The Original Motion Picture Soundtrack featuring P.Diddy, Nelly and Murphy Lee","Bad Boys 2 The Original Motion Picture Soundtrack","62022547","588893","293","false","https://www.deezer.com/us/track/62022547","https://cdnt-preview.dzcdn.net/api/1/1/6/b/6/0/6b6eeec853c42885ddff4c8647842635.mp3?hdnea=exp=1781737748~acl=/api/1/1/6/b/6/0/6b6eeec853c42885ddff4c8647842635.mp3*~data=user_id=0,application_id=42~hmac=cc32270c379d368473beab23469371abf07e4e8d0c234fb800ba1b22dd15d1cb","On 1 list: 2000s Rap"
"(thematic candidate)","","","","Wrong","Depeche Mode","Sounds of the Universe (Deluxe)","136332236","588731","191","false","https://www.deezer.com/us/track/136332236","https://cdnt-preview.dzcdn.net/api/1/1/0/c/6/0/0c6258f458f37fcb61186c05ed03ba9c.mp3?hdnea=exp=1781737743~acl=/api/1/1/0/c/6/0/0c6258f458f37fcb61186c05ed03ba9c.mp3*~data=user_id=0,application_id=42~hmac=233d16dc75a70e67139a6b5f872b951f9d47d94a6d94b4df522fa017ba5e470b","On 1 list: 00s Hits"
"(thematic candidate)","","","","Lo Que Pasó, Pasó (Remix / Bonus Track)","Daddy Yankee","Barrio Fino (Bonus Track Version)","3165861621","585990","227","false","https://www.deezer.com/us/track/3165861621","https://cdnt-preview.dzcdn.net/api/1/1/b/b/4/0/bb443b28c949a098d55c74bfa767b779.mp3?hdnea=exp=1781737745~acl=/api/1/1/b/b/4/0/bb443b28c949a098d55c74bfa767b779.mp3*~data=user_id=0,application_id=42~hmac=8dd2e58b01256f1204682789646639b4cd2683ecf4914dca3819425310e93025","On 1 list: 00s Hits"
"(thematic candidate)","","","","Around the World","ATC","Hits 2001 - Abra o Volume","140013769","584278","312","false","https://www.deezer.com/us/track/140013769","https://cdnt-preview.dzcdn.net/api/1/1/5/0/0/0/50047ca27ba1e692fd1b3052204215b4.mp3?hdnea=exp=1781737742~acl=/api/1/1/5/0/0/0/50047ca27ba1e692fd1b3052204215b4.mp3*~data=user_id=0,application_id=42~hmac=812ff808a6aebb56ebdc220f6bbdbc3d65b93c2ad0ca84a878a1d8c9e7721c42","On 1 list: 00s Hits"
"(thematic candidate)","","","","Follow Me","Uncle Kracker","Double Wide","3819653","582499","218","true","https://www.deezer.com/us/track/3819653","https://cdnt-preview.dzcdn.net/api/1/1/3/4/a/0/34a39ef02b06b23b4b303ab44b77cded.mp3?hdnea=exp=1781737741~acl=/api/1/1/3/4/a/0/34a39ef02b06b23b4b303ab44b77cded.mp3*~data=user_id=0,application_id=42~hmac=f8fc5ef06ba7804bf3aff95f414f1146b995e9b6778a5677feacec07106a4207","On 1 list: 00s Hits"
"(thematic candidate)","","","","The Way You Move (feat. Sleepy Brown)","OutKast","Speakerboxxx/The Love Below","628247","581697","235","true","https://www.deezer.com/us/track/628247","https://cdnt-preview.dzcdn.net/api/1/1/8/e/7/0/8e7c4962ab5503f50f3ab20e86631924.mp3?hdnea=exp=1781737739~acl=/api/1/1/8/e/7/0/8e7c4962ab5503f50f3ab20e86631924.mp3*~data=user_id=0,application_id=42~hmac=86c13f8db20c65223e54007762d2b3f047c1d97dc4f01715d2ef2f410e09313d","On 1 list: 00s Hits"
"(thematic candidate)","","","","Butterfly","Crazy Town","The Gift Of Game","13144808","579099","217","false","https://www.deezer.com/us/track/13144808","https://cdnt-preview.dzcdn.net/api/1/1/3/4/4/0/344f12a49560885e6f4ff0a459b8be25.mp3?hdnea=exp=1781737739~acl=/api/1/1/3/4/4/0/344f12a49560885e6f4ff0a459b8be25.mp3*~data=user_id=0,application_id=42~hmac=7ed918c44f0a4c7795c8b95101edc45922be4c96b0af435928b0ac0dec2e5f52","On 1 list: 00s Hits"
"(thematic candidate)","","","","My Life Would Suck Without You","Kelly Clarkson","Greatest Hits - Chapter One","62118994","577653","211","false","https://www.deezer.com/us/track/62118994","https://cdnt-preview.dzcdn.net/api/1/1/5/c/0/0/5c04bcd1d5ccf5ac074c5496787b6792.mp3?hdnea=exp=1781737742~acl=/api/1/1/5/c/0/0/5c04bcd1d5ccf5ac074c5496787b6792.mp3*~data=user_id=0,application_id=42~hmac=2fe19b6d200bee5388ac50333c114917de4f65e1169dfef4733657a2b7fc7fa0","On 1 list: 00s Hits"
"(thematic candidate)","","","","Baddest In The Room","Fridayy","Baddest In The Room","2846442452","577310","158","true","https://www.deezer.com/us/track/2846442452","https://cdnt-preview.dzcdn.net/api/1/1/7/9/e/0/79ec6e819e261450dfd93b34086433c5.mp3?hdnea=exp=1781737747~acl=/api/1/1/7/9/e/0/79ec6e819e261450dfd93b34086433c5.mp3*~data=user_id=0,application_id=42~hmac=8650f34d7af23179a0c59581f5aa5cc9e8e8fc16f13886488ccee02a9567452f","On 1 list: 2000s R&B"
"(thematic candidate)","","","","When I'm Gone","3 Doors Down","Away From The Sun","2172895","577066","260","false","https://www.deezer.com/us/track/2172895","https://cdnt-preview.dzcdn.net/api/1/1/3/4/b/0/34bb51864397463baccee2a9db68d38e.mp3?hdnea=exp=1781737743~acl=/api/1/1/3/4/b/0/34bb51864397463baccee2a9db68d38e.mp3*~data=user_id=0,application_id=42~hmac=9a9608206df86d4dd3255496f66601c04690a711ced94e1f8086ef80706c85bb","On 1 list: 00s Hits"
"(thematic candidate)","","","","Obstacle 1","Interpol","Matador At Fifteen","944791","576080","251","false","https://www.deezer.com/us/track/944791","https://cdnt-preview.dzcdn.net/api/1/1/6/b/9/0/6b90ae08a2235c2df84cc9ad20a27fa3.mp3?hdnea=exp=1781737747~acl=/api/1/1/6/b/9/0/6b90ae08a2235c2df84cc9ad20a27fa3.mp3*~data=user_id=0,application_id=42~hmac=1dfefb6a6adf982a8a25650356b687fb84ec4684d80000c718171808ff8367de","On 1 list: 2000s Rock"
"(thematic candidate)","","","","Makes Me Wonder","Maroon 5","It Won't Be Soon Before Long","914780","576037","211","true","https://www.deezer.com/us/track/914780","https://cdnt-preview.dzcdn.net/api/1/1/0/f/6/0/0f67342563fee9eb4d5245989abc4f31.mp3?hdnea=exp=1781737740~acl=/api/1/1/0/f/6/0/0f67342563fee9eb4d5245989abc4f31.mp3*~data=user_id=0,application_id=42~hmac=98a15bad7f161ae7b21e9a0a165a38c5d0eb854e6aba1b7201cf158b51e50754","On 1 list: 00s Hits"
"(thematic candidate)","","","","Little Bit","Lykke Li","Youth Novels","845622","575997","273","false","https://www.deezer.com/us/track/845622","https://cdnt-preview.dzcdn.net/api/1/1/a/f/8/0/af88fee61b91812091b6a8b267a5ac18.mp3?hdnea=exp=1781737742~acl=/api/1/1/a/f/8/0/af88fee61b91812091b6a8b267a5ac18.mp3*~data=user_id=0,application_id=42~hmac=9dad1519fe30355a5e205f4b5ef432408ddf99f42e48ed451e16fecc672d2267","On 1 list: 00s Hits"
"(thematic candidate)","","","","American Pie","Madonna","Music","3667561","575852","273","false","https://www.deezer.com/us/track/3667561","https://cdnt-preview.dzcdn.net/api/1/1/d/5/8/0/d5807de8ef8b192c8e347df35037bef5.mp3?hdnea=exp=1781737742~acl=/api/1/1/d/5/8/0/d5807de8ef8b192c8e347df35037bef5.mp3*~data=user_id=0,application_id=42~hmac=b304b437abe788bdceafe43a56e8ac3b016fe4d35a0032a6c38007e21d51a811","On 1 list: 00s Hits"
"(thematic candidate)","","","","I Miss You","blink-182","Love Rocks! Pre-Cleared Compilation Digital (International Version)","910533","573909","227","false","https://www.deezer.com/us/track/910533","https://cdnt-preview.dzcdn.net/api/1/1/1/7/1/0/171913a15d0ac2eaa28d8eb04807be00.mp3?hdnea=exp=1781737739~acl=/api/1/1/1/7/1/0/171913a15d0ac2eaa28d8eb04807be00.mp3*~data=user_id=0,application_id=42~hmac=d59ebc5d8073bdf45072baa8dd2802c34e49f912982fc35c2a3b5aa964c5a9ce","On 1 list: 00s Hits"
"(thematic candidate)","","","","A New Day Has Come (Radio Remix)","Céline Dion","My Love Essential Collection","14552283","573748","263","false","https://www.deezer.com/us/track/14552283","https://cdnt-preview.dzcdn.net/api/1/1/a/9/6/0/a96382708e55d9988cc1e8d62cfbcaaa.mp3?hdnea=exp=1781737740~acl=/api/1/1/a/9/6/0/a96382708e55d9988cc1e8d62cfbcaaa.mp3*~data=user_id=0,application_id=42~hmac=c999066b1d6deb999c66b04ba0f3828e35cce8910b3536847f0c9d8c0989d2a9","On 1 list: 00s Hits"
"(thematic candidate)","","","","California (Tchad Blake Mix)","Phantom Planet","The Guest (Expanded Edition)","624206","572427","194","false","https://www.deezer.com/us/track/624206","https://cdnt-preview.dzcdn.net/api/1/1/0/b/b/0/0bb589be56c4232349401d768dba7983.mp3?hdnea=exp=1781737740~acl=/api/1/1/0/b/b/0/0bb589be56c4232349401d768dba7983.mp3*~data=user_id=0,application_id=42~hmac=7c84c7f03a3b8646d62c562acc812dbf9954a7beed7916b6960b8153b53d66da","On 1 list: 00s Hits"
"(thematic candidate)","","","","Renegade","JAŸ-Z","Curtain Call: The Hits (Deluxe Edition)","2248445","572404","336","true","https://www.deezer.com/us/track/2248445","https://cdnt-preview.dzcdn.net/api/1/1/0/c/3/0/0c39107d4d4b0ea1cc897bdb3ad9c08a.mp3?hdnea=exp=1781737748~acl=/api/1/1/0/c/3/0/0c39107d4d4b0ea1cc897bdb3ad9c08a.mp3*~data=user_id=0,application_id=42~hmac=8ca86e57c88d8f0d50438eaa12b33c40d6fdc3225536d1670b2a03892c4ed68f","On 1 list: 2000s Rap"
"(thematic candidate)","","","","Work (Freemasons Radio Edit)","Kelly Rowland","Work (Freemasons Radio Edit)","541403","572394","191","false","https://www.deezer.com/us/track/541403","https://cdnt-preview.dzcdn.net/api/1/1/c/7/1/0/c71fb20ef0626632a954e181d46cc222.mp3?hdnea=exp=1781737742~acl=/api/1/1/c/7/1/0/c71fb20ef0626632a954e181d46cc222.mp3*~data=user_id=0,application_id=42~hmac=426cdaa91bd3a257d14600a658e552c8276f0f5fe1799586f59045fa8648cf81","On 1 list: 00s Hits"
"(thematic candidate)","","","","Me Against the Music (feat. Madonna) (LP Version / Video Mix)","Britney Spears","In The Zone","15392959","571227","224","false","https://www.deezer.com/us/track/15392959","https://cdnt-preview.dzcdn.net/api/1/1/e/f/f/0/effc8c88c046ad1d1ad9c03d2ba08b18.mp3?hdnea=exp=1781737743~acl=/api/1/1/e/f/f/0/effc8c88c046ad1d1ad9c03d2ba08b18.mp3*~data=user_id=0,application_id=42~hmac=b531649f9a5a9c1e61a80055f0c826e6a48c451bf5c0430c5d7675f7172a90d2","On 1 list: 00s Hits"
"(thematic candidate)","","","","Another Way to Die","Jack White","Quantum of Solace: Original Motion Picture Soundtrack","2281106","570386","263","false","https://www.deezer.com/us/track/2281106","https://cdnt-preview.dzcdn.net/api/1/1/5/9/b/0/59b83b34ba89d79eb94023400e71a64e.mp3?hdnea=exp=1781737742~acl=/api/1/1/5/9/b/0/59b83b34ba89d79eb94023400e71a64e.mp3*~data=user_id=0,application_id=42~hmac=c36f89f8095c9f4784bf00488929da062a33e9a457c9616513353ae13802b504","On 1 list: 00s Hits"
"(thematic candidate)","","","","Behind Blue Eyes","Limp Bizkit","Behind Blue Eyes","634434452","569291","271","false","https://www.deezer.com/us/track/634434452","https://cdnt-preview.dzcdn.net/api/1/1/9/7/a/0/97a3a13b17186046c73f0ad69fb6798b.mp3?hdnea=exp=1781737742~acl=/api/1/1/9/7/a/0/97a3a13b17186046c73f0ad69fb6798b.mp3*~data=user_id=0,application_id=42~hmac=c9a1177ea990dc1c0b2222457a79c71a0eb262e4477ca495171e3821f841551d","On 1 list: 00s Hits"
"(thematic candidate)","","","","Always Where I Need To Be","The Kooks","Konk","3152328","569135","161","false","https://www.deezer.com/us/track/3152328","https://cdnt-preview.dzcdn.net/api/1/1/d/4/e/0/d4efbc53681511df00527a23759525f4.mp3?hdnea=exp=1781737742~acl=/api/1/1/d/4/e/0/d4efbc53681511df00527a23759525f4.mp3*~data=user_id=0,application_id=42~hmac=2b78fece88ce2072e70f43b078d7ce4b47214c89ec78cb410184d239e1ea6034","On 1 list: 00s Hits"
"(thematic candidate)","","","","Time for Heroes","The Libertines","Up the Bracket","951290","568090","160","false","https://www.deezer.com/us/track/951290","https://cdnt-preview.dzcdn.net/api/1/1/d/e/d/0/ded16109ea8e24cd013f62e8bed79bb9.mp3?hdnea=exp=1781737747~acl=/api/1/1/d/e/d/0/ded16109ea8e24cd013f62e8bed79bb9.mp3*~data=user_id=0,application_id=42~hmac=a23d57ba53511149536c3c9751e9d85f8c68b0ff568641476580cf027f886ae0","On 1 list: 2000s Rock"
"(thematic candidate)","","","","It Just Won't Do (Radio Edit)","Tim Deluxe","It Just Won't Do","14748019","565096","198","false","https://www.deezer.com/us/track/14748019","https://cdnt-preview.dzcdn.net/api/1/1/3/2/5/0/325d3412e9e6fe3b6697b56c2354a44b.mp3?hdnea=exp=1781737743~acl=/api/1/1/3/2/5/0/325d3412e9e6fe3b6697b56c2354a44b.mp3*~data=user_id=0,application_id=42~hmac=33cec3fd8fe488b4936d389cb2e2fa4e2efb6d638a1bc423dc5238a80a165100","On 1 list: 00s Hits"
"(thematic candidate)","","","","Right Thurr","Chingy","Jackpot","3112414","562593","250","true","https://www.deezer.com/us/track/3112414","https://cdnt-preview.dzcdn.net/api/1/1/9/0/4/0/904bf8db236c177afb35e7ba3d78546a.mp3?hdnea=exp=1781737748~acl=/api/1/1/9/0/4/0/904bf8db236c177afb35e7ba3d78546a.mp3*~data=user_id=0,application_id=42~hmac=2f85549e00f8880146f427e94227daf669cc59cf52dc97a0531e0cdfa2c5411c","On 1 list: 2000s Rap"
"(thematic candidate)","","","","Most Beautiful Design","Coco Jones","Most Beautiful Design","3040716701","561525","219","false","https://www.deezer.com/us/track/3040716701","https://cdnt-preview.dzcdn.net/api/1/1/f/a/f/0/faf173e75b0d4317e0c7b529899fd55d.mp3?hdnea=exp=1781737747~acl=/api/1/1/f/a/f/0/faf173e75b0d4317e0c7b529899fd55d.mp3*~data=user_id=0,application_id=42~hmac=e18497a9dcf9ff3ee837084b90cd6ca9d8154ccfc09f41eec0f872ec3ed1736f","On 1 list: 2000s R&B"
"(thematic candidate)","","","","All Rise","Blue","Best Of Blue","3152219","560059","223","false","https://www.deezer.com/us/track/3152219","https://cdnt-preview.dzcdn.net/api/1/1/0/7/6/0/076d5b53fb791c324d3fe25404a26326.mp3?hdnea=exp=1781737743~acl=/api/1/1/0/7/6/0/076d5b53fb791c324d3fe25404a26326.mp3*~data=user_id=0,application_id=42~hmac=38390af5235d539e9baa1466b4d96d8e637fce34250541c7af4bea1a9a66218e","On 1 list: 00s Hits"
"(thematic candidate)","","","","Arab Money (Dirty)","Busta Rhymes","Back On My B.S.","4110654","558507","167","true","https://www.deezer.com/us/track/4110654","https://cdnt-preview.dzcdn.net/api/1/1/1/9/d/0/19d955e275d802c664a826ecc9cd982c.mp3?hdnea=exp=1781737748~acl=/api/1/1/1/9/d/0/19d955e275d802c664a826ecc9cd982c.mp3*~data=user_id=0,application_id=42~hmac=a7104b6884e206b50e2995d01dfaf9c91b2b576a87cf3251372c8368e27be92a","On 1 list: 2000s Rap"
"(thematic candidate)","","","","Bonkers","Dizzee Rascal","Tongue N' Cheek (Dirtee Deluxe Edition)","15640851","555945","176","false","https://www.deezer.com/us/track/15640851","https://cdnt-preview.dzcdn.net/api/1/1/8/7/9/0/879a5907327ad9f3d9e61a5c54305f44.mp3?hdnea=exp=1781737739~acl=/api/1/1/8/7/9/0/879a5907327ad9f3d9e61a5c54305f44.mp3*~data=user_id=0,application_id=42~hmac=57bd410e13b2178ac6429e799428d79f8f35510f119f2e51ffb474f7c449544c","On 1 list: 00s Hits"
"(thematic candidate)","","","","Put It On Me","Ja Rule","Rule 3:36","1165992","555547","262","true","https://www.deezer.com/us/track/1165992","https://cdnt-preview.dzcdn.net/api/1/1/1/d/f/0/1df780913df8dd4f2419d6362cefeafd.mp3?hdnea=exp=1781737748~acl=/api/1/1/1/d/f/0/1df780913df8dd4f2419d6362cefeafd.mp3*~data=user_id=0,application_id=42~hmac=a65255b6b25e79822b693258a8f501a912529ec09968801a37a6351a4f0f549e","On 1 list: 2000s R&B"
"(thematic candidate)","","","","Schwarz zu blau","Peter Fox","Stadtaffe","2200205","555344","214","false","https://www.deezer.com/us/track/2200205","https://cdnt-preview.dzcdn.net/api/1/1/1/e/c/0/1ec7a74454be05e20e5fd4e6934bf29f.mp3?hdnea=exp=1781737741~acl=/api/1/1/1/e/c/0/1ec7a74454be05e20e5fd4e6934bf29f.mp3*~data=user_id=0,application_id=42~hmac=2607c1a47ded7f18c151df2e19b2e16f2482194f1d226db5b75574ec7a295966","On 1 list: 00s Hits"
"(thematic candidate)","","","","Use Somebody","Kings Of Leon","Only By The Night","15531171","554937","231","false","https://www.deezer.com/us/track/15531171","https://cdnt-preview.dzcdn.net/api/1/1/8/e/3/0/8e362dc51853bee4970425c8fc1518ed.mp3?hdnea=exp=1781737739~acl=/api/1/1/8/e/3/0/8e362dc51853bee4970425c8fc1518ed.mp3*~data=user_id=0,application_id=42~hmac=fe31db533ef9f7bc63aab089c10c450bcc5d1c1782a679e2de2e0c85a9a532f5","On 1 list: 00s Hits"
"(thematic candidate)","","","","So Gone","Monica","After The Storm","962617","553852","242","false","https://www.deezer.com/us/track/962617","https://cdnt-preview.dzcdn.net/api/1/1/0/8/6/0/086f4e6330581e026d04608bb83c2c9e.mp3?hdnea=exp=1781737747~acl=/api/1/1/0/8/6/0/086f4e6330581e026d04608bb83c2c9e.mp3*~data=user_id=0,application_id=42~hmac=cf40ad996e1d66678fa4d287bc2556c6c9583222db4271b122a801fd99118c97","On 1 list: 2000s R&B"
"(thematic candidate)","","","","Fuck You","Lily Allen","It's Not Me, It's You (Special Edition)","4622573","552570","223","true","https://www.deezer.com/us/track/4622573","https://cdnt-preview.dzcdn.net/api/1/1/9/d/e/0/9de120f794ff0ab0cd32be383ac87ca1.mp3?hdnea=exp=1781737745~acl=/api/1/1/9/d/e/0/9de120f794ff0ab0cd32be383ac87ca1.mp3*~data=user_id=0,application_id=42~hmac=cd1830037cf4d2f0df44685d6a01a89e9aca6174c718b6d4709524d3a87f00a3","On 1 list: 00s Hits"
"(thematic candidate)","","","","Boten Anna (Radio edit)","Basshunter","Boten Anna (German Version)","735670","551998","208","false","https://www.deezer.com/us/track/735670","https://cdnt-preview.dzcdn.net/api/1/1/a/f/9/0/af947d940a8bf18af01eaaf6bbd817b7.mp3?hdnea=exp=1781737741~acl=/api/1/1/a/f/9/0/af947d940a8bf18af01eaaf6bbd817b7.mp3*~data=user_id=0,application_id=42~hmac=d8bb881b95ecb733785c8ab2012244a19011b4d2278a436675a1ed7bad749644","On 1 list: 00s Hits"
"(thematic candidate)","","","","New Shoes","Paolo Nutini","These Streets","3657964","551840","203","false","https://www.deezer.com/us/track/3657964","https://cdnt-preview.dzcdn.net/api/1/1/1/b/3/0/1b3fd906c3def65789e1194581f541a8.mp3?hdnea=exp=1781737739~acl=/api/1/1/1/b/3/0/1b3fd906c3def65789e1194581f541a8.mp3*~data=user_id=0,application_id=42~hmac=69a3788af810510dd75479ab2c7d86893609c8bcd7b83f5f41cc641a1a3f9328","On 1 list: 00s Hits"
"(thematic candidate)","","","","Everywhere","Michelle Branch","The Spirit Room","6639082","551402","214","false","https://www.deezer.com/us/track/6639082","https://cdnt-preview.dzcdn.net/api/1/1/4/d/3/0/4d3f3949e9db90da75090212e964241d.mp3?hdnea=exp=1781737739~acl=/api/1/1/4/d/3/0/4d3f3949e9db90da75090212e964241d.mp3*~data=user_id=0,application_id=42~hmac=b6ea0731a9b0585c9f38645cdb898b708fde5809157937e089cc403626a7255f","On 1 list: 00s Hits"
"(thematic candidate)","","","","This Love","Maroon 5","Songs About Jane: 10th Anniversary Edition","33382301","551288","206","false","https://www.deezer.com/us/track/33382301","https://cdnt-preview.dzcdn.net/api/1/1/e/a/9/0/ea9275e9e444b5b77003498f0c37c270.mp3?hdnea=exp=1781737739~acl=/api/1/1/e/a/9/0/ea9275e9e444b5b77003498f0c37c270.mp3*~data=user_id=0,application_id=42~hmac=01a6eb5bc7302a028835ba9e19769d897621b91401941713e288869bf826da01","On 1 list: 00s Hits"
"(thematic candidate)","","","","Mr Rock & Roll","Amy Macdonald","This is The Life","7256042","551065","212","false","https://www.deezer.com/us/track/7256042","https://cdnt-preview.dzcdn.net/api/1/1/d/b/6/0/db6e00b7287b176c839ca27e330c14eb.mp3?hdnea=exp=1781737741~acl=/api/1/1/d/b/6/0/db6e00b7287b176c839ca27e330c14eb.mp3*~data=user_id=0,application_id=42~hmac=61b1ee47d05f46cef53ac038cd0283c5b91950c2b4c869e0bb4e7550a4908b8a","On 1 list: 00s Hits"
"(thematic candidate)","","","","Hanging By A Moment","Lifehouse","No Name Face","2628562","548805","215","false","https://www.deezer.com/us/track/2628562","https://cdnt-preview.dzcdn.net/api/1/1/0/8/b/0/08b7df2529cfcb1ef983d0e760e7893c.mp3?hdnea=exp=1781737742~acl=/api/1/1/0/8/b/0/08b7df2529cfcb1ef983d0e760e7893c.mp3*~data=user_id=0,application_id=42~hmac=f1ccfee29a137df93c6a51cbac8189b0276a8814b94f0568a10d25d523c7af07","On 1 list: 00s Hits"
"(thematic candidate)","","","","What About Us?","Brandy","Full Moon","714910","548262","253","false","https://www.deezer.com/us/track/714910","https://cdnt-preview.dzcdn.net/api/1/1/3/f/8/0/3f8895dbb9f5c5ae79c12e9ecbfee8ec.mp3?hdnea=exp=1781737743~acl=/api/1/1/3/f/8/0/3f8895dbb9f5c5ae79c12e9ecbfee8ec.mp3*~data=user_id=0,application_id=42~hmac=a3570967395b6c5b8474ad203897e663c7e360b6a395d2418f7b22601154230d","On 1 list: 00s Hits"
"(thematic candidate)","","","","Rendezvous","Craig David","Born to Do It","143169100","547425","277","false","https://www.deezer.com/us/track/143169100","https://cdnt-preview.dzcdn.net/api/1/1/f/0/d/0/f0de07ee53c4d968e4a41f0a9cdb4c02.mp3?hdnea=exp=1781737743~acl=/api/1/1/f/0/d/0/f0de07ee53c4d968e4a41f0a9cdb4c02.mp3*~data=user_id=0,application_id=42~hmac=d6d1a241a38cfcfba12142bbc44dc282ecf0292a5248bba2944b1c9960670e76","On 1 list: 00s Hits"
"(thematic candidate)","","","","Summer Jam (Radio Edit)","The Underdog Project","Summer Jam","61892985","545787","213","false","https://www.deezer.com/us/track/61892985","https://cdnt-preview.dzcdn.net/api/1/1/a/9/2/0/a9202a10d06c8511b605288170267fb9.mp3?hdnea=exp=1781737741~acl=/api/1/1/a/9/2/0/a9202a10d06c8511b605288170267fb9.mp3*~data=user_id=0,application_id=42~hmac=d415e5ae3f6ff7905ff818cc063314cff3fa2664e93c01c4841776124dece0a0","On 1 list: 00s Hits"
"(thematic candidate)","","","","Love Long Distance (Album Version)","Gossip","Music For Men","3732051","544867","264","false","https://www.deezer.com/us/track/3732051","https://cdnt-preview.dzcdn.net/api/1/1/a/6/0/0/a607c98a065505f0f10e547cbfb58aff.mp3?hdnea=exp=1781737743~acl=/api/1/1/a/6/0/0/a607c98a065505f0f10e547cbfb58aff.mp3*~data=user_id=0,application_id=42~hmac=230b17b27051563d276dbfb938f6e4ccdbc6c82a7e687d1022c0effc319f5bc9","On 1 list: 00s Hits"
"(thematic candidate)","","","","Absolutely (Story of a Girl) (Radio Mix)","Nine Days","The Madding Crowd","624080","544678","189","false","https://www.deezer.com/us/track/624080","https://cdnt-preview.dzcdn.net/api/1/1/d/1/6/0/d16b12d7df31c656769cd6a1443d4615.mp3?hdnea=exp=1781737747~acl=/api/1/1/d/1/6/0/d16b12d7df31c656769cd6a1443d4615.mp3*~data=user_id=0,application_id=42~hmac=db291ea482e517bb3bd19055eb63794c3c1c3b944503b6659ca477c86dc4f0c5","On 1 list: 2000s Rock"
"(thematic candidate)","","","","Cry for You (UK Radio Edit)","September","Gold","15543665","544504","167","false","https://www.deezer.com/us/track/15543665","https://cdnt-preview.dzcdn.net/api/1/1/7/7/2/0/77291ad0c0ea70ab26d053d82e0b2457.mp3?hdnea=exp=1781737741~acl=/api/1/1/7/7/2/0/77291ad0c0ea70ab26d053d82e0b2457.mp3*~data=user_id=0,application_id=42~hmac=37ce4c47ee63d7fb0c189a0fdca5fd842b2fd1455fcf67f5285080cd6762f7e0","On 1 list: 00s Hits"
"(thematic candidate)","","","","Russian Roulette","Rihanna","Rated R","4711054","543986","227","true","https://www.deezer.com/us/track/4711054","https://cdnt-preview.dzcdn.net/api/1/1/b/5/b/0/b5bae96128e0911b44edce86ccd0e1eb.mp3?hdnea=exp=1781737742~acl=/api/1/1/b/5/b/0/b5bae96128e0911b44edce86ccd0e1eb.mp3*~data=user_id=0,application_id=42~hmac=92deeaf7dfd83e39a32db47febc71bb13abcd5969f66c5845f57d4f8f7ca1f26","On 1 list: 00s Hits"
"(thematic candidate)","","","","Last Friday Night (T.G.I.F.)","Katy Perry","Teenage Dream","6812359","543753","231","false","https://www.deezer.com/us/track/6812359","https://cdnt-preview.dzcdn.net/api/1/1/5/e/d/0/5edb44ec9dec7d37935ef2170cef0957.mp3?hdnea=exp=1781737741~acl=/api/1/1/5/e/d/0/5edb44ec9dec7d37935ef2170cef0957.mp3*~data=user_id=0,application_id=42~hmac=fbff17d9fb24695fdab5404e09bf98bf999ec9db6adb662af020fa291390eb99","On 1 list: 00s Hits"
"(thematic candidate)","","","","DJ Got Us Fallin' In Love (feat. Pitbull)","USHER","Justice Crew Party Mix","14489931","543431","220","false","https://www.deezer.com/us/track/14489931","https://cdnt-preview.dzcdn.net/api/1/1/4/b/f/0/4bf5ffc403b489e922d6c7d0035fa2f0.mp3?hdnea=exp=1781737739~acl=/api/1/1/4/b/f/0/4bf5ffc403b489e922d6c7d0035fa2f0.mp3*~data=user_id=0,application_id=42~hmac=4f5cf1f938bdf1b07ba63d0f06e80e58969559d47441b739265d554561a4f34d","On 1 list: 00s Hits"
"(thematic candidate)","","","","I Don't Feel Like Dancin'","Scissor Sisters","Ta-Dah","2504050","539673","288","false","https://www.deezer.com/us/track/2504050","https://cdnt-preview.dzcdn.net/api/1/1/3/c/2/0/3c2922f155a7c3a3aa147bbbbec77fa3.mp3?hdnea=exp=1781737739~acl=/api/1/1/3/c/2/0/3c2922f155a7c3a3aa147bbbbec77fa3.mp3*~data=user_id=0,application_id=42~hmac=d022c3b17ecbefbb3b41ba7cf1038cbe0a73cac2e7776637dff2d7ff156104d0","On 1 list: 00s Hits"
"(thematic candidate)","","","","Stadt","Cassandra Steen","Darum leben wir","2799594","539578","185","false","https://www.deezer.com/us/track/2799594","https://cdnt-preview.dzcdn.net/api/1/1/1/8/b/0/18b2579fe2670b78979710d31de9b217.mp3?hdnea=exp=1781737741~acl=/api/1/1/1/8/b/0/18b2579fe2670b78979710d31de9b217.mp3*~data=user_id=0,application_id=42~hmac=ee88a8cdb510965052912472b899fb70b4b14adfae806c78150ffb0f34d398d3","On 1 list: 00s Hits"
"(thematic candidate)","","","","Supergirl","Reamonn","Tuesday","3135405","534615","245","false","https://www.deezer.com/us/track/3135405","https://cdnt-preview.dzcdn.net/api/1/1/e/1/9/0/e19b2538bb8e9955e66750d3df83ee1e.mp3?hdnea=exp=1781737741~acl=/api/1/1/e/1/9/0/e19b2538bb8e9955e66750d3df83ee1e.mp3*~data=user_id=0,application_id=42~hmac=5e2c77b4dc020deaa54f48dbf28347c0509f898a98333a6d65e86baa9c588d2a","On 1 list: 00s Hits"
"(thematic candidate)","","","","She's Madonna","Robbie Williams","She's Madonna","3109687","534441","256","false","https://www.deezer.com/us/track/3109687","https://cdnt-preview.dzcdn.net/api/1/1/4/6/0/0/4607c1b19e31ab45a11a405b90f20e7f.mp3?hdnea=exp=1781737742~acl=/api/1/1/4/6/0/0/4607c1b19e31ab45a11a405b90f20e7f.mp3*~data=user_id=0,application_id=42~hmac=a607e4e1c1fd7267ea0a93ba434f4b983361cba6ea451b40502d5ee1fc3de8a5","On 1 list: 00s Hits"
"(thematic candidate)","","","","Ooh Wee (feat. Ghostface Killah, Nate Dogg, Trife & Saigon)","Mark Ronson","Here Comes The Fuzz","8147216","533804","209","true","https://www.deezer.com/us/track/8147216","https://cdnt-preview.dzcdn.net/api/1/1/e/1/7/0/e1728304d89e2e00cd3f45cfb5f03e54.mp3?hdnea=exp=1781737740~acl=/api/1/1/e/1/7/0/e1728304d89e2e00cd3f45cfb5f03e54.mp3*~data=user_id=0,application_id=42~hmac=73b56ec2eae88d69fa0933b00693e3cf1b7c8e26c2a14c72709ebeb95b1ca224","On 1 list: 00s Hits"
"(thematic candidate)","","","","Save Room","John Legend","Once Again","71127959","533427","236","false","https://www.deezer.com/us/track/71127959","https://cdnt-preview.dzcdn.net/api/1/1/5/f/d/0/5fd800a057fa04a8d7344d86cad8d027.mp3?hdnea=exp=1781737743~acl=/api/1/1/5/f/d/0/5fd800a057fa04a8d7344d86cad8d027.mp3*~data=user_id=0,application_id=42~hmac=d9b9d44e14c22462e37c59d32c1b3b5b6fab761af1ca6cdda1c0a17fdc11dbfe","On 1 list: 00s Hits"
"(thematic candidate)","","","","Soul Meets Body","Death Cab For Cutie","Plans","4162671","531637","230","false","https://www.deezer.com/us/track/4162671","https://cdnt-preview.dzcdn.net/api/1/1/0/d/5/0/0d59758378ce6721eb14db3062041822.mp3?hdnea=exp=1781737747~acl=/api/1/1/0/d/5/0/0d59758378ce6721eb14db3062041822.mp3*~data=user_id=0,application_id=42~hmac=f18f37d71a711a4d5d996c36e5c289bdfa80161df53e7cae4b724cbec396d780","On 1 list: 2000s Rock"
"(thematic candidate)","","","","Risk Taker","Blxst","Risk Taker","2775451921","530153","223","true","https://www.deezer.com/us/track/2775451921","https://cdnt-preview.dzcdn.net/api/1/1/0/0/3/0/00376c689d6199cc85b9e72141bd5cc4.mp3?hdnea=exp=1781737747~acl=/api/1/1/0/0/3/0/00376c689d6199cc85b9e72141bd5cc4.mp3*~data=user_id=0,application_id=42~hmac=bc766e5b7acece4f834146e54e210a2ddf949758defae628392faf0fe11fb00d","On 1 list: 2000s R&B"
"(thematic candidate)","","","","Tu Es Foutu (Radio Edit)","In-Grid","Tu Es Foutu (Full Package)","39028771","529129","219","false","https://www.deezer.com/us/track/39028771","https://cdnt-preview.dzcdn.net/api/1/1/7/9/3/0/793ea144c248fcf26b5aeb5b98aab479.mp3?hdnea=exp=1781737742~acl=/api/1/1/7/9/3/0/793ea144c248fcf26b5aeb5b98aab479.mp3*~data=user_id=0,application_id=42~hmac=e7fde626d7e588149ff4db427a022fa0e7b44c7d7c9e333405f7ae58cb660298","On 1 list: 00s Hits"
"(thematic candidate)","","","","Rapture (feat.Nadia Ali)","iiO","Poetica (feat. Nadia Ali)","11495726","527714","253","false","https://www.deezer.com/us/track/11495726","https://cdnt-preview.dzcdn.net/api/1/1/4/8/d/0/48d98a354dd517dcc23828542e04cf98.mp3?hdnea=exp=1781737742~acl=/api/1/1/4/8/d/0/48d98a354dd517dcc23828542e04cf98.mp3*~data=user_id=0,application_id=42~hmac=68e6f2677c0dcc553e084904eacd3a400602ccc54f1dcf5480f9caaf997d9416","On 1 list: 00s Hits"
"(thematic candidate)","","","","Everything, Everyday, Everywhere","Fabolous","Loso's Way","4187384","526335","247","true","https://www.deezer.com/us/track/4187384","https://cdnt-preview.dzcdn.net/api/1/1/d/f/a/0/dfa5a2d3214a5bdd9c8a4230661862f6.mp3?hdnea=exp=1781737748~acl=/api/1/1/d/f/a/0/dfa5a2d3214a5bdd9c8a4230661862f6.mp3*~data=user_id=0,application_id=42~hmac=f88733236033d3707a00d35488c8167c8a2108d03b08fbcde8bd091c0d1434b9","On 1 list: 2000s Rap"
"(thematic candidate)","","","","Stay Fly","Three 6 Mafia","Most Known Unknown (Explicit)","573314","525430","238","true","https://www.deezer.com/us/track/573314","https://cdnt-preview.dzcdn.net/api/1/1/3/8/0/0/3801e9d8d169fbcc38ec359513b2de4b.mp3?hdnea=exp=1781737748~acl=/api/1/1/3/8/0/0/3801e9d8d169fbcc38ec359513b2de4b.mp3*~data=user_id=0,application_id=42~hmac=3d98e6af1a43250ac82b107e621e76371b144b3cbd2a3a9cbcf855a270d4d3e8","On 1 list: 2000s Rap"
"(thematic candidate)","","","","Pullin' Me Back","Chingy","Hoodstar (Deluxe Edition)","3112700","524017","234","true","https://www.deezer.com/us/track/3112700","https://cdnt-preview.dzcdn.net/api/1/1/d/0/e/0/d0e724d1ae46a7f0666625505edb73f8.mp3?hdnea=exp=1781737748~acl=/api/1/1/d/0/e/0/d0e724d1ae46a7f0666625505edb73f8.mp3*~data=user_id=0,application_id=42~hmac=2cafe849c685b8efdb10f1d50ce85f00a9db35a968948596a8ec3330d75eb5ef","On 1 list: 2000s Rap"
"(thematic candidate)","","","","Forever (Album Version Explicit)","Drake","Relapse: Refill","5060528","523284","357","true","https://www.deezer.com/us/track/5060528","https://cdnt-preview.dzcdn.net/api/1/1/b/0/8/0/b08431c4d847ba1bf67ffe16f25e5768.mp3?hdnea=exp=1781737740~acl=/api/1/1/b/0/8/0/b08431c4d847ba1bf67ffe16f25e5768.mp3*~data=user_id=0,application_id=42~hmac=4dfef0277f7a98aa5a5654d3a91035b8d465f08d8440ac89c9a3b648d6a13d74","On 1 list: 00s Hits"
"(thematic candidate)","","","","U and Dat (feat. T. Pain & Kandi Girl)","E-40","My Ghetto Report Card","679426","522860","202","true","https://www.deezer.com/us/track/679426","https://cdnt-preview.dzcdn.net/api/1/1/f/f/3/0/ff33f55d15ed1701da8f0554f0ea2d1f.mp3?hdnea=exp=1781737748~acl=/api/1/1/f/f/3/0/ff33f55d15ed1701da8f0554f0ea2d1f.mp3*~data=user_id=0,application_id=42~hmac=72f995f771a605d88fcf1342fd989393994733c2d685fbceec3a06ba82d06c52","On 1 list: 2000s Rap"
"(thematic candidate)","","","","Wind It Up","Gwen Stefani","The Sweet Escape","1575415","520182","191","false","https://www.deezer.com/us/track/1575415","https://cdnt-preview.dzcdn.net/api/1/1/7/2/2/0/72212b6662816bd726bbea3098e2f15e.mp3?hdnea=exp=1781737742~acl=/api/1/1/7/2/2/0/72212b6662816bd726bbea3098e2f15e.mp3*~data=user_id=0,application_id=42~hmac=9bee87dfd49124cf87ce537cef00860822705a23b3a96af3c4a2db8c62f8f080","On 1 list: 00s Hits"
"(thematic candidate)","","","","Weck mich auf","Samy Deluxe","Samy Deluxe","3283333","518650","343","true","https://www.deezer.com/us/track/3283333","https://cdnt-preview.dzcdn.net/api/1/1/f/5/0/0/f505b22dda8a632d0b7551cb018575f9.mp3?hdnea=exp=1781737743~acl=/api/1/1/f/5/0/0/f505b22dda8a632d0b7551cb018575f9.mp3*~data=user_id=0,application_id=42~hmac=919633a615c56dff2b338c2a2790d35522212c5e53f176e1c9d9e78e06b64782","On 1 list: 00s Hits"
"(thematic candidate)","","","","One Minute Man (feat. Ludacris)","Missy Elliott","Miss E... So Addictive","671138","517224","253","true","https://www.deezer.com/us/track/671138","https://cdnt-preview.dzcdn.net/api/1/1/1/8/0/0/180bd8fdf84adde09f47a37173ab118b.mp3?hdnea=exp=1781737741~acl=/api/1/1/1/8/0/0/180bd8fdf84adde09f47a37173ab118b.mp3*~data=user_id=0,application_id=42~hmac=c5d6158283eae3f91d9489e3342746586ceae55ab28f0ae199836b72017e9338","On 1 list: 00s Hits"
"(thematic candidate)","","","","Don't Mess With My Man","Lucy Pearl","Lucy Pearl","62961057","516956","217","false","https://www.deezer.com/us/track/62961057","https://cdnt-preview.dzcdn.net/api/1/1/a/4/e/0/a4ee78e60f47c5ff287e740cc64daabf.mp3?hdnea=exp=1781737740~acl=/api/1/1/a/4/e/0/a4ee78e60f47c5ff287e740cc64daabf.mp3*~data=user_id=0,application_id=42~hmac=f57727c55ba556cacaea0d53a349de6ef704d838c8dd5ffea191ae7b87aa114f","On 1 list: 00s Hits"
"(thematic candidate)","","","","Diva","Beyoncé","I AM...SASHA FIERCE","2485121","516618","201","false","https://www.deezer.com/us/track/2485121","https://cdnt-preview.dzcdn.net/api/1/1/3/6/b/0/36b549622e606be8597e109e73ac4496.mp3?hdnea=exp=1781737740~acl=/api/1/1/3/6/b/0/36b549622e606be8597e109e73ac4496.mp3*~data=user_id=0,application_id=42~hmac=2a0d238137dadbe64b5e7a25cebce103e2a092e81d3d9e62a8d1271704dfc913","On 1 list: 00s Hits"
"(thematic candidate)","","","","Breathless","The Corrs","In Blue","661620","516160","207","false","https://www.deezer.com/us/track/661620","https://cdnt-preview.dzcdn.net/api/1/1/4/a/7/0/4a7a42808cf6f801473de3a89a64db4b.mp3?hdnea=exp=1781737739~acl=/api/1/1/4/a/7/0/4a7a42808cf6f801473de3a89a64db4b.mp3*~data=user_id=0,application_id=42~hmac=3e815fa3c16978fa579083810f44878fbc3e1a16c3dad083fb311b7b7d4a61a9","On 1 list: 00s Hits"
"(thematic candidate)","","","","Allein Allein","Polarkreis 18","Allein Allein","2160808","516138","242","false","https://www.deezer.com/us/track/2160808","https://cdnt-preview.dzcdn.net/api/1/1/e/2/b/0/e2bf49829ae178e871311862228cba58.mp3?hdnea=exp=1781737741~acl=/api/1/1/e/2/b/0/e2bf49829ae178e871311862228cba58.mp3*~data=user_id=0,application_id=42~hmac=3107c96cd734f9ee7c7a630f1fb9c2e62c6ec3193f171d0976a8c41c44f3ab1a","On 1 list: 00s Hits"
"(thematic candidate)","","","","Boys (feat. Pharrell Williams) (Co-Ed Remix)","Britney Spears","Greatest Hits: My Prerogative","582280","514258","228","false","https://www.deezer.com/us/track/582280","https://cdnt-preview.dzcdn.net/api/1/1/6/3/2/0/63215255d011e8e4fa603cb41bb4eed4.mp3?hdnea=exp=1781737742~acl=/api/1/1/6/3/2/0/63215255d011e8e4fa603cb41bb4eed4.mp3*~data=user_id=0,application_id=42~hmac=23fb005dd1d71d91224d8e5c787e21c62841a529c641aa787829fc48dea7928b","On 1 list: 00s Hits"
"(thematic candidate)","","","","La-La-La (Excuse Me Again)","JAŸ-Z","La-La-La (Excuse Me Again)","3987594801","513621","281","true","https://www.deezer.com/us/track/3987594801","https://cdnt-preview.dzcdn.net/api/1/1/3/4/3/0/343bcea3a3565a478746db82001a6004.mp3?hdnea=exp=1781737748~acl=/api/1/1/3/4/3/0/343bcea3a3565a478746db82001a6004.mp3*~data=user_id=0,application_id=42~hmac=2b5c9df2f4a4e48404c6c5bcedfc4ae49f9aac0930650b5796518eac1f35b711","On 1 list: 2000s Rap"
"(thematic candidate)","","","","Just a Friend 2002 (Radio Edit)","Mario","Mario","534003","513172","215","false","https://www.deezer.com/us/track/534003","https://cdnt-preview.dzcdn.net/api/1/1/2/7/a/0/27a76820c6cd0be28141fb447d15a589.mp3?hdnea=exp=1781737743~acl=/api/1/1/2/7/a/0/27a76820c6cd0be28141fb447d15a589.mp3*~data=user_id=0,application_id=42~hmac=d6f0f93ceefea7d7740afc030e6e00e60e6dda14a56100073592fb99e9a7bfab","On 1 list: 00s Hits"
"(thematic candidate)","","","","Come With Me : Come With Me (Radio Edit)","Special D.","Reckless","61675981","513156","185","false","https://www.deezer.com/us/track/61675981","https://cdnt-preview.dzcdn.net/api/1/1/2/1/5/0/215f8ed63025a8cab805b5e0f8d9ddd2.mp3?hdnea=exp=1781737745~acl=/api/1/1/2/1/5/0/215f8ed63025a8cab805b5e0f8d9ddd2.mp3*~data=user_id=0,application_id=42~hmac=e04f793023043fced8daef27403d76f5851c5160430f5e789a8100005d77c275","On 1 list: 00s Party Hits"
"(thematic candidate)","","","","You Know I'm No Good","Amy Winehouse","Back Together (International Version)","913895","509591","259","false","https://www.deezer.com/us/track/913895","https://cdnt-preview.dzcdn.net/api/1/1/a/e/5/0/ae5d94e4e365d8a96d0a4342a849c4ff.mp3?hdnea=exp=1781737743~acl=/api/1/1/a/e/5/0/ae5d94e4e365d8a96d0a4342a849c4ff.mp3*~data=user_id=0,application_id=42~hmac=0cf4d914c65b7fe2a95b6e982f31ff3b695cc86d1b129fcbff159a8f8d33aab5","On 1 list: 00s Hits"
"(thematic candidate)","","","","Let It Rock","Kevin Rudolf","In The City","2630775","508538","231","true","https://www.deezer.com/us/track/2630775","https://cdnt-preview.dzcdn.net/api/1/1/4/e/7/0/4e7eab1ccad516de16ab2a4ec71f35fd.mp3?hdnea=exp=1781737739~acl=/api/1/1/4/e/7/0/4e7eab1ccad516de16ab2a4ec71f35fd.mp3*~data=user_id=0,application_id=42~hmac=aacf722236e2bf27805f48a0415066bb720706f6486cb7182df8253e862ce3f6","On 1 list: 00s Hits"
"(thematic candidate)","","","","Buttons (Final Edit Version)","The Pussycat Dolls","Buttons","1184473","507194","232","false","https://www.deezer.com/us/track/1184473","https://cdnt-preview.dzcdn.net/api/1/1/c/8/7/0/c87a51cb30d9ac2c067d8c96975ba23a.mp3?hdnea=exp=1781737741~acl=/api/1/1/c/8/7/0/c87a51cb30d9ac2c067d8c96975ba23a.mp3*~data=user_id=0,application_id=42~hmac=d8d00f4f829ed94cd719b71c111bf8b67ed597496d991b3e50fa554fe8c9237a","On 1 list: 00s Hits"
"(thematic candidate)","","","","Timber","Pitbull","Timber","73188243","506741","204","false","https://www.deezer.com/us/track/73188243","https://cdnt-preview.dzcdn.net/api/1/1/4/d/5/0/4d56dcec52f91ee284613a7df39ec3b0.mp3?hdnea=exp=1781737739~acl=/api/1/1/4/d/5/0/4d56dcec52f91ee284613a7df39ec3b0.mp3*~data=user_id=0,application_id=42~hmac=f81a7c0cb137b8444dca6b03935751df64f32ae62603834d74b6d6f5c8f52e0c","On 1 list: 00s Hits"
"(thematic candidate)","","","","Escape","Enrique Iglesias","Greatest Hits","2604915","505592","208","false","https://www.deezer.com/us/track/2604915","https://cdnt-preview.dzcdn.net/api/1/1/0/3/d/0/03d22111ff08482a84735835277aeef7.mp3?hdnea=exp=1781737743~acl=/api/1/1/0/3/d/0/03d22111ff08482a84735835277aeef7.mp3*~data=user_id=0,application_id=42~hmac=6aa9bbb289ad73f751455ad2b4bea56fda4fdc65b67e51bbbd6e53b505ebc607","On 1 list: 00s Hits"
"(thematic candidate)","","","","Make You Feel My Love","Adele","19","2577966","504160","212","false","https://www.deezer.com/us/track/2577966","https://cdnt-preview.dzcdn.net/api/1/1/4/2/1/0/421928d2b225d3832b2677ce1da73bf9.mp3?hdnea=exp=1781737743~acl=/api/1/1/4/2/1/0/421928d2b225d3832b2677ce1da73bf9.mp3*~data=user_id=0,application_id=42~hmac=6268b7885635a4a61925db711f675aa33505fb7139f71f06444149b3863398a7","On 1 list: 00s Hits"
"(thematic candidate)","","","","Single Ladies (Put A Ring On It)","Beyoncé","I AM...SASHA FIERCE","2553270","495985","193","false","https://www.deezer.com/us/track/2553270","https://cdnt-preview.dzcdn.net/api/1/1/c/2/6/0/c265e3858360f2dc4eea488ad4c79caf.mp3?hdnea=exp=1781737739~acl=/api/1/1/c/2/6/0/c265e3858360f2dc4eea488ad4c79caf.mp3*~data=user_id=0,application_id=42~hmac=3e70e23795be326bd7f772ff16f6fae5dbc566adc531f6331407b1fff87f5c8d","On 1 list: 00s Hits"
"(thematic candidate)","","","","What Took You So Long?","Emma Bunton","A Girl Like Me","3088626","494731","239","false","https://www.deezer.com/us/track/3088626","https://cdnt-preview.dzcdn.net/api/1/1/8/9/7/0/897d65b51406dc4f114f029b2829d3b7.mp3?hdnea=exp=1781737743~acl=/api/1/1/8/9/7/0/897d65b51406dc4f114f029b2829d3b7.mp3*~data=user_id=0,application_id=42~hmac=a1a4585f122e8d19458b3f3271cc39c9cc7128478e61a6d0393f537e16147933","On 1 list: 00s Hits"
"(thematic candidate)","","","","In For The Kill","La Roux","La Roux","3976599","494028","248","false","https://www.deezer.com/us/track/3976599","https://cdnt-preview.dzcdn.net/api/1/1/b/8/9/0/b89fe71c25366efad86a5ab770b27f42.mp3?hdnea=exp=1781737742~acl=/api/1/1/b/8/9/0/b89fe71c25366efad86a5ab770b27f42.mp3*~data=user_id=0,application_id=42~hmac=7e258c7fa25936b78855aae83a9705352c039e9d0a32c3742267ccb22dff0a62","On 1 list: 00s Hits"
"(thematic candidate)","","","","If I Never See Your Face Again","Maroon 5","Good Girl Gone Bad: Reloaded","925120","491789","197","false","https://www.deezer.com/us/track/925120","https://cdnt-preview.dzcdn.net/api/1/1/4/a/d/0/4ad915961750ccb990afec3763286316.mp3?hdnea=exp=1781737743~acl=/api/1/1/4/a/d/0/4ad915961750ccb990afec3763286316.mp3*~data=user_id=0,application_id=42~hmac=0438894a2b2986acc08b985fd1945c2e1891dab3b54f79256df6bb69eda32b50","On 1 list: 00s Hits"
"(thematic candidate)","","","","All For You","Janet Jackson","All For You","3502411","491498","329","false","https://www.deezer.com/us/track/3502411","https://cdnt-preview.dzcdn.net/api/1/1/0/1/a/0/01a557f9d91ce14283fdf0dfbdd86c26.mp3?hdnea=exp=1781737740~acl=/api/1/1/0/1/a/0/01a557f9d91ce14283fdf0dfbdd86c26.mp3*~data=user_id=0,application_id=42~hmac=0d10a26e44af331fd60f7859b96a91566a146e8b3499ec7a3767fae4ce824b04","On 1 list: 00s Hits"
"(thematic candidate)","","","","Beautiful Day","U2","The Best Of 1990-2000","1104578","490697","246","false","https://www.deezer.com/us/track/1104578","https://cdnt-preview.dzcdn.net/api/1/1/f/6/8/0/f689dda5b8f4de5fa2686a0bb52b177b.mp3?hdnea=exp=1781737739~acl=/api/1/1/f/6/8/0/f689dda5b8f4de5fa2686a0bb52b177b.mp3*~data=user_id=0,application_id=42~hmac=924f5529956a7378246e7baadd151ccc75bf324c46b7277d98b969fb643c2f96","On 1 list: 00s Hits"
"(thematic candidate)","","","","Chasing Pavements","Adele","19","2577958","490625","210","false","https://www.deezer.com/us/track/2577958","https://cdnt-preview.dzcdn.net/api/1/1/9/d/7/0/9d7001604d8e62ef52b0050855cd9358.mp3?hdnea=exp=1781737742~acl=/api/1/1/9/d/7/0/9d7001604d8e62ef52b0050855cd9358.mp3*~data=user_id=0,application_id=42~hmac=406ca8a9b7df759b989f797466b3465697f73abb1bbf5fac3ed9b9c99967fafe","On 1 list: 00s Hits"
"(thematic candidate)","","","","My Moon My Man (Boys Noize Classic Mix)","Feist","My Moon My Man","911117","488114","400","false","https://www.deezer.com/us/track/911117","https://cdnt-preview.dzcdn.net/api/1/1/4/c/b/0/4cbca42a24109ef08be5d94762618f3b.mp3?hdnea=exp=1781737742~acl=/api/1/1/4/c/b/0/4cbca42a24109ef08be5d94762618f3b.mp3*~data=user_id=0,application_id=42~hmac=6e26c9888dfd35ddfe42ad578dcec371fe235e3a4ad2f72429e79460dcf36677","On 1 list: 00s Hits"
"(thematic candidate)","","","","Nobody Wants to Be Lonely (with Christina Aguilera)","Ricky Martin","The Greatest Hits","13111374","485429","251","false","https://www.deezer.com/us/track/13111374","https://cdnt-preview.dzcdn.net/api/1/1/b/5/0/0/b503fee24d835a442ebe1972d7f72d3f.mp3?hdnea=exp=1781737743~acl=/api/1/1/b/5/0/0/b503fee24d835a442ebe1972d7f72d3f.mp3*~data=user_id=0,application_id=42~hmac=d40ef61a32c695615a05ffe46692ddeb4d3b4c3b1706183f637d1b64f824c563","On 1 list: 00s Hits"
"(thematic candidate)","","","","Public Service Announcement (Interlude)","JAŸ-Z","The Black Album","2950442","485267","172","true","https://www.deezer.com/us/track/2950442","https://cdnt-preview.dzcdn.net/api/1/1/7/1/0/0/710406f46d96b0b51659a1fee24e5963.mp3?hdnea=exp=1781737748~acl=/api/1/1/7/1/0/0/710406f46d96b0b51659a1fee24e5963.mp3*~data=user_id=0,application_id=42~hmac=9506903e87477659febe384bc943476a419a04d72515eb2947d3d0d6fbe772b2","On 1 list: 2000s Rap"
"(thematic candidate)","","","","Calling All Angels","Train","My Private Nation","609240","481480","241","false","https://www.deezer.com/us/track/609240","https://cdnt-preview.dzcdn.net/api/1/1/3/7/1/0/37100c2abf35d1be0d15f793639d2f80.mp3?hdnea=exp=1781737747~acl=/api/1/1/3/7/1/0/37100c2abf35d1be0d15f793639d2f80.mp3*~data=user_id=0,application_id=42~hmac=ae27aff0ce647ea5a10454002de149a64d0182f143c89f54432195bccc8002c9","On 1 list: 2000s Rock"
"(thematic candidate)","","","","Wire To Wire","Razorlight","Slipway Fires","2606229","481396","178","false","https://www.deezer.com/us/track/2606229","https://cdnt-preview.dzcdn.net/api/1/1/7/0/0/0/70066ac90649952f9585aaf6bb99d81d.mp3?hdnea=exp=1781737742~acl=/api/1/1/7/0/0/0/70066ac90649952f9585aaf6bb99d81d.mp3*~data=user_id=0,application_id=42~hmac=2e617231dc04396e48064eb0589bc93802196cd1d3350dd8198cd66b9d344013","On 1 list: 00s Hits"
"(thematic candidate)","","","","You've Got The Love","Florence + The Machine","Lungs (Deluxe Version)","10584602","480856","169","false","https://www.deezer.com/us/track/10584602","https://cdnt-preview.dzcdn.net/api/1/1/8/1/f/0/81f039629c91238b12423db8d4ab6d74.mp3?hdnea=exp=1781737739~acl=/api/1/1/8/1/f/0/81f039629c91238b12423db8d4ab6d74.mp3*~data=user_id=0,application_id=42~hmac=cebfdf45e4f777e5ec7b4d37dfd4f0180c2e6937ea7bbfcb2e5fe95683fd1e50","On 1 list: 00s Hits"
"(thematic candidate)","","","","A Little Less Conversation (JXL Radio Edit Remix)","Elvis Presley","Die Jury - Die besten Disco-Hits","636220","480765","210","false","https://www.deezer.com/us/track/636220","https://cdnt-preview.dzcdn.net/api/1/1/2/0/7/0/2076f57c3b7bd008f6dfeb8d7ca3a8a0.mp3?hdnea=exp=1781737741~acl=/api/1/1/2/0/7/0/2076f57c3b7bd008f6dfeb8d7ca3a8a0.mp3*~data=user_id=0,application_id=42~hmac=89a87977b1c276e9c7b528a5d33158f4242f185ade4a5ea69d88a7706373679b","On 1 list: 00s Hits"
"(thematic candidate)","","","","AAA","FLO","AAA","3060827771","480331","204","false","https://www.deezer.com/us/track/3060827771","https://cdnt-preview.dzcdn.net/api/1/1/5/2/4/0/5240d71d777c4040beee9c910c649027.mp3?hdnea=exp=1781737747~acl=/api/1/1/5/2/4/0/5240d71d777c4040beee9c910c649027.mp3*~data=user_id=0,application_id=42~hmac=7248cd3e2cd2fbfaf7741a09621d0f250f4150d8d95e830bc7eac1d7251191f3","On 1 list: 2000s R&B"
"(thematic candidate)","","","","Big in Japan","Guano Apes","The Best and The Lost (T)apes","2166221","480044","169","false","https://www.deezer.com/us/track/2166221","https://cdnt-preview.dzcdn.net/api/1/1/3/0/7/0/307b520e41bf6e2e0cf0ebf7b3a2ddca.mp3?hdnea=exp=1781737743~acl=/api/1/1/3/0/7/0/307b520e41bf6e2e0cf0ebf7b3a2ddca.mp3*~data=user_id=0,application_id=42~hmac=fefc88702e6718994cf96344911682ed1ac8da3dea8160ca58a45382d5c0e2ce","On 1 list: 00s Hits"
"(thematic candidate)","","","","Augen auf!","OOMPH!","Delikatessen","567164","479374","201","false","https://www.deezer.com/us/track/567164","https://cdnt-preview.dzcdn.net/api/1/1/5/4/8/0/5483d9d954cfb7dd1ec0fd6538c9eda6.mp3?hdnea=exp=1781737741~acl=/api/1/1/5/4/8/0/5483d9d954cfb7dd1ec0fd6538c9eda6.mp3*~data=user_id=0,application_id=42~hmac=74951e13697f1115a669f3cdde0c6386d97a7aec79e322beef516b3ee5eb0be8","On 1 list: 00s Hits"
"(thematic candidate)","","","","Wonderful Life","Hurts","Happiness","7011666","476092","254","false","https://www.deezer.com/us/track/7011666","https://cdnt-preview.dzcdn.net/api/1/1/5/a/7/0/5a7458b3669bef4bf514e524c2040a26.mp3?hdnea=exp=1781737741~acl=/api/1/1/5/a/7/0/5a7458b3669bef4bf514e524c2040a26.mp3*~data=user_id=0,application_id=42~hmac=9daab40acdc01288406ef76972028814a13762d746c9e0fface694bc2c89bd6a","On 1 list: 00s Hits"
"(thematic candidate)","","","","Get Buck (Album Version Explicit)","Young Buck","Buck The World","1110746","475855","254","true","https://www.deezer.com/us/track/1110746","https://cdnt-preview.dzcdn.net/api/1/1/e/5/9/0/e5986b94e156052bbf34d1a8df9b6550.mp3?hdnea=exp=1781737748~acl=/api/1/1/e/5/9/0/e5986b94e156052bbf34d1a8df9b6550.mp3*~data=user_id=0,application_id=42~hmac=ce92a9e741114179608b72a16582fe4c02bbcace0f1b12a303a8a1392aa930a5","On 1 list: 2000s Rap"
"(thematic candidate)","","","","Everybody Get Up (Radio Edit)","Five","Let's Dance","994826","475477","183","false","https://www.deezer.com/us/track/994826","https://cdnt-preview.dzcdn.net/api/1/1/f/1/b/0/f1b14cdb8bab11b3a33b51757d127570.mp3?hdnea=exp=1781737740~acl=/api/1/1/f/1/b/0/f1b14cdb8bab11b3a33b51757d127570.mp3*~data=user_id=0,application_id=42~hmac=3513156a7a41ecdfd059ca4fb41a3f6aee932383351f569246f32f14d195d275","On 1 list: 00s Hits"
"(thematic candidate)","","","","Get No Better (feat. Mashonda)","Cassidy","Get No Better","607740","475345","235","false","https://www.deezer.com/us/track/607740","https://cdnt-preview.dzcdn.net/api/1/1/c/2/a/0/c2ac4db95d56e1628f711dcd1f2929d1.mp3?hdnea=exp=1781737748~acl=/api/1/1/c/2/a/0/c2ac4db95d56e1628f711dcd1f2929d1.mp3*~data=user_id=0,application_id=42~hmac=5303b27133119fbc1da8ce31963c1c187b2d0582411d39e3d6e9f755313893aa","On 1 list: 2000s Rap"
"(thematic candidate)","","","","Cry Me A River","Justin Timberlake","Beautiful","603072","470198","288","false","https://www.deezer.com/us/track/603072","https://cdnt-preview.dzcdn.net/api/1/1/6/1/9/0/61993265970a559f50a9cd7276edf210.mp3?hdnea=exp=1781737739~acl=/api/1/1/6/1/9/0/61993265970a559f50a9cd7276edf210.mp3*~data=user_id=0,application_id=42~hmac=0fb3eeabf023b1fc17ea5bb5fc040df05c8e409c53670c5b12c5afed73841ad0","On 1 list: 00s Hits"
"(thematic candidate)","","","","Sunshine (Radio Edit)","Patrice","How Do You Call It?","9793220","470066","298","false","https://www.deezer.com/us/track/9793220","https://cdnt-preview.dzcdn.net/api/1/1/2/5/c/0/25cdf8d89393b784b944eeec847c7dd7.mp3?hdnea=exp=1781737743~acl=/api/1/1/2/5/c/0/25cdf8d89393b784b944eeec847c7dd7.mp3*~data=user_id=0,application_id=42~hmac=e081e2b3b7962ee830b673f7fea616315e5b412c19b94215d7c4b9af6c0f4499","On 1 list: 00s Hits"
"(thematic candidate)","","","","Das Beste","Silbermond","Laut Gedacht (Re-Edition)","15478334","469264","284","false","https://www.deezer.com/us/track/15478334","https://cdnt-preview.dzcdn.net/api/1/1/0/b/9/0/0b9fc0fed3bdb3ceac7a37f66febbbbf.mp3?hdnea=exp=1781737742~acl=/api/1/1/0/b/9/0/0b9fc0fed3bdb3ceac7a37f66febbbbf.mp3*~data=user_id=0,application_id=42~hmac=1f8490f1d01aec48880bf4ac64798c55112be8ba4db1ab060eadc11fcd3b462b","On 1 list: 00s Hits"
"(thematic candidate)","","","","Who Knew (Edit)","P!nk","Greatest Hits...So Far!!!","7512057","465579","208","false","https://www.deezer.com/us/track/7512057","https://cdnt-preview.dzcdn.net/api/1/1/5/1/7/0/5179c104cc8e8d6a18fc57b1b713a9c1.mp3?hdnea=exp=1781737739~acl=/api/1/1/5/1/7/0/5179c104cc8e8d6a18fc57b1b713a9c1.mp3*~data=user_id=0,application_id=42~hmac=29de79bb52481c616a39c66952e35fc6558f24f8d3bf21ed2a23704f530b3ea9","On 1 list: 00s Hits"
"(thematic candidate)","","","","I Just Wanna Know","Taio Cruz","Departure","980277","461627","238","false","https://www.deezer.com/us/track/980277","https://cdnt-preview.dzcdn.net/api/1/1/b/8/2/0/b82bde49e0d0406fc6c02b00ada2d795.mp3?hdnea=exp=1781737741~acl=/api/1/1/b/8/2/0/b82bde49e0d0406fc6c02b00ada2d795.mp3*~data=user_id=0,application_id=42~hmac=01d0b720cc879444f4da3ea14953f090bdf8f56f909e96b6239fb7ea3a804aaa","On 1 list: 00s Hits"
"(thematic candidate)","","","","I Turn To You (Hex Hector Radio Mix)","Melanie C","I Turn To You","3339971","459509","253","false","https://www.deezer.com/us/track/3339971","https://cdnt-preview.dzcdn.net/api/1/1/7/c/6/0/7c671a544be19974680de83a3e281c1a.mp3?hdnea=exp=1781737741~acl=/api/1/1/7/c/6/0/7c671a544be19974680de83a3e281c1a.mp3*~data=user_id=0,application_id=42~hmac=e8e649472e631cc84b760da25cc337c997a5e3cc56dcc4dbc5bd6b9a2477c7dc","On 1 list: 00s Hits"
"(thematic candidate)","","","","So What","P!nk","Sad Songs","459977302","457943","215","true","https://www.deezer.com/us/track/459977302","https://cdnt-preview.dzcdn.net/api/1/1/1/5/6/0/156afca7d1f9ae77548df8d6fabb5e10.mp3?hdnea=exp=1781737739~acl=/api/1/1/1/5/6/0/156afca7d1f9ae77548df8d6fabb5e10.mp3*~data=user_id=0,application_id=42~hmac=e5a9fcef8b56eb94fcd2f800125e67847fc758d655d71ccc9c48a623468b3849","On 1 list: 00s Hits"
"(thematic candidate)","","","","Try","Nelly Furtado","The Best of Nelly Furtado (International Version)","7562982","457337","278","false","https://www.deezer.com/us/track/7562982","https://cdnt-preview.dzcdn.net/api/1/1/1/2/2/0/12256e8f49f5098534976501d38091ef.mp3?hdnea=exp=1781737743~acl=/api/1/1/1/2/2/0/12256e8f49f5098534976501d38091ef.mp3*~data=user_id=0,application_id=42~hmac=04edb77a1644f432898ed53fa3f693aabb59eb988c6de37f5398dacdf7f4d202","On 1 list: 00s Hits"
"(thematic candidate)","","","","Goodies (feat. Petey Pablo)","Ciara","Goodies","13145340","456238","223","false","https://www.deezer.com/us/track/13145340","https://cdnt-preview.dzcdn.net/api/1/1/7/3/a/0/73a1d4308af730f18facf2b7872361d3.mp3?hdnea=exp=1781737743~acl=/api/1/1/7/3/a/0/73a1d4308af730f18facf2b7872361d3.mp3*~data=user_id=0,application_id=42~hmac=1ace64697c0a4e62475548177741a0be85b2d57a25a6c04eb81938fbb9427930","On 1 list: 00s Hits"
"(thematic candidate)","","","","Liebe ist alles","Rosenstolz","Das Beste","134946088","455989","209","false","https://www.deezer.com/us/track/134946088","https://cdnt-preview.dzcdn.net/api/1/1/2/a/9/0/2a93059206942458fe25867522c746e1.mp3?hdnea=exp=1781737740~acl=/api/1/1/2/a/9/0/2a93059206942458fe25867522c746e1.mp3*~data=user_id=0,application_id=42~hmac=3357286a5753246eefbee430052d4855c06b06095b71f7eabdfa93a03d7b262b","On 1 list: 00s Hits"
"(thematic candidate)","","","","She's So Lovely","Scouting For Girls","Pure... Drive","13816166","455918","223","false","https://www.deezer.com/us/track/13816166","https://cdnt-preview.dzcdn.net/api/1/1/e/0/1/0/e016255d2b14bf70c437b9db6cb6fcb6.mp3?hdnea=exp=1781737743~acl=/api/1/1/e/0/1/0/e016255d2b14bf70c437b9db6cb6fcb6.mp3*~data=user_id=0,application_id=42~hmac=50bab4f594eb4b27f987b396ade24df6c669ad25387e74e71632935c1283236e","On 1 list: 00s Hits"
"(thematic candidate)","","","","Fire","Dead By Sunrise","Out Of Ashes","4306192","453211","230","false","https://www.deezer.com/us/track/4306192","https://cdnt-preview.dzcdn.net/api/1/1/e/d/8/0/ed8f6ef58eda9eed57da1824c237a665.mp3?hdnea=exp=1781737747~acl=/api/1/1/e/d/8/0/ed8f6ef58eda9eed57da1824c237a665.mp3*~data=user_id=0,application_id=42~hmac=54b0bf36e4beeddd05910aa0e48f33c9762346adf28949412eb8bf0883f05d3a","On 1 list: 2000s Rock"
"(thematic candidate)","","","","Hard to Beat","Hard-Fi","Stars Of CCTV","821901","452781","253","false","https://www.deezer.com/us/track/821901","https://cdnt-preview.dzcdn.net/api/1/1/1/a/1/0/1a18f9a99b402441ed8dfcc964d84838.mp3?hdnea=exp=1781737743~acl=/api/1/1/1/a/1/0/1a18f9a99b402441ed8dfcc964d84838.mp3*~data=user_id=0,application_id=42~hmac=b70aa7815b936956a77bc0dfc76dd892561354901506d19ea2ffc95980c2270c","On 1 list: 00s Hits"
"(thematic candidate)","","","","One Day In Your Life (European Version)","Anastacia","Ultimate Collection","111772898","452497","206","false","https://www.deezer.com/us/track/111772898","https://cdnt-preview.dzcdn.net/api/1/1/3/7/c/0/37c5b5dd4e3ba02eb21c1eec79cf4dfc.mp3?hdnea=exp=1781737742~acl=/api/1/1/3/7/c/0/37c5b5dd4e3ba02eb21c1eec79cf4dfc.mp3*~data=user_id=0,application_id=42~hmac=de45c41ce83c2c436482b668d285ca5d95da67c69afb97955abb9038f3b85be1","On 1 list: 00s Hits"
"(thematic candidate)","","","","Played-A-Live (The Bongo Song) (Radio Edit)","Safri Duo","Hits For Børn 2","3069407","451508","199","false","https://www.deezer.com/us/track/3069407","https://cdnt-preview.dzcdn.net/api/1/1/2/5/7/0/257dc45b23dfaf95b51adb25eaab1f49.mp3?hdnea=exp=1781737739~acl=/api/1/1/2/5/7/0/257dc45b23dfaf95b51adb25eaab1f49.mp3*~data=user_id=0,application_id=42~hmac=0a55c3554f231118cacb6b7a80a86f6ce934533f6360e55e694472a5d3bf5659","On 1 list: 00s Hits"
"(thematic candidate)","","","","Electrical Storm (William Orbit Mix)","U2","The Best Of 1990-2000","4667299","450883","277","false","https://www.deezer.com/us/track/4667299","https://cdnt-preview.dzcdn.net/api/1/1/8/2/2/0/8226c28463c1addac2b5e5a5e2412bb2.mp3?hdnea=exp=1781737742~acl=/api/1/1/8/2/2/0/8226c28463c1addac2b5e5a5e2412bb2.mp3*~data=user_id=0,application_id=42~hmac=edc7cdfb130aa5d8a7fa5ff4b9cf0291d091b985a8a0933eb9b16c16bcd04c17","On 1 list: 00s Hits"
"(thematic candidate)","","","","The Spirit of the Hawk","Rednex","Farm Out!","393003352","450853","237","false","https://www.deezer.com/us/track/393003352","https://cdnt-preview.dzcdn.net/api/1/1/6/4/e/0/64e49499f2514842ff0809b85834ec73.mp3?hdnea=exp=1781737742~acl=/api/1/1/6/4/e/0/64e49499f2514842ff0809b85834ec73.mp3*~data=user_id=0,application_id=42~hmac=e6c6436107c2d3b7d69253b9c0b3e346603a3da518804e25fd4290d66b33c8b4","On 1 list: 00s Hits"
"(thematic candidate)","","","","One More Chance","Michael Jackson","Number Ones","13129213","449730","230","false","https://www.deezer.com/us/track/13129213","https://cdnt-preview.dzcdn.net/api/1/1/c/7/c/0/c7cde530d6c0d7fbc724a03f19f7250f.mp3?hdnea=exp=1781737743~acl=/api/1/1/c/7/c/0/c7cde530d6c0d7fbc724a03f19f7250f.mp3*~data=user_id=0,application_id=42~hmac=dc81cd2551f09fe63220024d232e342da5abb0f21f748659a5bce9bb75c6edd1","On 1 list: 00s Hits"
"(thematic candidate)","","","","Smiley Faces","Gnarls Barkley","St. Elsewhere","2794163","448780","185","false","https://www.deezer.com/us/track/2794163","https://cdnt-preview.dzcdn.net/api/1/1/b/f/f/0/bff7d58b82797ea73f2879c316ceb094.mp3?hdnea=exp=1781737743~acl=/api/1/1/b/f/f/0/bff7d58b82797ea73f2879c316ceb094.mp3*~data=user_id=0,application_id=42~hmac=1ae639a76aa2e03e6a285532179e4ea511f3326911e677110e47fd7a6314b15b","On 1 list: 00s Hits"
"(thematic candidate)","","","","Can't Fight The Moonlight (Graham Stack Radio Edit)","LeAnn Rimes","Greatest Hits","75778883","447467","217","false","https://www.deezer.com/us/track/75778883","https://cdnt-preview.dzcdn.net/api/1/1/1/6/c/0/16c2dd58e976aeeaafdf14a4cada7cf9.mp3?hdnea=exp=1781737741~acl=/api/1/1/1/6/c/0/16c2dd58e976aeeaafdf14a4cada7cf9.mp3*~data=user_id=0,application_id=42~hmac=853d367a07f7e79ed017172923a309df4c967bd3036216f59c98d68e55ba815f","On 1 list: 00s Hits"
"(thematic candidate)","","","","Mas Que Nada (Radio Edit)","Sergio Mendes","Mas Que Nada","1184180","446501","213","false","https://www.deezer.com/us/track/1184180","https://cdnt-preview.dzcdn.net/api/1/1/a/2/0/0/a200aa73010d2b314273ed8274782a93.mp3?hdnea=exp=1781737741~acl=/api/1/1/a/2/0/0/a200aa73010d2b314273ed8274782a93.mp3*~data=user_id=0,application_id=42~hmac=0beaebdca9729826f6d39df9e542071af81b481a436a4615a35c236c355f2fe9","On 1 list: 00s Hits"
"(thematic candidate)","","","","Blonde on Blonde","Nada Surf","Let Go","6425997","441853","274","false","https://www.deezer.com/us/track/6425997","https://cdnt-preview.dzcdn.net/api/1/1/3/9/c/0/39cc30c254ab97a69ad134938d76c90f.mp3?hdnea=exp=1781737742~acl=/api/1/1/3/9/c/0/39cc30c254ab97a69ad134938d76c90f.mp3*~data=user_id=0,application_id=42~hmac=ccf8b38c60d1201d01a3c38e93f3d49b746e325cee089aa6a28513454666b3ea","On 1 list: 00s Hits"
"(thematic candidate)","","","","My Heart Beats Like A Drum (Dam Dam Dam) (Radio Edit)","A Touch Of Class","Planet Pop","13185278","441355","223","false","https://www.deezer.com/us/track/13185278","https://cdnt-preview.dzcdn.net/api/1/1/c/4/f/0/c4fde6091eae4b2c64c73e88f72f19f8.mp3?hdnea=exp=1781737742~acl=/api/1/1/c/4/f/0/c4fde6091eae4b2c64c73e88f72f19f8.mp3*~data=user_id=0,application_id=42~hmac=d71d7a47edb7027bd084a5353fe1dc9c69a5c2f7498c6ac886c7ea0de16c4763","On 1 list: 00s Hits"
"(thematic candidate)","","","","If Tomorrow Never Comes","Ronan Keating","Love Songs #1's","906624","439541","216","false","https://www.deezer.com/us/track/906624","https://cdnt-preview.dzcdn.net/api/1/1/5/a/8/0/5a8c35b13608c2ce0cab99aca991fe36.mp3?hdnea=exp=1781737743~acl=/api/1/1/5/a/8/0/5a8c35b13608c2ce0cab99aca991fe36.mp3*~data=user_id=0,application_id=42~hmac=070ac5c5989fe220a6602212a33643e87a97f1b045c869e06893e222907c2d8d","On 1 list: 00s Hits"
"(thematic candidate)","","","","Everything Is Everything","Phoenix","Alphabetical","3088930","439011","178","false","https://www.deezer.com/us/track/3088930","https://cdnt-preview.dzcdn.net/api/1/1/7/c/3/0/7c38cce840d69d5041d00caef178672d.mp3?hdnea=exp=1781737743~acl=/api/1/1/7/c/3/0/7c38cce840d69d5041d00caef178672d.mp3*~data=user_id=0,application_id=42~hmac=8d56ed4d99b05b1c501be76089dc4add573d74d5d42920089c4e46402493c742","On 1 list: 00s Hits"
"(thematic candidate)","","","","What's Your Fantasy","Ludacris","How High","918108","438201","276","true","https://www.deezer.com/us/track/918108","https://cdnt-preview.dzcdn.net/api/1/1/d/1/e/0/d1e22606a6d15fa51ea5e5e77334d1ec.mp3?hdnea=exp=1781737748~acl=/api/1/1/d/1/e/0/d1e22606a6d15fa51ea5e5e77334d1ec.mp3*~data=user_id=0,application_id=42~hmac=c30e26579b73ae9b0167d7cb3bf4c99e9015d114f2c95084ce0fd74afbb20bab","On 1 list: 2000s Rap"
"(thematic candidate)","","","","All or Nothing","Cher","Believe","786740","437605","238","false","https://www.deezer.com/us/track/786740","https://cdnt-preview.dzcdn.net/api/1/1/d/b/c/0/dbc8d5df9aec2bb8da4650c938ad8ce0.mp3?hdnea=exp=1781737741~acl=/api/1/1/d/b/c/0/dbc8d5df9aec2bb8da4650c938ad8ce0.mp3*~data=user_id=0,application_id=42~hmac=33e1753f09c47ce76cdd3095f76e4f30a60d391ea444091becbe6bf2e25d77a8","On 1 list: 00s Hits"
"(thematic candidate)","","","","Foot Of The Mountain","a-ha","Foot Of The Mountain","4190292","435862","240","false","https://www.deezer.com/us/track/4190292","https://cdnt-preview.dzcdn.net/api/1/1/d/5/0/0/d505c340c230c4186782248d0e6f5d52.mp3?hdnea=exp=1781737742~acl=/api/1/1/d/5/0/0/d505c340c230c4186782248d0e6f5d52.mp3*~data=user_id=0,application_id=42~hmac=0cf661e60a0dc39894ed35443589b5f8a2a968e56413a1a04e2309987d81cfdd","On 1 list: 00s Hits"
"(thematic candidate)","","","","Kein Zurück - Single Version (- Single Version)","Wolfsheim","Casting Shadows","62548806","431780","232","false","https://www.deezer.com/us/track/62548806","https://cdnt-preview.dzcdn.net/api/1/1/1/f/6/0/1f6b2d62eee802ad4d113b576a53748d.mp3?hdnea=exp=1781737740~acl=/api/1/1/1/f/6/0/1f6b2d62eee802ad4d113b576a53748d.mp3*~data=user_id=0,application_id=42~hmac=6455565eeac8b04dbc6c1ad88b4055c114bd69e72ef3d5da0bf37d6d8b9a5d10","On 1 list: 00s Hits"
"(thematic candidate)","","","","Let Me Think About It (Radio Edit)","Ida Corr","Let Me Think About It (Remixes)","372843011","431253","153","false","https://www.deezer.com/us/track/372843011","https://cdnt-preview.dzcdn.net/api/1/1/e/7/7/0/e77fb798d4f62c976d1d9bc4ab78a035.mp3?hdnea=exp=1781737741~acl=/api/1/1/e/7/7/0/e77fb798d4f62c976d1d9bc4ab78a035.mp3*~data=user_id=0,application_id=42~hmac=1a9f2bc98495b25976463bad9fbb41f3945c570c430932a23fddb2029466e374","On 1 list: 00s Hits"
"(thematic candidate)","","","","Silence (Tiësto's In Search Of Sunrise Remix)","Delerium","Trance Anthems Top 60","67708599","431168","236","false","https://www.deezer.com/us/track/67708599","https://cdnt-preview.dzcdn.net/api/1/1/d/c/c/0/dcc454a29c3e9f1ed2a43e4a07cf8d52.mp3?hdnea=exp=1781737741~acl=/api/1/1/d/c/c/0/dcc454a29c3e9f1ed2a43e4a07cf8d52.mp3*~data=user_id=0,application_id=42~hmac=e93e612999ca520f19258e67b3c9aeb8b1584ee6573a89592e452030116bdefa","On 1 list: 00s Hits"
"(thematic candidate)","","","","In Love With Another Man (Official Audio)","Jazmine Sullivan","Fearless","2453811","428863","250","false","https://www.deezer.com/us/track/2453811","https://cdnt-preview.dzcdn.net/api/1/1/9/7/9/0/979bf2faa17349382e0044767068d021.mp3?hdnea=exp=1781737747~acl=/api/1/1/9/7/9/0/979bf2faa17349382e0044767068d021.mp3*~data=user_id=0,application_id=42~hmac=5786781990cdc92d984c7a4dcdf2c01d7fac8e4ece02acfddac6d49fe7d81a55","On 1 list: 2000s R&B"
"(thematic candidate)","","","","Crash and Burn","Savage Garden","Savage Garden - The Singles","117262968","428606","281","false","https://www.deezer.com/us/track/117262968","https://cdnt-preview.dzcdn.net/api/1/1/3/0/6/0/306f2f50807c830080d5e0eb7e6cbd70.mp3?hdnea=exp=1781737743~acl=/api/1/1/3/0/6/0/306f2f50807c830080d5e0eb7e6cbd70.mp3*~data=user_id=0,application_id=42~hmac=7f4cccc5ac8af5902d7a38ebf7864700f35b9bad57cf9fb13a216d4e1b2bdd9f","On 1 list: 00s Hits"
"(thematic candidate)","","","","Boogie 2Nite (Seamus Haji Big Love Edit)","Booty Luv","Boogie 2Nite","144526994","428452","195","false","https://www.deezer.com/us/track/144526994","https://cdnt-preview.dzcdn.net/api/1/1/1/d/7/0/1d733cc66822496ce15da3f7659df3ad.mp3?hdnea=exp=1781737741~acl=/api/1/1/1/d/7/0/1d733cc66822496ce15da3f7659df3ad.mp3*~data=user_id=0,application_id=42~hmac=fe61dd68689e447c6bb1eb36769e39c15a19a3995ae1d7fafde2d4141a5a23e9","On 1 list: 00s Hits"
"(thematic candidate)","","","","If We Ever Meet Again","Timbaland","Teenage Dream","13460195","427455","292","false","https://www.deezer.com/us/track/13460195","https://cdnt-preview.dzcdn.net/api/1/1/0/1/c/0/01c5d95c5cb7cd404fc41b1ddb3367ed.mp3?hdnea=exp=1781737740~acl=/api/1/1/0/1/c/0/01c5d95c5cb7cd404fc41b1ddb3367ed.mp3*~data=user_id=0,application_id=42~hmac=922eac7c91a3f9092ec46ac54a4c5f462db1f2ba48c4ee5260aa5783db503e0c","On 1 list: 00s Hits"
"(thematic candidate)","","","","Be With You","Enrique Iglesias","Enrique","2279344","426763","220","false","https://www.deezer.com/us/track/2279344","https://cdnt-preview.dzcdn.net/api/1/1/4/3/f/0/43f914b95504b3c1230a9f47fee41554.mp3?hdnea=exp=1781737739~acl=/api/1/1/4/3/f/0/43f914b95504b3c1230a9f47fee41554.mp3*~data=user_id=0,application_id=42~hmac=dec34e9075cd167437ac6a3fef12c7d900607d99a1b13fb71d12710d4c10a158","On 1 list: 00s Hits"
"(thematic candidate)","","","","The Road To Mandalay","Robbie Williams","Sing When You're Winning","3102428","426286","237","false","https://www.deezer.com/us/track/3102428","https://cdnt-preview.dzcdn.net/api/1/1/8/0/0/0/80080c737ee3af059904bac736182d81.mp3?hdnea=exp=1781737742~acl=/api/1/1/8/0/0/0/80080c737ee3af059904bac736182d81.mp3*~data=user_id=0,application_id=42~hmac=2f874950d2444b17522f3e1789a549434f105c4a8ae53b032b8208dea1e84e46","On 1 list: 00s Hits"
"(thematic candidate)","","","","Nasty Girl (feat. Diddy, Nelly, Jagged Edge & Avery Storm) (2005 Remaster)","The Notorious B.I.G.","Nasty Girl (feat. Diddy, Nelly, Jagged Edge & Avery Storm)","3658058","425764","286","true","https://www.deezer.com/us/track/3658058","https://cdnt-preview.dzcdn.net/api/1/1/6/d/5/0/6d560aad37496febc10ffe963fdc39e5.mp3?hdnea=exp=1781737741~acl=/api/1/1/6/d/5/0/6d560aad37496febc10ffe963fdc39e5.mp3*~data=user_id=0,application_id=42~hmac=a5a08568bb4e84bf183fa69b218b5857c790d2cfa40805d901be86d509fdedd4","On 1 list: 00s Hits"
"(thematic candidate)","","","","But It's Better If You Do","Panic! At The Disco","A Fever You Can't Sweat Out","793856","423351","205","false","https://www.deezer.com/us/track/793856","https://cdnt-preview.dzcdn.net/api/1/1/b/9/4/0/b9497dc4f49843b85259e0ef7e9afc56.mp3?hdnea=exp=1781737743~acl=/api/1/1/b/9/4/0/b9497dc4f49843b85259e0ef7e9afc56.mp3*~data=user_id=0,application_id=42~hmac=5c1f463f8ed2eb89db962103d44aa722354b09b9a9ffb9c7239204c02e910cfe","On 1 list: 00s Hits"
"(thematic candidate)","","","","My Neck, My Back (Lick It)","Khia","Thug Misses (Digitally Remastered)","99344658","422742","222","true","https://www.deezer.com/us/track/99344658","https://cdnt-preview.dzcdn.net/api/1/1/f/5/0/0/f5080ed87092af41c96c94bd3c0796ca.mp3?hdnea=exp=1781737743~acl=/api/1/1/f/5/0/0/f5080ed87092af41c96c94bd3c0796ca.mp3*~data=user_id=0,application_id=42~hmac=9c5116d24499651601f93793c11909b3160547c16c4e90100db4bd53e4dcfe2d","On 1 list: 00s Hits"
"(thematic candidate)","","","","Almost Lover","A Fine Frenzy","One Cell In The Sea","3154015","421112","268","false","https://www.deezer.com/us/track/3154015","https://cdnt-preview.dzcdn.net/api/1/1/4/a/8/0/4a86dde5995e4ced2a89d264c4731f50.mp3?hdnea=exp=1781737742~acl=/api/1/1/4/a/8/0/4a86dde5995e4ced2a89d264c4731f50.mp3*~data=user_id=0,application_id=42~hmac=c5593da60e0842f3091eef4a38e5ef5441e89e35aa01baf56f72dfe574bdeb7b","On 1 list: 00s Hits"
"(thematic candidate)","","","","Too Lost In You","Sugababes","Our Year (International Version)","913832","419770","239","false","https://www.deezer.com/us/track/913832","https://cdnt-preview.dzcdn.net/api/1/1/4/c/1/0/4c115daa0626ea8cd065925ee36b3861.mp3?hdnea=exp=1781737743~acl=/api/1/1/4/c/1/0/4c115daa0626ea8cd065925ee36b3861.mp3*~data=user_id=0,application_id=42~hmac=60123d594dd40379bc4a9be751e7b2e1bdfbfc66ca04ef19a37c9ca6e6b9dabe","On 1 list: 00s Hits"
"(thematic candidate)","","","","Some Kinda Rush (Radio Edit)","Booty Luv","Boogie 2Nite","144527000","417923","207","false","https://www.deezer.com/us/track/144527000","https://cdnt-preview.dzcdn.net/api/1/1/8/e/0/0/8e0c9de8df34e678151cbd5405086c37.mp3?hdnea=exp=1781737742~acl=/api/1/1/8/e/0/0/8e0c9de8df34e678151cbd5405086c37.mp3*~data=user_id=0,application_id=42~hmac=550356409d23b53dc7b391467275a49cc8efcff83daf7badbf098949e6a7cb1b","On 1 list: 00s Hits"
"(thematic candidate)","","","","Bilder von Dir","Laith Al-Deen","2000 - 2008: Best Of","13245282","417336","292","false","https://www.deezer.com/us/track/13245282","https://cdnt-preview.dzcdn.net/api/1/1/d/5/5/0/d557ba07131c5c271576721c77858daa.mp3?hdnea=exp=1781737743~acl=/api/1/1/d/5/5/0/d557ba07131c5c271576721c77858daa.mp3*~data=user_id=0,application_id=42~hmac=6ddda774fdbfa003e0bdbbea2d7aac410e6d7934bd418a4563b693dd3906d1e2","On 1 list: 00s Hits"
"(thematic candidate)","","","","Cosmic Love","Florence + The Machine","Lungs (Deluxe Version)","10584598","415589","255","false","https://www.deezer.com/us/track/10584598","https://cdnt-preview.dzcdn.net/api/1/1/2/9/8/0/2987e3c10b1b0039a3e5866b93939639.mp3?hdnea=exp=1781737739~acl=/api/1/1/2/9/8/0/2987e3c10b1b0039a3e5866b93939639.mp3*~data=user_id=0,application_id=42~hmac=8f892b2a309e61105583c26627f780929993f6863f70df23916432175090d5a3","On 1 list: 00s Hits"
"(thematic candidate)","","","","Moving Too Fast (Radio Edit)","Artful Dodger","Moving Too Fast (Ultimate Collection)","55131141","415236","238","false","https://www.deezer.com/us/track/55131141","https://cdnt-preview.dzcdn.net/api/1/1/2/2/a/0/22abf774235aac3d6fcc76f70ac9779f.mp3?hdnea=exp=1781737739~acl=/api/1/1/2/2/a/0/22abf774235aac3d6fcc76f70ac9779f.mp3*~data=user_id=0,application_id=42~hmac=5766f9088b527e181dd4806b10878c9e9b0e27a60b757a25ed6a2fe3b6e43bfa","On 1 list: 00s Hits"
"(thematic candidate)","","","","Put It In a Love Song (feat. Beyoncé Knowles)","Alicia Keys","The Element Of Freedom","4761589","414221","195","false","https://www.deezer.com/us/track/4761589","https://cdnt-preview.dzcdn.net/api/1/1/e/b/7/0/eb721957db1bb1c15b7cbb5eb0c8d44d.mp3?hdnea=exp=1781737743~acl=/api/1/1/e/b/7/0/eb721957db1bb1c15b7cbb5eb0c8d44d.mp3*~data=user_id=0,application_id=42~hmac=1efa2b2a89b1c4fe0ce3a75ebd4ee01936a7e48c4da2a79448e98080a0264181","On 1 list: 00s Hits"
"(thematic candidate)","","","","Boom Boom Pow","The Black Eyed Peas","The Ultimate Workout Collection: Blood Sweat And Tears","5169784","411443","253","true","https://www.deezer.com/us/track/5169784","https://cdnt-preview.dzcdn.net/api/1/1/9/6/7/0/9676ce2c025cfde874913b87d4f48a0b.mp3?hdnea=exp=1781737743~acl=/api/1/1/9/6/7/0/9676ce2c025cfde874913b87d4f48a0b.mp3*~data=user_id=0,application_id=42~hmac=c36cd27d908d64b8ec3a274cb085521195191e8adac939701b72d66cc41adf52","On 1 list: 00s Hits"
"(thematic candidate)","","","","LoveStoned / I Think She Knows (Radio Edit)","Justin Timberlake","LoveStoned","553364","410617","323","false","https://www.deezer.com/us/track/553364","https://cdnt-preview.dzcdn.net/api/1/1/3/b/7/0/3b7d7b5c10482aecaf8fc9d97a83c794.mp3?hdnea=exp=1781737742~acl=/api/1/1/3/b/7/0/3b7d7b5c10482aecaf8fc9d97a83c794.mp3*~data=user_id=0,application_id=42~hmac=113fc135e59d7df14233294af2c3bbbf99334aa2ec3c0c090650fb4296a465f9","On 1 list: 00s Hits"
"(thematic candidate)","","","","Hungriges Herz","MIA.","Stille Post","1048482","410259","261","false","https://www.deezer.com/us/track/1048482","https://cdnt-preview.dzcdn.net/api/1/1/b/e/8/0/be8506c76736af648d4f7ab57b9b8a8c.mp3?hdnea=exp=1781737742~acl=/api/1/1/b/e/8/0/be8506c76736af648d4f7ab57b9b8a8c.mp3*~data=user_id=0,application_id=42~hmac=760acaffd602622e7367f6f26d5e1be3ffe0f26aeab3cc9f2035fc8e93826513","On 1 list: 00s Hits"
"(thematic candidate)","","","","Waiting for Superman","Daughtry","Baptized (Deluxe Version)","72314176","410216","266","false","https://www.deezer.com/us/track/72314176","https://cdnt-preview.dzcdn.net/api/1/1/6/7/a/0/67a1f45e8463bfa0ddefc7df37c1dd31.mp3?hdnea=exp=1781737743~acl=/api/1/1/6/7/a/0/67a1f45e8463bfa0ddefc7df37c1dd31.mp3*~data=user_id=0,application_id=42~hmac=27d2036b2441542704436b54b0d0d508ec13998be1766f84cf5e67d1d086b9f9","On 1 list: 00s Hits"
"(thematic candidate)","","","","Eternity","Robbie Williams","Eternity/The Road To Mandalay","3290522","409520","302","false","https://www.deezer.com/us/track/3290522","https://cdnt-preview.dzcdn.net/api/1/1/e/3/b/0/e3b18ae34693216fbb230e207b2b83ae.mp3?hdnea=exp=1781737742~acl=/api/1/1/e/3/b/0/e3b18ae34693216fbb230e207b2b83ae.mp3*~data=user_id=0,application_id=42~hmac=e7d7f63d86f0ffd6a1cc766877be714d224c4f869ec556a39cabaf9deb9dfe60","On 1 list: 00s Hits"
"(thematic candidate)","","","","Never Be The Same Again (Single Mix)","Melanie C","Northern Star","3363805","408407","255","false","https://www.deezer.com/us/track/3363805","https://cdnt-preview.dzcdn.net/api/1/1/9/4/6/0/94623f156b035efd3886db78d883d858.mp3?hdnea=exp=1781737741~acl=/api/1/1/9/4/6/0/94623f156b035efd3886db78d883d858.mp3*~data=user_id=0,application_id=42~hmac=845a661cad1e09d1875f37bedc3a07d1c8dd3e452b51545a96341b902ea2be7b","On 1 list: 00s Hits"
"(thematic candidate)","","","","Gravel Pit (feat. RZA, Method Man, Ghostface Killah, Raekwon & U-God)","Wu-Tang Clan","Legend Of The Wu-Tang: Wu-Tang Clan's Greatest Hits","2280116","407976","291","true","https://www.deezer.com/us/track/2280116","https://cdnt-preview.dzcdn.net/api/1/1/5/a/c/0/5acbd0dfb8ab118918f2b86feac83922.mp3?hdnea=exp=1781737741~acl=/api/1/1/5/a/c/0/5acbd0dfb8ab118918f2b86feac83922.mp3*~data=user_id=0,application_id=42~hmac=b60f00771a158abf1a394986bf46d02591ba3cc8b81064cce2dc944fa6f22bf8","On 1 list: 00s Hits"
"(thematic candidate)","","","","Sick and Tired","Anastacia","Anastacia","638409","407460","210","false","https://www.deezer.com/us/track/638409","https://cdnt-preview.dzcdn.net/api/1/1/f/0/4/0/f04a3c433024b6b154ea59cebf835b27.mp3?hdnea=exp=1781737742~acl=/api/1/1/f/0/4/0/f04a3c433024b6b154ea59cebf835b27.mp3*~data=user_id=0,application_id=42~hmac=53e5e962a4008a84b96919fcf186ef7708e0eb8285e972ed795be73b4fffce06","On 1 list: 00s Hits"
"(thematic candidate)","","","","Broken-Hearted Girl","Beyoncé","I AM...SASHA FIERCE","2485111","406850","279","false","https://www.deezer.com/us/track/2485111","https://cdnt-preview.dzcdn.net/api/1/1/e/3/7/0/e37f0ffbe8321031fc7bf4e8727c31d3.mp3?hdnea=exp=1781737742~acl=/api/1/1/e/3/7/0/e37f0ffbe8321031fc7bf4e8727c31d3.mp3*~data=user_id=0,application_id=42~hmac=50b9e86be91a62985d8e7ca7347509ba0f058df49dd4804a3516b6c385841aa4","On 1 list: 00s Hits"
"(thematic candidate)","","","","Glamorous","Fergie","The Dutchess","1577408","405765","247","true","https://www.deezer.com/us/track/1577408","https://cdnt-preview.dzcdn.net/api/1/1/7/8/4/0/784142817b25d33d1e7b3649145bac1b.mp3?hdnea=exp=1781737739~acl=/api/1/1/7/8/4/0/784142817b25d33d1e7b3649145bac1b.mp3*~data=user_id=0,application_id=42~hmac=d5d4b93d20a48b23eae156d17133d282e5931b3ad1e933782ec3a6f121828aa7","On 1 list: 00s Hits"
"(thematic candidate)","","","","Out Here Grindin'","DJ Khaled","We Global","66544159","403403","237","true","https://www.deezer.com/us/track/66544159","https://cdnt-preview.dzcdn.net/api/1/1/1/a/6/0/1a6a9e1aba0b2bda61cff1a823812cf7.mp3?hdnea=exp=1781737748~acl=/api/1/1/1/a/6/0/1a6a9e1aba0b2bda61cff1a823812cf7.mp3*~data=user_id=0,application_id=42~hmac=6ec1591c4d336778fcd266ff1b0076c32c5d9b0bf4f0d9f610fd46e104077412","On 1 list: 2000s Rap"
"(thematic candidate)","","","","Boy (I Need You)","Mariah Carey","Charmbracelet","2230948","402991","314","false","https://www.deezer.com/us/track/2230948","https://cdnt-preview.dzcdn.net/api/1/1/1/0/d/0/10dfa1b9d5b2973ed71dfc55c882ef0f.mp3?hdnea=exp=1781737743~acl=/api/1/1/1/0/d/0/10dfa1b9d5b2973ed71dfc55c882ef0f.mp3*~data=user_id=0,application_id=42~hmac=dddb1d259c4f45f9c4dc8737e2477a2a7af8555616073f553cc9e57da558ae30","On 1 list: 00s Hits"
"(thematic candidate)","","","","Best I Ever Had","Drake","Thank Me Later (Int'l Version)","6297757","402241","259","true","https://www.deezer.com/us/track/6297757","https://cdnt-preview.dzcdn.net/api/1/1/a/f/4/0/af4eb54e943b5aea2af6dee6e323beb4.mp3?hdnea=exp=1781737742~acl=/api/1/1/a/f/4/0/af4eb54e943b5aea2af6dee6e323beb4.mp3*~data=user_id=0,application_id=42~hmac=a73ba5d0f4666b7be238aa6fee54c47cfad0845a38ba58d67c82c2395e72a004","On 1 list: 00s Hits"
"(thematic candidate)","","","","Symphonie","Silbermond","Verschwende Deine Zeit","15539388","401897","272","false","https://www.deezer.com/us/track/15539388","https://cdnt-preview.dzcdn.net/api/1/1/d/6/4/0/d644ca6d8bd433b51dea638ae38a1724.mp3?hdnea=exp=1781737743~acl=/api/1/1/d/6/4/0/d644ca6d8bd433b51dea638ae38a1724.mp3*~data=user_id=0,application_id=42~hmac=7638f69158e464eb4ead4581557778c5c68a79b0a11794d1dd2b312ffc0bbf0e","On 1 list: 00s Hits"
"(thematic candidate)","","","","If I Were A Boy","Beyoncé","I AM...SASHA FIERCE","2553264","400876","249","false","https://www.deezer.com/us/track/2553264","https://cdnt-preview.dzcdn.net/api/1/1/f/7/a/0/f7a34ff835792dbe79d88fcb13b4eed5.mp3?hdnea=exp=1781737742~acl=/api/1/1/f/7/a/0/f7a34ff835792dbe79d88fcb13b4eed5.mp3*~data=user_id=0,application_id=42~hmac=59d1194ec15993a5d64a2a371e4a812b7fc07ff5a882d7e57120636df7f13b3f","On 1 list: 00s Hits"
"(thematic candidate)","","","","No Air (feat. Chris Brown)","Jordin Sparks","Jordin Sparks","3960474","400520","264","false","https://www.deezer.com/us/track/3960474","https://cdnt-preview.dzcdn.net/api/1/1/8/0/f/0/80f47e1c5e4272e85f7565120c8c3faa.mp3?hdnea=exp=1781737740~acl=/api/1/1/8/0/f/0/80f47e1c5e4272e85f7565120c8c3faa.mp3*~data=user_id=0,application_id=42~hmac=29c22db83bc961e69a8c5872c2217a0d28f3199516f13e444806633e72b9ca9b","On 1 list: 00s Hits"
"(thematic candidate)","","","","If You're Not The One","Daniel Bedingfield","Gotta Get Thru This","2298577","397496","256","false","https://www.deezer.com/us/track/2298577","https://cdnt-preview.dzcdn.net/api/1/1/f/e/f/0/fef3ddff830ea0aa4230d0dec7933a69.mp3?hdnea=exp=1781737740~acl=/api/1/1/f/e/f/0/fef3ddff830ea0aa4230d0dec7933a69.mp3*~data=user_id=0,application_id=42~hmac=ab411f119c9aaf0ed0b9e2c07b0c6670ace1ea965c7066f43103a97b9c8b95e8","On 1 list: 00s Hits"
"(thematic candidate)","","","","Say Say Say (Waiting 4 U) (Radio Mix)","Hi_Tack","Say Say Say (Waiting 4 U) (Radio Mix)","515695272","396424","175","false","https://www.deezer.com/us/track/515695272","https://cdnt-preview.dzcdn.net/api/1/1/b/f/9/0/bf96d6b2103393f568299d1aa9b6f0fb.mp3?hdnea=exp=1781737741~acl=/api/1/1/b/f/9/0/bf96d6b2103393f568299d1aa9b6f0fb.mp3*~data=user_id=0,application_id=42~hmac=ce49bad95da19393e4920ec4efcd896dd1ca200ae917d45ec48fa892c6a82d22","On 1 list: 00s Hits"
"(thematic candidate)","","","","Don't Call Me Baby","Madison Avenue","Polyester Embassy","66881687","393670","228","false","https://www.deezer.com/us/track/66881687","https://cdnt-preview.dzcdn.net/api/1/1/4/c/0/0/4c0f8ba76da52785c99e0ead0ea13edb.mp3?hdnea=exp=1781737741~acl=/api/1/1/4/c/0/0/4c0f8ba76da52785c99e0ead0ea13edb.mp3*~data=user_id=0,application_id=42~hmac=f57d5a03a827fd5a95c8acede09f0e8b56f6989327f0becea4a8b18c8c011b5a","On 1 list: 00s Hits"
"(thematic candidate)","","","","Northern Star","Melanie C","Northern Star","3363794","389809","281","false","https://www.deezer.com/us/track/3363794","https://cdnt-preview.dzcdn.net/api/1/1/1/e/5/0/1e551139891c9a09f523b565dacc2e52.mp3?hdnea=exp=1781737743~acl=/api/1/1/1/e/5/0/1e551139891c9a09f523b565dacc2e52.mp3*~data=user_id=0,application_id=42~hmac=1d2e78e2cffc5b74ac21a5573359979d0bd2cbbf95a083e9749908b3fe6024be","On 1 list: 00s Hits"
"(thematic candidate)","","","","Lucky","Britney Spears","Greatest Hits: My Prerogative","582261","389802","204","false","https://www.deezer.com/us/track/582261","https://cdnt-preview.dzcdn.net/api/1/1/9/9/3/0/99367b2466bfc3146838b5789693f32a.mp3?hdnea=exp=1781737741~acl=/api/1/1/9/9/3/0/99367b2466bfc3146838b5789693f32a.mp3*~data=user_id=0,application_id=42~hmac=932fa03fd2fd0b1773cd1cd524d02db3f8ba18027025196e0ce193e6b65afaef","On 1 list: 00s Hits"
"(thematic candidate)","","","","What I Go To School For","Busted","Busted","2192087","389705","212","false","https://www.deezer.com/us/track/2192087","https://cdnt-preview.dzcdn.net/api/1/1/c/4/9/0/c49e66aff66561acaecdc0e4a50fd66d.mp3?hdnea=exp=1781737743~acl=/api/1/1/c/4/9/0/c49e66aff66561acaecdc0e4a50fd66d.mp3*~data=user_id=0,application_id=42~hmac=2617ec44509631d125d328f1bb611e053c087ec6925ff83b61688f0b16119770","On 1 list: 00s Hits"
"(thematic candidate)","","","","(Crack It) Something Going On (feat. Jessica Folker)","Bomfunk MC's","Burnin' Sneakers","13200005","389289","227","false","https://www.deezer.com/us/track/13200005","https://cdnt-preview.dzcdn.net/api/1/1/c/2/4/0/c2493b2c138263189ab248202aa13d6f.mp3?hdnea=exp=1781737742~acl=/api/1/1/c/2/4/0/c2493b2c138263189ab248202aa13d6f.mp3*~data=user_id=0,application_id=42~hmac=e8a6c9949967f5bfeea526f9eb3ba3b0b9f81b28cab9078ccdb7da3db7fe403a","On 1 list: 00s Hits"
"(thematic candidate)","","","","Shark In The Water","V V Brown","Travelling Like The Light","4187046","387939","184","false","https://www.deezer.com/us/track/4187046","https://cdnt-preview.dzcdn.net/api/1/1/4/d/f/0/4dffd71b5f2dc8b4a4f36b719cd222ad.mp3?hdnea=exp=1781737743~acl=/api/1/1/4/d/f/0/4dffd71b5f2dc8b4a4f36b719cd222ad.mp3*~data=user_id=0,application_id=42~hmac=5b71b38866e5093b7a9a1e5ee9268f84f29ce91f0435814d43cc3a60c79ef9ac","On 1 list: 00s Hits"
"(thematic candidate)","","","","Somebody's Watching Me (Hi_Tack Radio Edit)","BeatFreakz","Somebody's Watching Me (Hi_Tack Radio Edit)","489401192","386289","167","false","https://www.deezer.com/us/track/489401192","https://cdnt-preview.dzcdn.net/api/1/1/d/f/c/0/dfcd93ec60fec80903e45c47cf07b493.mp3?hdnea=exp=1781737742~acl=/api/1/1/d/f/c/0/dfcd93ec60fec80903e45c47cf07b493.mp3*~data=user_id=0,application_id=42~hmac=52aaa43d61c4dcdac661bab5759489983422d3aa2f0bdd5bf5aaea4082d48d24","On 1 list: 00s Hits"
"(thematic candidate)","","","","Ring Of Fire (Radio Version)","H-Blockx","Ring Of Fire","1163041","385242","182","false","https://www.deezer.com/us/track/1163041","https://cdnt-preview.dzcdn.net/api/1/1/5/f/9/0/5f9d21d4aa1fdc6ce2be096b284261f9.mp3?hdnea=exp=1781737743~acl=/api/1/1/5/f/9/0/5f9d21d4aa1fdc6ce2be096b284261f9.mp3*~data=user_id=0,application_id=42~hmac=7cddf3d3bf7b219f86361e5449281814ee293813e8326696d9058f93b1471680","On 1 list: 00s Hits"
"(thematic candidate)","","","","Red","Daniel Merriweather","Love & War","3437913","384318","234","false","https://www.deezer.com/us/track/3437913","https://cdnt-preview.dzcdn.net/api/1/1/c/0/e/0/c0efc607d6e6f81cf8fbf37aa4adb4d0.mp3?hdnea=exp=1781737742~acl=/api/1/1/c/0/e/0/c0efc607d6e6f81cf8fbf37aa4adb4d0.mp3*~data=user_id=0,application_id=42~hmac=38e3302b9bfa69e85b1da1cde0d95ab1569255ba97476821f95486d946ee6161","On 1 list: 00s Hits"
"(thematic candidate)","","","","The One","Kylie Minogue","X","3141532","381618","239","false","https://www.deezer.com/us/track/3141532","https://cdnt-preview.dzcdn.net/api/1/1/c/f/f/0/cff1ee1912e1914aa53eb83348828629.mp3?hdnea=exp=1781737743~acl=/api/1/1/c/f/f/0/cff1ee1912e1914aa53eb83348828629.mp3*~data=user_id=0,application_id=42~hmac=e68616f739613731bbfdfa81a5015d277c8bd7c632c597967465aef789fe7454","On 1 list: 00s Hits"
"(thematic candidate)","","","","Back in Your Head","Tegan and Sara","The Con","791545","379334","180","false","https://www.deezer.com/us/track/791545","https://cdnt-preview.dzcdn.net/api/1/1/8/0/7/0/8071de6c6dabc1876b21b3e08a42d088.mp3?hdnea=exp=1781737742~acl=/api/1/1/8/0/7/0/8071de6c6dabc1876b21b3e08a42d088.mp3*~data=user_id=0,application_id=42~hmac=04439ff8ce155f77ff49e18a7528c03ef1f4d2482e2a63b3b8a89a4132b5ede0","On 1 list: 00s Hits"
"(thematic candidate)","","","","Kids","Robbie Williams","Light Years","12754355","378929","260","false","https://www.deezer.com/us/track/12754355","https://cdnt-preview.dzcdn.net/api/1/1/0/6/0/0/0605ee0cd5f6398f8db063ef2c1018df.mp3?hdnea=exp=1781737743~acl=/api/1/1/0/6/0/0/0605ee0cd5f6398f8db063ef2c1018df.mp3*~data=user_id=0,application_id=42~hmac=47463b89ac985991a16bc6e17713bf52796fdbbaad00954d98092b4a1de38964","On 1 list: 00s Hits"
"(thematic candidate)","","","","Einfach Sein","Die Fantastischen Vier","Einfach sein","551958","378767","216","false","https://www.deezer.com/us/track/551958","https://cdnt-preview.dzcdn.net/api/1/1/f/5/5/0/f55cae77aa8b89b08ebf1ed80c0b1381.mp3?hdnea=exp=1781737740~acl=/api/1/1/f/5/5/0/f55cae77aa8b89b08ebf1ed80c0b1381.mp3*~data=user_id=0,application_id=42~hmac=98e8ef1af017603452e1ff25db46de0daef1e7001673055b8c81dd80cdeee6f0","On 1 list: 00s Hits"
"(thematic candidate)","","","","Dance with Me","Debelah Morgan","Dance With Me","3875181","378538","220","false","https://www.deezer.com/us/track/3875181","https://cdnt-preview.dzcdn.net/api/1/1/4/5/4/0/454a576d30e48606b3a85466c9f2a937.mp3?hdnea=exp=1781737742~acl=/api/1/1/4/5/4/0/454a576d30e48606b3a85466c9f2a937.mp3*~data=user_id=0,application_id=42~hmac=b9151a0b4055b7761bbd33136d4f4ec60261340349e1f18cc76260b9b87ef820","On 1 list: 00s Hits"
"(thematic candidate)","","","","Breathe Easy","Blue","Guilty","3089587","378478","274","false","https://www.deezer.com/us/track/3089587","https://cdnt-preview.dzcdn.net/api/1/1/8/5/9/0/85919d6a196e3746bb13cdadd111ecbb.mp3?hdnea=exp=1781737741~acl=/api/1/1/8/5/9/0/85919d6a196e3746bb13cdadd111ecbb.mp3*~data=user_id=0,application_id=42~hmac=cd7583b095112f47fa9790ce4018379101454273aa6486615e9dfdf56a485710","On 1 list: 00s Hits"
"(thematic candidate)","","","","Happy Birthday","Flipsyde","Happy Birthday","2307217","376600","195","false","https://www.deezer.com/us/track/2307217","https://cdnt-preview.dzcdn.net/api/1/1/b/1/5/0/b15e7a2916bfc609a23dff74eef6281a.mp3?hdnea=exp=1781737742~acl=/api/1/1/b/1/5/0/b15e7a2916bfc609a23dff74eef6281a.mp3*~data=user_id=0,application_id=42~hmac=afe8e00cb3d55fa516b09ff691ec1f5b8e733530bc9d7a491a244b29f20cbb2d","On 1 list: 00s Hits"
"(thematic candidate)","","","","Sober","P!nk","Greatest Hits...So Far!!!","7512061","372887","251","false","https://www.deezer.com/us/track/7512061","https://cdnt-preview.dzcdn.net/api/1/1/1/8/f/0/18f0db2a3f34fc9857e1cd9cd2969498.mp3?hdnea=exp=1781737742~acl=/api/1/1/1/8/f/0/18f0db2a3f34fc9857e1cd9cd2969498.mp3*~data=user_id=0,application_id=42~hmac=8c6ac6a9a322efadeed54f9e02e49df261e42a045b426d4755c2555a08e86a7f","On 1 list: 00s Hits"
"(thematic candidate)","","","","The Riddle","Gigi D'Agostino","Various Artists - Disco Fox (MP3 Compilation)","60578291","369119","286","false","https://www.deezer.com/us/track/60578291","https://cdnt-preview.dzcdn.net/api/1/1/f/f/6/0/ff682bf2b8fb96623bb322095edc4620.mp3?hdnea=exp=1781737741~acl=/api/1/1/f/f/6/0/ff682bf2b8fb96623bb322095edc4620.mp3*~data=user_id=0,application_id=42~hmac=b15585e2b98005d31eb9901effbb0ac0c999da7862b76d3bced474d4b07035d1","On 1 list: 00s Hits"
"(thematic candidate)","","","","Something Kinda Ooooh","Girls Aloud","Ten (Deluxe Edition)","62418649","368621","200","false","https://www.deezer.com/us/track/62418649","https://cdnt-preview.dzcdn.net/api/1/1/4/4/1/0/4413a881abd218028b8e80a4fb9ee80a.mp3?hdnea=exp=1781737742~acl=/api/1/1/4/4/1/0/4413a881abd218028b8e80a4fb9ee80a.mp3*~data=user_id=0,application_id=42~hmac=8b41df6ebedcb4e2366185bc897efec8c8d4be2578d649f6bb92ff1cc4f6b415","On 1 list: 00s Hits"
"(thematic candidate)","","","","Scream (Radio Edit)","Timbaland","Scream","929201","367987","225","false","https://www.deezer.com/us/track/929201","https://cdnt-preview.dzcdn.net/api/1/1/3/9/d/0/39daf2b849d85a011d186f77f1ba52cd.mp3?hdnea=exp=1781737742~acl=/api/1/1/3/9/d/0/39daf2b849d85a011d186f77f1ba52cd.mp3*~data=user_id=0,application_id=42~hmac=9a98ab5bfbb92e667fb4e1ef07c76a48f3a29274cd62eae855856182a95220e2","On 1 list: 00s Hits"
"(thematic candidate)","","","","Lovin' Each Day","Ronan Keating","10 Years Of Hits","1570226","366953","212","false","https://www.deezer.com/us/track/1570226","https://cdnt-preview.dzcdn.net/api/1/1/9/4/8/0/948894ccd50343fcb1f1d1ccbf443b4f.mp3?hdnea=exp=1781737743~acl=/api/1/1/9/4/8/0/948894ccd50343fcb1f1d1ccbf443b4f.mp3*~data=user_id=0,application_id=42~hmac=4b31be8bf7cf58a44450addcb05287ff55df1d6bfc483b2a79a28cf63ec61015","On 1 list: 00s Hits"
"(thematic candidate)","","","","About You Now (Radio Edit)","Sugababes","About You Now (Radio Edit)","910859","363902","189","false","https://www.deezer.com/us/track/910859","https://cdnt-preview.dzcdn.net/api/1/1/9/f/d/0/9fd41beefee86d41d079c95e8fce7006.mp3?hdnea=exp=1781737741~acl=/api/1/1/9/f/d/0/9fd41beefee86d41d079c95e8fce7006.mp3*~data=user_id=0,application_id=42~hmac=c90e91966b4885a8b92ca0a4e1f461127ff9d9d16406c131a18b8609dbb98037","On 1 list: 00s Hits"
"(thematic candidate)","","","","Mercy","Duffy","Rockferry","980106","361435","220","false","https://www.deezer.com/us/track/980106","https://cdnt-preview.dzcdn.net/api/1/1/f/b/9/0/fb90b074ddb4aec0a509894fbb13c0f5.mp3?hdnea=exp=1781737740~acl=/api/1/1/f/b/9/0/fb90b074ddb4aec0a509894fbb13c0f5.mp3*~data=user_id=0,application_id=42~hmac=db0792de9c4dae567777acd37df3bef0610397a4d2f7c83582ab2996b70ed814","On 1 list: 00s Hits"
"(thematic candidate)","","","","Walk Away","Kelly Clarkson","Breakaway","534086","360474","187","false","https://www.deezer.com/us/track/534086","https://cdnt-preview.dzcdn.net/api/1/1/f/6/0/0/f6007be36283be7e6bdabf8e71235e17.mp3?hdnea=exp=1781737741~acl=/api/1/1/f/6/0/0/f6007be36283be7e6bdabf8e71235e17.mp3*~data=user_id=0,application_id=42~hmac=8ea3a36d4f52a40f0dd19232a266d1c38591add717d06b3ade964cdde6b6d505","On 1 list: 00s Hits"
"(thematic candidate)","","","","Mensch (Remastered 2016)","Herbert Grönemeyer","Mensch (Remastered 2016)","566331552","359665","268","false","https://www.deezer.com/us/track/566331552","https://cdnt-preview.dzcdn.net/api/1/1/f/b/5/0/fb51211055c8a7346d6edeb1894a2814.mp3?hdnea=exp=1781737741~acl=/api/1/1/f/b/5/0/fb51211055c8a7346d6edeb1894a2814.mp3*~data=user_id=0,application_id=42~hmac=bbec829258023538a13bbf41ac6bc1a40be7204cc6d9af078c31dfafe3c41fec","On 1 list: 00s Hits"
"(thematic candidate)","","","","Walking with a Ghost","Tegan and Sara","So Jealous","791000","355816","150","false","https://www.deezer.com/us/track/791000","https://cdnt-preview.dzcdn.net/api/1/1/f/b/6/0/fb6955fcf47e7ca4e226380a996bbe34.mp3?hdnea=exp=1781737743~acl=/api/1/1/f/b/6/0/fb6955fcf47e7ca4e226380a996bbe34.mp3*~data=user_id=0,application_id=42~hmac=176e44aed47e35ffc943f430c61c7ba378819e50cad262554aa4dbb4733e7d55","On 1 list: 00s Hits"
"(thematic candidate)","","","","Out Of Reach","Gabrielle","Rise","2461263","355067","196","false","https://www.deezer.com/us/track/2461263","https://cdnt-preview.dzcdn.net/api/1/1/8/2/e/0/82e4a84e848e30eb93a2911c57a7b96c.mp3?hdnea=exp=1781737743~acl=/api/1/1/8/2/e/0/82e4a84e848e30eb93a2911c57a7b96c.mp3*~data=user_id=0,application_id=42~hmac=0ac40a7ae6add2d53134aa0a325065f7fb75be95e53ce506d48bed64908ce417","On 1 list: 00s Hits"
"(thematic candidate)","","","","Ain't It Funny (feat. Ja Rule & Caddillac Tah) (Murder Remix)","Jennifer Lopez","J To Tha L-O! The Remixes","611716472","354989","234","false","https://www.deezer.com/us/track/611716472","https://cdnt-preview.dzcdn.net/api/1/1/e/1/2/0/e12351b5c6ca69984ba734272d07c09d.mp3?hdnea=exp=1781737742~acl=/api/1/1/e/1/2/0/e12351b5c6ca69984ba734272d07c09d.mp3*~data=user_id=0,application_id=42~hmac=3027b4d486fc7808b3966d86f1909f8421825c3fb0f2a43de9fad1826ed3cd66","On 1 list: 00s Hits"
"(thematic candidate)","","","","Light My Fire","Will Young","Light My Fire","2266433","348143","213","false","https://www.deezer.com/us/track/2266433","https://cdnt-preview.dzcdn.net/api/1/1/b/f/b/0/bfbe09c8b4c1690a567a9a42fa60c5c6.mp3?hdnea=exp=1781737743~acl=/api/1/1/b/f/b/0/bfbe09c8b4c1690a567a9a42fa60c5c6.mp3*~data=user_id=0,application_id=42~hmac=574d16e00f2d97c4a9493237a4d2f929305ac1b547e575911759a981987394e4","On 1 list: 00s Hits"
"(thematic candidate)","","","","#1","Nelly","Nellyville","2447449","346441","198","true","https://www.deezer.com/us/track/2447449","https://cdnt-preview.dzcdn.net/api/1/1/2/b/b/0/2bbe5177fbca43a25682f9ac4b4af5d3.mp3?hdnea=exp=1781737743~acl=/api/1/1/2/b/b/0/2bbe5177fbca43a25682f9ac4b4af5d3.mp3*~data=user_id=0,application_id=42~hmac=f7cbf37fc08673abe7aa637cb8a610ff9183dc68df7a62a8db7f5e2fa8a64f96","On 1 list: 00s Hits"
"(thematic candidate)","","","","Here (In Your Arms) (Radio Edit)","Hellogoodbye","Zombies! Aliens! Vampires! Dinosaurs!","550951","344344","219","false","https://www.deezer.com/us/track/550951","https://cdnt-preview.dzcdn.net/api/1/1/d/6/a/0/d6aa64564c19d364a378abae11378381.mp3?hdnea=exp=1781737742~acl=/api/1/1/d/6/a/0/d6aa64564c19d364a378abae11378381.mp3*~data=user_id=0,application_id=42~hmac=ae48754cf25b424ba042bc734765b100e1e2666807b14638214e8ddfa8b473e8","On 1 list: 00s Hits"
"(thematic candidate)","","","","Borderline (Radio Edit)","Michael Gray","Borderline","78304442","344304","195","false","https://www.deezer.com/us/track/78304442","https://cdnt-preview.dzcdn.net/api/1/1/6/2/7/0/6271425cfb58b937aab0c7a3b7b0662b.mp3?hdnea=exp=1781737742~acl=/api/1/1/6/2/7/0/6271425cfb58b937aab0c7a3b7b0662b.mp3*~data=user_id=0,application_id=42~hmac=b48ab104df94c1255ac0762b7d57a483583c762af08cbe355729b7523592fe37","On 1 list: 00s Hits"
"(thematic candidate)","","","","Dooh Dooh","Barcode Brothers","Swipe Me","2500802","342617","231","false","https://www.deezer.com/us/track/2500802","https://cdnt-preview.dzcdn.net/api/1/1/6/6/a/0/66afe3dc6e92da7574009fa0a4bf8d7f.mp3?hdnea=exp=1781737743~acl=/api/1/1/6/6/a/0/66afe3dc6e92da7574009fa0a4bf8d7f.mp3*~data=user_id=0,application_id=42~hmac=773e249729a114896a0907fb4030c0cb3682597e0dfb2468892984afc0935b29","On 1 list: 00s Hits"
"(thematic candidate)","","","","Life in Technicolor ii","Coldplay","Prospekt's March","13444592","338796","245","false","https://www.deezer.com/us/track/13444592","https://cdnt-preview.dzcdn.net/api/1/1/5/4/0/0/5400a962afb8aed32a8c836908c42204.mp3?hdnea=exp=1781737743~acl=/api/1/1/5/4/0/0/5400a962afb8aed32a8c836908c42204.mp3*~data=user_id=0,application_id=42~hmac=1f838ce99dee51db5187e491e06954adb24f358f17156f52804e3ee9f8e297e3","On 1 list: 00s Hits"
"(thematic candidate)","","","","Stop Me (feat. Daniel Merriweather)","Mark Ronson","Version","7923754","338454","234","false","https://www.deezer.com/us/track/7923754","https://cdnt-preview.dzcdn.net/api/1/1/6/e/1/0/6e159fbb446d78c1d8fb8b10021f0b11.mp3?hdnea=exp=1781737742~acl=/api/1/1/6/e/1/0/6e159fbb446d78c1d8fb8b10021f0b11.mp3*~data=user_id=0,application_id=42~hmac=3961432957a24c4949ccba65f50c41b938348803b0afc422453fc8578bdd5f29","On 1 list: 00s Hits"
"(thematic candidate)","","","","Better in Time","Leona Lewis","Spirit","10157599","338256","234","false","https://www.deezer.com/us/track/10157599","https://cdnt-preview.dzcdn.net/api/1/1/1/2/2/0/122c632de7d580ae17a5532c0257fc0f.mp3?hdnea=exp=1781737740~acl=/api/1/1/1/2/2/0/122c632de7d580ae17a5532c0257fc0f.mp3*~data=user_id=0,application_id=42~hmac=eb3e562b9266ce2df25fedf6fe75f2a0b2f8a4f64fbed45281af027146e87373","On 1 list: 00s Hits"
"(thematic candidate)","","","","It's Too Late","The Streets","Original Pirate Material","2140406","337859","250","false","https://www.deezer.com/us/track/2140406","https://cdnt-preview.dzcdn.net/api/1/1/5/7/3/0/57317b4ae2611961f6ac5e95f2ae17fc.mp3?hdnea=exp=1781737743~acl=/api/1/1/5/7/3/0/57317b4ae2611961f6ac5e95f2ae17fc.mp3*~data=user_id=0,application_id=42~hmac=377d30902dafe2096df850d63ef8ed855136f3ffeb2086ac6ef28e7094a3032b","On 1 list: 00s Hits"
"(thematic candidate)","","","","All My Heroes (Radio Edit)","Naeleck","All My Heroes","1015565862","334751","228","false","https://www.deezer.com/us/track/1015565862","https://cdnt-preview.dzcdn.net/api/1/1/a/6/7/0/a6714b52764c606e9e4a345a8f34585a.mp3?hdnea=exp=1781737739~acl=/api/1/1/a/6/7/0/a6714b52764c606e9e4a345a8f34585a.mp3*~data=user_id=0,application_id=42~hmac=ffd4f6c0dab67a03b5f247488a0e7773c5071cef73d0889f6c556acee353951d","On 1 list: 00s Hits"
"(thematic candidate)","","","","Take Your Mama","Scissor Sisters","Mother","930051","332330","273","false","https://www.deezer.com/us/track/930051","https://cdnt-preview.dzcdn.net/api/1/1/e/2/6/0/e26049fabc17a0744a907efaad04f483.mp3?hdnea=exp=1781737739~acl=/api/1/1/e/2/6/0/e26049fabc17a0744a907efaad04f483.mp3*~data=user_id=0,application_id=42~hmac=719d0f3ae1eece3e14d962db36a8bc2516b078ac3f276ccaff2809941f542d6b","On 1 list: 00s Hits"
"(thematic candidate)","","","","Underneath Your Clothes","Shakira","LOVE","2847550","332317","219","false","https://www.deezer.com/us/track/2847550","https://cdnt-preview.dzcdn.net/api/1/1/d/2/8/0/d28c0ce17792b7faa9e63a06a19cffad.mp3?hdnea=exp=1781737744~acl=/api/1/1/d/2/8/0/d28c0ce17792b7faa9e63a06a19cffad.mp3*~data=user_id=0,application_id=42~hmac=af65cda1a619ebdff02339cb8c2b60e038c99012ecc82ee25da803196bfcad72","On 1 list: 00s Hits"
"(thematic candidate)","","","","Always Come Back To Your Love","Samantha Mumba","The Collection","2919577","332257","213","false","https://www.deezer.com/us/track/2919577","https://cdnt-preview.dzcdn.net/api/1/1/b/4/b/0/b4b91247cdbfa875e044096acf8e4eef.mp3?hdnea=exp=1781737743~acl=/api/1/1/b/4/b/0/b4b91247cdbfa875e044096acf8e4eef.mp3*~data=user_id=0,application_id=42~hmac=f6d5092b1da77fd3ffeff23463f9239e8656167bcabc6a1d072f5774e579485c","On 1 list: 00s Hits"
"(thematic candidate)","","","","Don't Give Up","Chicane","The Best Of Chicane 1996 - 2009","6467783","327385","210","false","https://www.deezer.com/us/track/6467783","https://cdnt-preview.dzcdn.net/api/1/1/e/a/6/0/ea6e71666308ddbc9c2918b7351958d8.mp3?hdnea=exp=1781737742~acl=/api/1/1/e/a/6/0/ea6e71666308ddbc9c2918b7351958d8.mp3*~data=user_id=0,application_id=42~hmac=f8e1a64c15f7d97b7a4f330b55f4fd37d04804eccf33e126b66801d845932479","On 1 list: 00s Hits"
"(thematic candidate)","","","","Sun Goes Down","David Jordan","Sun goes down (eSingle)","884307","319190","198","false","https://www.deezer.com/us/track/884307","https://cdnt-preview.dzcdn.net/api/1/1/c/2/d/0/c2dec9e9e9bc24f4a9c8bed7a2ce27c3.mp3?hdnea=exp=1781737743~acl=/api/1/1/c/2/d/0/c2dec9e9e9bc24f4a9c8bed7a2ce27c3.mp3*~data=user_id=0,application_id=42~hmac=44ffd8afe9323237474017ee139637efb84b9ba03282f047943877a384deab2e","On 1 list: 00s Hits"
"(thematic candidate)","","","","Jungle Drum","Emiliana Torrini","Jungle Drum","2802894","318552","133","false","https://www.deezer.com/us/track/2802894","https://cdnt-preview.dzcdn.net/api/1/1/d/6/c/0/d6c132244b12fbea91eddd5ca4bc60bc.mp3?hdnea=exp=1781737741~acl=/api/1/1/d/6/c/0/d6c132244b12fbea91eddd5ca4bc60bc.mp3*~data=user_id=0,application_id=42~hmac=09576be019914b395fe97fc2f2f9167d186d0ea7c20ed66a332450bac77d9ebf","On 1 list: 00s Hits"
"(thematic candidate)","","","","Walking On Sunshine","Jennifer Lopez","J.Lo","626302","317571","225","false","https://www.deezer.com/us/track/626302","https://cdnt-preview.dzcdn.net/api/1/1/0/c/8/0/0c855fac468fc313221247535bbe9e8f.mp3?hdnea=exp=1781737740~acl=/api/1/1/0/c/8/0/0c855fac468fc313221247535bbe9e8f.mp3*~data=user_id=0,application_id=42~hmac=71ba056a5520574595f24156061fd010ef45f46ab8a7908385de1c2d96e0324a","On 1 list: 00s Hits"
"(thematic candidate)","","","","Nur zu Besuch","Die Toten Hosen","All die ganzen Jahre: Ihre besten Lieder","142393491","317318","270","false","https://www.deezer.com/us/track/142393491","https://cdnt-preview.dzcdn.net/api/1/1/7/8/9/0/789264f8af514d55698f02996799c60d.mp3?hdnea=exp=1781737742~acl=/api/1/1/7/8/9/0/789264f8af514d55698f02996799c60d.mp3*~data=user_id=0,application_id=42~hmac=446f04dcdbdfb6e578f0f961ceb97e36978393a8ee8afbe041014f4a4a00680e","On 1 list: 00s Hits"
"(thematic candidate)","","","","The Girl You Lost To Cocaine (Album Version)","Sia","Some People Have REAL Problems","4192213","316103","160","false","https://www.deezer.com/us/track/4192213","https://cdnt-preview.dzcdn.net/api/1/1/2/e/8/0/2e8ced4bf30840278f5e66d2de0a7e98.mp3?hdnea=exp=1781737742~acl=/api/1/1/2/e/8/0/2e8ced4bf30840278f5e66d2de0a7e98.mp3*~data=user_id=0,application_id=42~hmac=e23bed43965de78d3707371fd78521216e6e5bd97f5cbbf9fe48175eb6404154","On 1 list: 00s Hits"
"(thematic candidate)","","","","She Bangs (English Version)","Ricky Martin","The Greatest Hits","13111372","314243","280","false","https://www.deezer.com/us/track/13111372","https://cdnt-preview.dzcdn.net/api/1/1/2/0/0/0/200b532c00c6910f5709e89af99486d8.mp3?hdnea=exp=1781737741~acl=/api/1/1/2/0/0/0/200b532c00c6910f5709e89af99486d8.mp3*~data=user_id=0,application_id=42~hmac=e0aecc1ca4180241050a2a8f88659e8142f46ee36bb10b36ccd8d39499584adb","On 1 list: 00s Hits"
"(thematic candidate)","","","","Join Me (Razorblade Mix)","HIM","Razorblade Romance","1011708","313966","219","false","https://www.deezer.com/us/track/1011708","https://cdnt-preview.dzcdn.net/api/1/1/0/0/3/0/0036a37cf11829e644240cbea232b661.mp3?hdnea=exp=1781737741~acl=/api/1/1/0/0/3/0/0036a37cf11829e644240cbea232b661.mp3*~data=user_id=0,application_id=42~hmac=06d4b6931adba9a19b7172f40d107f8e96cf2b51cb3363972e3c90c18b679647","On 1 list: 00s Hits"
"(thematic candidate)","","","","You Know Me Better","Róisín Murphy","Overpowered","3146204","313813","257","false","https://www.deezer.com/us/track/3146204","https://cdnt-preview.dzcdn.net/api/1/1/6/a/b/0/6ab5ad92fb163422619a18d95ee47258.mp3?hdnea=exp=1781737742~acl=/api/1/1/6/a/b/0/6ab5ad92fb163422619a18d95ee47258.mp3*~data=user_id=0,application_id=42~hmac=8b57c4a9fc298d358c1f468d1debcb68b1d477c028ce83d63ce26c0ceba673a3","On 1 list: 00s Hits"
"(thematic candidate)","","","","I'm So Excited","Le Tigre","This Island","4681472","313159","229","false","https://www.deezer.com/us/track/4681472","https://cdnt-preview.dzcdn.net/api/1/1/1/8/a/0/18ae02f2df019d76eac2975e3eae0f0a.mp3?hdnea=exp=1781737743~acl=/api/1/1/1/8/a/0/18ae02f2df019d76eac2975e3eae0f0a.mp3*~data=user_id=0,application_id=42~hmac=f24b2aebb3900e5d80d83c852d8c59b566be60d54e434bb54bade5681e8915ef","On 1 list: 00s Hits"
"(thematic candidate)","","","","One Step Too Far (feat. Dido) (Radio Edit)","Faithless","Forever Faithless - The Greatest Hits","560280","313075","204","false","https://www.deezer.com/us/track/560280","https://cdnt-preview.dzcdn.net/api/1/1/d/e/9/0/de95c12c2ce32b9b545a57b7638ae074.mp3?hdnea=exp=1781737743~acl=/api/1/1/d/e/9/0/de95c12c2ce32b9b545a57b7638ae074.mp3*~data=user_id=0,application_id=42~hmac=d1d0b5daed56fcfc1e11192685eac35a27cb002730ddd7a5ae0fc0c53b33ea4d","On 1 list: 00s Hits"
"(thematic candidate)","","","","Satellites","September","Gold","15543677","312952","196","false","https://www.deezer.com/us/track/15543677","https://cdnt-preview.dzcdn.net/api/1/1/c/f/0/0/cf0b7ff53349c9ec20e2f3d686ece81b.mp3?hdnea=exp=1781737743~acl=/api/1/1/c/f/0/0/cf0b7ff53349c9ec20e2f3d686ece81b.mp3*~data=user_id=0,application_id=42~hmac=47d37d5db85f0f1cd883c3226e27549895b86e477780eb800d217970d2350bfa","On 1 list: 00s Hits"
"(thematic candidate)","","","","Round Round","Sugababes","Overloaded: The Singles Collection (International eAlbum)","1575734","312933","236","false","https://www.deezer.com/us/track/1575734","https://cdnt-preview.dzcdn.net/api/1/1/9/3/4/0/934fc058e04503fc2e36e5ff0833607f.mp3?hdnea=exp=1781737740~acl=/api/1/1/9/3/4/0/934fc058e04503fc2e36e5ff0833607f.mp3*~data=user_id=0,application_id=42~hmac=201e5e0b233791a5451a879e2e111d7eca8be0ef6a68f175bb1bdae49dfbf8fc","On 1 list: 00s Hits"
"(thematic candidate)","","","","First Day Of My Life","Melanie C","Carolyna (Edited Version)","920299272","312807","243","false","https://www.deezer.com/us/track/920299272","https://cdnt-preview.dzcdn.net/api/1/1/7/f/6/0/7f62c400d27177333fca7fa4a18e70e7.mp3?hdnea=exp=1781737743~acl=/api/1/1/7/f/6/0/7f62c400d27177333fca7fa4a18e70e7.mp3*~data=user_id=0,application_id=42~hmac=9a2e7428b37a29b68fc6518d8b7c64471ab1bc5b1008eafa879d566d9e6a063c","On 1 list: 00s Hits"
"(thematic candidate)","","","","Heartbeat","Nneka","Nneka... To and Fro","3571225","310766","191","false","https://www.deezer.com/us/track/3571225","https://cdnt-preview.dzcdn.net/api/1/1/3/9/3/0/3938500890862366a8369c54f3d2f8d6.mp3?hdnea=exp=1781737743~acl=/api/1/1/3/9/3/0/3938500890862366a8369c54f3d2f8d6.mp3*~data=user_id=0,application_id=42~hmac=58995bd9cf25e2bb87dfb3e964b535ad064145433f079dc77c27c89aa525f7bb","On 1 list: 00s Hits"
"(thematic candidate)","","","","Indigo Girl","Watershed","Indigo Girl","3217250","310450","181","false","https://www.deezer.com/us/track/3217250","https://cdnt-preview.dzcdn.net/api/1/1/6/8/4/0/68492e4ce9bf17d4bbfd34fc855d8b26.mp3?hdnea=exp=1781737743~acl=/api/1/1/6/8/4/0/68492e4ce9bf17d4bbfd34fc855d8b26.mp3*~data=user_id=0,application_id=42~hmac=93c774159ebd9717dbaa697821b2b4eca037b478b62fd410a7caf3a14038b5e4","On 1 list: 00s Hits"
"(thematic candidate)","","","","Missy Queen's Gonna Die","Toktok","Missy Queen Is Gonna Die","503955062","307652","253","false","https://www.deezer.com/us/track/503955062","https://cdnt-preview.dzcdn.net/api/1/1/b/d/f/0/bdff50a9a216aada49dcedb7f34faef6.mp3?hdnea=exp=1781737742~acl=/api/1/1/b/d/f/0/bdff50a9a216aada49dcedb7f34faef6.mp3*~data=user_id=0,application_id=42~hmac=de0d6d4109d0b5b23c4632c65af07b4a2fb3cd59cea7fb5428278cc9f62776ae","On 1 list: 00s Hits"
"(thematic candidate)","","","","I Don't Want to Be","Gavin DeGraw","Chariot","604745","305361","218","false","https://www.deezer.com/us/track/604745","https://cdnt-preview.dzcdn.net/api/1/1/c/6/9/0/c691b39b4c2c4f3c72a23fae4717e73c.mp3?hdnea=exp=1781737739~acl=/api/1/1/c/6/9/0/c691b39b4c2c4f3c72a23fae4717e73c.mp3*~data=user_id=0,application_id=42~hmac=07efbc5aedd0f681302e8080ca927118dd1d13b7189df8d730d33075d53b2a31","On 1 list: 00s Hits"
"(thematic candidate)","","","","Remedy","Little Boots","Hands (Standard DMD)","3605071","304235","199","false","https://www.deezer.com/us/track/3605071","https://cdnt-preview.dzcdn.net/api/1/1/8/5/1/0/8514280626b6bec27ed495dd19fbfc52.mp3?hdnea=exp=1781737743~acl=/api/1/1/8/5/1/0/8514280626b6bec27ed495dd19fbfc52.mp3*~data=user_id=0,application_id=42~hmac=46287c5b07cbf0756ac24ef7d1888c37546913a14868fe7b9174972d6f013957","On 1 list: 00s Hits"
"(thematic candidate)","","","","Shut Your Eyes","Snow Patrol","Eyes Open","607028652","303710","197","false","https://www.deezer.com/us/track/607028652","https://cdnt-preview.dzcdn.net/api/1/1/9/6/1/0/961746887c05d4d1e37ddd1341577dac.mp3?hdnea=exp=1781737743~acl=/api/1/1/9/6/1/0/961746887c05d4d1e37ddd1341577dac.mp3*~data=user_id=0,application_id=42~hmac=ddbcdf7d732594f10186c02704b042c38ca3b263592c28c6f4230c6d360eff94","On 1 list: 00s Hits"
"(thematic candidate)","","","","Work It","Nelly","Nellyville","2447445","301194","262","true","https://www.deezer.com/us/track/2447445","https://cdnt-preview.dzcdn.net/api/1/1/a/d/e/0/ade55d0cb19c74d1ecaa783ea9fd923f.mp3?hdnea=exp=1781737743~acl=/api/1/1/a/d/e/0/ade55d0cb19c74d1ecaa783ea9fd923f.mp3*~data=user_id=0,application_id=42~hmac=226f1748ec8a9236cf5ee31f6febd20749cab02de50dcf2299771f78861ab741","On 1 list: 00s Hits"
"(thematic candidate)","","","","Push The Button","Sugababes","Pop Princess","4307900","299248","217","false","https://www.deezer.com/us/track/4307900","https://cdnt-preview.dzcdn.net/api/1/1/b/8/8/0/b885ca67e4d1ff1eb503756a1d534091.mp3?hdnea=exp=1781737740~acl=/api/1/1/b/8/8/0/b885ca67e4d1ff1eb503756a1d534091.mp3*~data=user_id=0,application_id=42~hmac=3715df32802ac4b0501c57fe4c10abe19bdfc1f033293e321bcf16eeee46006b","On 1 list: 00s Hits"
"(thematic candidate)","","","","Rome Wasn't Built in a Day","Morcheeba","Rome Wasn't Built in a Day","3927941","298024","214","false","https://www.deezer.com/us/track/3927941","https://cdnt-preview.dzcdn.net/api/1/1/e/e/2/0/ee2f6c234dfa5f3922dd85af50c7b200.mp3?hdnea=exp=1781737743~acl=/api/1/1/e/e/2/0/ee2f6c234dfa5f3922dd85af50c7b200.mp3*~data=user_id=0,application_id=42~hmac=0fa1dc2d2d5c8e4cef350d434f1c6c0d1ce8859ff96532b7071b012b52b3d6a1","On 1 list: 00s Hits"
"(thematic candidate)","","","","Voyage voyage","Kate Ryan","Voyage Voyage","884006","297461","185","false","https://www.deezer.com/us/track/884006","https://cdnt-preview.dzcdn.net/api/1/1/f/b/b/0/fbb711ca3bef45b59d60d4c2dde46d78.mp3?hdnea=exp=1781737742~acl=/api/1/1/f/b/b/0/fbb711ca3bef45b59d60d4c2dde46d78.mp3*~data=user_id=0,application_id=42~hmac=06ac1eaab5acc2d47d2a634c4b9df2ccb257bcff29351ed03a6d28e4349ec1e6","On 1 list: 00s Hits"
"(thematic candidate)","","","","Klar","Jan Delay","Türlich, türlich (Für immer Feuer im Arsch, klar? - Version)","1171856","294806","296","false","https://www.deezer.com/us/track/1171856","https://cdnt-preview.dzcdn.net/api/1/1/7/f/7/0/7f7967a23e839edbb0d53d9fa3af98dd.mp3?hdnea=exp=1781737742~acl=/api/1/1/7/f/7/0/7f7967a23e839edbb0d53d9fa3af98dd.mp3*~data=user_id=0,application_id=42~hmac=180ecffadb056b13f25c66bd7d22b6b1c28ab75ebb3187d16f462c3880b69ad3","On 1 list: 00s Hits"
"(thematic candidate)","","","","Heaven","DJ Sammy","Heaven","88911095","293141","235","false","https://www.deezer.com/us/track/88911095","https://cdnt-preview.dzcdn.net/api/1/1/0/5/0/0/050dd5a5401124e26efa16c4110442f4.mp3?hdnea=exp=1781737742~acl=/api/1/1/0/5/0/0/050dd5a5401124e26efa16c4110442f4.mp3*~data=user_id=0,application_id=42~hmac=f68d16dce3136a90d9fb71bd1c649cbd672dbfca1ac4020d9b33a2aaf75e61e7","On 1 list: 00s Hits"
"(thematic candidate)","","","","Dream On","Depeche Mode","Exciter","68515207","292587","259","false","https://www.deezer.com/us/track/68515207","https://cdnt-preview.dzcdn.net/api/1/1/b/5/4/0/b5416ca277fb6c13382f260ced06c7b5.mp3?hdnea=exp=1781737742~acl=/api/1/1/b/5/4/0/b5416ca277fb6c13382f260ced06c7b5.mp3*~data=user_id=0,application_id=42~hmac=acbc8fc5d24b2813ac1384715d9739c1e2a1924d0e966f43b79fdb95096c671a","On 1 list: 00s Hits"
"(thematic candidate)","","","","Patience","Take That","Our Year (International Version)","929558","283339","202","false","https://www.deezer.com/us/track/929558","https://cdnt-preview.dzcdn.net/api/1/1/c/a/a/0/caaa63e88c79bfbd09fcda146b210375.mp3?hdnea=exp=1781737742~acl=/api/1/1/c/a/a/0/caaa63e88c79bfbd09fcda146b210375.mp3*~data=user_id=0,application_id=42~hmac=fc711a4d79272bdfd5536f02a286bc8fbf788c078c98162b7b1b9250e5684292","On 1 list: 00s Hits"
"(thematic candidate)","","","","Extravaganza (feat. Kanye West) (Main Version)","Jamie Foxx","Unpredictable","561995","283288","255","true","https://www.deezer.com/us/track/561995","https://cdnt-preview.dzcdn.net/api/1/1/0/5/e/0/05e1d16e06ec8666265fed2364cf298f.mp3?hdnea=exp=1781737742~acl=/api/1/1/0/5/e/0/05e1d16e06ec8666265fed2364cf298f.mp3*~data=user_id=0,application_id=42~hmac=611489848416e9f85befde510fa8de7d1335c34bf8645638821c915f622c0e42","On 1 list: 00s Hits"
"(thematic candidate)","","","","Wifey (Club Mix/Dirty Version)","Next","Welcome II Nextasy","15749363","282066","243","true","https://www.deezer.com/us/track/15749363","https://cdnt-preview.dzcdn.net/api/1/1/7/7/8/0/7786b8c4703f7d1cea5f1a13599bc874.mp3?hdnea=exp=1781737741~acl=/api/1/1/7/7/8/0/7786b8c4703f7d1cea5f1a13599bc874.mp3*~data=user_id=0,application_id=42~hmac=65871bece76a28b845c573ca9368589f93e51a1b89bb69480175f3f780f31c53","On 1 list: 00s Hits"
"(thematic candidate)","","","","One In A Million (Remix)","Bosson","One in a million","6814359","279538","211","false","https://www.deezer.com/us/track/6814359","https://cdnt-preview.dzcdn.net/api/1/1/6/f/3/0/6f37fa2fe75538db8b4e4eee56188cf0.mp3?hdnea=exp=1781737741~acl=/api/1/1/6/f/3/0/6f37fa2fe75538db8b4e4eee56188cf0.mp3*~data=user_id=0,application_id=42~hmac=d47555660249d35c07699d336b4f421daafeedc50e8174bd6a597c6b8b3a1288","On 1 list: 00s Hits"
"(thematic candidate)","","","","Be Cool (Radio Edit)","Paffendorf","Planet Dance","62146450","278366","212","false","https://www.deezer.com/us/track/62146450","https://cdnt-preview.dzcdn.net/api/1/1/f/b/f/0/fbfe560f3f4a94b7bf1ed30bffa6d34f.mp3?hdnea=exp=1781737743~acl=/api/1/1/f/b/f/0/fbfe560f3f4a94b7bf1ed30bffa6d34f.mp3*~data=user_id=0,application_id=42~hmac=2d6dbc51216328367e4a2eae514047694d853a8b53187cbd7ff05db3a1887b68","On 1 list: 00s Hits"
"(thematic candidate)","","","","New in Town","Little Boots","Hands (Standard DMD)","3605067","273949","199","false","https://www.deezer.com/us/track/3605067","https://cdnt-preview.dzcdn.net/api/1/1/a/8/a/0/a8a0512d2727165ed14b14fe15b7e749.mp3?hdnea=exp=1781737743~acl=/api/1/1/a/8/a/0/a8a0512d2727165ed14b14fe15b7e749.mp3*~data=user_id=0,application_id=42~hmac=2a7a272f9494f510ff748b9fb453f5f8dfb50e0939cd91d0ec8216216029747f","On 1 list: 00s Hits"
"(thematic candidate)","","","","Song for the Lonely","Cher","Living Proof","5615410","273105","202","false","https://www.deezer.com/us/track/5615410","https://cdnt-preview.dzcdn.net/api/1/1/f/3/4/0/f34d419733050d8e37ecc66ebca63fe6.mp3?hdnea=exp=1781737743~acl=/api/1/1/f/3/4/0/f34d419733050d8e37ecc66ebca63fe6.mp3*~data=user_id=0,application_id=42~hmac=e92151a5986b71e39b9a8840b727beef2c36d14c47529679e0bf13e5a684c0f9","On 1 list: 00s Hits"
"(thematic candidate)","","","","I Like (Jost & Grubert Radio Mix)","Keri Hilson","R&B The Collection Summer 2011","13018698","272232","218","false","https://www.deezer.com/us/track/13018698","https://cdnt-preview.dzcdn.net/api/1/1/d/b/d/0/dbdd239baf098b6f10a4f783bf7796c0.mp3?hdnea=exp=1781737741~acl=/api/1/1/d/b/d/0/dbdd239baf098b6f10a4f783bf7796c0.mp3*~data=user_id=0,application_id=42~hmac=cd744d9032b038e80fa0badce0be552e9d85f872dbe710a0fb2fbf2e4e6431ac","On 1 list: 00s Hits"
"(thematic candidate)","","","","Run for Cover","Sugababes","One Touch","437462532","271905","227","false","https://www.deezer.com/us/track/437462532","https://cdnt-preview.dzcdn.net/api/1/1/f/3/7/0/f37d2175d15306ae2197d595894b1f8e.mp3?hdnea=exp=1781737740~acl=/api/1/1/f/3/7/0/f37d2175d15306ae2197d595894b1f8e.mp3*~data=user_id=0,application_id=42~hmac=9856b37c49d772e7f4b6a27cb29d882bfc720fb1638f400a3e10da054cc4dfb1","On 1 list: 00s Hits"
"(thematic candidate)","","","","This Train Don't Stop There Anymore","Elton John","Songs From The West Coast","2495484","268082","279","false","https://www.deezer.com/us/track/2495484","https://cdnt-preview.dzcdn.net/api/1/1/6/6/e/0/66e3beae6512f841aec62c45b3c182bb.mp3?hdnea=exp=1781737742~acl=/api/1/1/6/6/e/0/66e3beae6512f841aec62c45b3c182bb.mp3*~data=user_id=0,application_id=42~hmac=d1d1f2d2b6463f4ec27cd399fced3bd656a92697749a1175ab06d64f3d91b1e7","On 1 list: 00s Hits"
"(thematic candidate)","","","","Talk To Me","Peaches","I Feel Cream","2996688","267749","185","true","https://www.deezer.com/us/track/2996688","https://cdnt-preview.dzcdn.net/api/1/1/5/d/0/0/5d04e3e595c3a676b83ff4e34fca65bc.mp3?hdnea=exp=1781737741~acl=/api/1/1/5/d/0/0/5d04e3e595c3a676b83ff4e34fca65bc.mp3*~data=user_id=0,application_id=42~hmac=6afb6cfb3b5f7ad193b2b5829352400d6837ba15375807a72d9c1654936b9ee0","On 1 list: 00s Hits"
