OriginalTitle,OriginalArtist,OriginalDeezerId,OriginalRank,AlternativeTitle,AlternativeArtist,AlternativeAlbum,AlternativeDeezerId,AlternativeRank,AlternativeDurationSec,AlternativeExplicit,DeezerTrackUrl,AlternativePreviewUrl,ConfidenceNote
"(thematic candidate)","","","","End Credits","Alan Silvestri","Avengers: Infinity War (Original Motion Picture Soundtrack / Deluxe Edition)","491889532","171767","451","false","https://www.deezer.com/us/track/491889532","https://cdnt-preview.dzcdn.net/api/1/1/9/4/1/0/941d87907a435580680de7e62d1cd929.mp3?hdnea=exp=1781458067~acl=/api/1/1/9/4/1/0/941d87907a435580680de7e62d1cd929.mp3*~data=user_id=0,application_id=42~hmac=7a41596cfa444edbcf4af8821839f44da58eecb07fa57fdb37ee2d1b6f83ae96","On 2 editorial lists"
"(thematic candidate)","","","","Gravity Falls Main Title Theme (from ""Gravity Falls"")","Brad Breeck","Gravity Falls Main Title Theme (from ""Gravity Falls"")","65360639","169968","43","false","https://www.deezer.com/us/track/65360639","https://cdnt-preview.dzcdn.net/api/1/1/b/8/f/0/b8febbbf410b7c27a91454562616e4d2.mp3?hdnea=exp=1781458063~acl=/api/1/1/b/8/f/0/b8febbbf410b7c27a91454562616e4d2.mp3*~data=user_id=0,application_id=42~hmac=2e8cd1eccbf49f7a0c410f480509f28f6df455bde212f299d0f6c3748d749cc5","On 2 editorial lists"
"(thematic candidate)","","","","Theme from Glass Onion","Nathan Johnson","Theme from Glass Onion","1972567727","75606","113","false","https://www.deezer.com/us/track/1972567727","https://cdnt-preview.dzcdn.net/api/1/1/2/2/5/0/22558524e8b34f42e2cf5ba7a3b936b1.mp3?hdnea=exp=1781458063~acl=/api/1/1/2/2/5/0/22558524e8b34f42e2cf5ba7a3b936b1.mp3*~data=user_id=0,application_id=42~hmac=c8bcc5fbf06a1953cf8aa0853c51ebd2fe2afa74f78fe3577f6d9bc07fab4b7b","On 2 editorial lists"
"(thematic candidate)","","","","Arthur's Theme (Best That You Can Do)","Christopher Cross","Arthur - The Album [Original Soundtrack]","3872734","687974","234","false","https://www.deezer.com/us/track/3872734","https://cdnt-preview.dzcdn.net/api/1/1/d/5/7/0/d57a468a90697a6793100319059215ce.mp3?hdnea=exp=1781458062~acl=/api/1/1/d/5/7/0/d57a468a90697a6793100319059215ce.mp3*~data=user_id=0,application_id=42~hmac=91d6b42cd6d960ef6202a1e68813a23089740bacd04f32859ae29402efd2ae06","On 1 list: Movie Songs"
"(thematic candidate)","","","","Across the Stars (Love Theme from ""Star Wars: Attack of the Clones"")","John Williams","Star Wars: L'Attaque des Clones (Bande Originale du Film)","493812712","687950","333","false","https://www.deezer.com/us/track/493812712","https://cdnt-preview.dzcdn.net/api/1/1/1/3/3/0/1336d850f07f873e7bb915d22e303d22.mp3?hdnea=exp=1781458064~acl=/api/1/1/1/3/3/0/1336d850f07f873e7bb915d22e303d22.mp3*~data=user_id=0,application_id=42~hmac=cb88d65c38cc2cd3ed0ee302347e2bd62f0e0069eab15432ceb3a3585b02a099","On 1 list: Soundtracks"
"(thematic candidate)","","","","Light of the Seven","Ramin Djawadi","Game of Thrones (Music from the HBO® Series - Season 6)","127563043","675059","589","false","https://www.deezer.com/us/track/127563043","https://cdnt-preview.dzcdn.net/api/1/1/c/8/1/0/c8193e73ab2c9b516041e431b5395933.mp3?hdnea=exp=1781458065~acl=/api/1/1/c/8/1/0/c8193e73ab2c9b516041e431b5395933.mp3*~data=user_id=0,application_id=42~hmac=b4ace040bcba8cf5a9bdbfc3bc4c350e50589869b9edad4f59ca15094bfeca0a","On 1 list: Soundtracks"
"(thematic candidate)","","","","Chase","Giorgio Moroder","Midnight Express (Original Motion Picture Soundtrack)","2446608","670370","506","false","https://www.deezer.com/us/track/2446608","https://cdnt-preview.dzcdn.net/api/1/1/5/8/b/0/58bdb417336c0acd14a2f1a9561bcc0c.mp3?hdnea=exp=1781458061~acl=/api/1/1/5/8/b/0/58bdb417336c0acd14a2f1a9561bcc0c.mp3*~data=user_id=0,application_id=42~hmac=db4ffa3cf52ef5aeccfdd3f66c5495d6e4d919dd2fff81e3a4c70146d68e98dc","On 1 list: Movie Songs"
"(thematic candidate)","","","","Tennessee","Hans Zimmer","Pearl Harbor - Original Motion Picture Soundtrack","3598719","664223","219","false","https://www.deezer.com/us/track/3598719","https://cdnt-preview.dzcdn.net/api/1/1/0/7/f/0/07ffe2d827d60f43d57c880359fa6902.mp3?hdnea=exp=1781458064~acl=/api/1/1/0/7/f/0/07ffe2d827d60f43d57c880359fa6902.mp3*~data=user_id=0,application_id=42~hmac=f599eff1a417212de6e1460dd10a1d437c902af81048c1f10b2cb3a94d51eab6","On 1 list: Soundtracks"
"(thematic candidate)","","","","My Heart Will Go On (Love Theme from ""Titanic"")","Céline Dion","Titanic: Original Motion Picture Soundtrack - Collector's Anniversary Edition","17000055","663997","310","false","https://www.deezer.com/us/track/17000055","https://cdnt-preview.dzcdn.net/api/1/1/c/b/c/0/cbcbe00dd0d860634c0778a2fb100249.mp3?hdnea=exp=1781458062~acl=/api/1/1/c/b/c/0/cbcbe00dd0d860634c0778a2fb100249.mp3*~data=user_id=0,application_id=42~hmac=1b071a2eba6c46511ea6594553451560b4c2df595f7c522cfd80b3c63393044d","On 1 list: Movie Songs"
"(thematic candidate)","","","","A Way of Life","Hans Zimmer","The Last Samurai: Original Motion Picture Score","3599180","645754","483","false","https://www.deezer.com/us/track/3599180","https://cdnt-preview.dzcdn.net/api/1/1/7/f/1/0/7f1841862e755f1b97160153d00b25f3.mp3?hdnea=exp=1781458066~acl=/api/1/1/7/f/1/0/7f1841862e755f1b97160153d00b25f3.mp3*~data=user_id=0,application_id=42~hmac=b40ddd62ac6f418241ded5589a1e35172bd67152ce4c31e1e03274bddeee0ff4","On 1 list: Soundtracks"
"(thematic candidate)","","","","The Sound Of Silence","Simon & Garfunkel","Trésors 60's","550288","637826","183","false","https://www.deezer.com/us/track/550288","https://cdnt-preview.dzcdn.net/api/1/1/a/a/1/0/aa1df787cbba17967622274770835d6f.mp3?hdnea=exp=1781458061~acl=/api/1/1/a/a/1/0/aa1df787cbba17967622274770835d6f.mp3*~data=user_id=0,application_id=42~hmac=f22a319d12398d97b91630f79711243287a827b3b443a0ce9749c0814920031d","On 1 list: Movie Songs"
"(thematic candidate)","","","","Chevaliers De Sangreal (From The Da Vinci Code Original Motion Picture Soundtrack)","Hans Zimmer","The Da Vinci Code","2511688","637613","247","false","https://www.deezer.com/us/track/2511688","https://cdnt-preview.dzcdn.net/api/1/1/d/0/d/0/d0d962b1a6a5f25a51255b8247c4d4ef.mp3?hdnea=exp=1781458064~acl=/api/1/1/d/0/d/0/d0d962b1a6a5f25a51255b8247c4d4ef.mp3*~data=user_id=0,application_id=42~hmac=5a88725acf709eb41f380bfe12f961ab67d7a43293bea33a9ec4b5703b628bd9","On 1 list: Soundtracks"
"(thematic candidate)","","","","Going The Distance (From ""Rocky"" Soundtrack / Remastered 2006)","Bill Conti","Rocky (Original Motion Picture Score)","99127212","635923","159","false","https://www.deezer.com/us/track/99127212","https://cdnt-preview.dzcdn.net/api/1/1/c/9/c/0/c9c6156cef6f08512b49bfd64443dac6.mp3?hdnea=exp=1781458063~acl=/api/1/1/c/9/c/0/c9c6156cef6f08512b49bfd64443dac6.mp3*~data=user_id=0,application_id=42~hmac=20e070c51b4351abda01b00d36595d599710ec8b0b51b3dd8f60db69f629fdaf","On 1 list: Movie Songs"
"(thematic candidate)","","","","Merry-Go-Round of Life (from 'Howl's Moving Castle')","Joe Hisaishi","Merry-Go-Round of Life (from 'Howl's Moving Castle')","872359722","634784","311","false","https://www.deezer.com/us/track/872359722","https://cdnt-preview.dzcdn.net/api/1/1/0/c/a/0/0ca5ca0a101d4cdb9bc03dc0256d92b2.mp3?hdnea=exp=1781458067~acl=/api/1/1/0/c/a/0/0ca5ca0a101d4cdb9bc03dc0256d92b2.mp3*~data=user_id=0,application_id=42~hmac=2977f660175fce01fab9be617c0150dee79ff585b12d6e78f94c7fe9081e909a","On 1 list: Soundtracks"
"(thematic candidate)","","","","One Summer Day","Joe Hisaishi","Spirited Away Soundtrack","1120335972","633571","189","false","https://www.deezer.com/us/track/1120335972","https://cdnt-preview.dzcdn.net/api/1/1/7/9/d/0/79d3b5d8d7ec48006a854b852cc12302.mp3?hdnea=exp=1781458066~acl=/api/1/1/7/9/d/0/79d3b5d8d7ec48006a854b852cc12302.mp3*~data=user_id=0,application_id=42~hmac=4e6441e42e130d8a0cebb246dbfc47a781db9201a4f3b765ff3c7bf43a352faf","On 1 list: Soundtracks"
"(thematic candidate)","","","","Kids","Kyle Dixon & Michael Stein","Stranger Things, Vol. 1 (A Netflix Original Series Soundtrack)","130871170","633234","158","false","https://www.deezer.com/us/track/130871170","https://cdnt-preview.dzcdn.net/api/1/1/d/e/b/0/debe0d4723622ddf46022863561922e7.mp3?hdnea=exp=1781458067~acl=/api/1/1/d/e/b/0/debe0d4723622ddf46022863561922e7.mp3*~data=user_id=0,application_id=42~hmac=a8f1fe20d273f434897b6b1d31424d5248c1bc6a1ae4a0008ea143d46668487b","On 1 list: Soundtracks"
"(thematic candidate)","","","","Gortoz A Ran","Denez Prigent","Black Hawk Down (Original Motion Picture Soundtrack)","548844302","631858","352","false","https://www.deezer.com/us/track/548844302","https://cdnt-preview.dzcdn.net/api/1/1/c/9/c/0/c9c43665be14ed4b3ba634029eb0a05e.mp3?hdnea=exp=1781458065~acl=/api/1/1/c/9/c/0/c9c43665be14ed4b3ba634029eb0a05e.mp3*~data=user_id=0,application_id=42~hmac=39d10b428d561ac5b443782014fc9b9fb0de9ca6b054361fd9c19e82062837a4","On 1 list: Soundtracks"
"(thematic candidate)","","","","The Last of Us","Gustavo Santaolalla","The Last of Us","67770820","629211","183","false","https://www.deezer.com/us/track/67770820","https://cdnt-preview.dzcdn.net/api/1/1/e/7/6/0/e7689259806c7f6a08a4627cb7f46d1e.mp3?hdnea=exp=1781458064~acl=/api/1/1/e/7/6/0/e7689259806c7f6a08a4627cb7f46d1e.mp3*~data=user_id=0,application_id=42~hmac=f13eb8236599d750a5bea765dcb6e0d95238cdc0c1d305e2e5f4965067174947","On 1 list: Soundtracks"
"(thematic candidate)","","","","La leçon particulière (Bande originale du film ""La leçon particulière"")","Francis Lai","Mayerling","1154988","625142","103","false","https://www.deezer.com/us/track/1154988","https://cdnt-preview.dzcdn.net/api/1/1/5/1/c/0/51ce0a69c62bf2d73af5aed6172d30bd.mp3?hdnea=exp=1781458064~acl=/api/1/1/5/1/c/0/51ce0a69c62bf2d73af5aed6172d30bd.mp3*~data=user_id=0,application_id=42~hmac=4f5cb8075fa35f1407d5285845c2d3abbb92e090450cb08c5534287e75f6da2c","On 1 list: Soundtracks"
"(thematic candidate)","","","","These Boots Are Made for Walkin'","Nancy Sinatra","Full Metal Jacket (Original Motion Picture Soundtrack)","4210321","621890","162","false","https://www.deezer.com/us/track/4210321","https://cdnt-preview.dzcdn.net/api/1/1/1/2/3/0/1230b7b3e55e28f860d3d9913c9eccca.mp3?hdnea=exp=1781458063~acl=/api/1/1/1/2/3/0/1230b7b3e55e28f860d3d9913c9eccca.mp3*~data=user_id=0,application_id=42~hmac=d54550c030ef74508ff634f32674e1d7fb40366d8796de3fc880b358512ca0e0","On 1 list: Movie Songs"
"(thematic candidate)","","","","Evenstar","Howard Shore","The Lord of the Rings: The Two Towers (Original Motion Picture Soundtrack)","783579","618962","195","false","https://www.deezer.com/us/track/783579","https://cdnt-preview.dzcdn.net/api/1/1/d/5/d/0/d5da1dfea4471e5c5f58b72ae4f3892a.mp3?hdnea=exp=1781458067~acl=/api/1/1/d/5/d/0/d5da1dfea4471e5c5f58b72ae4f3892a.mp3*~data=user_id=0,application_id=42~hmac=8635f9bbf42960b21b17fda3b420f02a518569a6837cd8efecc42990f43d1add","On 1 list: Soundtracks"
"(thematic candidate)","","","","Test Drive (From How To Train Your Dragon Music From The Motion Picture)","John Powell","How To Train Your Dragon (Music From The Motion Picture)","119437636","616871","155","false","https://www.deezer.com/us/track/119437636","https://cdnt-preview.dzcdn.net/api/1/1/8/6/b/0/86b9dee40a4522a7840ca0f57ef06ee1.mp3?hdnea=exp=1781458064~acl=/api/1/1/8/6/b/0/86b9dee40a4522a7840ca0f57ef06ee1.mp3*~data=user_id=0,application_id=42~hmac=b99231b528460cb822f4ffd5d2377b8becf1dc209263dac7928b35f0f157c0bb","On 1 list: Soundtracks"
"(thematic candidate)","","","","One Day","Hans Zimmer","Pirates Of The Caribbean: At World's End Original Soundtrack","3107999","616714","241","false","https://www.deezer.com/us/track/3107999","https://cdnt-preview.dzcdn.net/api/1/1/4/a/5/0/4a5ac5967ebe24bc1805f4bf52d8ebee.mp3?hdnea=exp=1781458064~acl=/api/1/1/4/a/5/0/4a5ac5967ebe24bc1805f4bf52d8ebee.mp3*~data=user_id=0,application_id=42~hmac=605f8bd84a84f703eadd7f33caca1ec815b1dcde704c8d1c5c321387b674c8ce","On 1 list: Soundtracks"
"(thematic candidate)","","","","Ghostbusters","Ray Parker, Jr.","Ghostbusters (Original Motion Picture Soundtrack) (2016)","128547767","607135","245","false","https://www.deezer.com/us/track/128547767","https://cdnt-preview.dzcdn.net/api/1/1/2/8/8/0/288712c8f4a2595c1bd085fe6aa329de.mp3?hdnea=exp=1781458062~acl=/api/1/1/2/8/8/0/288712c8f4a2595c1bd085fe6aa329de.mp3*~data=user_id=0,application_id=42~hmac=1fe9d77582c0217d63d02f61d276642b5e5c9e7c76633c4d719049b6720140d6","On 1 list: Movie Songs"
"(thematic candidate)","","","","Top Gun Anthem","Harold Faltermeyer","Top Gun: Maverick (Music From The Motion Picture)","1764283727","601961","148","false","https://www.deezer.com/us/track/1764283727","https://cdnt-preview.dzcdn.net/api/1/1/7/2/1/0/7216fb192d477b9c7294d82c10e47455.mp3?hdnea=exp=1781458061~acl=/api/1/1/7/2/1/0/7216fb192d477b9c7294d82c10e47455.mp3*~data=user_id=0,application_id=42~hmac=187d69a39b05e52d41a01bb86adeb9fecca3ec6dba45777d77db18f1b51656a8","On 1 list: Movie Songs"
"(thematic candidate)","","","","Up Is Down","Hans Zimmer","Pirates Of The Caribbean: At World's End Original Soundtrack","3107992","593153","162","false","https://www.deezer.com/us/track/3107992","https://cdnt-preview.dzcdn.net/api/1/1/3/1/2/0/312eae9aadca31ee504b6b6cc59c4bfb.mp3?hdnea=exp=1781458065~acl=/api/1/1/3/1/2/0/312eae9aadca31ee504b6b6cc59c4bfb.mp3*~data=user_id=0,application_id=42~hmac=33195fcf1799c9dfeca3c412203b6d02a9eafb83b285d937ed1f8bf88f2b9b32","On 1 list: Soundtracks"
"(thematic candidate)","","","","Lux Aeterna","Clint Mansell","Requiem for a Dream / OST","5416678","592499","234","false","https://www.deezer.com/us/track/5416678","https://cdnt-preview.dzcdn.net/api/1/1/4/c/9/0/4c9efae3396fb15d7e43604be14ab686.mp3?hdnea=exp=1781458064~acl=/api/1/1/4/c/9/0/4c9efae3396fb15d7e43604be14ab686.mp3*~data=user_id=0,application_id=42~hmac=baf9900e6c926c8f24dd84aaf20774bcaf82d584bca8a8655e26e28b2f66a168","On 1 list: Soundtracks"
"(thematic candidate)","","","","Django","Luis Bacalov","Quentin Tarantino’s Django Unchained Original Motion Picture Soundtrack","62953943","589355","173","false","https://www.deezer.com/us/track/62953943","https://cdnt-preview.dzcdn.net/api/1/1/9/5/0/0/950fe86d67216ec13b7dc6d9431279f5.mp3?hdnea=exp=1781458062~acl=/api/1/1/9/5/0/0/950fe86d67216ec13b7dc6d9431279f5.mp3*~data=user_id=0,application_id=42~hmac=0c5c32fd15a978838bb4e6dd8afd9b4feb7f30fd19fe30bb56bd7750641813f4","On 1 list: Movie Songs"
"(thematic candidate)","","","","Theme From Schindler's List","John Williams","Schindler's List","6066638","587383","254","false","https://www.deezer.com/us/track/6066638","https://cdnt-preview.dzcdn.net/api/1/1/b/f/5/0/bf54188934238d4d84b8bd7049a65c0e.mp3?hdnea=exp=1781458064~acl=/api/1/1/b/f/5/0/bf54188934238d4d84b8bd7049a65c0e.mp3*~data=user_id=0,application_id=42~hmac=1646726158b7056718a058700e91b6f1e077d76048e39f6fe9a10d0b7117527b","On 1 list: Soundtracks"
"(thematic candidate)","","","","Stranger Things","Kyle Dixon & Michael Stein","Stranger Things, Vol. 1 (A Netflix Original Series Soundtrack)","130871168","586023","67","false","https://www.deezer.com/us/track/130871168","https://cdnt-preview.dzcdn.net/api/1/1/b/a/f/0/baf83bd4347b8ff0d3ce23f95386bf1b.mp3?hdnea=exp=1781458065~acl=/api/1/1/b/a/f/0/baf83bd4347b8ff0d3ce23f95386bf1b.mp3*~data=user_id=0,application_id=42~hmac=597607f14828d23ee8050de6dd4df8a17d7f9429aff288d3ca28d72880b05694","On 1 list: Soundtracks"
"(thematic candidate)","","","","If I Had a Heart","Fever Ray","If I Had a Heart","69001869","583639","230","false","https://www.deezer.com/us/track/69001869","https://cdnt-preview.dzcdn.net/api/1/1/d/d/3/0/dd3dbc81ad4e2ad0700289bca3a28575.mp3?hdnea=exp=1781458065~acl=/api/1/1/d/d/3/0/dd3dbc81ad4e2ad0700289bca3a28575.mp3*~data=user_id=0,application_id=42~hmac=8d2266376886b9ed6f3179d74352e35948d275aef9ae8706c1553a42510c60e8","On 1 list: Soundtracks"
"(thematic candidate)","","","","FAIRY TAIL Main Theme","Yasuharu Takanashi","""Fairy Tail"" Original Soundtrack Vol.1","472517562","575258","152","false","https://www.deezer.com/us/track/472517562","https://cdnt-preview.dzcdn.net/api/1/1/0/4/a/0/04a68fc2c64aef25f08a98de1b3ae973.mp3?hdnea=exp=1781458066~acl=/api/1/1/0/4/a/0/04a68fc2c64aef25f08a98de1b3ae973.mp3*~data=user_id=0,application_id=42~hmac=47ce03f6d5314f0ad212f734e0d69d0d2e66e1fa07a94a1afbeffd50f2253806","On 1 list: Soundtracks"
"(thematic candidate)","","","","Eulogy","Kyle Dixon & Michael Stein","Stranger Things 2 (Soundtrack from the Netflix Original Series)","416643382","572878","219","false","https://www.deezer.com/us/track/416643382","https://cdnt-preview.dzcdn.net/api/1/1/3/9/b/0/39b7036af112d75f2d21c08689b3fbe3.mp3?hdnea=exp=1781458067~acl=/api/1/1/3/9/b/0/39b7036af112d75f2d21c08689b3fbe3.mp3*~data=user_id=0,application_id=42~hmac=c50e91060b923118561b0c5fe21fa25c09a9a98e4b70e264e4efc0501a902ef1","On 1 list: Soundtracks"
"(thematic candidate)","","","","Honor (Main Title Theme from ""The Pacific"")","Hans Zimmer","The Pacific (Music From the HBO Miniseries)","5610919","572531","176","false","https://www.deezer.com/us/track/5610919","https://cdnt-preview.dzcdn.net/api/1/1/e/9/1/0/e91e36f285c191ca1a86c481bdf7ebe0.mp3?hdnea=exp=1781458061~acl=/api/1/1/e/9/1/0/e91e36f285c191ca1a86c481bdf7ebe0.mp3*~data=user_id=0,application_id=42~hmac=e568e5034769e1cfcdac7c49a8f7dcb54de8c222ee2fa45d516445f2b9c3267a","On 1 list: Movie Songs"
"(thematic candidate)","","","","Main Title","Ramin Djawadi","Game Of Thrones (Music From The HBO Series)","117729426","566106","106","false","https://www.deezer.com/us/track/117729426","https://cdnt-preview.dzcdn.net/api/1/1/0/4/8/0/048771feaab752e417b8ca08e3ec1d24.mp3?hdnea=exp=1781458064~acl=/api/1/1/0/4/8/0/048771feaab752e417b8ca08e3ec1d24.mp3*~data=user_id=0,application_id=42~hmac=52658ff6376245b42be6e63e4b6ca6243adee98d44882def98cd478d76e8425d","On 1 list: Soundtracks"
"(thematic candidate)","","","","I'm Just Ken","Ryan Gosling","Barbie The Album","2373296535","564956","222","false","https://www.deezer.com/us/track/2373296535","https://cdnt-preview.dzcdn.net/api/1/1/9/c/2/0/9c2168274da0b8b3499aa04767ab1062.mp3?hdnea=exp=1781458063~acl=/api/1/1/9/c/2/0/9c2168274da0b8b3499aa04767ab1062.mp3*~data=user_id=0,application_id=42~hmac=f8c2e5cbd8604b86058753fa1db54ab920fb2cd986a2837d1606c3d44051b3a6","On 1 list: Movie Songs"
"(thematic candidate)","","","","Sadness and Sorrow","Musashi Project","NARUTO ORIGINAL SOUNDTRACK","1487544282","562312","179","false","https://www.deezer.com/us/track/1487544282","https://cdnt-preview.dzcdn.net/api/1/1/0/c/a/0/0cae1dc534112533f627dd46dd43a928.mp3?hdnea=exp=1781458066~acl=/api/1/1/0/c/a/0/0cae1dc534112533f627dd46dd43a928.mp3*~data=user_id=0,application_id=42~hmac=23885a7ecabee5094e744cedda7e8fae9ccb8cbba3491bda26b4ca169546fd0f","On 1 list: Soundtracks"
"(thematic candidate)","","","","Drink Up Me Hearties Yo Ho","Hans Zimmer","Pirates Of The Caribbean: At World's End Original Soundtrack","3108000","559340","271","false","https://www.deezer.com/us/track/3108000","https://cdnt-preview.dzcdn.net/api/1/1/6/5/4/0/65458712ba813c2cc2f345c6598fd16a.mp3?hdnea=exp=1781458066~acl=/api/1/1/6/5/4/0/65458712ba813c2cc2f345c6598fd16a.mp3*~data=user_id=0,application_id=42~hmac=cc72c70a88169f1498b16c31b1f712809bfb3c59422fbfca1cd1347f4e0847cc","On 1 list: Soundtracks"
"(thematic candidate)","","","","The Winds of Winter","Ramin Djawadi","Game of Thrones (Music from the HBO® Series - Season 6)","127563075","559295","209","false","https://www.deezer.com/us/track/127563075","https://cdnt-preview.dzcdn.net/api/1/1/1/5/3/0/153471dc37ce8fd4fafc5eb5a4a0ffb2.mp3?hdnea=exp=1781458067~acl=/api/1/1/1/5/3/0/153471dc37ce8fd4fafc5eb5a4a0ffb2.mp3*~data=user_id=0,application_id=42~hmac=8c45f2ab32dde10bf7190d908ca0c0fac4b2da858ed0972e8f3e39af9e6764c7","On 1 list: Soundtracks"
"(thematic candidate)","","","","Despair","Yasuharu Takanashi","NARUTO SHIPPUDEN ORIGINAL SOUNDTRACK","1487557812","557477","120","false","https://www.deezer.com/us/track/1487557812","https://cdnt-preview.dzcdn.net/api/1/1/1/1/b/0/11b58d0d17a6a2a6e482c28ec8626f3e.mp3?hdnea=exp=1781458066~acl=/api/1/1/1/1/b/0/11b58d0d17a6a2a6e482c28ec8626f3e.mp3*~data=user_id=0,application_id=42~hmac=52556ff654b0c76d8b2bc35feeb1490edcb6289947add0b5caf54eb85da58512","On 1 list: Soundtracks"
"(thematic candidate)","","","","Ezio's Family","Jesper Kyd","Assassin's Creed 2 (Original Game Soundtrack)","4602681","556794","237","false","https://www.deezer.com/us/track/4602681","https://cdnt-preview.dzcdn.net/api/1/1/a/6/5/0/a65d07fab4e7c5046ecfb60533e9fa32.mp3?hdnea=exp=1781458065~acl=/api/1/1/a/6/5/0/a65d07fab4e7c5046ecfb60533e9fa32.mp3*~data=user_id=0,application_id=42~hmac=db716d1d11583f9162f173200f22deb399bd3d6ab271e50a141a36937ed82cdb","On 1 list: Soundtracks"
"(thematic candidate)","","","","The Imitation Game","Alexandre Desplat","The Imitation Game (Original Motion Picture Soundtrack)","88725241","553595","157","false","https://www.deezer.com/us/track/88725241","https://cdnt-preview.dzcdn.net/api/1/1/d/f/b/0/dfb177cb37ca3c3f1d8c79bec966b237.mp3?hdnea=exp=1781458064~acl=/api/1/1/d/f/b/0/dfb177cb37ca3c3f1d8c79bec966b237.mp3*~data=user_id=0,application_id=42~hmac=5fa6498a704e3bf521bd9cd2453cf2a7768060bda0f0405fedf68b777692b12a","On 1 list: Soundtracks"
"(thematic candidate)","","","","Arrival to Earth","Steve Jablonsky","Transformers: The Score","3583337","553354","326","false","https://www.deezer.com/us/track/3583337","https://cdnt-preview.dzcdn.net/api/1/1/f/d/f/0/fdf860d448429a9959c34e3f8b1202ce.mp3?hdnea=exp=1781458064~acl=/api/1/1/f/d/f/0/fdf860d448429a9959c34e3f8b1202ce.mp3*~data=user_id=0,application_id=42~hmac=77efe443572b06563253d58a74990ec7ad66c865b80b3f835c2d93181ac315c1","On 1 list: Soundtracks"
"(thematic candidate)","","","","The Breaking of the Fellowship (feat. ""In Dreams"")","Howard Shore","The Lord of the Rings: The Fellowship of the Ring (Original Motion Picture Soundtrack)","14628831","550294","440","false","https://www.deezer.com/us/track/14628831","https://cdnt-preview.dzcdn.net/api/1/1/1/3/c/0/13c95daa478e8da35016e4d5b69e0a17.mp3?hdnea=exp=1781458064~acl=/api/1/1/1/3/c/0/13c95daa478e8da35016e4d5b69e0a17.mp3*~data=user_id=0,application_id=42~hmac=2f77809c725def1645831a1bc850e8fda7b3412c00562802f73b427a261642c7","On 1 list: Soundtracks"
"(thematic candidate)","","","","Harry's Wondrous World (Extended Version)","John Williams","Harry Potter and The Sorcerer's Stone Original Motion Picture Soundtrack","661749","548789","321","false","https://www.deezer.com/us/track/661749","https://cdnt-preview.dzcdn.net/api/1/1/7/7/a/0/77a17bca36b422e0fdcc1c2cac6fb4ab.mp3?hdnea=exp=1781458064~acl=/api/1/1/7/7/a/0/77a17bca36b422e0fdcc1c2cac6fb4ab.mp3*~data=user_id=0,application_id=42~hmac=d186061df1a3884560f4933466a188c7937e57da272c0d3b86c72db42dbe7153","On 1 list: Soundtracks"
"(thematic candidate)","","","","A Dark Knight","Hans Zimmer","The Dark Knight (Original Motion Picture Soundtrack)","904641","547142","975","false","https://www.deezer.com/us/track/904641","https://cdnt-preview.dzcdn.net/api/1/1/2/7/3/0/273a594aceab6bd97194db58767ebdb0.mp3?hdnea=exp=1781458067~acl=/api/1/1/2/7/3/0/273a594aceab6bd97194db58767ebdb0.mp3*~data=user_id=0,application_id=42~hmac=f169f5791478da98040197c4357dc4199c5e3de9b360bb03a5c36c87087b6491","On 1 list: Soundtracks"
"(thematic candidate)","","","","Xanadu","Olivia Newton-John","Xanadu - Original Motion Picture Soundtrack","13163936","547121","208","false","https://www.deezer.com/us/track/13163936","https://cdnt-preview.dzcdn.net/api/1/1/0/2/8/0/028ee7814982e8fe62a7a37774bb7597.mp3?hdnea=exp=1781458062~acl=/api/1/1/0/2/8/0/028ee7814982e8fe62a7a37774bb7597.mp3*~data=user_id=0,application_id=42~hmac=fe40ae652d0993bb8f69fbf5ec33e771cdb4cb987d44c55886aa02e7faaa0fca","On 1 list: Movie Songs"
"(thematic candidate)","","","","Alan Turing's Legacy (From ""The Imitation Game"" Soundtrack)","Alexandre Desplat","The Imitation Game (Original Motion Picture Soundtrack)","88725281","538311","115","false","https://www.deezer.com/us/track/88725281","https://cdnt-preview.dzcdn.net/api/1/1/9/2/8/0/9285b2565eb6cbf689b2315ee8d3872a.mp3?hdnea=exp=1781458066~acl=/api/1/1/9/2/8/0/9285b2565eb6cbf689b2315ee8d3872a.mp3*~data=user_id=0,application_id=42~hmac=ef278f96760572c708d217d9ee7837aa62ecd0da45877d7340f2991c94cba773","On 1 list: Soundtracks"
"(thematic candidate)","","","","Naruto Main Theme","Musashi Project","NARUTO ORIGINAL SOUNDTRACK","1487544412","535807","266","false","https://www.deezer.com/us/track/1487544412","https://cdnt-preview.dzcdn.net/api/1/1/9/b/5/0/9b5dd9dac8cc2aa6929eaa5b6d57da3e.mp3?hdnea=exp=1781458066~acl=/api/1/1/9/b/5/0/9b5dd9dac8cc2aa6929eaa5b6d57da3e.mp3*~data=user_id=0,application_id=42~hmac=40277c4d1f298648ec01f2dc69c6fca0981cf8f452e881200dba0eb43808ca7d","On 1 list: Soundtracks"
"(thematic candidate)","","","","Alice's Theme","Danny Elfman","Alice In Wonderland","5522837","532474","307","false","https://www.deezer.com/us/track/5522837","https://cdnt-preview.dzcdn.net/api/1/1/3/d/6/0/3d626fc2b3f3a2b9b69031eab6987de2.mp3?hdnea=exp=1781458065~acl=/api/1/1/3/d/6/0/3d626fc2b3f3a2b9b69031eab6987de2.mp3*~data=user_id=0,application_id=42~hmac=53c534ef3165495e574230f3de616762530be90e95352706d83ab9e8ee62853b","On 1 list: Soundtracks"
"(thematic candidate)","","","","Goodbye Brother","Ramin Djawadi","Game Of Thrones (Music From The HBO Series)","117729430","528711","187","false","https://www.deezer.com/us/track/117729430","https://cdnt-preview.dzcdn.net/api/1/1/4/5/3/0/453809438a3f4ab49f392fc6412f6c7b.mp3?hdnea=exp=1781458064~acl=/api/1/1/4/5/3/0/453809438a3f4ab49f392fc6412f6c7b.mp3*~data=user_id=0,application_id=42~hmac=b45a662b194a4ea79354f3c560dbfdc3319e5a4a33ffa4d04de2fc63cc10dcad","On 1 list: Soundtracks"
"(thematic candidate)","","","","A Gift Of A Thistle","James Horner","Braveheart (Original Motion Picture Soundtrack)","65442205","528130","98","false","https://www.deezer.com/us/track/65442205","https://cdnt-preview.dzcdn.net/api/1/1/5/0/3/0/503ed337baf717f5b8895b22e8ee995c.mp3?hdnea=exp=1781458064~acl=/api/1/1/5/0/3/0/503ed337baf717f5b8895b22e8ee995c.mp3*~data=user_id=0,application_id=42~hmac=02471dee8757919883becb8f97324f651276fd44312e8013b8c69f47ce4a52a5","On 1 list: Soundtracks"
"(thematic candidate)","","","","Becoming one of ""The People"" Becoming one with Neytiri","James Horner","AVATAR Music From The Motion Picture Music Composed and Conducted by James Horner","4828156","526709","463","false","https://www.deezer.com/us/track/4828156","https://cdnt-preview.dzcdn.net/api/1/1/2/7/6/0/276352e65ab96f0b709a0113341f33d6.mp3?hdnea=exp=1781458066~acl=/api/1/1/2/7/6/0/276352e65ab96f0b709a0113341f33d6.mp3*~data=user_id=0,application_id=42~hmac=7ee8dbebf3311c9d2ba8ba2c9e722adf01223e448b21dd6285d59f8398f6b8e1","On 1 list: Soundtracks"
"(thematic candidate)","","","","Un homme et une femme (Instrumental)","Francis Lai","Un homme et une femme (Original Motion Picture Soundtrack)","49634641","526299","162","false","https://www.deezer.com/us/track/49634641","https://cdnt-preview.dzcdn.net/api/1/1/1/b/b/0/1bb34b87f57c979a34e21b85f064f17c.mp3?hdnea=exp=1781458061~acl=/api/1/1/1/b/b/0/1bb34b87f57c979a34e21b85f064f17c.mp3*~data=user_id=0,application_id=42~hmac=885396f711ec1f8a1b27affabb635b4b8779a5f7cbfcaa5cda18ff93f7ad3908","On 1 list: Movie Songs"
"(thematic candidate)","","","","Mission Impossible - Main Theme","Danny Elfman","Mission Impossible (Music From The Original Motion Picture Score)","2436630","524978","63","false","https://www.deezer.com/us/track/2436630","https://cdnt-preview.dzcdn.net/api/1/1/c/8/1/0/c8148aba3fedfd10b04f2ad430e711e6.mp3?hdnea=exp=1781458063~acl=/api/1/1/c/8/1/0/c8148aba3fedfd10b04f2ad430e711e6.mp3*~data=user_id=0,application_id=42~hmac=609249a037d543efad85571d0f4b31665c64a4795fe4da918108d22db66e2c2f","On 1 list: Movie Songs"
"(thematic candidate)","","","","Succession - Andante Risoluto","Nicholas Britell","Succession: Season 4 (HBO Original Series Soundtrack)","2299751175","524667","148","false","https://www.deezer.com/us/track/2299751175","https://cdnt-preview.dzcdn.net/api/1/1/5/7/9/0/579acf80fa4b6be83a5e507090c7e00b.mp3?hdnea=exp=1781458067~acl=/api/1/1/5/7/9/0/579acf80fa4b6be83a5e507090c7e00b.mp3*~data=user_id=0,application_id=42~hmac=bc84ccbb126e83d6a8a795d2c481455126e668f8872f3a8bd3c24dcbf1b21ea0","On 1 list: Soundtracks"
"(thematic candidate)","","","","Kung Fu Fighting","Cee-Lo","Kung Fu Panda (Original Motion Picture Soundtrack)","623727802","524579","150","false","https://www.deezer.com/us/track/623727802","https://cdnt-preview.dzcdn.net/api/1/1/f/1/d/0/f1d768e5050407d2a2956bbfd67282e2.mp3?hdnea=exp=1781458063~acl=/api/1/1/f/1/d/0/f1d768e5050407d2a2956bbfd67282e2.mp3*~data=user_id=0,application_id=42~hmac=1bd01bfaa22aa6d37cf5d4ecbe07ff9329ece5120beded5ef769419bbebc9bc6","On 1 list: Movie Songs"
"(thematic candidate)","","","","You’re Where You Belong / Give ‘Em Hell","Harold Faltermeyer","Top Gun: Maverick (Music From The Motion Picture)","1764283657","524326","346","false","https://www.deezer.com/us/track/1764283657","https://cdnt-preview.dzcdn.net/api/1/1/d/a/8/0/da843e891f8a7c46a5b7e72452123d85.mp3?hdnea=exp=1781458064~acl=/api/1/1/d/a/8/0/da843e891f8a7c46a5b7e72452123d85.mp3*~data=user_id=0,application_id=42~hmac=ffe7ede104f9082b3b90df3476d38555619bfaee9da169476876ddb6c1b7d3c8","On 1 list: Soundtracks"
"(thematic candidate)","","","","A Window to the Past","John Williams","Harry Potter and the Prisoner of Azkaban / Original Motion Picture Soundtrack","2794921","523459","234","false","https://www.deezer.com/us/track/2794921","https://cdnt-preview.dzcdn.net/api/1/1/d/5/6/0/d562ab6630284bb2b886b48819ffd2f7.mp3?hdnea=exp=1781458065~acl=/api/1/1/d/5/6/0/d562ab6630284bb2b886b48819ffd2f7.mp3*~data=user_id=0,application_id=42~hmac=0984c149e350678d68e5cef5235cad1b9f1dee496b69a6d87631b34016768e14","On 1 list: Soundtracks"
"(thematic candidate)","","","","The Boss","James Brown","Black Caesar","1090063","518422","194","false","https://www.deezer.com/us/track/1090063","https://cdnt-preview.dzcdn.net/api/1/1/3/c/9/0/3c947d74021808b8a7de988fb6d8360f.mp3?hdnea=exp=1781458061~acl=/api/1/1/3/c/9/0/3c947d74021808b8a7de988fb6d8360f.mp3*~data=user_id=0,application_id=42~hmac=d647404b2b4768c51a2621621224296a332220d8ab00a877c3cc5d1f6fc54a5a","On 1 list: Movie Songs"
"(thematic candidate)","","","","You've Got a Friend in Me","Randy Newman","Toy Story (Original Motion Picture Soundtrack)","6813638","517429","125","false","https://www.deezer.com/us/track/6813638","https://cdnt-preview.dzcdn.net/api/1/1/b/d/5/0/bd528c66944ae1ee1a9ed8741e0d0cd5.mp3?hdnea=exp=1781458061~acl=/api/1/1/b/d/5/0/bd528c66944ae1ee1a9ed8741e0d0cd5.mp3*~data=user_id=0,application_id=42~hmac=6625255a4cadef9f83f0e392823c75170e8bb4c6b88ca7828b31381bd93a2ef0","On 1 list: Movie Songs"
"(thematic candidate)","","","","Fireworks","Nicholas Hooper","Harry Potter And The Order Of The Phoenix (Original Motion Picture Soundtrack)","679859","516596","105","false","https://www.deezer.com/us/track/679859","https://cdnt-preview.dzcdn.net/api/1/1/a/7/d/0/a7d129a4b9cf454adcece6ba1a9cd185.mp3?hdnea=exp=1781458065~acl=/api/1/1/a/7/d/0/a7d129a4b9cf454adcece6ba1a9cd185.mp3*~data=user_id=0,application_id=42~hmac=a3a47e356b8473e24e52a85fd457554e2129c3a3b4a38deda614e8a1317f74d9","On 1 list: Soundtracks"
"(thematic candidate)","","","","Loneliness","Yasuharu Takanashi","NARUTO SHIPPUDEN ORIGINAL SOUNDTRACK","1487557752","516575","126","false","https://www.deezer.com/us/track/1487557752","https://cdnt-preview.dzcdn.net/api/1/1/1/7/8/0/17873fea125ed104954af9de1258bcfd.mp3?hdnea=exp=1781458066~acl=/api/1/1/1/7/8/0/17873fea125ed104954af9de1258bcfd.mp3*~data=user_id=0,application_id=42~hmac=cb1383daced638d6b4f836fc46f1b54bc9f5ac9788f9953dbe39275d39c88308","On 1 list: Soundtracks"
"(thematic candidate)","","","","Dream Is Collapsing","Hans Zimmer","Inception (Music from the Motion Picture)","6524407","515581","143","false","https://www.deezer.com/us/track/6524407","https://cdnt-preview.dzcdn.net/api/1/1/a/5/a/0/a5a9c98bfcd06cb4ff836022cf025bb3.mp3?hdnea=exp=1781458064~acl=/api/1/1/a/5/a/0/a5a9c98bfcd06cb4ff836022cf025bb3.mp3*~data=user_id=0,application_id=42~hmac=410f9da466ff31d6facdd6d490ace5aacf82275d266123efe1c7c3b21d8d935c","On 1 list: Soundtracks"
"(thematic candidate)","","","","Hoist the Colours","Hans Zimmer","Pirates Of The Caribbean: At World's End Original Soundtrack","3107988","513314","91","false","https://www.deezer.com/us/track/3107988","https://cdnt-preview.dzcdn.net/api/1/1/7/e/c/0/7ecba0d444c4aa92d17c38789f653276.mp3?hdnea=exp=1781458066~acl=/api/1/1/7/e/c/0/7ecba0d444c4aa92d17c38789f653276.mp3*~data=user_id=0,application_id=42~hmac=bea2023b39a532f20ddb742917e97adaca10b9cd1ca079913338f732f14010cd","On 1 list: Soundtracks"
"(thematic candidate)","","","","The James Bond Theme (From ""Dr. No"")","John Barry","The Music Of John Barry","1037326","512271","172","false","https://www.deezer.com/us/track/1037326","https://cdnt-preview.dzcdn.net/api/1/1/d/3/9/0/d392f9d0efd739e3b1a26155e171a692.mp3?hdnea=exp=1781458062~acl=/api/1/1/d/3/9/0/d392f9d0efd739e3b1a26155e171a692.mp3*~data=user_id=0,application_id=42~hmac=b8e73b2cda13c5c869009ba8269ae39c95673c007f0c0f9bf8b7e58bc70317cd","On 1 list: Movie Songs"
"(thematic candidate)","","","","A Narnia Lullaby","Harry Gregson-Williams","The Chronicles of Narnia: The Lion, The Witch and The Wardrobe (Original Motion Picture Soundtrack)","11233264","511920","72","false","https://www.deezer.com/us/track/11233264","https://cdnt-preview.dzcdn.net/api/1/1/e/6/7/0/e67b179c14cd1bcf4ef44594566034b8.mp3?hdnea=exp=1781458066~acl=/api/1/1/e/6/7/0/e67b179c14cd1bcf4ef44594566034b8.mp3*~data=user_id=0,application_id=42~hmac=e446286642d6d09caba4f07f0fe3702cc46b9056ab4ed05663bac09990f2fe5d","On 1 list: Soundtracks"
"(thematic candidate)","","","","Dance of the Druids (feat. Raya Yarbrough)","Bear McCreary","Outlander: Season 1, Vol. 1 (Original Television Soundtrack)","93764872","508956","278","false","https://www.deezer.com/us/track/93764872","https://cdnt-preview.dzcdn.net/api/1/1/9/4/f/0/94f01422be3cb55de393650a47425063.mp3?hdnea=exp=1781458066~acl=/api/1/1/9/4/f/0/94f01422be3cb55de393650a47425063.mp3*~data=user_id=0,application_id=42~hmac=e36b2483cc261d44e75622fe50f763f155e3241eb940f1165608710627efcf60","On 1 list: Soundtracks"
"(thematic candidate)","","","","Marianelli: Dawn (From ""Pride & Prejudice"" Soundtrack)","Jean-Yves Thibaudet","Pride and Prejudice - OST","2949927","508923","155","false","https://www.deezer.com/us/track/2949927","https://cdnt-preview.dzcdn.net/api/1/1/a/b/b/0/abb5dfb91d11f6441a48d96b81ca6bc6.mp3?hdnea=exp=1781458064~acl=/api/1/1/a/b/b/0/abb5dfb91d11f6441a48d96b81ca6bc6.mp3*~data=user_id=0,application_id=42~hmac=73ea451c744c530cbf0651c4ecf5b1e3c8b1dfd7b619da9dd6bf29f2d6bbc0ab","On 1 list: Soundtracks"
"(thematic candidate)","","","","Clavar La Espada","Shiro Sagisu","TV Animation BLEACH Original Soundtrack 3","1920192287","507989","219","false","https://www.deezer.com/us/track/1920192287","https://cdnt-preview.dzcdn.net/api/1/1/8/1/7/0/8172745a9233ee52b6ac99b5230721c3.mp3?hdnea=exp=1781458067~acl=/api/1/1/8/1/7/0/8172745a9233ee52b6ac99b5230721c3.mp3*~data=user_id=0,application_id=42~hmac=42a6c0c5488180d88eea6dec4c8a70de0461d495476fdbe4156e2d1a19925652","On 1 list: Soundtracks"
"(thematic candidate)","","","","Earth","Gavin Greenaway","Gladiator - Music From The Motion Picture","3055962","507276","181","false","https://www.deezer.com/us/track/3055962","https://cdnt-preview.dzcdn.net/api/1/1/4/4/6/0/4465029ba7185f19263db7b88f2828aa.mp3?hdnea=exp=1781458064~acl=/api/1/1/4/4/6/0/4465029ba7185f19263db7b88f2828aa.mp3*~data=user_id=0,application_id=42~hmac=cd33d87142d9461b80134b7dc2cd2f24707e68f0e7ac16f3ab5485222ddde880","On 1 list: Soundtracks"
"(thematic candidate)","","","","Romantic Flight (From How To Train Your Dragon Music From The Motion Picture)","John Powell","How To Train Your Dragon (Music From The Motion Picture)","119437644","506985","115","false","https://www.deezer.com/us/track/119437644","https://cdnt-preview.dzcdn.net/api/1/1/0/9/a/0/09a822deb1b726fb1206aa4b44391e05.mp3?hdnea=exp=1781458065~acl=/api/1/1/0/9/a/0/09a822deb1b726fb1206aa4b44391e05.mp3*~data=user_id=0,application_id=42~hmac=8e0af4335de7323713f84f92e76ce7622cebda3d98a90e2caecf573248f24364","On 1 list: Soundtracks"
"(thematic candidate)","","","","Welcome To Jurassic Park","John Williams","Jurassic Park","2296197","494529","474","false","https://www.deezer.com/us/track/2296197","https://cdnt-preview.dzcdn.net/api/1/1/0/5/2/0/05239f15ded625e62280cb77889b8338.mp3?hdnea=exp=1781458063~acl=/api/1/1/0/5/2/0/05239f15ded625e62280cb77889b8338.mp3*~data=user_id=0,application_id=42~hmac=3594b9801b7fd89fcd8915501994e09945b746755f3f5149b450356351112908","On 1 list: Movie Songs"
"(thematic candidate)","","","","A Small Measure of Peace","Hans Zimmer","The Last Samurai: Original Motion Picture Score","3599190","494499","479","false","https://www.deezer.com/us/track/3599190","https://cdnt-preview.dzcdn.net/api/1/1/c/6/0/0/c606b6489cafee8a891d65ba02892eeb.mp3?hdnea=exp=1781458067~acl=/api/1/1/c/6/0/0/c606b6489cafee8a891d65ba02892eeb.mp3*~data=user_id=0,application_id=42~hmac=7de366ffcc573fdd7be692a47ac87b45aa95b7923f624e9d32b8c1192dea7296","On 1 list: Soundtracks"
"(thematic candidate)","","","","Autobots","Steve Jablonsky","Transformers: The Score","3583326","492629","153","false","https://www.deezer.com/us/track/3583326","https://cdnt-preview.dzcdn.net/api/1/1/e/d/d/0/edd66a7d0922c91389245f643e085d60.mp3?hdnea=exp=1781458066~acl=/api/1/1/e/d/d/0/edd66a7d0922c91389245f643e085d60.mp3*~data=user_id=0,application_id=42~hmac=5653b7ca95b22d98c51a6fb76a5eeb7dd5fbd42e95a18c55b84ffcde221143f8","On 1 list: Soundtracks"
"(thematic candidate)","","","","The Black Pearl","Klaus Badelt","Pirates Of The Caribbean Original Soundtrack","3117919","490555","139","false","https://www.deezer.com/us/track/3117919","https://cdnt-preview.dzcdn.net/api/1/1/6/d/b/0/6db3c006d2f0f64ffe699fdacb7764b2.mp3?hdnea=exp=1781458064~acl=/api/1/1/6/d/b/0/6db3c006d2f0f64ffe699fdacb7764b2.mp3*~data=user_id=0,application_id=42~hmac=a67a077a0ecc02decca849d30586c497f40c0021c3be301915d736b7b7c1d226","On 1 list: Soundtracks"
"(thematic candidate)","","","","Prologue: One Ring to Rule Them All","Howard Shore","The Lord of the Rings: The Fellowship of the Ring - the Complete Recordings","483262832","490538","436","false","https://www.deezer.com/us/track/483262832","https://cdnt-preview.dzcdn.net/api/1/1/3/a/e/0/3aed583398cc1fe2e4a8c62537a6b459.mp3?hdnea=exp=1781458061~acl=/api/1/1/3/a/e/0/3aed583398cc1fe2e4a8c62537a6b459.mp3*~data=user_id=0,application_id=42~hmac=e5c1ba40b64d4d1545a72cee63878375173d5507a7ea65c277ad46ab8301bbc3","On 1 list: Movie Songs"
"(thematic candidate)","","","","Dumbledore's Army","Nicholas Hooper","Harry Potter And The Order Of The Phoenix (Original Motion Picture Soundtrack)","679866","489412","160","false","https://www.deezer.com/us/track/679866","https://cdnt-preview.dzcdn.net/api/1/1/e/4/d/0/e4d121b4b68a86016a7afa6510eb8b95.mp3?hdnea=exp=1781458065~acl=/api/1/1/e/4/d/0/e4d121b4b68a86016a7afa6510eb8b95.mp3*~data=user_id=0,application_id=42~hmac=7246a9086f99ebec9151f1cbc0bcd7b626bb7c43d3a29f07499e612c3558c8ed","On 1 list: Soundtracks"
"(thematic candidate)","","","","My Name Is Barbossa","Geoff Zanelli","Pirates of the Caribbean: Dead Men Tell No Tales (Original Motion Picture Soundtrack)","363779021","488178","333","false","https://www.deezer.com/us/track/363779021","https://cdnt-preview.dzcdn.net/api/1/1/e/d/f/0/edf569b71405a41250c7550adb49d5e3.mp3?hdnea=exp=1781458065~acl=/api/1/1/e/d/f/0/edf569b71405a41250c7550adb49d5e3.mp3*~data=user_id=0,application_id=42~hmac=afab4ce2f65c1a5bd6e85d9ebca6db3241e78085ce226c8bbf75f4ec6497924b","On 1 list: Soundtracks"
"(thematic candidate)","","","","The Medallion Calls","Klaus Badelt","Pirates Of The Caribbean Original Soundtrack","3117918","485495","115","false","https://www.deezer.com/us/track/3117918","https://cdnt-preview.dzcdn.net/api/1/1/8/c/a/0/8ca7e3fb738230119b948a0b3ee53ec5.mp3?hdnea=exp=1781458064~acl=/api/1/1/8/c/a/0/8ca7e3fb738230119b948a0b3ee53ec5.mp3*~data=user_id=0,application_id=42~hmac=4fff5696196dc6a7dee41d8110e5b79ab91cb69871670b44b51bb9409d6209ad","On 1 list: Soundtracks"
"(thematic candidate)","","","","Theme From Love Story","Francis Lai","Love Story","1098104","485315","200","false","https://www.deezer.com/us/track/1098104","https://cdnt-preview.dzcdn.net/api/1/1/6/2/b/0/62b2975f1bb5d15038bf0ff4c2c0914a.mp3?hdnea=exp=1781458061~acl=/api/1/1/6/2/b/0/62b2975f1bb5d15038bf0ff4c2c0914a.mp3*~data=user_id=0,application_id=42~hmac=8d82f3ecfd42a338b9aa137e6fd8be67c3b4f781a2e144161ceb54b4818592cd","On 1 list: Movie Songs"
"(thematic candidate)","","","","L no Theme","Hideki Taniuchi","DEATH NOTE Original Soundtrack","2665292252","484632","184","false","https://www.deezer.com/us/track/2665292252","https://cdnt-preview.dzcdn.net/api/1/1/6/d/5/0/6d547991344248a8988990239b17e234.mp3?hdnea=exp=1781458067~acl=/api/1/1/6/d/5/0/6d547991344248a8988990239b17e234.mp3*~data=user_id=0,application_id=42~hmac=ba1138c334028b03bb1d8e5ebe1c56e8c4f3c7f30b680e9c87ced52011159a95","On 1 list: Soundtracks"
"(thematic candidate)","","","","The Name's Bond... James Bond (From ""Casino Royale"" Soundtrack) (Album Version)","David Arnold","Casino Royale [International Version]","13148256","484414","170","false","https://www.deezer.com/us/track/13148256","https://cdnt-preview.dzcdn.net/api/1/1/8/b/a/0/8bae5c396a3188cedd2de8cf2d072c33.mp3?hdnea=exp=1781458065~acl=/api/1/1/8/b/a/0/8bae5c396a3188cedd2de8cf2d072c33.mp3*~data=user_id=0,application_id=42~hmac=4ea9be4e346c1ef05d986a155b78850233a96edcf4492af5d0561d196b8ba29c","On 1 list: Soundtracks"
"(thematic candidate)","","","","Forbidden Friendship","John Powell","How To Train Your Dragon (Music From The Motion Picture)","119437630","482548","250","false","https://www.deezer.com/us/track/119437630","https://cdnt-preview.dzcdn.net/api/1/1/4/4/a/0/44a70d587ae09930574a10edab6ba991.mp3?hdnea=exp=1781458064~acl=/api/1/1/4/4/a/0/44a70d587ae09930574a10edab6ba991.mp3*~data=user_id=0,application_id=42~hmac=75f893d6fb4c7e4ad76e55c5a2e9656b4f2749fd5d55d96424fa8a29815e7666","On 1 list: Soundtracks"
"(thematic candidate)","","","","Sayuri's Theme (From ""Memoirs of a Geisha"" Soundtrack)","John Williams","Memoirs of a Geisha","8164705","482194","91","false","https://www.deezer.com/us/track/8164705","https://cdnt-preview.dzcdn.net/api/1/1/f/3/9/0/f39fff16461f90cf3f25440e8f8b34eb.mp3?hdnea=exp=1781458064~acl=/api/1/1/f/3/9/0/f39fff16461f90cf3f25440e8f8b34eb.mp3*~data=user_id=0,application_id=42~hmac=93b187ff7aae69706ee92b33e47f03995e29f7b7ebe2435f75c063e9a23b3188","On 1 list: Soundtracks"
"(thematic candidate)","","","","The Rising Fighting Spirit","Musashi Project","NARUTO ORIGINAL SOUNDTRACK","1487544272","481044","96","false","https://www.deezer.com/us/track/1487544272","https://cdnt-preview.dzcdn.net/api/1/1/b/0/2/0/b02fa70289eb8bd5f96e9914a79d2045.mp3?hdnea=exp=1781458066~acl=/api/1/1/b/0/2/0/b02fa70289eb8bd5f96e9914a79d2045.mp3*~data=user_id=0,application_id=42~hmac=5f02a78f98e236ae7271164b0938c8561a987a68da14126b62f7bcb7bc19bb5d","On 1 list: Soundtracks"
"(thematic candidate)","","","","The Bridge of Khazad Dum","Howard Shore","The Lord of the Rings: The Fellowship of the Ring (Original Motion Picture Soundtrack)","14628827","478396","357","false","https://www.deezer.com/us/track/14628827","https://cdnt-preview.dzcdn.net/api/1/1/b/f/4/0/bf4483ff11e5d3e0fc3978486739f78a.mp3?hdnea=exp=1781458065~acl=/api/1/1/b/f/4/0/bf4483ff11e5d3e0fc3978486739f78a.mp3*~data=user_id=0,application_id=42~hmac=62819cdfe608022316f763135cba80644948aa98c4f01474076863f5806c8926","On 1 list: Soundtracks"
"(thematic candidate)","","","","Harry in Winter","Patrick Doyle","Harry Potter And The Goblet Of Fire (Original Motion Picture Soundtrack)","789587","477665","174","false","https://www.deezer.com/us/track/789587","https://cdnt-preview.dzcdn.net/api/1/1/0/0/5/0/0058cd8eb4852d27ba5197505c8ddfc8.mp3?hdnea=exp=1781458064~acl=/api/1/1/0/0/5/0/0058cd8eb4852d27ba5197505c8ddfc8.mp3*~data=user_id=0,application_id=42~hmac=b49bdfec4fd9ed1f9720748457b01cad4208ce2eddbdcfcb9bd40f1a90591ae0","On 1 list: Soundtracks"
"(thematic candidate)","","","","A Lannister Always Pays His Debts","Ramin Djawadi","Game Of Thrones: Season 3 (Music from the HBO Series)","647826112","476945","170","false","https://www.deezer.com/us/track/647826112","https://cdnt-preview.dzcdn.net/api/1/1/4/1/6/0/416c85af7797e1fca0c13d9b7632d0eb.mp3?hdnea=exp=1781458064~acl=/api/1/1/4/1/6/0/416c85af7797e1fca0c13d9b7632d0eb.mp3*~data=user_id=0,application_id=42~hmac=280b18d074173b006539375516e91194625f959fd3c582860805af010a4e36ed","On 1 list: Soundtracks"
"(thematic candidate)","","","","Gollum's Song","Emiliana Torrini","The Lord of the Rings: The Two Towers (Original Motion Picture Soundtrack)","783658","476338","351","false","https://www.deezer.com/us/track/783658","https://cdnt-preview.dzcdn.net/api/1/1/9/f/b/0/9fbb38097c1cce3613910ef40c8f09ce.mp3?hdnea=exp=1781458062~acl=/api/1/1/9/f/b/0/9fbb38097c1cce3613910ef40c8f09ce.mp3*~data=user_id=0,application_id=42~hmac=06f2799b785912979d18d17d3be63b7818cc4b5967ea06424ef80fcbed6adda4","On 1 list: Movie Songs"
"(thematic candidate)","","","","Manhattan Project","Ludwig Göransson","Oppenheimer (Original Motion Picture Soundtrack)","2364462375","475164","181","false","https://www.deezer.com/us/track/2364462375","https://cdnt-preview.dzcdn.net/api/1/1/f/5/f/0/f5f3594ad45aae4020dfbfc468010ecf.mp3?hdnea=exp=1781458067~acl=/api/1/1/f/5/f/0/f5f3594ad45aae4020dfbfc468010ecf.mp3*~data=user_id=0,application_id=42~hmac=46fb5c5fbe43a32885d6bb2a86125dd1c1e0f58d2e7b2a98153b66475f64f2de","On 1 list: Soundtracks"
"(thematic candidate)","","","","Blood of My Blood","Ramin Djawadi","Game of Thrones (Music from the HBO® Series - Season 6)","127563041","474926","215","false","https://www.deezer.com/us/track/127563041","https://cdnt-preview.dzcdn.net/api/1/1/8/7/e/0/87e2e2844d3196cd70bca5d1b58f8d3b.mp3?hdnea=exp=1781458067~acl=/api/1/1/8/7/e/0/87e2e2844d3196cd70bca5d1b58f8d3b.mp3*~data=user_id=0,application_id=42~hmac=a1e2ebb7be9a10e6ff32cb9cee250a06b40e08ccf2e4c70a1c821ecf358f5fa4","On 1 list: Soundtracks"
"(thematic candidate)","","","","Destroyer Of Worlds","Ludwig Göransson","Oppenheimer (Original Motion Picture Soundtrack)","2364462525","473305","174","false","https://www.deezer.com/us/track/2364462525","https://cdnt-preview.dzcdn.net/api/1/1/e/6/1/0/e61bf326d6e6e616cb8c69d8880cb39f.mp3?hdnea=exp=1781458067~acl=/api/1/1/e/6/1/0/e61bf326d6e6e616cb8c69d8880cb39f.mp3*~data=user_id=0,application_id=42~hmac=eb596240083fe7a5d1e78db7ede994c3690531556648b5b3ef2101345ffd5953","On 1 list: Soundtracks"
"(thematic candidate)","","","","Natsu's Theme","Yasuharu Takanashi","""Fairy Tail"" Original Soundtrack Vol.1","472517682","472999","115","false","https://www.deezer.com/us/track/472517682","https://cdnt-preview.dzcdn.net/api/1/1/f/2/f/0/f2f4471dfe1662b955a99a8e43d99cab.mp3?hdnea=exp=1781458066~acl=/api/1/1/f/2/f/0/f2f4471dfe1662b955a99a8e43d99cab.mp3*~data=user_id=0,application_id=42~hmac=93990fc86991b59d5c50f26f6d579f88c45f6c68fe20f86feb658a761465091c","On 1 list: Soundtracks"
"(thematic candidate)","","","","Winterfell","Ramin Djawadi","Game Of Thrones: Season 2 (Music From The HBO Series)","117729500","471583","162","false","https://www.deezer.com/us/track/117729500","https://cdnt-preview.dzcdn.net/api/1/1/8/0/f/0/80fffeef009d0d2f8a542edea638f4df.mp3?hdnea=exp=1781458067~acl=/api/1/1/8/0/f/0/80fffeef009d0d2f8a542edea638f4df.mp3*~data=user_id=0,application_id=42~hmac=aeac1eef1b2869d48143b8471401ecc63ca34acb26cf5f38d1e8c6f53bc7394e","On 1 list: Soundtracks"
"(thematic candidate)","","","","Married Life","Michael Giacchino","Up (Original Motion Picture Soundtrack)","4232526","471495","251","false","https://www.deezer.com/us/track/4232526","https://cdnt-preview.dzcdn.net/api/1/1/e/0/f/0/e0fd9f6ee8c1d595b4bff3c16697de8b.mp3?hdnea=exp=1781458065~acl=/api/1/1/e/0/f/0/e0fd9f6ee8c1d595b4bff3c16697de8b.mp3*~data=user_id=0,application_id=42~hmac=be0c9bea0c8b26fe08be2c02f8ec1373e29fe67ae2954c0b139e06fce3af69a9","On 1 list: Soundtracks"
"(thematic candidate)","","","","Justice","Patrick Doyle","Murder on the Orient Express (Original Motion Picture Soundtrack)","418164392","470569","569","false","https://www.deezer.com/us/track/418164392","https://cdnt-preview.dzcdn.net/api/1/1/8/3/c/0/83c68b708e90a89c48d6feab1c0ef818.mp3?hdnea=exp=1781458065~acl=/api/1/1/8/3/c/0/83c68b708e90a89c48d6feab1c0ef818.mp3*~data=user_id=0,application_id=42~hmac=479b9effc7f71ef61e0c49960986313398360d9dd09c39d991b74bf7eec8dd8f","On 1 list: Soundtracks"
"(thematic candidate)","","","","Final Ascent","Hans Zimmer","No Time To Die (Original Motion Picture Soundtrack)","1503464192","468836","445","false","https://www.deezer.com/us/track/1503464192","https://cdnt-preview.dzcdn.net/api/1/1/4/0/4/0/4045119a58214f1a692873bfb3825739.mp3?hdnea=exp=1781458064~acl=/api/1/1/4/0/4/0/4045119a58214f1a692873bfb3825739.mp3*~data=user_id=0,application_id=42~hmac=3d99b7dd91c0328638d9ff98b3a9039025b42b1244f348af078c1f50c53fc051","On 1 list: Soundtracks"
"(thematic candidate)","","","","Theme from World War Z","The Evolved","Theme from World War Z","68335319","468221","296","false","https://www.deezer.com/us/track/68335319","https://cdnt-preview.dzcdn.net/api/1/1/4/e/8/0/4e8ab929a749082c13592b9a66c3bfe6.mp3?hdnea=exp=1781458065~acl=/api/1/1/4/e/8/0/4e8ab929a749082c13592b9a66c3bfe6.mp3*~data=user_id=0,application_id=42~hmac=ea9917bb09ac8d7196d7d4a29bd1bb9d34d0c8a7422721c1059e87060c6f35e8","On 1 list: Soundtracks"
"(thematic candidate)","","","","Fawkes the Phoenix","John Williams","Harry Potter and The Chamber of Secrets/ Original Motion Picture Soundtrack","661877","467702","225","false","https://www.deezer.com/us/track/661877","https://cdnt-preview.dzcdn.net/api/1/1/3/6/0/0/360fcd3dbf0d4918809c32fbce0090f2.mp3?hdnea=exp=1781458067~acl=/api/1/1/3/6/0/0/360fcd3dbf0d4918809c32fbce0090f2.mp3*~data=user_id=0,application_id=42~hmac=7a18b471202e92ed985c6ff0b7fdc2a32ab1dbefbad3108153c8343e4fe392e4","On 1 list: Soundtracks"
"(thematic candidate)","","","","American Prometheus","Ludwig Göransson","Oppenheimer (Original Motion Picture Soundtrack)","2364462385","465987","157","false","https://www.deezer.com/us/track/2364462385","https://cdnt-preview.dzcdn.net/api/1/1/c/c/2/0/cc2a3b1e05bf3172228af566b216e55f.mp3?hdnea=exp=1781458067~acl=/api/1/1/c/c/2/0/cc2a3b1e05bf3172228af566b216e55f.mp3*~data=user_id=0,application_id=42~hmac=901643bab509311402f26077147a13180612775fd12c9a201fc1538799c50eb5","On 1 list: Soundtracks"
"(thematic candidate)","","","","This Is Berk","John Powell","How To Train Your Dragon (Music From The Motion Picture)","119437616","465486","252","false","https://www.deezer.com/us/track/119437616","https://cdnt-preview.dzcdn.net/api/1/1/e/d/f/0/edff922a5edac08aa32da3a0ade55a69.mp3?hdnea=exp=1781458064~acl=/api/1/1/e/d/f/0/edff922a5edac08aa32da3a0ade55a69.mp3*~data=user_id=0,application_id=42~hmac=3b180074e6bdf00fd5f4d0b95db6b5b6cb0b04b5363defe2514a1604af5eab34","On 1 list: Soundtracks"
"(thematic candidate)","","","","Jazz Suite No. 2 : Shostakovich: Jazz Suite No. 2: VI. Waltz II","Royal Concertgebouw Orchestra","Shostakovich: Orchestral Music & Concertos","6944627","465475","221","false","https://www.deezer.com/us/track/6944627","https://cdnt-preview.dzcdn.net/api/1/1/1/5/1/0/151702f3f492e791eeb29f6dbec38c03.mp3?hdnea=exp=1781458065~acl=/api/1/1/1/5/1/0/151702f3f492e791eeb29f6dbec38c03.mp3*~data=user_id=0,application_id=42~hmac=f39ccdfd41a57355d9ccfbdbe375dc171c4d59bc506c82863ea541d8903b11eb","On 1 list: Soundtracks"
"(thematic candidate)","","","","Colors of the Wind","Judy Kuhn","Pocahontas Original Soundtrack (English Version)","3118641","464590","214","false","https://www.deezer.com/us/track/3118641","https://cdnt-preview.dzcdn.net/api/1/1/3/0/a/0/30aa3dcceca768ed1040bf2922796cb8.mp3?hdnea=exp=1781458063~acl=/api/1/1/3/0/a/0/30aa3dcceca768ed1040bf2922796cb8.mp3*~data=user_id=0,application_id=42~hmac=20bd10ddef80edae19f904d355c93e4bd450a5c88589cec765fea0dc345f3ca9","On 1 list: Movie Songs"
"(thematic candidate)","","","","Will And Elizabeth","Klaus Badelt","Pirates Of The Caribbean Original Soundtrack","3117920","464104","128","false","https://www.deezer.com/us/track/3117920","https://cdnt-preview.dzcdn.net/api/1/1/3/8/a/0/38ac79ffdd5dd5ec40cd2fa478d9c27d.mp3?hdnea=exp=1781458065~acl=/api/1/1/3/8/a/0/38ac79ffdd5dd5ec40cd2fa478d9c27d.mp3*~data=user_id=0,application_id=42~hmac=4deb078d8155b42aedfa98efc9ae23cc4e7891d69db250e00e56bd6c2949deef","On 1 list: Soundtracks"
"(thematic candidate)","","","","Soar (Main Title Theme from 'Masters of the Air')","Blake Neely","Masters of the Air (Apple TV+ Original Series Soundtrack)","2635596172","463543","155","false","https://www.deezer.com/us/track/2635596172","https://cdnt-preview.dzcdn.net/api/1/1/6/3/e/0/63ef58a252883d4d5afa33f37084942c.mp3?hdnea=exp=1781458061~acl=/api/1/1/6/3/e/0/63ef58a252883d4d5afa33f37084942c.mp3*~data=user_id=0,application_id=42~hmac=dc83b817a208e43e5bc32e4fb6a9e91cb9625f16cffd940b8d972fcd2eb19a03","On 1 list: Movie Songs"
"(thematic candidate)","","","","The Last of Us Part II","Gustavo Santaolalla","The Last of Us Part II (Original Soundtrack)","988981112","461280","172","false","https://www.deezer.com/us/track/988981112","https://cdnt-preview.dzcdn.net/api/1/1/e/a/e/0/eae629111713b6cb7107b20e7e018209.mp3?hdnea=exp=1781458066~acl=/api/1/1/e/a/e/0/eae629111713b6cb7107b20e7e018209.mp3*~data=user_id=0,application_id=42~hmac=2169f45cb133bd3a11c78e2d3d64d2153a042cc73c7cdc8fd999a63a570a42a8","On 1 list: Soundtracks"
"(thematic candidate)","","","","Fallen Through Time","Bear McCreary","Outlander: Season 1, Vol. 1 (Original Television Soundtrack)","93764874","460545","338","false","https://www.deezer.com/us/track/93764874","https://cdnt-preview.dzcdn.net/api/1/1/6/6/3/0/663960dcc44fdab31620636a2ca68505.mp3?hdnea=exp=1781458066~acl=/api/1/1/6/6/3/0/663960dcc44fdab31620636a2ca68505.mp3*~data=user_id=0,application_id=42~hmac=c896a80f08c541b8b7545fa44f82c3ed40dfcd8b3daae51c9b5955f15be6262d","On 1 list: Soundtracks"
"(thematic candidate)","","","","We Have All The Time In The World (Remastered 2003)","Louis Armstrong","On Her Majesty's Secret Service (Original Motion Picture Soundtrack / Expanded Edition)","3169677","458579","193","false","https://www.deezer.com/us/track/3169677","https://cdnt-preview.dzcdn.net/api/1/1/3/c/8/0/3c85f847448418fe38a27c5e76d78266.mp3?hdnea=exp=1781458062~acl=/api/1/1/3/c/8/0/3c85f847448418fe38a27c5e76d78266.mp3*~data=user_id=0,application_id=42~hmac=50098e9e81ce451bb15a4086597f8e35f2aaab1e2c33e705417ab1f97db62706","On 1 list: Movie Songs"
"(thematic candidate)","","","","The Council of Elrond (feat. ""Aniron"") [Theme for Aragorn and Arwen]","Howard Shore","The Lord of the Rings: The Fellowship of the Ring (Original Motion Picture Soundtrack)","14628824","457185","229","false","https://www.deezer.com/us/track/14628824","https://cdnt-preview.dzcdn.net/api/1/1/c/5/1/0/c519b21b3cb5c4f6732fbef5ffd64b85.mp3?hdnea=exp=1781458066~acl=/api/1/1/c/5/1/0/c519b21b3cb5c4f6732fbef5ffd64b85.mp3*~data=user_id=0,application_id=42~hmac=bbe1bbc1c0350da100b54e450b5741ebca95fbb8338d570e0ca35a24c31007ca","On 1 list: Soundtracks"
"(thematic candidate)","","","","Catch Me If You Can (From ""Catch Me If You Can"" Soundtrack)","John Williams","Catch Me If You Can","2228680","455704","161","false","https://www.deezer.com/us/track/2228680","https://cdnt-preview.dzcdn.net/api/1/1/9/a/9/0/9a922cfb3320b6bcd9f0445a1ddaa218.mp3?hdnea=exp=1781458062~acl=/api/1/1/9/a/9/0/9a922cfb3320b6bcd9f0445a1ddaa218.mp3*~data=user_id=0,application_id=42~hmac=5b4861ce7b32c58806a30a71a37f2c4ef09aa2a35c8974befe368391233fff62","On 1 list: Movie Songs"
"(thematic candidate)","","","","Dragon Slayer","Yasuharu Takanashi","""Fairy Tail"" Original Soundtrack Vol.1","472517592","454109","119","false","https://www.deezer.com/us/track/472517592","https://cdnt-preview.dzcdn.net/api/1/1/b/4/4/0/b4418651b9eae313ebba766b6a92932d.mp3?hdnea=exp=1781458066~acl=/api/1/1/b/4/4/0/b4418651b9eae313ebba766b6a92932d.mp3*~data=user_id=0,application_id=42~hmac=3a7fbea6d0cb835848c4d8ca6120d0d3f848b4122f8ee1496088153ae8c77343","On 1 list: Soundtracks"
"(thematic candidate)","","","","Barbossa Is Hungry","Klaus Badelt","Pirates Of The Caribbean Original Soundtrack","3117923","454041","246","false","https://www.deezer.com/us/track/3117923","https://cdnt-preview.dzcdn.net/api/1/1/d/d/d/0/ddd5f32af0d4c857e01f4cb8c44be20b.mp3?hdnea=exp=1781458065~acl=/api/1/1/d/d/d/0/ddd5f32af0d4c857e01f4cb8c44be20b.mp3*~data=user_id=0,application_id=42~hmac=f1feec16cd010dfc0cd0a1b69d7ec47e8596fcabb052a9d243adfe46b0fb7c32","On 1 list: Soundtracks"
"(thematic candidate)","","","","The Promise","Michael Nyman","The Piano: Music From The Motion Picture","3358368","453448","254","false","https://www.deezer.com/us/track/3358368","https://cdnt-preview.dzcdn.net/api/1/1/d/1/1/0/d119144fe049af835b88acd649472c22.mp3?hdnea=exp=1781458064~acl=/api/1/1/d/1/1/0/d119144fe049af835b88acd649472c22.mp3*~data=user_id=0,application_id=42~hmac=4405e63f68c962640215e035069b65d73da6e9df0fed08f0858dda8caac5e628","On 1 list: Soundtracks"
"(thematic candidate)","","","","The Piano Duet","Tim Burton's Corpse Bride Soundtrack","Tim Burton's Corpse Bride Original Motion Picture Soundtrack (U.S. Release)","789017","452683","113","false","https://www.deezer.com/us/track/789017","https://cdnt-preview.dzcdn.net/api/1/1/c/d/2/0/cd22a47f9a07658f13b707edfb8b062d.mp3?hdnea=exp=1781458067~acl=/api/1/1/c/d/2/0/cd22a47f9a07658f13b707edfb8b062d.mp3*~data=user_id=0,application_id=42~hmac=9087b56bd372a472a0955d6ec0b95c5bfaa73fff2699cd5afa1854072d836187","On 1 list: Soundtracks"
"(thematic candidate)","","","","Coming Back Around","John Powell","How To Train Your Dragon (Music From The Motion Picture)","119437660","451162","169","false","https://www.deezer.com/us/track/119437660","https://cdnt-preview.dzcdn.net/api/1/1/3/b/a/0/3ba9710641f391855b210c7a520dccf9.mp3?hdnea=exp=1781458065~acl=/api/1/1/3/b/a/0/3ba9710641f391855b210c7a520dccf9.mp3*~data=user_id=0,application_id=42~hmac=1023b369e0c1bf3663308733f6352ff61e6b559dab737653e0d026e0fcbc6033","On 1 list: Soundtracks"
"(thematic candidate)","","","","Toss A Coin To Your Witcher","Sonya Belousova","Toss A Coin To Your Witcher","857747182","450770","190","false","https://www.deezer.com/us/track/857747182","https://cdnt-preview.dzcdn.net/api/1/1/4/f/6/0/4f6b3861d4091c14921db040745afb18.mp3?hdnea=exp=1781458066~acl=/api/1/1/4/f/6/0/4f6b3861d4091c14921db040745afb18.mp3*~data=user_id=0,application_id=42~hmac=b4c5763837e2f2171dd7fdd6e7cb96b2388713833780b6ec645d52a3cfd0a9d7","On 1 list: Soundtracks"
"(thematic candidate)","","","","Flying","James Newton Howard","Peter Pan (Original Motion Picture Soundtrack)","2055891047","450653","212","false","https://www.deezer.com/us/track/2055891047","https://cdnt-preview.dzcdn.net/api/1/1/a/2/8/0/a281e7af11231fc139918f9fa6e3c0ea.mp3?hdnea=exp=1781458064~acl=/api/1/1/a/2/8/0/a281e7af11231fc139918f9fa6e3c0ea.mp3*~data=user_id=0,application_id=42~hmac=b7636d53a8ba6f63c93174a7f7f042d5bc55f20ae0ddafbfd0bfd6a1182aedd5","On 1 list: Soundtracks"
"(thematic candidate)","","","","Neville's Waltz","Patrick Doyle","Harry Potter And The Goblet Of Fire (Original Motion Picture Soundtrack)","789581","450306","129","false","https://www.deezer.com/us/track/789581","https://cdnt-preview.dzcdn.net/api/1/1/f/1/f/0/f1fe364fa945a661cd98d22c3d6a1424.mp3?hdnea=exp=1781458067~acl=/api/1/1/f/1/f/0/f1fe364fa945a661cd98d22c3d6a1424.mp3*~data=user_id=0,application_id=42~hmac=93b0e8a1ac805e5b03ff5949602fe3f1f58ac43ba541c0900b8227f6c758901c","On 1 list: Soundtracks"
"(thematic candidate)","","","","Main Titles","Vangelis","Blade Runner (Music From The Original Soundtrack)","691062","448783","222","false","https://www.deezer.com/us/track/691062","https://cdnt-preview.dzcdn.net/api/1/1/8/6/1/0/861a06739a5a8d34b996df24747c2fb2.mp3?hdnea=exp=1781458064~acl=/api/1/1/8/6/1/0/861a06739a5a8d34b996df24747c2fb2.mp3*~data=user_id=0,application_id=42~hmac=e1f41a5449955d29643eea80e6b6add4c9816cdd65cd2d52d9fd8a54e28fef6c","On 1 list: Soundtracks"
"(thematic candidate)","","","","The bioluminescence of the night","James Horner","AVATAR Music From The Motion Picture Music Composed and Conducted by James Horner","4828155","447959","217","false","https://www.deezer.com/us/track/4828155","https://cdnt-preview.dzcdn.net/api/1/1/b/1/6/0/b16b0a0b9ea7ef92b0c11eef66955d7e.mp3?hdnea=exp=1781458066~acl=/api/1/1/b/1/6/0/b16b0a0b9ea7ef92b0c11eef66955d7e.mp3*~data=user_id=0,application_id=42~hmac=3dfadce526690b08e31b0823ce6c232e605c6dedbb070d67c6bd784785fb3344","On 1 list: Soundtracks"
"(thematic candidate)","","","","The Dragon Boy","Joe Hisaishi","Spirited Away Soundtrack","1120336012","447443","132","false","https://www.deezer.com/us/track/1120336012","https://cdnt-preview.dzcdn.net/api/1/1/a/4/c/0/a4cbaf3bd34798c621f4cd8897c47428.mp3?hdnea=exp=1781458066~acl=/api/1/1/a/4/c/0/a4cbaf3bd34798c621f4cd8897c47428.mp3*~data=user_id=0,application_id=42~hmac=abb283e1b28eff47f2dbdb5b5aa155494f2ae4a80f107de865c8115673252c84","On 1 list: Soundtracks"
"(thematic candidate)","","","","To Aslan's Camp","Harry Gregson-Williams","The Chronicles of Narnia: The Lion, The Witch and The Wardrobe (Original Motion Picture Soundtrack)","11233268","447124","192","false","https://www.deezer.com/us/track/11233268","https://cdnt-preview.dzcdn.net/api/1/1/e/2/5/0/e252097538bae1e91c74079ee198dfb7.mp3?hdnea=exp=1781458065~acl=/api/1/1/e/2/5/0/e252097538bae1e91c74079ee198dfb7.mp3*~data=user_id=0,application_id=42~hmac=8aeb0e52e539485ec1bed96aa9f355b308a3854c9d4c39dad3696afa023d4063","On 1 list: Soundtracks"
"(thematic candidate)","","","","First Class","Henry Jackman","X-MEN: FIRST CLASS","12241602","445619","200","false","https://www.deezer.com/us/track/12241602","https://cdnt-preview.dzcdn.net/api/1/1/7/5/1/0/75192b14b074e372e24a282c1dfc0f99.mp3?hdnea=exp=1781458064~acl=/api/1/1/7/5/1/0/75192b14b074e372e24a282c1dfc0f99.mp3*~data=user_id=0,application_id=42~hmac=268ed093e2953575ceaf30533c6d6f680cbfe152c66213e222dad0567f8cba2b","On 1 list: Soundtracks"
"(thematic candidate)","","","","Zoltraak","Evan Call","Frieren: Beyond Journey's End - Original Series Soundtrack EP","2567036672","443961","140","false","https://www.deezer.com/us/track/2567036672","https://cdnt-preview.dzcdn.net/api/1/1/4/6/a/0/46a0c264177360d5141d411ec4e1ef5b.mp3?hdnea=exp=1781458067~acl=/api/1/1/4/6/a/0/46a0c264177360d5141d411ec4e1ef5b.mp3*~data=user_id=0,application_id=42~hmac=a4aec598b8d4e334137a04861f61fa5d9d8ac215c75dff0aeee25eea7e43ab07","On 1 list: Soundtracks"
"(thematic candidate)","","","","I'm Not a Hero","Hans Zimmer","The Dark Knight (Original Motion Picture Soundtrack)","904629","443269","394","false","https://www.deezer.com/us/track/904629","https://cdnt-preview.dzcdn.net/api/1/1/c/0/9/0/c09c39bc47e1bcc184a47efdda92d08a.mp3?hdnea=exp=1781458064~acl=/api/1/1/c/0/9/0/c09c39bc47e1bcc184a47efdda92d08a.mp3*~data=user_id=0,application_id=42~hmac=9f42d21f29aea082d9a3f8f2543a5cbb18ebd48162e3c9dbb747d6a79ee24940","On 1 list: Soundtracks"
"(thematic candidate)","","","","House Of Cards Main Title Theme","Jeff Beal","House Of Cards (Music From The Netflix Original Series)","117728240","442429","109","false","https://www.deezer.com/us/track/117728240","https://cdnt-preview.dzcdn.net/api/1/1/1/8/3/0/1838086b33d24ac64437029f8c6c91c5.mp3?hdnea=exp=1781458065~acl=/api/1/1/1/8/3/0/1838086b33d24ac64437029f8c6c91c5.mp3*~data=user_id=0,application_id=42~hmac=2c423a94665f590a5e7e449f70936df11a1a38135b367bb17f4fe3bde70f1897","On 1 list: Soundtracks"
"(thematic candidate)","","","","Help! (Remastered 2009)","The Beatles","The Beatles 1962 - 1966 (Remastered)","116348166","442378","137","false","https://www.deezer.com/us/track/116348166","https://cdnt-preview.dzcdn.net/api/1/1/4/c/a/0/4cad99061f1fe6df724e9aa0cbdba318.mp3?hdnea=exp=1781458062~acl=/api/1/1/4/c/a/0/4cad99061f1fe6df724e9aa0cbdba318.mp3*~data=user_id=0,application_id=42~hmac=fb82ca740e1dbf0112e38ded31250d4079cf990660d319cd590e4dd933142334","On 1 list: Movie Songs"
"(thematic candidate)","","","","On Her Majesty's Secret Service (Remastered 2003)","John Barry","On Her Majesty's Secret Service (Original Motion Picture Soundtrack / Expanded Edition)","3169682","441107","153","false","https://www.deezer.com/us/track/3169682","https://cdnt-preview.dzcdn.net/api/1/1/f/6/a/0/f6a870284502aed0984c386795febeab.mp3?hdnea=exp=1781458061~acl=/api/1/1/f/6/a/0/f6a870284502aed0984c386795febeab.mp3*~data=user_id=0,application_id=42~hmac=522005969864678d6f9da92ea9698beea1649e104e184bf91de111bb815c6e87","On 1 list: Movie Songs"
"(thematic candidate)","","","","The Living Daylights","a-ha","The Singles: 1984-2004","5932520","437340","254","false","https://www.deezer.com/us/track/5932520","https://cdnt-preview.dzcdn.net/api/1/1/d/0/0/0/d004d5e6c519bfe4947221e3219d65f1.mp3?hdnea=exp=1781458062~acl=/api/1/1/d/0/0/0/d004d5e6c519bfe4947221e3219d65f1.mp3*~data=user_id=0,application_id=42~hmac=bae09c0cec4e22b3577a61d1643fe02c550878b52c54f1288521eeed5e2f2401","On 1 list: Movie Songs"
"(thematic candidate)","","","","Spikeroog","Mikolai Stroinski","The Witcher 3: Wild Hunt (Original Game Soundtrack)","448311902","435833","185","false","https://www.deezer.com/us/track/448311902","https://cdnt-preview.dzcdn.net/api/1/1/a/b/5/0/ab509d9a90b4c499b93b6961e4be3da0.mp3?hdnea=exp=1781458066~acl=/api/1/1/a/b/5/0/ab509d9a90b4c499b93b6961e4be3da0.mp3*~data=user_id=0,application_id=42~hmac=335c87ed3f186c9d726b83e09f863656df3e783f608a63205fa916ea648c52c1","On 1 list: Soundtracks"
"(thematic candidate)","","","","Main Theme (From ""The Dark Knight Rises"")","Lindsey Stirling","Hans Zimmer - The Classics","139872165","435083","262","false","https://www.deezer.com/us/track/139872165","https://cdnt-preview.dzcdn.net/api/1/1/2/c/3/0/2c3cf5f9d51ceeada1df3be1d9cd3785.mp3?hdnea=exp=1781458066~acl=/api/1/1/2/c/3/0/2c3cf5f9d51ceeada1df3be1d9cd3785.mp3*~data=user_id=0,application_id=42~hmac=a12281b1693d8534e36f8b6d1b97aba6a79d5130ed8181c41949898bc7aef954","On 1 list: Soundtracks"
"(thematic candidate)","","","","The Power of Prophecy","Ramin Djawadi","House of the Dragon: Season 1 (Soundtrack from the HBO® Series)","1965783167","435003","156","false","https://www.deezer.com/us/track/1965783167","https://cdnt-preview.dzcdn.net/api/1/1/1/a/7/0/1a7a3b2efce0f975c94be2a6543a9b3f.mp3?hdnea=exp=1781458064~acl=/api/1/1/1/a/7/0/1a7a3b2efce0f975c94be2a6543a9b3f.mp3*~data=user_id=0,application_id=42~hmac=05bbaec7f01e1bfda5133c4e004f83a338a2bc08e96acda52de7d0637a072a3b","On 1 list: Soundtracks"
"(thematic candidate)","","","","Flying with Mother","John Powell","How to Train Your Dragon 2 (Music from the Motion Picture)","78917805","434813","168","false","https://www.deezer.com/us/track/78917805","https://cdnt-preview.dzcdn.net/api/1/1/d/b/5/0/db5ed51c72cdb82dc1e81005b7732854.mp3?hdnea=exp=1781458067~acl=/api/1/1/d/b/5/0/db5ed51c72cdb82dc1e81005b7732854.mp3*~data=user_id=0,application_id=42~hmac=6401101dba759fa4b322aedb1a7c0b0343f2a43712537c488abda7061b03c19f","On 1 list: Soundtracks"
"(thematic candidate)","","","","All Must Choose","Ramin Djawadi","House of the Dragon: Season 2 (Soundtrack from the HBO® Series)","2885505722","434762","284","false","https://www.deezer.com/us/track/2885505722","https://cdnt-preview.dzcdn.net/api/1/1/1/0/1/0/1012c6c0f903228ef7cac4ffa1581fd9.mp3?hdnea=exp=1781458064~acl=/api/1/1/1/0/1/0/1012c6c0f903228ef7cac4ffa1581fd9.mp3*~data=user_id=0,application_id=42~hmac=baa4eb846845c51be3f61021982b7cc296b78d796bde8f3772ac421eff990171","On 1 list: Soundtracks"
"(thematic candidate)","","","","You're Dead","Norma Tanega","Walkin' My Cat Named Dog","145423456","434659","143","false","https://www.deezer.com/us/track/145423456","https://cdnt-preview.dzcdn.net/api/1/1/b/c/7/0/bc7e4c8809f1867f6f9060ef76fcede1.mp3?hdnea=exp=1781458063~acl=/api/1/1/b/c/7/0/bc7e4c8809f1867f6f9060ef76fcede1.mp3*~data=user_id=0,application_id=42~hmac=8255cdaac926fa9bdc909780dd5ad9423e7573532db477ad59a93bdd6c9958af","On 1 list: Movie Songs"
"(thematic candidate)","","","","Main Title (From ""Chocolat"" Soundtrack)","Rachel Portman","Chocolat (Original Motion Picture Soundtrack)","70603366","434359","188","false","https://www.deezer.com/us/track/70603366","https://cdnt-preview.dzcdn.net/api/1/1/4/b/b/0/4bbd8497c8cf0d8c5957e26ec179308a.mp3?hdnea=exp=1781458064~acl=/api/1/1/4/b/b/0/4bbd8497c8cf0d8c5957e26ec179308a.mp3*~data=user_id=0,application_id=42~hmac=c1967039d402f13bda5b57f9ef8ec8ffce3b6753e94987bfbd119f5caeec07ab","On 1 list: Soundtracks"
"(thematic candidate)","","","","After The Storm","Mikolai Stroinski","The Witcher 3: Wild Hunt (Original Game Soundtrack)","448312082","433166","91","false","https://www.deezer.com/us/track/448312082","https://cdnt-preview.dzcdn.net/api/1/1/6/d/4/0/6d4dce68a2ad08a6521dfde5e475dbad.mp3?hdnea=exp=1781458066~acl=/api/1/1/6/d/4/0/6d4dce68a2ad08a6521dfde5e475dbad.mp3*~data=user_id=0,application_id=42~hmac=1d39569be4a3e27100df5661c69ba4a6062e915d24a5c045a49cb07563d41467","On 1 list: Soundtracks"
"(thematic candidate)","","","","The Middle of the World","Nicholas Britell","Moonlight (Original Motion Picture Soundtrack)","134494866","432870","122","false","https://www.deezer.com/us/track/134494866","https://cdnt-preview.dzcdn.net/api/1/1/e/f/7/0/ef747ca50931cb3acc174ea608cff549.mp3?hdnea=exp=1781458064~acl=/api/1/1/e/f/7/0/ef747ca50931cb3acc174ea608cff549.mp3*~data=user_id=0,application_id=42~hmac=aab307813ed69e5286a7a07a3b2db84cf705473b5627a11401847ae39285f51a","On 1 list: Soundtracks"
"(thematic candidate)","","","","Giorno's Theme","Friedrich Habetler","Giorno's Theme","829344542","432617","306","false","https://www.deezer.com/us/track/829344542","https://cdnt-preview.dzcdn.net/api/1/1/9/6/2/0/962ff42ed249d0af71bd08666cdb803e.mp3?hdnea=exp=1781458066~acl=/api/1/1/9/6/2/0/962ff42ed249d0af71bd08666cdb803e.mp3*~data=user_id=0,application_id=42~hmac=3378da81b6c41cde135fbc8e964867ac1842a075643171acb4c52c5bda3752b6","On 1 list: Soundtracks"
"(thematic candidate)","","","","Erza's Theme","Yasuharu Takanashi","""Fairy Tail"" Original Soundtrack Vol.1","472517572","431286","174","false","https://www.deezer.com/us/track/472517572","https://cdnt-preview.dzcdn.net/api/1/1/b/5/5/0/b5527d0fd6c81c2d683cab2a544996a5.mp3?hdnea=exp=1781458066~acl=/api/1/1/b/5/5/0/b5527d0fd6c81c2d683cab2a544996a5.mp3*~data=user_id=0,application_id=42~hmac=9997b9d9c6b3b7eb68dbd029672c0e0035fb56424c0c3a08885d1e989b82de16","On 1 list: Soundtracks"
"(thematic candidate)","","","","The Caverns of Isengard","Howard Shore","The Lord of the Rings: The Fellowship of the Ring - the Complete Recordings","483262982","429895","294","false","https://www.deezer.com/us/track/483262982","https://cdnt-preview.dzcdn.net/api/1/1/4/d/0/0/4d01aaa1f26bf87b65abd741d11af8fa.mp3?hdnea=exp=1781458067~acl=/api/1/1/4/d/0/0/4d01aaa1f26bf87b65abd741d11af8fa.mp3*~data=user_id=0,application_id=42~hmac=09dd8fbd7fbb76210608ee6d503632db8063c08280402e5a1247491f4053967b","On 1 list: Soundtracks"
"(thematic candidate)","","","","Assassin's Creed III Main Theme","Lorne Balfe","Assassin's Creed 3 (Original Game Soundtrack)","71249019","429535","186","false","https://www.deezer.com/us/track/71249019","https://cdnt-preview.dzcdn.net/api/1/1/9/9/b/0/99b9bd6cacc00067fefba79d57332cb1.mp3?hdnea=exp=1781458064~acl=/api/1/1/9/9/b/0/99b9bd6cacc00067fefba79d57332cb1.mp3*~data=user_id=0,application_id=42~hmac=c4e45d34bf175efbec22ad0700b36b441e1aee1118deed82888fdd40a194f6f1","On 1 list: Soundtracks"
"(thematic candidate)","","","","Shukumei","Yasuharu Takanashi","""Fairy Tail"" Original Soundtrack Vol.1","472517692","428895","171","false","https://www.deezer.com/us/track/472517692","https://cdnt-preview.dzcdn.net/api/1/1/5/8/2/0/5821c9f3c77f88d1bac406f84c1f8099.mp3?hdnea=exp=1781458066~acl=/api/1/1/5/8/2/0/5821c9f3c77f88d1bac406f84c1f8099.mp3*~data=user_id=0,application_id=42~hmac=df5ba4e27ed4c5ed8e2abdb80fc44dbe765aef3014df3bd168ae599588f1678d","On 1 list: Soundtracks"
"(thematic candidate)","","","","The Ride of the Rohirrim","Howard Shore","The Lord of the Rings: The Return of the King (Original Motion Picture Soundtrack)","678598","428817","128","false","https://www.deezer.com/us/track/678598","https://cdnt-preview.dzcdn.net/api/1/1/8/2/b/0/82bbb75774b72b469af703a132002d67.mp3?hdnea=exp=1781458067~acl=/api/1/1/8/2/b/0/82bbb75774b72b469af703a132002d67.mp3*~data=user_id=0,application_id=42~hmac=37ada11728572b015570d721136fadbe89c183408bf109b699afc336c08a50d4","On 1 list: Soundtracks"
"(thematic candidate)","","","","Main Theme, Pt. 2","Borislav Slavov","Baldur's Gate 3 (Original Game Soundtrack)","2435633025","427543","131","false","https://www.deezer.com/us/track/2435633025","https://cdnt-preview.dzcdn.net/api/1/1/5/e/7/0/5e7b2c0aa48eefe0e864e88ae762d07c.mp3?hdnea=exp=1781458067~acl=/api/1/1/5/e/7/0/5e7b2c0aa48eefe0e864e88ae762d07c.mp3*~data=user_id=0,application_id=42~hmac=0ae2596052914b4d8579899d021d35b829b5bbca2a34685de1eaf43d01e016b7","On 1 list: Soundtracks"
"(thematic candidate)","","","","Oppenheimer","Ludwig Göransson","Oppenheimer (Original Motion Picture Soundtrack)","2364462535","426374","136","false","https://www.deezer.com/us/track/2364462535","https://cdnt-preview.dzcdn.net/api/1/1/e/0/4/0/e0480e0727d2a178f91c81c0a42d84fb.mp3?hdnea=exp=1781458067~acl=/api/1/1/e/0/4/0/e0480e0727d2a178f91c81c0a42d84fb.mp3*~data=user_id=0,application_id=42~hmac=8ef0351429ba5d74a447aa7e6c67d8f01efaa13fb3d44d3a99b64f5fe22bcab8","On 1 list: Soundtracks"
"(thematic candidate)","","","","Extreme Ways (Bourne's Ultimatum)","Moby","The Bourne Ultimatum","1178950","425991","262","false","https://www.deezer.com/us/track/1178950","https://cdnt-preview.dzcdn.net/api/1/1/c/a/1/0/ca1f2ec4cc99283c9aa3e26e2533ce2a.mp3?hdnea=exp=1781458062~acl=/api/1/1/c/a/1/0/ca1f2ec4cc99283c9aa3e26e2533ce2a.mp3*~data=user_id=0,application_id=42~hmac=21e3ef57bede32bd507f8662299c53a97c6f99d9ac7141b4494f652ecda05634","On 1 list: Movie Songs"
"(thematic candidate)","","","","Bathroom Dance","Hildur Guðnadóttir","Joker (Original Motion Picture Soundtrack)","767121772","425720","128","false","https://www.deezer.com/us/track/767121772","https://cdnt-preview.dzcdn.net/api/1/1/8/e/2/0/8e2c1411c3746616269350dba160394a.mp3?hdnea=exp=1781458064~acl=/api/1/1/8/e/2/0/8e2c1411c3746616269350dba160394a.mp3*~data=user_id=0,application_id=42~hmac=29c6e85ca90d8e114364eb1b6c3a4516e0ee8d69decfd4ab098210c1014edf72","On 1 list: Soundtracks"
"(thematic candidate)","","","","Worm Ride","Hans Zimmer","Dune: Part Two (Original Motion Picture Soundtrack)","2670920802","422884","139","false","https://www.deezer.com/us/track/2670920802","https://cdnt-preview.dzcdn.net/api/1/1/a/6/6/0/a665e5587b7096cb31558c7a6a7bd26f.mp3?hdnea=exp=1781458067~acl=/api/1/1/a/6/6/0/a665e5587b7096cb31558c7a6a7bd26f.mp3*~data=user_id=0,application_id=42~hmac=476c7620ba5aed16718ad21c232de7c4d4ac0fd50ee5b9a86af61d0936564c05","On 1 list: Soundtracks"
"(thematic candidate)","","","","Earth","Jesper Kyd","Assassin's Creed 2 (Original Game Soundtrack)","4602679","422451","238","false","https://www.deezer.com/us/track/4602679","https://cdnt-preview.dzcdn.net/api/1/1/d/c/d/0/dcd347b09becff046bbaf6d685064a03.mp3?hdnea=exp=1781458065~acl=/api/1/1/d/c/d/0/dcd347b09becff046bbaf6d685064a03.mp3*~data=user_id=0,application_id=42~hmac=f8b986a2c7b901a2da510e4a8ea38a9b453fee3b83e01010d42c070ed60fdf51","On 1 list: Soundtracks"
"(thematic candidate)","","","","Elder Scrolls – Skyrim: Far Horizons : Elder Scrolls – Skyrim: Far Horizons","Andrew Skeet","The Greatest Video Game Music 2","61887829","422340","315","false","https://www.deezer.com/us/track/61887829","https://cdnt-preview.dzcdn.net/api/1/1/2/c/5/0/2c56203488ccb57e9fe3bf548108892a.mp3?hdnea=exp=1781458065~acl=/api/1/1/2/c/5/0/2c56203488ccb57e9fe3bf548108892a.mp3*~data=user_id=0,application_id=42~hmac=4ee6cb10118b4d02a2de3dbd56a0aaf1ba7b6d0772a18a8a09fb670f68abf80b","On 1 list: Soundtracks"
"(thematic candidate)","","","","Double Trouble","John Williams","Harry Potter and the Prisoner of Azkaban / Original Motion Picture Soundtrack","2794919","421896","97","false","https://www.deezer.com/us/track/2794919","https://cdnt-preview.dzcdn.net/api/1/1/a/0/3/0/a036d89ed11964f770e2c929f85a2fa5.mp3?hdnea=exp=1781458066~acl=/api/1/1/a/0/3/0/a036d89ed11964f770e2c929f85a2fa5.mp3*~data=user_id=0,application_id=42~hmac=14fb186f6156be458f0c614a102709e37863ca1e51be036d1944f5b1bd915a14","On 1 list: Soundtracks"
"(thematic candidate)","","","","Blade Runner Blues","Vangelis","Blade Runner (Music From The Original Soundtrack)","691099","421631","534","false","https://www.deezer.com/us/track/691099","https://cdnt-preview.dzcdn.net/api/1/1/7/a/2/0/7a227ca91fba25d6ef43adfcd52d2025.mp3?hdnea=exp=1781458064~acl=/api/1/1/7/a/2/0/7a227ca91fba25d6ef43adfcd52d2025.mp3*~data=user_id=0,application_id=42~hmac=92e26eabf6da5b83dee30804e89432f79cb0dba971072c4a184480bc0a460b1d","On 1 list: Soundtracks"
"(thematic candidate)","","","","Loki Green Theme","Natalie Holt","Loki: Vol. 1 (Episodes 1-3) (Original Soundtrack)","1418010072","420307","144","false","https://www.deezer.com/us/track/1418010072","https://cdnt-preview.dzcdn.net/api/1/1/f/9/e/0/f9e6c18dbff432631973119e39d9522e.mp3?hdnea=exp=1781458066~acl=/api/1/1/f/9/e/0/f9e6c18dbff432631973119e39d9522e.mp3*~data=user_id=0,application_id=42~hmac=2997ad6c17cd543785526301ced6dd72779e8ed405809b1d23708dd8efee7bb0","On 1 list: Soundtracks"
"(thematic candidate)","","","","This Land","Hans Zimmer","The Lion King Collection (Deluxe Edition)","13794633","419807","173","false","https://www.deezer.com/us/track/13794633","https://cdnt-preview.dzcdn.net/api/1/1/f/3/e/0/f3eee2bc60670b637db68a2953abc4b8.mp3?hdnea=exp=1781458064~acl=/api/1/1/f/3/e/0/f3eee2bc60670b637db68a2953abc4b8.mp3*~data=user_id=0,application_id=42~hmac=0c8adfc8e54bb90a11e68ca3fa6d75d5eaeba8a51fd2858d6742df9c3a93e2a7","On 1 list: Soundtracks"
"(thematic candidate)","","","","Stoick's Ship","John Powell","How to Train Your Dragon 2 (Music from the Motion Picture)","78917810","419612","227","false","https://www.deezer.com/us/track/78917810","https://cdnt-preview.dzcdn.net/api/1/1/9/c/0/0/9c0c0ae315ed06fa01ea48167d9aca62.mp3?hdnea=exp=1781458067~acl=/api/1/1/9/c/0/0/9c0c0ae315ed06fa01ea48167d9aca62.mp3*~data=user_id=0,application_id=42~hmac=b9fd16083d51ebd66cdf012220e36caecc5e26d57328d9165e9739b424c62744","On 1 list: Soundtracks"
"(thematic candidate)","","","","Fog Bound","Klaus Badelt","Pirates Of The Caribbean Original Soundtrack","3117917","418668","136","false","https://www.deezer.com/us/track/3117917","https://cdnt-preview.dzcdn.net/api/1/1/4/5/1/0/45125e17379387a2ed4307ea10c64b3b.mp3?hdnea=exp=1781458065~acl=/api/1/1/4/5/1/0/45125e17379387a2ed4307ea10c64b3b.mp3*~data=user_id=0,application_id=42~hmac=54f8c7030b9c8bd8b4f9bc1487d7d15f170155e364db41e74b4c50ed82675f59","On 1 list: Soundtracks"
"(thematic candidate)","","","","Legend of the Eagle Bearer (Main Theme)","The Flight","Assassin's Creed Odyssey (Original Game Soundtrack)","558957892","418138","233","false","https://www.deezer.com/us/track/558957892","https://cdnt-preview.dzcdn.net/api/1/1/0/a/a/0/0aa0d4bdab2435fa05738433aac91957.mp3?hdnea=exp=1781458066~acl=/api/1/1/0/a/a/0/0aa0d4bdab2435fa05738433aac91957.mp3*~data=user_id=0,application_id=42~hmac=91dfd48df93c55489385051d3aa29e24a115549c88428cc752e19d7568e4afce","On 1 list: Soundtracks"
"(thematic candidate)","","","","Assassin's Creed IV Black Flag Main Theme","Brian Tyler","Assassin's Creed 4: Black Flag (Original Game Soundtrack)","74599153","418032","133","false","https://www.deezer.com/us/track/74599153","https://cdnt-preview.dzcdn.net/api/1/1/5/0/6/0/506b352d280142937e708e30edfae6f0.mp3?hdnea=exp=1781458064~acl=/api/1/1/5/0/6/0/506b352d280142937e708e30edfae6f0.mp3*~data=user_id=0,application_id=42~hmac=bc4f70fe0c5170fc4b18a1a5a4be92af9181bb12f1e4e4b36b4680741cc97ee4","On 1 list: Soundtracks"
"(thematic candidate)","","","","Now You See Me 2 Main Titles","Brian Tyler","Now You See Me 2 (Original Motion Picture Soundtrack)","126371457","417943","181","false","https://www.deezer.com/us/track/126371457","https://cdnt-preview.dzcdn.net/api/1/1/0/8/6/0/08682f4baa6fa4afaf8142332d283af0.mp3?hdnea=exp=1781458066~acl=/api/1/1/0/8/6/0/08682f4baa6fa4afaf8142332d283af0.mp3*~data=user_id=0,application_id=42~hmac=c089005eb2292fdf7ff8e2b233604b1266022dfef81f51cddd70aa997a8ce152","On 1 list: Soundtracks"
"(thematic candidate)","","","","Emma","Steven Price","Fury (Original Motion Picture Soundtrack)","117728414","417377","156","false","https://www.deezer.com/us/track/117728414","https://cdnt-preview.dzcdn.net/api/1/1/b/2/d/0/b2de0744a4da08888a8f9e48f5c316a2.mp3?hdnea=exp=1781458064~acl=/api/1/1/b/2/d/0/b2de0744a4da08888a8f9e48f5c316a2.mp3*~data=user_id=0,application_id=42~hmac=887970501596d6238f1751eede1aced9c522a385ad5c44d202e1c6b044f01209","On 1 list: Soundtracks"
"(thematic candidate)","","","","The Vagabond","Marcin Przybyłowicz","The Witcher 3: Wild Hunt (Original Game Soundtrack)","448312022","414664","167","false","https://www.deezer.com/us/track/448312022","https://cdnt-preview.dzcdn.net/api/1/1/6/6/8/0/668d68fb943d06bb49994cd6605c32d4.mp3?hdnea=exp=1781458066~acl=/api/1/1/6/6/8/0/668d68fb943d06bb49994cd6605c32d4.mp3*~data=user_id=0,application_id=42~hmac=72b50c5103fa12fd6d12e8f52b4776bc6ce564e4c5c392fc1e49c17cef229be5","On 1 list: Soundtracks"
"(thematic candidate)","","","","Singapore","Hans Zimmer","Pirates Of The Caribbean: At World's End Original Soundtrack","3107989","414659","221","false","https://www.deezer.com/us/track/3107989","https://cdnt-preview.dzcdn.net/api/1/1/3/a/3/0/3a32d9ee91b2c8a18d4351ec32a8ed7f.mp3?hdnea=exp=1781458066~acl=/api/1/1/3/a/3/0/3a32d9ee91b2c8a18d4351ec32a8ed7f.mp3*~data=user_id=0,application_id=42~hmac=19054f9cd0f41ab576167d69d0c731af1ce15aa0cb98dd08b2e00ea20ec00150","On 1 list: Soundtracks"
"(thematic candidate)","","","","Ori, Lost In the Storm (feat. Aeralie Brighton)","Gareth Coker","Ori and the Blind Forest (Original Soundtrack)","95629060","414441","68","false","https://www.deezer.com/us/track/95629060","https://cdnt-preview.dzcdn.net/api/1/1/e/1/8/0/e185964c95c15e9641939053cc49aa01.mp3?hdnea=exp=1781458066~acl=/api/1/1/e/1/8/0/e185964c95c15e9641939053cc49aa01.mp3*~data=user_id=0,application_id=42~hmac=8ec0d161f5423b07d110a43fdacdd5797bdc1c973e2b9affee14e7efed0f982f","On 1 list: Soundtracks"
"(thematic candidate)","","","","Edoras","Howard Shore","The Lord of the Rings: The Two Towers - the Complete Recordings","526907762","413490","274","false","https://www.deezer.com/us/track/526907762","https://cdnt-preview.dzcdn.net/api/1/1/d/3/8/0/d38906a94fac87b5ead91ab73118e941.mp3?hdnea=exp=1781458067~acl=/api/1/1/d/3/8/0/d38906a94fac87b5ead91ab73118e941.mp3*~data=user_id=0,application_id=42~hmac=bd231fa6c1f9e24fe99a46ff640506b287e0bf83108f398825a4b6a2b9ecf364","On 1 list: Soundtracks"
"(thematic candidate)","","","","Iron Man 3","Brian Tyler","Iron Man 3 (Original Motion Picture Soundtrack)","66608549","412335","143","false","https://www.deezer.com/us/track/66608549","https://cdnt-preview.dzcdn.net/api/1/1/9/b/7/0/9b7d4936d19088128737ac76f5147baa.mp3?hdnea=exp=1781458064~acl=/api/1/1/9/b/7/0/9b7d4936d19088128737ac76f5147baa.mp3*~data=user_id=0,application_id=42~hmac=114cbe98d7b88c213cb3c8fc537bf8163963e9e5c5ed3ab1607f8885fe5df9e9","On 1 list: Soundtracks"
"(thematic candidate)","","","","Brothers In Arms","Junkie XL","Mad Max: Fury Road (Original Motion Picture Soundtrack)","647841602","411610","262","false","https://www.deezer.com/us/track/647841602","https://cdnt-preview.dzcdn.net/api/1/1/5/1/c/0/51c40b60b3fb69602f625dd6b74bc768.mp3?hdnea=exp=1781458067~acl=/api/1/1/5/1/c/0/51c40b60b3fb69602f625dd6b74bc768.mp3*~data=user_id=0,application_id=42~hmac=e81e3912b8268b943fd933aeb3a9b0249e33374af5f015eba83ad36dc069836f","On 1 list: Soundtracks"
"(thematic candidate)","","","","Castle Leoch","Bear McCreary","Outlander: Season 1, Vol. 1 (Original Television Soundtrack)","93764876","410886","178","false","https://www.deezer.com/us/track/93764876","https://cdnt-preview.dzcdn.net/api/1/1/8/5/f/0/85f4c8e7772ad6f626592e7891ac3a0c.mp3?hdnea=exp=1781458066~acl=/api/1/1/8/5/f/0/85f4c8e7772ad6f626592e7891ac3a0c.mp3*~data=user_id=0,application_id=42~hmac=a771a3635dcf4d899c4f5633a49bddbfa1518584cccb6878b240267c98d6367c","On 1 list: Soundtracks"
"(thematic candidate)","","","","Finale","John Williams","Star Wars: The Rise of Skywalker (Original Motion Picture Soundtrack)","831931052","410406","651","false","https://www.deezer.com/us/track/831931052","https://cdnt-preview.dzcdn.net/api/1/1/b/4/d/0/b4d0f1a860aa7eb2709311708d69ed22.mp3?hdnea=exp=1781458066~acl=/api/1/1/b/4/d/0/b4d0f1a860aa7eb2709311708d69ed22.mp3*~data=user_id=0,application_id=42~hmac=62483d6320f58d78b2d49ade1f8776b716a201dbba3ced7230eb311940da4504","On 1 list: Soundtracks"
"(thematic candidate)","","","","Mahou Hatsudou","Yasuharu Takanashi","""Fairy Tail"" Original Soundtrack Vol.1","472517582","409724","107","false","https://www.deezer.com/us/track/472517582","https://cdnt-preview.dzcdn.net/api/1/1/a/4/4/0/a44f0881ff9ed32ddd1ebac2fd6ed27c.mp3?hdnea=exp=1781458066~acl=/api/1/1/a/4/4/0/a44f0881ff9ed32ddd1ebac2fd6ed27c.mp3*~data=user_id=0,application_id=42~hmac=5a19b2e563805f083eea796f447fafc1fda09ca6f1bff8a1c49dc4ce802cf8d9","On 1 list: Soundtracks"
"(thematic candidate)","","","","The Legend of Ashitaka (from 'Princess Mononoke')","Joe Hisaishi","A Symphonic Celebration - Music from the Studio Ghibli Films of Hayao Miyazaki","2338649085","408723","117","false","https://www.deezer.com/us/track/2338649085","https://cdnt-preview.dzcdn.net/api/1/1/1/f/c/0/1fc243a0136ecbd7390142ca2a6d99c0.mp3?hdnea=exp=1781458067~acl=/api/1/1/1/f/c/0/1fc243a0136ecbd7390142ca2a6d99c0.mp3*~data=user_id=0,application_id=42~hmac=176ac18c7d890b091b18db32797d4471c63a58e17c87ac5cadb812dcf35c316b","On 1 list: Soundtracks"
"(thematic candidate)","","","","Main Titles (Charlie and the Chocolate Factory)","Danny Elfman","Charlie And The Chocolate Factory (Original Motion Picture Soundtrack)","647414792","408237","300","false","https://www.deezer.com/us/track/647414792","https://cdnt-preview.dzcdn.net/api/1/1/0/8/a/0/08a190f5ac049a1550ffb10cca68c4b1.mp3?hdnea=exp=1781458063~acl=/api/1/1/0/8/a/0/08a190f5ac049a1550ffb10cca68c4b1.mp3*~data=user_id=0,application_id=42~hmac=22ca10fdd1d2f5a62be5109c6cb91bb0595cb7596e81019c5596b5c0e2e563b3","On 1 list: Movie Songs"
"(thematic candidate)","","","","Indiana Jones Theme","Hollywood Studio Orchestra","Indiana Jones Theme","1198104702","407629","309","false","https://www.deezer.com/us/track/1198104702","https://cdnt-preview.dzcdn.net/api/1/1/d/6/9/0/d696f59324adee56e73d6b058818483b.mp3?hdnea=exp=1781458063~acl=/api/1/1/d/6/9/0/d696f59324adee56e73d6b058818483b.mp3*~data=user_id=0,application_id=42~hmac=da022f2fdaebd2ba0931aa2bb3b58864893b5a1cc38c73a458366518797cfb3b","On 1 list: Movie Songs"
"(thematic candidate)","","","","Breaking Bad Main Title Theme (Extended)","Dave Porter","Breaking Bad: Original Score from the Television Series","69838319","406650","75","false","https://www.deezer.com/us/track/69838319","https://cdnt-preview.dzcdn.net/api/1/1/9/1/2/0/91202edd47868ea360fc7d8748a6bb0e.mp3?hdnea=exp=1781458065~acl=/api/1/1/9/1/2/0/91202edd47868ea360fc7d8748a6bb0e.mp3*~data=user_id=0,application_id=42~hmac=a240842b8ca3cfef96e07016bba1d620d5c3cfafa219569e52f7d840bb805094","On 1 list: Soundtracks"
"(thematic candidate)","","","","Car Wash (Long Version)","Rose Royce","Car Wash","2230407","405214","306","false","https://www.deezer.com/us/track/2230407","https://cdnt-preview.dzcdn.net/api/1/1/f/8/f/0/f8f2a0aafddfa87c03b12a99132da157.mp3?hdnea=exp=1781458062~acl=/api/1/1/f/8/f/0/f8f2a0aafddfa87c03b12a99132da157.mp3*~data=user_id=0,application_id=42~hmac=343cd0a5aaa7f521786787ae95c4460eeef44fd12c20c54b5eac76cf8e597308","On 1 list: Movie Songs"
"(thematic candidate)","","","","My Watch Has Ended","Ramin Djawadi","Game of Thrones (Music from the HBO® Series - Season 6)","127563051","404478","174","false","https://www.deezer.com/us/track/127563051","https://cdnt-preview.dzcdn.net/api/1/1/8/3/c/0/83c8da1fae929002829b602c3049fe42.mp3?hdnea=exp=1781458067~acl=/api/1/1/8/3/c/0/83c8da1fae929002829b602c3049fe42.mp3*~data=user_id=0,application_id=42~hmac=0c5b906cb908cb7f090fdd9a7ac6686076da2561463fe4db2069e540cc1648b4","On 1 list: Soundtracks"
"(thematic candidate)","","","","Mountain Banjo","Rhiannon Giddens","The Music of Red Dead Redemption 2 (Original Soundtrack)","688442562","404051","161","false","https://www.deezer.com/us/track/688442562","https://cdnt-preview.dzcdn.net/api/1/1/6/0/4/0/604d9c2bf7f11a61f97d3db417017828.mp3?hdnea=exp=1781458066~acl=/api/1/1/6/0/4/0/604d9c2bf7f11a61f97d3db417017828.mp3*~data=user_id=0,application_id=42~hmac=a48f8da21aaa9ac2dab68b9f62ff009c7e71eec277bc52e8507e6e3c1278a07c","On 1 list: Soundtracks"
"(thematic candidate)","","","","Geralt of Rivia","Sonya Belousova","The Witcher (Music from the Netflix Original Series)","854475202","403693","112","false","https://www.deezer.com/us/track/854475202","https://cdnt-preview.dzcdn.net/api/1/1/4/b/e/0/4be88ac6cff7ab281af5f8613ee4bbb6.mp3?hdnea=exp=1781458066~acl=/api/1/1/4/b/e/0/4be88ac6cff7ab281af5f8613ee4bbb6.mp3*~data=user_id=0,application_id=42~hmac=f0956a307c09f495887a9618a9513fd74950eb97f419cde951658daa0458fca2","On 1 list: Soundtracks"
"(thematic candidate)","","","","Kijutsushi no Baire","Yoshihisa Hirano","HUNTER x HUNTER Original Soundtrack","2665360212","403443","67","false","https://www.deezer.com/us/track/2665360212","https://cdnt-preview.dzcdn.net/api/1/1/e/3/e/0/e3edfc6fae2979d2b42bd0e28028525c.mp3?hdnea=exp=1781458066~acl=/api/1/1/e/3/e/0/e3edfc6fae2979d2b42bd0e28028525c.mp3*~data=user_id=0,application_id=42~hmac=7d8eb23b7b145c2ab7ac804129e17c66c00db538c1e84bdef39cc5a862a9085f","On 1 list: Soundtracks"
"(thematic candidate)","","","","Main Title Terminator 2 Theme (Remastered 2017)","Brad Fiedel","Terminator 2: Judgment Day (Remastered 2017)","142745594","402540","117","false","https://www.deezer.com/us/track/142745594","https://cdnt-preview.dzcdn.net/api/1/1/3/4/5/0/34534d0121640036947dd08ed7360bd4.mp3?hdnea=exp=1781458062~acl=/api/1/1/3/4/5/0/34534d0121640036947dd08ed7360bd4.mp3*~data=user_id=0,application_id=42~hmac=cdffd387e1f5d208f1fbd9c155916c079ab316a76cd85ef907cf9b79614fb97a","On 1 list: Movie Songs"
"(thematic candidate)","","","","The Theme from ""A Summer Place""","Percy Faith & His Orchestra","16 Most Requested Songs","1065521","400149","105","false","https://www.deezer.com/us/track/1065521","https://cdnt-preview.dzcdn.net/api/1/1/5/4/c/0/54c10ce692e25b623b54d26ebed31b9e.mp3?hdnea=exp=1781458064~acl=/api/1/1/5/4/c/0/54c10ce692e25b623b54d26ebed31b9e.mp3*~data=user_id=0,application_id=42~hmac=02a19a24344af4ab616faefe14ddac004f1c1df04691fd6d9cdebbe124cd4d80","On 1 list: Soundtracks"
"(thematic candidate)","","","","Mombasa","Hans Zimmer","Inception (Music from the Motion Picture)","6524412","400121","294","false","https://www.deezer.com/us/track/6524412","https://cdnt-preview.dzcdn.net/api/1/1/e/d/f/0/edf9ce08382ab2fea03ec31e093f3f39.mp3?hdnea=exp=1781458067~acl=/api/1/1/e/d/f/0/edf9ce08382ab2fea03ec31e093f3f39.mp3*~data=user_id=0,application_id=42~hmac=f88cda7e86fb335588e59bb554953d1e976134e058e46827ff68b8fd6133be43","On 1 list: Soundtracks"
"(thematic candidate)","","","","Dragon Age Inquisition Theme","Trevor Morris","Dragon Age Inquisition (Original Game Soundtrack)","677945102","399619","172","false","https://www.deezer.com/us/track/677945102","https://cdnt-preview.dzcdn.net/api/1/1/e/7/e/0/e7ea7df643f09e6d07c2a375028cd1a9.mp3?hdnea=exp=1781458064~acl=/api/1/1/e/7/e/0/e7ea7df643f09e6d07c2a375028cd1a9.mp3*~data=user_id=0,application_id=42~hmac=3a08452625afe2c955161d151b62155dc7535e1287fc23f06388376db3a1667c","On 1 list: Soundtracks"
"(thematic candidate)","","","","Eleven","Kyle Dixon & Michael Stein","Stranger Things, Vol. 1 (A Netflix Original Series Soundtrack)","130871180","398004","194","false","https://www.deezer.com/us/track/130871180","https://cdnt-preview.dzcdn.net/api/1/1/3/a/e/0/3ae623c930f9cac687d0724814837ed1.mp3?hdnea=exp=1781458067~acl=/api/1/1/3/a/e/0/3ae623c930f9cac687d0724814837ed1.mp3*~data=user_id=0,application_id=42~hmac=f0952b4e7e2bdbe9af0b96c935a0a047728f4dcf954123b014e893adf7a9303f","On 1 list: Soundtracks"
"(thematic candidate)","","","","The King's Arrival","Ramin Djawadi","Game Of Thrones (Music From The HBO Series)","117729434","397395","214","false","https://www.deezer.com/us/track/117729434","https://cdnt-preview.dzcdn.net/api/1/1/4/f/d/0/4fd1972cb8f3c0e9b356005140f1926f.mp3?hdnea=exp=1781458066~acl=/api/1/1/4/f/d/0/4fd1972cb8f3c0e9b356005140f1926f.mp3*~data=user_id=0,application_id=42~hmac=bc10aa4d0150b6f4772a89be71f4afa81c8cc9338304b2f50822c402cd94ee52","On 1 list: Soundtracks"
"(thematic candidate)","","","","Episode IV - Cantina Band","John Williams","Star Wars Episode IV: A New Hope (Original Motion Picture Soundtrack)","193402381","397070","167","false","https://www.deezer.com/us/track/193402381","https://cdnt-preview.dzcdn.net/api/1/1/a/e/5/0/ae533fca25051c2a650983fcb9cded67.mp3?hdnea=exp=1781458066~acl=/api/1/1/a/e/5/0/ae533fca25051c2a650983fcb9cded67.mp3*~data=user_id=0,application_id=42~hmac=8d926a0fb110a0a9f5bebb4289fbd2f14f2406a2fb9451b01283f93b5df0527e","On 1 list: Soundtracks"
"(thematic candidate)","","","","Remember","Hans Zimmer","The Lion King (Original Motion Picture Soundtrack)","709612582","396622","189","false","https://www.deezer.com/us/track/709612582","https://cdnt-preview.dzcdn.net/api/1/1/e/4/3/0/e430662de454f5537f9ea68a86827ef8.mp3?hdnea=exp=1781458066~acl=/api/1/1/e/4/3/0/e430662de454f5537f9ea68a86827ef8.mp3*~data=user_id=0,application_id=42~hmac=5aaf553e543b7a43ff8f44f2a5fe02f0629d4473ea269c5f5d45683754f7eb14","On 1 list: Soundtracks"
"(thematic candidate)","","","","The Imperial March (Darth Vader's Theme)","John Williams","Star Wars: The Empire Strikes Back (Original Motion Picture Soundtrack)","493842012","396444","179","false","https://www.deezer.com/us/track/493842012","https://cdnt-preview.dzcdn.net/api/1/1/c/7/6/0/c768234f84e3c224f719a91416956b32.mp3?hdnea=exp=1781458064~acl=/api/1/1/c/7/6/0/c768234f84e3c224f719a91416956b32.mp3*~data=user_id=0,application_id=42~hmac=65c9ed29d6160a4db9a74c40f2c42d8f14b41fc9658c3016b3f7b05c9edd5da5","On 1 list: Soundtracks"
"(thematic candidate)","","","","Robin Hood: Prince of Thieves","Cinematic Symphony Orchestra","Robin Hood: Prince of Thieves","2142084407","396310","173","false","https://www.deezer.com/us/track/2142084407","https://cdnt-preview.dzcdn.net/api/1/1/b/e/f/0/befdd4d585ed567d0d94b76a8a481b7c.mp3?hdnea=exp=1781458064~acl=/api/1/1/b/e/f/0/befdd4d585ed567d0d94b76a8a481b7c.mp3*~data=user_id=0,application_id=42~hmac=377c1fdf4a0890d22ceabae2f96ca29c6111abf8c31c2b9498d453f3bb5b6b5c","On 1 list: Soundtracks"
"(thematic candidate)","","","","Ben","Trevor Rabin","National Treasure","3110548","395878","244","false","https://www.deezer.com/us/track/3110548","https://cdnt-preview.dzcdn.net/api/1/1/8/9/9/0/899b038a617e615db008899587e54192.mp3?hdnea=exp=1781458065~acl=/api/1/1/8/9/9/0/899b038a617e615db008899587e54192.mp3*~data=user_id=0,application_id=42~hmac=15c53077a51ad6bdc50e8c7dbae53bb1e507d29d4045b37dce10e39a88fee017","On 1 list: Soundtracks"
"(thematic candidate)","","","","Assassin's Creed Origins Main Theme","Sarah Schachner","Assassin's Creed Origins (Original Game Soundtrack)","419211482","394414","195","false","https://www.deezer.com/us/track/419211482","https://cdnt-preview.dzcdn.net/api/1/1/c/b/3/0/cb3e425bee50a96953b3b3645d5321d1.mp3?hdnea=exp=1781458065~acl=/api/1/1/c/b/3/0/cb3e425bee50a96953b3b3645d5321d1.mp3*~data=user_id=0,application_id=42~hmac=14c1c5541e556090c259bade653432aa3e905f140ba46a381f42a8cdb88ea8d1","On 1 list: Soundtracks"
"(thematic candidate)","","","","Journey to the Line (From ""The Thin Red Line"" Soundtrack)","Hans Zimmer","The Thin Red Line","958673","394038","561","false","https://www.deezer.com/us/track/958673","https://cdnt-preview.dzcdn.net/api/1/1/1/f/2/0/1f24b1c89922dea49d416ae0383c178f.mp3?hdnea=exp=1781458067~acl=/api/1/1/1/f/2/0/1f24b1c89922dea49d416ae0383c178f.mp3*~data=user_id=0,application_id=42~hmac=27bc3dc7b468984fa48b7b292bd66d9aeedea661ae1dbace9168100fd5b94e54","On 1 list: Soundtracks"
"(thematic candidate)","","","","See You Tomorrow","John Powell","How To Train Your Dragon (Music From The Motion Picture)","119437634","393474","232","false","https://www.deezer.com/us/track/119437634","https://cdnt-preview.dzcdn.net/api/1/1/9/a/d/0/9ad111b07e3c1d96a9cff80a85dcd1cc.mp3?hdnea=exp=1781458065~acl=/api/1/1/9/a/d/0/9ad111b07e3c1d96a9cff80a85dcd1cc.mp3*~data=user_id=0,application_id=42~hmac=ffc3277d0c9eebe39374efb110490c5cd6104a99bcdeac0c5a382e662f14e8eb","On 1 list: Soundtracks"
"(thematic candidate)","","","","Cinema Paradiso (Main Theme)","Ennio Morricone","Cinema Paradiso (Original Motion Picture Soundtrack) (The Complete Edition)","75643386","392651","150","false","https://www.deezer.com/us/track/75643386","https://cdnt-preview.dzcdn.net/api/1/1/d/0/2/0/d029bdbd3e57bc6a591ea58e9be44705.mp3?hdnea=exp=1781458064~acl=/api/1/1/d/0/2/0/d029bdbd3e57bc6a591ea58e9be44705.mp3*~data=user_id=0,application_id=42~hmac=9845385dd6f3747cd435ee1ff0e499ecda565f2f200fb5af610ef17e7fbf2965","On 1 list: Soundtracks"
"(thematic candidate)","","","","Floki Appears to Kill Athelstan","Trevor Morris","The Vikings III (Music from the TV Series)","99689090","392631","190","false","https://www.deezer.com/us/track/99689090","https://cdnt-preview.dzcdn.net/api/1/1/e/2/9/0/e2922311757fca3e183d50ef0700ea4d.mp3?hdnea=exp=1781458066~acl=/api/1/1/e/2/9/0/e2922311757fca3e183d50ef0700ea4d.mp3*~data=user_id=0,application_id=42~hmac=702c5d2809734789bdaf0c46c1861d5507ff0a9b4a3596885f52afeb422807b8","On 1 list: Soundtracks"
"(thematic candidate)","","","","The Punisher Main Title","Tyler Bates","The Punisher (Original Soundtrack)","427250572","392048","75","false","https://www.deezer.com/us/track/427250572","https://cdnt-preview.dzcdn.net/api/1/1/a/6/b/0/a6bc480f02194e2fc4ae82024db3f8b5.mp3?hdnea=exp=1781458065~acl=/api/1/1/a/6/b/0/a6bc480f02194e2fc4ae82024db3f8b5.mp3*~data=user_id=0,application_id=42~hmac=4b10fece944500f09a194eab18741a19e1240a84b02f1b1ffbe4ed03c9e0fb98","On 1 list: Soundtracks"
"(thematic candidate)","","","","Variation 15","Benjamin Wallfisch","Dunkirk (Original Motion Picture Soundtrack)","647839422","391605","351","false","https://www.deezer.com/us/track/647839422","https://cdnt-preview.dzcdn.net/api/1/1/a/6/9/0/a69a0b7321808cb68db2c70460fa5230.mp3?hdnea=exp=1781458067~acl=/api/1/1/a/6/9/0/a69a0b7321808cb68db2c70460fa5230.mp3*~data=user_id=0,application_id=42~hmac=815298f3afc074f4710fc37af280e9b1b5cfcd9c5df35217c80e5bae88eb2da4","On 1 list: Soundtracks"
"(thematic candidate)","","","","New Tail","John Powell","How To Train Your Dragon (Music From The Motion Picture)","119437632","389983","167","false","https://www.deezer.com/us/track/119437632","https://cdnt-preview.dzcdn.net/api/1/1/1/0/f/0/10f2d8531b1f5707d235e2433f5e1ccb.mp3?hdnea=exp=1781458065~acl=/api/1/1/1/0/f/0/10f2d8531b1f5707d235e2433f5e1ccb.mp3*~data=user_id=0,application_id=42~hmac=fda3b7e98a60eea2b164b32e9acc0978e103260a1768d0d8e6e7a2f9df73fffd","On 1 list: Soundtracks"
"(thematic candidate)","","","","Oogway's Legacy","Hans Zimmer","Kung Fu Panda 3 (Music from the Motion Picture)","117726006","389891","119","false","https://www.deezer.com/us/track/117726006","https://cdnt-preview.dzcdn.net/api/1/1/9/4/5/0/9452c56953534f4296c7a5934c83fd6f.mp3?hdnea=exp=1781458065~acl=/api/1/1/9/4/5/0/9452c56953534f4296c7a5934c83fd6f.mp3*~data=user_id=0,application_id=42~hmac=9bc459668df9fe95ff6d4d5fb99f24f302e66fb87d0697e20a35eb4898998a4c","On 1 list: Soundtracks"
"(thematic candidate)","","","","Professor Umbridge","Nicholas Hooper","Harry Potter And The Order Of The Phoenix (Original Motion Picture Soundtrack)","679861","389669","152","false","https://www.deezer.com/us/track/679861","https://cdnt-preview.dzcdn.net/api/1/1/8/1/e/0/81e0e44d13927d3fc95ff3a4d52c51ea.mp3?hdnea=exp=1781458065~acl=/api/1/1/8/1/e/0/81e0e44d13927d3fc95ff3a4d52c51ea.mp3*~data=user_id=0,application_id=42~hmac=9a1b4dd3b1b68ce5025feeb1e641f1380f621f35e4e3d36d9953c2088435e7ce","On 1 list: Soundtracks"
"(thematic candidate)","","","","House of Woodcock","Jonny Greenwood","Phantom Thread (Original Motion Picture Soundtrack)","443552742","389530","233","false","https://www.deezer.com/us/track/443552742","https://cdnt-preview.dzcdn.net/api/1/1/7/a/8/0/7a80c55eadb603607f9c2264463a43fd.mp3?hdnea=exp=1781458064~acl=/api/1/1/7/a/8/0/7a80c55eadb603607f9c2264463a43fd.mp3*~data=user_id=0,application_id=42~hmac=35b31ea6265c53bd66ddcebdfd3067353a9f11994838a2254056b74ec90b9b5f","On 1 list: Soundtracks"
"(thematic candidate)","","","","Infinite White","Steve Jablonsky","Transformers: Revenge Of The Fallen - The Score","3818932","389414","238","false","https://www.deezer.com/us/track/3818932","https://cdnt-preview.dzcdn.net/api/1/1/2/a/e/0/2ae8902041934ad03b70a2315fd561f4.mp3?hdnea=exp=1781458064~acl=/api/1/1/2/a/e/0/2ae8902041934ad03b70a2315fd561f4.mp3*~data=user_id=0,application_id=42~hmac=f2f0527c5b89469b2b4fc1cb5bda33b1f22b72570c22c2993322facae83140b9","On 1 list: Soundtracks"
"(thematic candidate)","","","","City of Rome","Jesper Kyd","Assassin's Creed Brotherhood (Original Game Soundtrack)","14354548","389106","332","false","https://www.deezer.com/us/track/14354548","https://cdnt-preview.dzcdn.net/api/1/1/c/8/b/0/c8bf68be4d12e538e621549189b7b16d.mp3?hdnea=exp=1781458065~acl=/api/1/1/c/8/b/0/c8bf68be4d12e538e621549189b7b16d.mp3*~data=user_id=0,application_id=42~hmac=ceb44fde31755743a435fcc77d44b7f77d8c8ef046d3d0c453c83ade27c7a10e","On 1 list: Soundtracks"
"(thematic candidate)","","","","Dueling Banjos","Eric Weissberg","Dueling Banjos From The Original Sound Track Of Deliverance And Additional Music","724941","387757","196","false","https://www.deezer.com/us/track/724941","https://cdnt-preview.dzcdn.net/api/1/1/4/1/e/0/41e6ef9d5764b842eb26578209be77f0.mp3?hdnea=exp=1781458062~acl=/api/1/1/4/1/e/0/41e6ef9d5764b842eb26578209be77f0.mp3*~data=user_id=0,application_id=42~hmac=01f2db51e9e155de27d337c396f95aaedd75465cdbe6c3e937a7fe37ca30f0e6","On 1 list: Movie Songs"
"(thematic candidate)","","","","Epilogue (From ""Frozen""/Score)","Christophe Beck","La Reine des Neiges (Bande Originale Française du Film)","72427170","385611","184","false","https://www.deezer.com/us/track/72427170","https://cdnt-preview.dzcdn.net/api/1/1/3/c/c/0/3ccd7edd68e41f2a9229d21efcb51ed4.mp3?hdnea=exp=1781458064~acl=/api/1/1/3/c/c/0/3ccd7edd68e41f2a9229d21efcb51ed4.mp3*~data=user_id=0,application_id=42~hmac=5fc2d3a70469bab0879a5892112c73e4a9fac47f35604631e1292004f0999aad","On 1 list: Soundtracks"
"(thematic candidate)","","","","Mr. Moustafa","Alexandre Desplat","The Grand Budapest Hotel (Original Soundtrack)","74929085","384434","184","false","https://www.deezer.com/us/track/74929085","https://cdnt-preview.dzcdn.net/api/1/1/4/e/4/0/4e436407b345d87e1c94d798d3deac4c.mp3?hdnea=exp=1781458063~acl=/api/1/1/4/e/4/0/4e436407b345d87e1c94d798d3deac4c.mp3*~data=user_id=0,application_id=42~hmac=6b2ee743a81c025689867e8a4ce751579ca98c3b7cdebc80d86514f152241a22","On 1 list: Movie Songs"
"(thematic candidate)","","","","Techno Syndrome 2021 (Mortal Kombat)","Benjamin Wallfisch","Mortal Kombat (Original Motion Picture Soundtrack)","1325701682","384134","186","false","https://www.deezer.com/us/track/1325701682","https://cdnt-preview.dzcdn.net/api/1/1/f/8/5/0/f85090027500bcc4115532c08fa8114f.mp3?hdnea=exp=1781458066~acl=/api/1/1/f/8/5/0/f85090027500bcc4115532c08fa8114f.mp3*~data=user_id=0,application_id=42~hmac=0cc9a663cc8a9b59418e96b1039dc7ad21886df5dd3e333ce3b37a95e8ee4992","On 1 list: Soundtracks"
"(thematic candidate)","","","","the other side","Trent Reznor and Atticus Ross","The Gorge (Soundtrack from the Apple Original Film)","3221684801","383870","281","false","https://www.deezer.com/us/track/3221684801","https://cdnt-preview.dzcdn.net/api/1/1/a/b/4/0/ab43efe265e4ff833391b6e83b978576.mp3?hdnea=exp=1781458064~acl=/api/1/1/a/b/4/0/ab43efe265e4ff833391b6e83b978576.mp3*~data=user_id=0,application_id=42~hmac=c7b2121bcc4597c27dc40ff5c598443530544874f2ec4c50df47b0014e34e1bd","On 1 list: Soundtracks"
"(thematic candidate)","","","","Magneto","Henry Jackman","X-MEN: FIRST CLASS","12241621","380725","112","false","https://www.deezer.com/us/track/12241621","https://cdnt-preview.dzcdn.net/api/1/1/1/7/1/0/171039d36a9786f95421a88ca1824ed8.mp3?hdnea=exp=1781458066~acl=/api/1/1/1/7/1/0/171039d36a9786f95421a88ca1824ed8.mp3*~data=user_id=0,application_id=42~hmac=20a965203fe4a8c3c1fc5c800f81b93cfb84159c24951c934839ed56a30d4ff1","On 1 list: Soundtracks"
"(thematic candidate)","","","","A Story You Won't Believe","Marcin Przybyłowicz","The Witcher 3: Wild Hunt (Original Game Soundtrack)","448312222","380395","97","false","https://www.deezer.com/us/track/448312222","https://cdnt-preview.dzcdn.net/api/1/1/a/8/5/0/a851c9f251a176b0d85768f3f325fa3d.mp3?hdnea=exp=1781458066~acl=/api/1/1/a/8/5/0/a851c9f251a176b0d85768f3f325fa3d.mp3*~data=user_id=0,application_id=42~hmac=92eefc7d04e506c4fa51b99707c1de945f2c3b389604790e1c0aef8c897be95f","On 1 list: Soundtracks"
"(thematic candidate)","","","","Goodnight Sweet Possums (From ""Ice Age The Meltdown"")","John Powell","Ice Age: The Meltdown (Original Motion Picture Soundtrack)","123821660","379827","48","false","https://www.deezer.com/us/track/123821660","https://cdnt-preview.dzcdn.net/api/1/1/2/7/8/0/2789e6ee7a2cdade8951a27d42f5cc29.mp3?hdnea=exp=1781458067~acl=/api/1/1/2/7/8/0/2789e6ee7a2cdade8951a27d42f5cc29.mp3*~data=user_id=0,application_id=42~hmac=ae60c6bfada1f5585b30346785594341aaf140301de19c5ed04a3637c82c00a5","On 1 list: Soundtracks"
"(thematic candidate)","","","","Homecoming","Yasuharu Takanashi","NARUTO SHIPPUDEN ORIGINAL SOUNDTRACK","1487557652","379781","110","false","https://www.deezer.com/us/track/1487557652","https://cdnt-preview.dzcdn.net/api/1/1/7/7/4/0/774f47cc7a499a7731a258a22fa71a29.mp3?hdnea=exp=1781458066~acl=/api/1/1/7/7/4/0/774f47cc7a499a7731a258a22fa71a29.mp3*~data=user_id=0,application_id=42~hmac=49dbb93a3d344785e3e5c913cf8b29f6999b1f573fca6c99d3a7d9d3ea7e82d2","On 1 list: Soundtracks"
"(thematic candidate)","","","","The All Spark","Steve Jablonsky","Transformers: The Score","3583328","379453","214","false","https://www.deezer.com/us/track/3583328","https://cdnt-preview.dzcdn.net/api/1/1/6/e/4/0/6e46a16973f407b8dd4f97f2dce5e6a9.mp3?hdnea=exp=1781458064~acl=/api/1/1/6/e/4/0/6e46a16973f407b8dd4f97f2dce5e6a9.mp3*~data=user_id=0,application_id=42~hmac=421eca1720b80854abb655fd0f64aca48724ccf84d07888df916062a03fb6251","On 1 list: Soundtracks"
"(thematic candidate)","","","","Happiness Is Simple","Simon Franglen","Avatar: The Way of Water (Original Motion Picture Soundtrack)","2069246367","378666","144","false","https://www.deezer.com/us/track/2069246367","https://cdnt-preview.dzcdn.net/api/1/1/8/a/8/0/8a81b73adf23424fd8a5fe4b0bf94ac5.mp3?hdnea=exp=1781458064~acl=/api/1/1/8/a/8/0/8a81b73adf23424fd8a5fe4b0bf94ac5.mp3*~data=user_id=0,application_id=42~hmac=e2f5813aadf8fad47b41639667f41c621cab2951ac59f1ad934422fe97030d26","On 1 list: Soundtracks"
"(thematic candidate)","","","","Pyrates Beware","Brian Tyler","Assassin's Creed 4: Black Flag (Original Game Soundtrack)","74599154","378581","196","false","https://www.deezer.com/us/track/74599154","https://cdnt-preview.dzcdn.net/api/1/1/1/3/f/0/13fbe5787fa47191d2edc547e5f367ed.mp3?hdnea=exp=1781458065~acl=/api/1/1/1/3/f/0/13fbe5787fa47191d2edc547e5f367ed.mp3*~data=user_id=0,application_id=42~hmac=7d37ac0c2faeed88f4166350c00e470feee205b2629173411a119442e6cbeb01","On 1 list: Soundtracks"
"(thematic candidate)","","","","Come Back to Us (From ""1917"" Soundtrack)","Thomas Newman","1917 (Original Motion Picture Soundtrack)","823113702","378487","339","false","https://www.deezer.com/us/track/823113702","https://cdnt-preview.dzcdn.net/api/1/1/2/b/9/0/2b93bb3f33d9878ccc8511e1c274ecc5.mp3?hdnea=exp=1781458064~acl=/api/1/1/2/b/9/0/2b93bb3f33d9878ccc8511e1c274ecc5.mp3*~data=user_id=0,application_id=42~hmac=901b613005dcb6994358c68fdb0f6f3c89a47ffd3d71326cd1135fcc4b5efd85","On 1 list: Soundtracks"
"(thematic candidate)","","","","Overture - Mary Poppins","Richard M. Sherman","Mary Poppins Original Soundtrack","3118711","377249","178","false","https://www.deezer.com/us/track/3118711","https://cdnt-preview.dzcdn.net/api/1/1/a/9/c/0/a9c7da98799290d01e75cefbe81217a9.mp3?hdnea=exp=1781458062~acl=/api/1/1/a/9/c/0/a9c7da98799290d01e75cefbe81217a9.mp3*~data=user_id=0,application_id=42~hmac=d17d8f645bb4591c800c662dd082d86f384884f20af2f0c290abb57bc72a85de","On 1 list: Movie Songs"
"(thematic candidate)","","","","Why so Serious?","Hans Zimmer","The Dark Knight (Original Motion Picture Soundtrack)","904628","376817","554","false","https://www.deezer.com/us/track/904628","https://cdnt-preview.dzcdn.net/api/1/1/c/e/3/0/ce3530bf5cdcd54a2bb03744ed8aab7a.mp3?hdnea=exp=1781458065~acl=/api/1/1/c/e/3/0/ce3530bf5cdcd54a2bb03744ed8aab7a.mp3*~data=user_id=0,application_id=42~hmac=d83ce5a9e3724938ee7a71ca1e16335992e0510cc39e20a0cfd7b5d13b936203","On 1 list: Soundtracks"
"(thematic candidate)","","","","James Bond Theme","Monty Norman","Dr. No (Original Soundtrack) [1962]","75672738","375415","106","false","https://www.deezer.com/us/track/75672738","https://cdnt-preview.dzcdn.net/api/1/1/5/c/3/0/5c3b699dcc2f5c1ebc9eb907032eb1f0.mp3?hdnea=exp=1781458064~acl=/api/1/1/5/c/3/0/5c3b699dcc2f5c1ebc9eb907032eb1f0.mp3*~data=user_id=0,application_id=42~hmac=80582be1358ca6475848ffdffa6a2aaaa711186823f71ad9a00c31a1666339dc","On 1 list: Soundtracks"
"(thematic candidate)","","","","Skyrim - ""Dragonborn Theme”","Video Games Live","Level 3","83216606","375338","234","false","https://www.deezer.com/us/track/83216606","https://cdnt-preview.dzcdn.net/api/1/1/4/3/e/0/43e869bcce7883c54270e87324d6ccba.mp3?hdnea=exp=1781458064~acl=/api/1/1/4/3/e/0/43e869bcce7883c54270e87324d6ccba.mp3*~data=user_id=0,application_id=42~hmac=913d579ed7198a6b377532ccf4524c167dad17579101e4850add4721bdbbf566","On 1 list: Soundtracks"
"(thematic candidate)","","","","1917 (From ""1917"" Soundtrack)","Thomas Newman","1917 (Original Motion Picture Soundtrack)","823113522","374118","77","false","https://www.deezer.com/us/track/823113522","https://cdnt-preview.dzcdn.net/api/1/1/0/9/a/0/09abcb09e7e2cf707d51671defc44515.mp3?hdnea=exp=1781458066~acl=/api/1/1/0/9/a/0/09abcb09e7e2cf707d51671defc44515.mp3*~data=user_id=0,application_id=42~hmac=f5f5426decc99879e546e3d59db1a2c62b01b38934700af6c24aa20cc5db7dc7","On 1 list: Soundtracks"
"(thematic candidate)","","","","Hand Covers Bruise","Trent Reznor and Atticus Ross","The Social Network","57428311","373089","258","false","https://www.deezer.com/us/track/57428311","https://cdnt-preview.dzcdn.net/api/1/1/a/3/a/0/a3a907c42300d4e3aedaed7bddc6ab50.mp3?hdnea=exp=1781458067~acl=/api/1/1/a/3/a/0/a3a907c42300d4e3aedaed7bddc6ab50.mp3*~data=user_id=0,application_id=42~hmac=95687df8a7df67718be856b8b7f29250a167414ed50960823484e41b4ab93390","On 1 list: Soundtracks"
"(thematic candidate)","","","","Life's Incredible Again","Michael Giacchino","The Incredibles (Original Motion Picture Soundtrack)","24185291","371413","84","false","https://www.deezer.com/us/track/24185291","https://cdnt-preview.dzcdn.net/api/1/1/6/e/a/0/6ea6d22ef4486191000cb671feee1767.mp3?hdnea=exp=1781458066~acl=/api/1/1/6/e/a/0/6ea6d22ef4486191000cb671feee1767.mp3*~data=user_id=0,application_id=42~hmac=a15dd92044923992b65d8fe4e02cbed6bac8fdb545ed02c663d7b9920ff89781","On 1 list: Soundtracks"
"(thematic candidate)","","","","A Thief's End","Henry Jackman","Uncharted 4: A Thief's End (Original Soundtrack)","1240959992","370952","114","false","https://www.deezer.com/us/track/1240959992","https://cdnt-preview.dzcdn.net/api/1/1/2/2/4/0/2245efbf1bcd75ecc4d8523751a5d7c6.mp3?hdnea=exp=1781458065~acl=/api/1/1/2/2/4/0/2245efbf1bcd75ecc4d8523751a5d7c6.mp3*~data=user_id=0,application_id=42~hmac=63ae5faf752c3c29f58bb281d70edc92c53e69865aed6e46701eb68618bdbb84","On 1 list: Soundtracks"
"(thematic candidate)","","","","528491","Hans Zimmer","Inception (Music from the Motion Picture)","6524411","369789","143","false","https://www.deezer.com/us/track/6524411","https://cdnt-preview.dzcdn.net/api/1/1/b/c/9/0/bc952da064cd798b64006b612c3de006.mp3?hdnea=exp=1781458067~acl=/api/1/1/b/c/9/0/bc952da064cd798b64006b612c3de006.mp3*~data=user_id=0,application_id=42~hmac=e740665cc9e6cbf3eabaf45f53613e8e5cefe9f4d2f235a20f8f9935cd2c05b5","On 1 list: Soundtracks"
"(thematic candidate)","","","","Astrid Goes For A Spin","John Powell","How To Train Your Dragon (Music From The Motion Picture)","119437642","368503","45","false","https://www.deezer.com/us/track/119437642","https://cdnt-preview.dzcdn.net/api/1/1/c/e/b/0/cebc456d40ae3057507c3cf6adc14a88.mp3?hdnea=exp=1781458066~acl=/api/1/1/c/e/b/0/cebc456d40ae3057507c3cf6adc14a88.mp3*~data=user_id=0,application_id=42~hmac=f8db91d3c984ae64f5aef55a243f1a9d483e81c86e0dfdb70866d57d0d60f346","On 1 list: Soundtracks"
"(thematic candidate)","","","","Main on End","Alan Silvestri","Avengers: Endgame (Original Motion Picture Soundtrack)","669424122","368378","191","false","https://www.deezer.com/us/track/669424122","https://cdnt-preview.dzcdn.net/api/1/1/9/f/c/0/9fce235fee1ea4d339538d40b5b4fa13.mp3?hdnea=exp=1781458061~acl=/api/1/1/9/f/c/0/9fce235fee1ea4d339538d40b5b4fa13.mp3*~data=user_id=0,application_id=42~hmac=439e40dc41e6230bf88c3e7775bfaaa6d386be2ae6d4f4673f20c48d22b0ff5d","On 1 list: Movie Songs"
"(thematic candidate)","","","","Ratatouille Main Theme (From ""Ratatouille""/Score)","Michael Giacchino","Ratatouille Original Soundtrack (International Version)","3107478","368050","129","false","https://www.deezer.com/us/track/3107478","https://cdnt-preview.dzcdn.net/api/1/1/e/e/3/0/ee357c54263bf2e8425ade12977d0fb7.mp3?hdnea=exp=1781458064~acl=/api/1/1/e/e/3/0/ee357c54263bf2e8425ade12977d0fb7.mp3*~data=user_id=0,application_id=42~hmac=54f642189977ae205ec25bb6cf48730b8b1f8f64983d2dc74b33b72e001820d8","On 1 list: Soundtracks"
"(thematic candidate)","","","","Love On A Real Train (From 'Risky Business' Original Motion Picture Soundtrack / Remastered 2020)","Tangerine Dream","Pilots Of Purple Twilight - The Virgin Recordings 1980 - 1983","1118037542","367052","239","false","https://www.deezer.com/us/track/1118037542","https://cdnt-preview.dzcdn.net/api/1/1/3/5/3/0/3535606fc49afcf235c5c44972309962.mp3?hdnea=exp=1781458061~acl=/api/1/1/3/5/3/0/3535606fc49afcf235c5c44972309962.mp3*~data=user_id=0,application_id=42~hmac=b0e067a6e0d8a88b168317c08d3e2894c9e3d6f6133806dbc61cb566760b835a","On 1 list: Movie Songs"
"(thematic candidate)","","","","The Slopes Of The Blessure","Piotr Musial","The Witcher 3: Wild Hunt - Blood and Wine (Official Soundtrack)","125467522","366914","242","false","https://www.deezer.com/us/track/125467522","https://cdnt-preview.dzcdn.net/api/1/1/6/1/1/0/611285e2d639afa8f7406b99d16742d1.mp3?hdnea=exp=1781458066~acl=/api/1/1/6/1/1/0/611285e2d639afa8f7406b99d16742d1.mp3*~data=user_id=0,application_id=42~hmac=590e00de32909d20cc2c949b2884287ff9c449b9b9b22541d7f8238157f0c809","On 1 list: Soundtracks"
"(thematic candidate)","","","","Maiden Voyage (Original Game Soundtrack)","Sea of Thieves","Maiden Voyage (Original Game Soundtrack)","675238662","365224","158","false","https://www.deezer.com/us/track/675238662","https://cdnt-preview.dzcdn.net/api/1/1/4/4/4/0/4449c87217e349690ff609079d037264.mp3?hdnea=exp=1781458066~acl=/api/1/1/4/4/4/0/4449c87217e349690ff609079d037264.mp3*~data=user_id=0,application_id=42~hmac=4f58638ff41933b8f74f12d348358c70123e068bf81e3466fb47e6b6b1500993","On 1 list: Soundtracks"
"(thematic candidate)","","","","When the Morning Light Shines In","Dan Romer","Far Cry 5 (Original Game Soundtrack)","477061312","363763","187","false","https://www.deezer.com/us/track/477061312","https://cdnt-preview.dzcdn.net/api/1/1/4/d/5/0/4d5a54a729dbbb539de24fb16ea6a130.mp3?hdnea=exp=1781458067~acl=/api/1/1/4/d/5/0/4d5a54a729dbbb539de24fb16ea6a130.mp3*~data=user_id=0,application_id=42~hmac=f13776e26fbd7d76f384840fc20afc35c46996447376547382c85e19e4d82703","On 1 list: Soundtracks"
"(thematic candidate)","","","","Onepiece - Overtaken - Main Theme","Geek Music","Onepiece - Overtaken - Main Theme","558923522","363725","120","false","https://www.deezer.com/us/track/558923522","https://cdnt-preview.dzcdn.net/api/1/1/2/6/7/0/267202e702c1e7d2f72474dd06f21732.mp3?hdnea=exp=1781458067~acl=/api/1/1/2/6/7/0/267202e702c1e7d2f72474dd06f21732.mp3*~data=user_id=0,application_id=42~hmac=1df4034c35fbdda1d3f1e6c38a4f41b028dff567629aecfb4e7e3e73a88df200","On 1 list: Soundtracks"
"(thematic candidate)","","","","Main Title","John Paesano","Daredevil (Original Soundtrack Album)","105863724","363543","64","false","https://www.deezer.com/us/track/105863724","https://cdnt-preview.dzcdn.net/api/1/1/8/a/3/0/8a3e3c68aa5f78cb4c1fdbcadde16d04.mp3?hdnea=exp=1781458065~acl=/api/1/1/8/a/3/0/8a3e3c68aa5f78cb4c1fdbcadde16d04.mp3*~data=user_id=0,application_id=42~hmac=9c7265ff0fb9538a04f3fc1c92b7d9ef8e53537eca7504c29e3dea5d91a7fc27","On 1 list: Soundtracks"
"(thematic candidate)","","","","Skull And Crossbones","Klaus Badelt","Pirates Of The Caribbean Original Soundtrack","3117927","363056","203","false","https://www.deezer.com/us/track/3117927","https://cdnt-preview.dzcdn.net/api/1/1/6/5/3/0/65399df02e3c055b5be1c69f2fe971d0.mp3?hdnea=exp=1781458065~acl=/api/1/1/6/5/3/0/65399df02e3c055b5be1c69f2fe971d0.mp3*~data=user_id=0,application_id=42~hmac=bc836c13b34fda9655a3084c40a518b6232d2ab1f25cd6c8e1e6d146ed5b7337","On 1 list: Soundtracks"
"(thematic candidate)","","","","In Motion","Trent Reznor and Atticus Ross","The Social Network","57428321","362493","296","false","https://www.deezer.com/us/track/57428321","https://cdnt-preview.dzcdn.net/api/1/1/0/5/5/0/0553f08a8e6cf1d53c34e27d1812a2a6.mp3?hdnea=exp=1781458067~acl=/api/1/1/0/5/5/0/0553f08a8e6cf1d53c34e27d1812a2a6.mp3*~data=user_id=0,application_id=42~hmac=a7977c66579956bd24469f84472f0f0be3d442b9f902dc147241c5d586485f19","On 1 list: Soundtracks"
"(thematic candidate)","","","","A Watchful Guardian","Hans Zimmer","The Dark Knight (Collectors Edition) [Original Motion Picture Soundtrack]","4091767","362205","402","false","https://www.deezer.com/us/track/4091767","https://cdnt-preview.dzcdn.net/api/1/1/e/6/b/0/e6b436f8b9dc08f4486ca538e9c01baa.mp3?hdnea=exp=1781458066~acl=/api/1/1/e/6/b/0/e6b436f8b9dc08f4486ca538e9c01baa.mp3*~data=user_id=0,application_id=42~hmac=9a361465115507ea234c78d870183ffcbbaaf3b14768d4b82cef938571d454e8","On 1 list: Soundtracks"
"(thematic candidate)","","","","West Side Story: Overture","West Side Story Orchestra","West Side Story (Original Motion Picture Soundtrack)","71946981","361308","279","false","https://www.deezer.com/us/track/71946981","https://cdnt-preview.dzcdn.net/api/1/1/7/3/9/0/739ed1d0bd380c1e1748c9c403c30522.mp3?hdnea=exp=1781458062~acl=/api/1/1/7/3/9/0/739ed1d0bd380c1e1748c9c403c30522.mp3*~data=user_id=0,application_id=42~hmac=ab10346bfbe75dd45bb36ef3d9da032ffe63e7ea6432477dd9272b76acc84a48","On 1 list: Movie Songs"
"(thematic candidate)","","","","Brooks Was Here","Thomas Newman","The Shawshank Redemption","4273198","359823","315","false","https://www.deezer.com/us/track/4273198","https://cdnt-preview.dzcdn.net/api/1/1/c/0/0/0/c0062d2e9c47ba3da8faf08a0904ba36.mp3?hdnea=exp=1781458064~acl=/api/1/1/c/0/0/0/c0062d2e9c47ba3da8faf08a0904ba36.mp3*~data=user_id=0,application_id=42~hmac=d3d7df96eeee98f48ea1522fdbd4e36198d776060e71dcded182ac146fb8b843","On 1 list: Soundtracks"
"(thematic candidate)","","","","Fight Club","Lorne Balfe","Assassin's Creed 3 (Original Game Soundtrack)","71249035","359239","125","false","https://www.deezer.com/us/track/71249035","https://cdnt-preview.dzcdn.net/api/1/1/b/d/e/0/bde03dec9e1fb0b1685c7aac6a77d15e.mp3?hdnea=exp=1781458066~acl=/api/1/1/b/d/e/0/bde03dec9e1fb0b1685c7aac6a77d15e.mp3*~data=user_id=0,application_id=42~hmac=8d1e176016b81ca562d2996e880310f3f0e0c6c77700becaba598b13bf8ec4dc","On 1 list: Soundtracks"
"(thematic candidate)","","","","Opening Travel Music","David Newman","Ice Age (Original Motion Picture Soundtrack)","118586208","359198","75","false","https://www.deezer.com/us/track/118586208","https://cdnt-preview.dzcdn.net/api/1/1/f/b/e/0/fbec631c5d3061dce978fb1c6d844313.mp3?hdnea=exp=1781458066~acl=/api/1/1/f/b/e/0/fbec631c5d3061dce978fb1c6d844313.mp3*~data=user_id=0,application_id=42~hmac=0c50691030fbdef5c36dc54a11ab75d5dbb685cbdbf71003c203f7a95adc99d4","On 1 list: Soundtracks"
"(thematic candidate)","","","","Battlefield One","Johan Söderqvist","Battlefield 1 (Original Soundtrack)","522882152","359025","200","false","https://www.deezer.com/us/track/522882152","https://cdnt-preview.dzcdn.net/api/1/1/8/7/d/0/87d3f79e9c41424de4bdb8ea3d112748.mp3?hdnea=exp=1781458066~acl=/api/1/1/8/7/d/0/87d3f79e9c41424de4bdb8ea3d112748.mp3*~data=user_id=0,application_id=42~hmac=577dd16eb08c155d0e3f93b3ad1ffa160da92ce1ee68429a901f5d633c472444","On 1 list: Soundtracks"
"(thematic candidate)","","","","One Last Shot","Klaus Badelt","Pirates Of The Caribbean Original Soundtrack","3117930","357282","286","false","https://www.deezer.com/us/track/3117930","https://cdnt-preview.dzcdn.net/api/1/1/f/d/1/0/fd1bbc53c8cec04133b03c58e7e0fdca.mp3?hdnea=exp=1781458065~acl=/api/1/1/f/d/1/0/fd1bbc53c8cec04133b03c58e7e0fdca.mp3*~data=user_id=0,application_id=42~hmac=11d035f782a90c716ff66a95d86d0d07c1c723741e01caa153184494671d727d","On 1 list: Soundtracks"
"(thematic candidate)","","","","Zoro vs Mihawk","Sonya Belousova","One Piece (Soundtrack from the Netflix Series)","2395847185","356465","182","false","https://www.deezer.com/us/track/2395847185","https://cdnt-preview.dzcdn.net/api/1/1/4/9/f/0/49f25f1f95861af9e05bfa916b842675.mp3?hdnea=exp=1781458067~acl=/api/1/1/4/9/f/0/49f25f1f95861af9e05bfa916b842675.mp3*~data=user_id=0,application_id=42~hmac=94b40a63c84deb897955439de55ac0005f4ae1c2e98634417af282f7ef8b418c","On 1 list: Soundtracks"
"(thematic candidate)","","","","Legend of the Martial Artist","Yoshihisa Hirano","HUNTER x HUNTER Original Soundtrack 3","2665365412","355869","77","false","https://www.deezer.com/us/track/2665365412","https://cdnt-preview.dzcdn.net/api/1/1/a/9/0/0/a9021b097eb9e5c223729e9aa87f0b73.mp3?hdnea=exp=1781458066~acl=/api/1/1/a/9/0/0/a9021b097eb9e5c223729e9aa87f0b73.mp3*~data=user_id=0,application_id=42~hmac=54d9f91d30e5645f05a9a52008f6cf119c2abfba15a83eeb68b5ccc05f34380c","On 1 list: Soundtracks"
"(thematic candidate)","","","","Now That This Old World Is Ending","Dan Romer","Far Cry 5 (Original Game Soundtrack)","477061202","355201","204","false","https://www.deezer.com/us/track/477061202","https://cdnt-preview.dzcdn.net/api/1/1/e/7/7/0/e774c86db4e850ba40da86243e5e9592.mp3?hdnea=exp=1781458065~acl=/api/1/1/e/7/7/0/e774c86db4e850ba40da86243e5e9592.mp3*~data=user_id=0,application_id=42~hmac=ba7ab92eb8390747b30603e578f355b9458ecc8925dc92e3b3de0f8973b1dc95","On 1 list: Soundtracks"
"(thematic candidate)","","","","The John Dunbar Theme (From ""Dance with Wolves"" Soundtrack)","John Barry","Danse avec les loups","968596","354601","138","false","https://www.deezer.com/us/track/968596","https://cdnt-preview.dzcdn.net/api/1/1/3/c/9/0/3c938294916c15282b4206716a54501d.mp3?hdnea=exp=1781458064~acl=/api/1/1/3/c/9/0/3c938294916c15282b4206716a54501d.mp3*~data=user_id=0,application_id=42~hmac=4fa2658a01eee3b410d1ee1578ff505cbd014f941330ee7e3ebba9638f56d438","On 1 list: Soundtracks"
"(thematic candidate)","","","","Hello Zepp + Overture","Charlie Clouser","Saw Anthology, Vol. 1 (Original Motion Picture Score)","426966262","353845","232","false","https://www.deezer.com/us/track/426966262","https://cdnt-preview.dzcdn.net/api/1/1/4/8/4/0/484af18645da049c772e110d375b23cf.mp3?hdnea=exp=1781458063~acl=/api/1/1/4/8/4/0/484af18645da049c772e110d375b23cf.mp3*~data=user_id=0,application_id=42~hmac=c64b0e0231c61aedcd8baac4a3f0ffd2257d260b2b99b6f70d47e5cf7d25213f","On 1 list: Movie Songs"
"(thematic candidate)","","","","Ivar's Revenge (Danish Viking Music)","Danheim","Ivar's Revenge (Danish Viking Music)","139562227","353765","224","false","https://www.deezer.com/us/track/139562227","https://cdnt-preview.dzcdn.net/api/1/1/3/2/9/0/32965ac03a945b7d6bfbbe4e9a7c101d.mp3?hdnea=exp=1781458066~acl=/api/1/1/3/2/9/0/32965ac03a945b7d6bfbbe4e9a7c101d.mp3*~data=user_id=0,application_id=42~hmac=eadc48f6bf19ad5a7ad639224e29be77bfec8260580c06d3620f3e0e4e2f38a5","On 1 list: Soundtracks"
"(thematic candidate)","","","","The Americas","Hans Zimmer","The Americas","3256514071","353404","363","false","https://www.deezer.com/us/track/3256514071","https://cdnt-preview.dzcdn.net/api/1/1/0/0/4/0/004b3c0e2ad03be919beea0a25a19d7c.mp3?hdnea=exp=1781458064~acl=/api/1/1/0/0/4/0/004b3c0e2ad03be919beea0a25a19d7c.mp3*~data=user_id=0,application_id=42~hmac=182f09fb11c8bde6c27e30ed199f8eafbe95fdd3f9c251473ba1151930f8d7f3","On 1 list: Soundtracks"
"(thematic candidate)","","","","The Arrival of Kai","Hans Zimmer","Kung Fu Panda 3 (Music from the Motion Picture)","117726012","352806","121","false","https://www.deezer.com/us/track/117726012","https://cdnt-preview.dzcdn.net/api/1/1/2/f/0/0/2f02936900a273d5f9122b02c34919be.mp3?hdnea=exp=1781458066~acl=/api/1/1/2/f/0/0/2f02936900a273d5f9122b02c34919be.mp3*~data=user_id=0,application_id=42~hmac=9ebc7c404ab769a130e8fa7a297301e62349414173d5e6923125fd3e0e48320c","On 1 list: Soundtracks"
"(thematic candidate)","","","","Night At The Museum","Alan Silvestri","Night At The Museum (Original Motion Picture Soundtrack)","118583960","352562","155","false","https://www.deezer.com/us/track/118583960","https://cdnt-preview.dzcdn.net/api/1/1/4/3/6/0/436bbfb2c7ebd1fceaaba589c17c132a.mp3?hdnea=exp=1781458065~acl=/api/1/1/4/3/6/0/436bbfb2c7ebd1fceaaba589c17c132a.mp3*~data=user_id=0,application_id=42~hmac=bdaaf0d128ffb46ed7d849f1f50164bde48a2c66955f8e00319df7fd64b7cde5","On 1 list: Soundtracks"
"(thematic candidate)","","","","Main Theme, Pt. 3","Borislav Slavov","Baldur's Gate 3 (Original Game Soundtrack)","2435633415","351985","172","false","https://www.deezer.com/us/track/2435633415","https://cdnt-preview.dzcdn.net/api/1/1/4/b/6/0/4b69ac23b52d03c7d043b0c59c9c612d.mp3?hdnea=exp=1781458067~acl=/api/1/1/4/b/6/0/4b69ac23b52d03c7d043b0c59c9c612d.mp3*~data=user_id=0,application_id=42~hmac=254b2f955683b0bc55d6de6ffea45fafde5289c42a181e8cd5a9d1620c782725","On 1 list: Soundtracks"
"(thematic candidate)","","","","We Are the Division","Ola Strandh","Tom Clancy's The Division (Original Game Soundtrack)","119577924","349774","224","false","https://www.deezer.com/us/track/119577924","https://cdnt-preview.dzcdn.net/api/1/1/3/c/6/0/3c62e0a6290c108d7b4bdb9ad84c86d0.mp3?hdnea=exp=1781458065~acl=/api/1/1/3/c/6/0/3c62e0a6290c108d7b4bdb9ad84c86d0.mp3*~data=user_id=0,application_id=42~hmac=31556304c90a23dc289631f9888ab48d42c6e63c092f4e377a9ddbc8fff77564","On 1 list: Soundtracks"
"(thematic candidate)","","","","Borderlands 2 - This Ain't No Place For No Hero ( Short Change Hero) - Main Theme","Geek Music","Borderlands 2 - This Ain't No Place For No Hero ( Short Change Hero) - Main Theme","651741952","349630","236","false","https://www.deezer.com/us/track/651741952","https://cdnt-preview.dzcdn.net/api/1/1/d/1/1/0/d119f70897380e77c26caa51a818a3e3.mp3?hdnea=exp=1781458065~acl=/api/1/1/d/1/1/0/d119f70897380e77c26caa51a818a3e3.mp3*~data=user_id=0,application_id=42~hmac=cdf8bbd0e723ddea590751a0f8572bb1a811bc97c8747c5a5be03eb00764048a","On 1 list: Soundtracks"
"(thematic candidate)","","","","Onepiece - The Very, Very, Very Strongest - Main Theme","Geek Music","Onepiece - The Very, Very, Very Strongest - Main Theme","558921872","349319","120","false","https://www.deezer.com/us/track/558921872","https://cdnt-preview.dzcdn.net/api/1/1/2/3/5/0/2351d399e087f63215683045245d54c3.mp3?hdnea=exp=1781458067~acl=/api/1/1/2/3/5/0/2351d399e087f63215683045245d54c3.mp3*~data=user_id=0,application_id=42~hmac=1eb83e2bc6760a76e5bf9bfc9d30c4b91fbfbe58ab59ccdade4e64424420e56e","On 1 list: Soundtracks"
"(thematic candidate)","","","","Hymn To The Fallen (From ""Saving Private Ryan"" Soundtrack)","John Williams","Saving Private Ryan","1108040","348122","370","false","https://www.deezer.com/us/track/1108040","https://cdnt-preview.dzcdn.net/api/1/1/6/e/4/0/6e4bd74834eba07f216367154cd8e309.mp3?hdnea=exp=1781458064~acl=/api/1/1/6/e/4/0/6e4bd74834eba07f216367154cd8e309.mp3*~data=user_id=0,application_id=42~hmac=8f60d20fc4786ad6381ca60e4703f63d973865afbf290bd831faabfc952d5399","On 1 list: Soundtracks"
"(thematic candidate)","","","","The Fighting Uruk-hai","Howard Shore","The Lord of the Rings: The Fellowship of the Ring - the Complete Recordings","483263142","347734","692","false","https://www.deezer.com/us/track/483263142","https://cdnt-preview.dzcdn.net/api/1/1/d/d/6/0/dd6c1144f0a10a53d74b0d44bce597e8.mp3?hdnea=exp=1781458067~acl=/api/1/1/d/d/6/0/dd6c1144f0a10a53d74b0d44bce597e8.mp3*~data=user_id=0,application_id=42~hmac=5a02e5aec2026454790f6f1d2e7aa72d351ab235019c5bd925f682ad01f11b0c","On 1 list: Soundtracks"
"(thematic candidate)","","","","The Maze Runner","John Paesano","The Maze Runner (Original Motion Picture Soundtrack)","83740062","346289","169","false","https://www.deezer.com/us/track/83740062","https://cdnt-preview.dzcdn.net/api/1/1/4/6/1/0/4616dc2dfce42e91cfc09ed7e13fc185.mp3?hdnea=exp=1781458065~acl=/api/1/1/4/6/1/0/4616dc2dfce42e91cfc09ed7e13fc185.mp3*~data=user_id=0,application_id=42~hmac=953ae7c6211ecaf82d7dd6db46f5d1d16f4ee0150f8269be82388b8db59f5141","On 1 list: Soundtracks"
"(thematic candidate)","","","","Moonlight Serenade","Klaus Badelt","Pirates Of The Caribbean Original Soundtrack","3117925","344878","128","false","https://www.deezer.com/us/track/3117925","https://cdnt-preview.dzcdn.net/api/1/1/a/8/1/0/a81af3113b9ff97f3cbbe6294fc3e1bb.mp3?hdnea=exp=1781458065~acl=/api/1/1/a/8/1/0/a81af3113b9ff97f3cbbe6294fc3e1bb.mp3*~data=user_id=0,application_id=42~hmac=4d28347d46cd13524fbf6e3b45869d585c5b45c6d56220f7efb89e33c9c4126d","On 1 list: Soundtracks"
"(thematic candidate)","","","","Ginpatsu no Shonen","Yoshihisa Hirano","HUNTER x HUNTER Original Soundtrack","2665360132","344857","127","false","https://www.deezer.com/us/track/2665360132","https://cdnt-preview.dzcdn.net/api/1/1/b/9/6/0/b9630abe08c16c72813d2e89d4fb7cfc.mp3?hdnea=exp=1781458067~acl=/api/1/1/b/9/6/0/b9630abe08c16c72813d2e89d4fb7cfc.mp3*~data=user_id=0,application_id=42~hmac=42aca40120e86ab6eb0075f24d56d58db8597ea3cb26c88c66cc7a75a2bc35fe","On 1 list: Soundtracks"
"(thematic candidate)","","","","I Want to Live (Classical Version)","Borislav Slavov","Baldur's Gate 3 (Original Game Soundtrack)","2435633405","344031","239","false","https://www.deezer.com/us/track/2435633405","https://cdnt-preview.dzcdn.net/api/1/1/e/1/2/0/e120c916bcfa5bfdedb159eeedb0c611.mp3?hdnea=exp=1781458067~acl=/api/1/1/e/1/2/0/e120c916bcfa5bfdedb159eeedb0c611.mp3*~data=user_id=0,application_id=42~hmac=e5f2f7b05247fc1c41a142f519b73aa88448f37f075f13bcc2b9deb94492d0af","On 1 list: Soundtracks"
"(thematic candidate)","","","","Kaer morhen (Live at Video Game Show 2016)","Marcin Przybyłowicz","The Witcher 3: Wild Hunt (Original Game Soundtrack) (Live at Video Game Show 2016)","426032772","342149","153","false","https://www.deezer.com/us/track/426032772","https://cdnt-preview.dzcdn.net/api/1/1/8/3/3/0/833993331ea4f3bb739e745403b77642.mp3?hdnea=exp=1781458066~acl=/api/1/1/8/3/3/0/833993331ea4f3bb739e745403b77642.mp3*~data=user_id=0,application_id=42~hmac=eae77044c0da7694daf463a924feefc1f353b0713911c6368cc6c0050400e4d2","On 1 list: Soundtracks"
"(thematic candidate)","","","","Samwise the Brave","Howard Shore","The Lord of the Rings: The Two Towers (Original Motion Picture Soundtrack)","783650","341796","226","false","https://www.deezer.com/us/track/783650","https://cdnt-preview.dzcdn.net/api/1/1/0/a/5/0/0a5fb9c43907ecedaf7cfea9a93f1e1a.mp3?hdnea=exp=1781458067~acl=/api/1/1/0/a/5/0/0a5fb9c43907ecedaf7cfea9a93f1e1a.mp3*~data=user_id=0,application_id=42~hmac=b26415fc37d468de3f427a4bd5c6a04b679fc8aeff9e4637420bf1c59307640c","On 1 list: Soundtracks"
"(thematic candidate)","","","","Tetris Theme","Video Game Players","40 Classic Video Game Songs","95258624","341126","102","false","https://www.deezer.com/us/track/95258624","https://cdnt-preview.dzcdn.net/api/1/1/d/4/9/0/d49e3496dd5fcbb48234cf89b41f02f7.mp3?hdnea=exp=1781458066~acl=/api/1/1/d/4/9/0/d49e3496dd5fcbb48234cf89b41f02f7.mp3*~data=user_id=0,application_id=42~hmac=bee31faccfc3be5cc1843b77ca7ff1c9f8ff5b57072f2e7d318819a0578a4eee","On 1 list: Soundtracks"
"(thematic candidate)","","","","Should You Choose to Accept...","Lorne Balfe","Mission: Impossible - Fallout (Music from the Motion Picture)","527863471","338957","154","false","https://www.deezer.com/us/track/527863471","https://cdnt-preview.dzcdn.net/api/1/1/3/1/3/0/31340531a8c059abc155898aa4af3ffc.mp3?hdnea=exp=1781458067~acl=/api/1/1/3/1/3/0/31340531a8c059abc155898aa4af3ffc.mp3*~data=user_id=0,application_id=42~hmac=a308de3d931b96992a832e5cbeb0b83e71026df4b4dd2dd0357564b11776d995","On 1 list: Soundtracks"
"(thematic candidate)","","","","Geralt Of Rivia (Live at Video Game Show 2016)","Marcin Przybyłowicz","The Witcher 3: Wild Hunt (Original Game Soundtrack) (Live at Video Game Show 2016)","426032602","337145","76","false","https://www.deezer.com/us/track/426032602","https://cdnt-preview.dzcdn.net/api/1/1/3/2/d/0/32d7f88ac25adfb5130460665edc30ad.mp3?hdnea=exp=1781458065~acl=/api/1/1/3/2/d/0/32d7f88ac25adfb5130460665edc30ad.mp3*~data=user_id=0,application_id=42~hmac=8ad123a2b43cb4f278746c289c4e4910ea3e1c039084241a87da84b54de48485","On 1 list: Soundtracks"
"(thematic candidate)","","","","Main Title (The Shining)","Wendy Carlos","The Shining (Selections from the Original Motion Picture Soundtrack)","1105410342","335846","204","false","https://www.deezer.com/us/track/1105410342","https://cdnt-preview.dzcdn.net/api/1/1/1/7/3/0/17348eb771e0beece6db8ef64e8428c0.mp3?hdnea=exp=1781458062~acl=/api/1/1/1/7/3/0/17348eb771e0beece6db8ef64e8428c0.mp3*~data=user_id=0,application_id=42~hmac=01a1a9f0245821b957b0cb9ccd9cf6938710a2ded9aefa17dc916fa757374386","On 1 list: Movie Songs"
"(thematic candidate)","","","","[Solo-Leveling]SymphonicSuite-Lv.8","Hiroyuki Sawano","[Solo-Leveling]SymphonicSuite-Lv.8","2615304862","335357","161","false","https://www.deezer.com/us/track/2615304862","https://cdnt-preview.dzcdn.net/api/1/1/7/5/a/0/75ab6ae0d9a157e9d2ca4dad2987cf1a.mp3?hdnea=exp=1781458067~acl=/api/1/1/7/5/a/0/75ab6ae0d9a157e9d2ca4dad2987cf1a.mp3*~data=user_id=0,application_id=42~hmac=9989f11181661add2e5c4c3c23ead527e7c84bc916e8ff7fa4a6d3660c1d75d4","On 1 list: Soundtracks"
"(thematic candidate)","","","","Story Of Wick","Tyler Bates","John Wick (Original Motion Picture Soundtrack)","117728308","335196","185","false","https://www.deezer.com/us/track/117728308","https://cdnt-preview.dzcdn.net/api/1/1/2/a/6/0/2a6a25ee72a24d3bbaab0580b4a2aea5.mp3?hdnea=exp=1781458066~acl=/api/1/1/2/a/6/0/2a6a25ee72a24d3bbaab0580b4a2aea5.mp3*~data=user_id=0,application_id=42~hmac=1a880c48e981543528f49f88ddfb4f60be7af05bbb2c692fed5c242f2d797df6","On 1 list: Soundtracks"
"(thematic candidate)","","","","Xu Shang-Chi","Joel P West","Shang-Chi and the Legend of the Ten Rings (Original Score)","1475215872","334781","175","false","https://www.deezer.com/us/track/1475215872","https://cdnt-preview.dzcdn.net/api/1/1/0/7/f/0/07f287b745ab97fce7baa9b5a2452bfa.mp3?hdnea=exp=1781458066~acl=/api/1/1/0/7/f/0/07f287b745ab97fce7baa9b5a2452bfa.mp3*~data=user_id=0,application_id=42~hmac=140be2a1a200a9fa3edb5f50687d1fa5958717be5e19b6ebc738cea1ba31c761","On 1 list: Soundtracks"
"(thematic candidate)","","","","It's Hard Work","Joe Hisaishi","Spirited Away Soundtrack","1120336072","334740","146","false","https://www.deezer.com/us/track/1120336072","https://cdnt-preview.dzcdn.net/api/1/1/8/9/5/0/8959f46aa46be122bbac7da08ed83d42.mp3?hdnea=exp=1781458066~acl=/api/1/1/8/9/5/0/8959f46aa46be122bbac7da08ed83d42.mp3*~data=user_id=0,application_id=42~hmac=ec4103139b1e0097dd9c85fdeeb62cc7fc0f5825349a51f38019d584e973756f","On 1 list: Soundtracks"
"(thematic candidate)","","","","Introduction (Titles)","Danny Elfman","Edward Scissorhands","1097352","333656","156","false","https://www.deezer.com/us/track/1097352","https://cdnt-preview.dzcdn.net/api/1/1/f/7/f/0/f7fea4758cc77d44a268469b2660ade5.mp3?hdnea=exp=1781458064~acl=/api/1/1/f/7/f/0/f7fea4758cc77d44a268469b2660ade5.mp3*~data=user_id=0,application_id=42~hmac=ee314ccf2a5938d8435c6524b307cb76028b91a3d6ab509b7968f26caa40c943","On 1 list: Soundtracks"
"(thematic candidate)","","","","Together We Map the World","John Powell","How to Train Your Dragon 2 (Music from the Motion Picture)","78917797","333562","138","false","https://www.deezer.com/us/track/78917797","https://cdnt-preview.dzcdn.net/api/1/1/7/b/9/0/7b926ecf1484fbc7d9edc2a1997ba01e.mp3?hdnea=exp=1781458065~acl=/api/1/1/7/b/9/0/7b926ecf1484fbc7d9edc2a1997ba01e.mp3*~data=user_id=0,application_id=42~hmac=b103432a70da3d9f7acdff77e20a63a4585f4f960e94db35024f38561d78f862","On 1 list: Soundtracks"
"(thematic candidate)","","","","Far From Home Suite Home (from ""Spider-Man: Far From Home"" Soundtrack)","Michael Giacchino","Spider-Man: Far from Home (Original Motion Picture Soundtrack)","698311922","333321","507","false","https://www.deezer.com/us/track/698311922","https://cdnt-preview.dzcdn.net/api/1/1/4/a/7/0/4a7775229561d830036fa51dc7a63408.mp3?hdnea=exp=1781458066~acl=/api/1/1/4/a/7/0/4a7775229561d830036fa51dc7a63408.mp3*~data=user_id=0,application_id=42~hmac=a52558f16fb828a6def5bdb192b1a0c625328273c0e9aedf5f85fe789b45635e","On 1 list: Soundtracks"
"(thematic candidate)","","","","Agni Kai","Jeremy Zuckerman","Avatar: The Last Airbender - Book 1: Water (Music From The Animated Series)","2536848091","333240","190","false","https://www.deezer.com/us/track/2536848091","https://cdnt-preview.dzcdn.net/api/1/1/0/8/b/0/08b704b21524d99a05540fc0b2699c3f.mp3?hdnea=exp=1781458067~acl=/api/1/1/0/8/b/0/08b704b21524d99a05540fc0b2699c3f.mp3*~data=user_id=0,application_id=42~hmac=b13b864c9f8153ca214fb146f8ba32cae8f177b977b09c04a8abd2c152634e0b","On 1 list: Soundtracks"
"(thematic candidate)","","","","This Time For Sure","John Powell","How To Train Your Dragon (Music From The Motion Picture)","119437640","332884","47","false","https://www.deezer.com/us/track/119437640","https://cdnt-preview.dzcdn.net/api/1/1/5/f/9/0/5f95d16fe6097b7f9f3b715fb3bd983f.mp3?hdnea=exp=1781458066~acl=/api/1/1/5/f/9/0/5f95d16fe6097b7f9f3b715fb3bd983f.mp3*~data=user_id=0,application_id=42~hmac=50d54152647f64235187fd6381c3d26f1f73c254359c477f9d583834d9d8973e","On 1 list: Soundtracks"
"(thematic candidate)","","","","Radical Notion","Hans Zimmer","Inception (Music from the Motion Picture)","6524408","332720","222","false","https://www.deezer.com/us/track/6524408","https://cdnt-preview.dzcdn.net/api/1/1/1/2/6/0/1267c2ee7ee68e498adfa0f3fe973bab.mp3?hdnea=exp=1781458067~acl=/api/1/1/1/2/6/0/1267c2ee7ee68e498adfa0f3fe973bab.mp3*~data=user_id=0,application_id=42~hmac=5e44e18bc4156ca18017794f927d48a25d8ea27616b2c0043c0be98cbf9b5164","On 1 list: Soundtracks"
"(thematic candidate)","","","","The Imperial Suite","Michael Giacchino","Rogue One: A Star Wars Story (Original Motion Picture Soundtrack)","138166345","332496","149","false","https://www.deezer.com/us/track/138166345","https://cdnt-preview.dzcdn.net/api/1/1/f/a/3/0/fa33cac4d1883ca5dd5f1b9d22cfd576.mp3?hdnea=exp=1781458066~acl=/api/1/1/f/a/3/0/fa33cac4d1883ca5dd5f1b9d22cfd576.mp3*~data=user_id=0,application_id=42~hmac=c4d3438e7f764e6a2b23f50892407256768a437f0fd61b642df330c993db44a4","On 1 list: Soundtracks"
"(thematic candidate)","","","","Battle of the Heroes","John Williams","Star Wars: Revenge of the Sith (Original Motion Picture Soundtrack)","493883792","331492","222","false","https://www.deezer.com/us/track/493883792","https://cdnt-preview.dzcdn.net/api/1/1/7/2/7/0/727255dda189ad208bc75f1259dc5fe0.mp3?hdnea=exp=1781458066~acl=/api/1/1/7/2/7/0/727255dda189ad208bc75f1259dc5fe0.mp3*~data=user_id=0,application_id=42~hmac=73296637f1a1ac5fa3c6390174dd6af8ccc6b414d632d4561bd1963d0c5ceb6a","On 1 list: Soundtracks"
"(thematic candidate)","","","","Wakanda","Ludwig Göransson","Black Panther (Original Score)","462106672","330178","140","false","https://www.deezer.com/us/track/462106672","https://cdnt-preview.dzcdn.net/api/1/1/e/f/6/0/ef6354b8af8cd4aba9fb9458c834a3c2.mp3?hdnea=exp=1781458061~acl=/api/1/1/e/f/6/0/ef6354b8af8cd4aba9fb9458c834a3c2.mp3*~data=user_id=0,application_id=42~hmac=a964d3bcaa1ed81ff709d7a20b83b3a2fc5b202ea12ac17b182ab6e3ea33946d","On 1 list: Movie Songs"
"(thematic candidate)","","","","Rey's Theme","John Williams","Star Wars: The Force Awakens (Original Motion Picture Soundtrack)","115709934","328061","191","false","https://www.deezer.com/us/track/115709934","https://cdnt-preview.dzcdn.net/api/1/1/8/a/7/0/8a76d509560f47fd901d8fa68ead42c5.mp3?hdnea=exp=1781458064~acl=/api/1/1/8/a/7/0/8a76d509560f47fd901d8fa68ead42c5.mp3*~data=user_id=0,application_id=42~hmac=2979427797139e9f4da842d05ac1a3375e8ef6d6ed13395002430029f132097a","On 1 list: Soundtracks"
"(thematic candidate)","","","","Dream Within a Dream","Hans Zimmer","Inception (Music from the Motion Picture)","6524416","327260","304","false","https://www.deezer.com/us/track/6524416","https://cdnt-preview.dzcdn.net/api/1/1/4/c/a/0/4ca18b7ff9365c1c70cc2cae3a4f04cf.mp3?hdnea=exp=1781458067~acl=/api/1/1/4/c/a/0/4ca18b7ff9365c1c70cc2cae3a4f04cf.mp3*~data=user_id=0,application_id=42~hmac=1f22b549654ff41f2ff9380e16f6d483331ea76f699037163277c44b95a11596","On 1 list: Soundtracks"
"(thematic candidate)","","","","Windmills of Your Mind (Remastered Version)","Noel Harrison","Life Is A Dream [Digital Version]","670787","326336","141","false","https://www.deezer.com/us/track/670787","https://cdnt-preview.dzcdn.net/api/1/1/b/f/1/0/bf19e64947324bca7d33c1a75b728ccc.mp3?hdnea=exp=1781458061~acl=/api/1/1/b/f/1/0/bf19e64947324bca7d33c1a75b728ccc.mp3*~data=user_id=0,application_id=42~hmac=156cd00931bd9b1a28372197fbadced33731dd667be3690a5bdd402e6f57341a","On 1 list: Movie Songs"
"(thematic candidate)","","","","The Musty Scent Of Fresh Pâté","Percival Schuttenbach","The Witcher 3: Wild Hunt - Blood and Wine (Official Soundtrack)","125467504","326234","140","false","https://www.deezer.com/us/track/125467504","https://cdnt-preview.dzcdn.net/api/1/1/6/7/9/0/679303c5b3766b5ee99169c8191950bd.mp3?hdnea=exp=1781458065~acl=/api/1/1/6/7/9/0/679303c5b3766b5ee99169c8191950bd.mp3*~data=user_id=0,application_id=42~hmac=ebbe86d095ea109bc2b33c86a1af6628a9226d3ae2b99fab1b77b6d440db299d","On 1 list: Soundtracks"
"(thematic candidate)","","","","The Rock Suite","Hans Zimmer","The World of Hans Zimmer - Part II: A New Dimension","3086351781","325008","311","false","https://www.deezer.com/us/track/3086351781","https://cdnt-preview.dzcdn.net/api/1/1/9/f/d/0/9fdc3f07e7b6dd58dc892ce9644c3bb7.mp3?hdnea=exp=1781458064~acl=/api/1/1/9/f/d/0/9fdc3f07e7b6dd58dc892ce9644c3bb7.mp3*~data=user_id=0,application_id=42~hmac=846a31f54663a5ccd8f0bad13c110f086da4bc53424a7c24c27883c212c40f35","On 1 list: Soundtracks"
"(thematic candidate)","","","","Ballade in C# Minor: Coronation","Nicholas Britell","The King (Original Score from the Netflix Film)","784001862","324078","148","false","https://www.deezer.com/us/track/784001862","https://cdnt-preview.dzcdn.net/api/1/1/5/5/8/0/558482bfb45de8fb8f09697273d592e9.mp3?hdnea=exp=1781458067~acl=/api/1/1/5/5/8/0/558482bfb45de8fb8f09697273d592e9.mp3*~data=user_id=0,application_id=42~hmac=f71a7ab5c4d99f9f0c9870637a7c42d33ac509e93901adedc5bf642cae1ffbb2","On 1 list: Soundtracks"
"(thematic candidate)","","","","Po Belongs","Hans Zimmer","Kung Fu Panda 3 (Music from the Motion Picture)","117726030","324023","173","false","https://www.deezer.com/us/track/117726030","https://cdnt-preview.dzcdn.net/api/1/1/c/8/f/0/c8f3edd25f54ace408fd1a91a0be79fa.mp3?hdnea=exp=1781458066~acl=/api/1/1/c/8/f/0/c8f3edd25f54ace408fd1a91a0be79fa.mp3*~data=user_id=0,application_id=42~hmac=2d30ce60cde847c362b06db1632d81bdc971a793beb9dc51b81bb2291213a66e","On 1 list: Soundtracks"
"(thematic candidate)","","","","Shawshank Prison (Stoic Theme)","Thomas Newman","The Shawshank Redemption","4273195","323500","112","false","https://www.deezer.com/us/track/4273195","https://cdnt-preview.dzcdn.net/api/1/1/2/a/f/0/2af8b2f7e84ee90d9cb3d9273cbec4ec.mp3?hdnea=exp=1781458064~acl=/api/1/1/2/a/f/0/2af8b2f7e84ee90d9cb3d9273cbec4ec.mp3*~data=user_id=0,application_id=42~hmac=92b31de653c1279bac57ba5cc1e9c20d40684462e701bda006a15678aa8b0cf2","On 1 list: Soundtracks"
"(thematic candidate)","","","","The Entertainer (The Sting/Soundtrack Version/Orchestra Version)","Marvin Hamlisch","The Sting","1097447","323369","183","false","https://www.deezer.com/us/track/1097447","https://cdnt-preview.dzcdn.net/api/1/1/9/1/a/0/91a583d9327305ca73ee20f9ffe1ec1c.mp3?hdnea=exp=1781458062~acl=/api/1/1/9/1/a/0/91a583d9327305ca73ee20f9ffe1ec1c.mp3*~data=user_id=0,application_id=42~hmac=c4b3e562a497f17c176d80072005f7798db31f7e68592c22b1e8b6031ff19e20","On 1 list: Movie Songs"
"(thematic candidate)","","","","Spider-Man","John Paesano","Marvel's Spider-Man (Original Video Game Soundtrack)","555639722","323266","206","false","https://www.deezer.com/us/track/555639722","https://cdnt-preview.dzcdn.net/api/1/1/0/c/0/0/0c04c4ff065066fd0636cc11f2d9511d.mp3?hdnea=exp=1781458065~acl=/api/1/1/0/c/0/0/0c04c4ff065066fd0636cc11f2d9511d.mp3*~data=user_id=0,application_id=42~hmac=72b057da66fd243103650ef9b39a9dff4b66b4956dd99b5625cd736808f0766f","On 1 list: Soundtracks"
"(thematic candidate)","","","","Fairy Law","Yasuharu Takanashi","""Fairy Tail"" Original Soundtrack Vol.1","472517722","322768","120","false","https://www.deezer.com/us/track/472517722","https://cdnt-preview.dzcdn.net/api/1/1/3/d/0/0/3d03ea8b6ff273dc80f0c7d9516cd217.mp3?hdnea=exp=1781458066~acl=/api/1/1/3/d/0/0/3d03ea8b6ff273dc80f0c7d9516cd217.mp3*~data=user_id=0,application_id=42~hmac=c51cee0f65baba008dfe46a1b1730a63e5c00eded87718b0436f8218cc2c8751","On 1 list: Soundtracks"
"(thematic candidate)","","","","Man of Steel: What Are You Going to Do When You Are Not Saving The World?","Hans Zimmer","The World of Hans Zimmer - Part II: A New Dimension","3086351751","322447","271","false","https://www.deezer.com/us/track/3086351751","https://cdnt-preview.dzcdn.net/api/1/1/b/c/6/0/bc65401856574469e0652e9891574ece.mp3?hdnea=exp=1781458064~acl=/api/1/1/b/c/6/0/bc65401856574469e0652e9891574ece.mp3*~data=user_id=0,application_id=42~hmac=b594793414025e5fdd67c6ce975317b35cc0cdae9a9aa8b52e20f6dabfda31ae","On 1 list: Soundtracks"
"(thematic candidate)","","","","Old Souls","Hans Zimmer","Inception (Music from the Motion Picture)","6524409","322223","463","false","https://www.deezer.com/us/track/6524409","https://cdnt-preview.dzcdn.net/api/1/1/9/1/0/0/9104e8495d59ffd5f4a377867dbef424.mp3?hdnea=exp=1781458067~acl=/api/1/1/9/1/0/0/9104e8495d59ffd5f4a377867dbef424.mp3*~data=user_id=0,application_id=42~hmac=9a80bdb9977c7ce2765348462352f26c7b544b9d6a66eaed5694a0eba0013834","On 1 list: Soundtracks"
"(thematic candidate)","","","","Thor: The Dark World (From ""Thor: The Dark World""/Score)","Brian Tyler","Thor: The Dark World (Original Motion Picture Soundtrack)","71705261","320925","130","false","https://www.deezer.com/us/track/71705261","https://cdnt-preview.dzcdn.net/api/1/1/f/a/f/0/fafbae29b758398e4ca4253ce9d7f486.mp3?hdnea=exp=1781458061~acl=/api/1/1/f/a/f/0/fafbae29b758398e4ca4253ce9d7f486.mp3*~data=user_id=0,application_id=42~hmac=d6e08acd72b738cb6fb55be560c30ab9376b4036f23e29b3eb30ef7b204fd7ea","On 1 list: Movie Songs"
"(thematic candidate)","","","","A Kiss","Kyle Dixon & Michael Stein","Stranger Things, Vol. 1 (A Netflix Original Series Soundtrack)","130871182","318853","85","false","https://www.deezer.com/us/track/130871182","https://cdnt-preview.dzcdn.net/api/1/1/c/b/3/0/cb3252ee4c874082996227596de64637.mp3?hdnea=exp=1781458064~acl=/api/1/1/c/b/3/0/cb3252ee4c874082996227596de64637.mp3*~data=user_id=0,application_id=42~hmac=8ffce592dc484bfcf785a92bdc062054d4b788131de9f5102016be95a1825c65","On 1 list: Soundtracks"
"(thematic candidate)","","","","Main Title (from ""Taxi Driver"")","Bernard Herrmann","Taxi Driver","958971","317371","137","false","https://www.deezer.com/us/track/958971","https://cdnt-preview.dzcdn.net/api/1/1/2/8/c/0/28c47454f9454362da75ecc4a76c68bf.mp3?hdnea=exp=1781458062~acl=/api/1/1/2/8/c/0/28c47454f9454362da75ecc4a76c68bf.mp3*~data=user_id=0,application_id=42~hmac=3d9b401100797c2b7d1ed56549c50313abf012aecb2762bd1933fbd1a63927c3","On 1 list: Movie Songs"
"(thematic candidate)","","","","All I Need Is MONEY!","Yoshihisa Hirano","HUNTER x HUNTER Original Soundtrack","2665360152","317317","91","false","https://www.deezer.com/us/track/2665360152","https://cdnt-preview.dzcdn.net/api/1/1/1/c/b/0/1cb409cd7cd025e4856b94368bb38a73.mp3?hdnea=exp=1781458066~acl=/api/1/1/1/c/b/0/1cb409cd7cd025e4856b94368bb38a73.mp3*~data=user_id=0,application_id=42~hmac=24e5c9ee9a441f6603d11d8b0304c17c26de7845ab3f683f61e2c907e850038c","On 1 list: Soundtracks"
"(thematic candidate)","","","","Bemidji, MN (Fargo Series Main Theme)","Jeff Russo","Fargo (An Original MGM / FXP Television Series)","79266197","316124","148","false","https://www.deezer.com/us/track/79266197","https://cdnt-preview.dzcdn.net/api/1/1/1/a/4/0/1a4008d0b1a0436e94fd0374b16c6272.mp3?hdnea=exp=1781458067~acl=/api/1/1/1/a/4/0/1a4008d0b1a0436e94fd0374b16c6272.mp3*~data=user_id=0,application_id=42~hmac=8f1c262fbb05fd8de68c8efadfaa3f4b55ffb7031da2762be04a91dc7dbad67b","On 1 list: Soundtracks"
"(thematic candidate)","","","","Praying","Rupert Gregson-Williams","Hacksaw Ridge (Original Motion Picture Soundtrack)","135376138","313782","351","false","https://www.deezer.com/us/track/135376138","https://cdnt-preview.dzcdn.net/api/1/1/b/b/1/0/bb11703aadd734c5ad648f4d123dcb1a.mp3?hdnea=exp=1781458065~acl=/api/1/1/b/b/1/0/bb11703aadd734c5ad648f4d123dcb1a.mp3*~data=user_id=0,application_id=42~hmac=7a5048c751fba948101a4cc51e47ebd6cf527932e2b94a913ac60aa9952de922","On 1 list: Soundtracks"
"(thematic candidate)","","","","Beth's Story","Carlos Rafael Rivera","The Queen's Gambit (Music from the Netflix Limited Series)","1110338192","313567","127","false","https://www.deezer.com/us/track/1110338192","https://cdnt-preview.dzcdn.net/api/1/1/7/5/8/0/75812fabf0b6476c4b74785ed7d49d08.mp3?hdnea=exp=1781458066~acl=/api/1/1/7/5/8/0/75812fabf0b6476c4b74785ed7d49d08.mp3*~data=user_id=0,application_id=42~hmac=c5483fdc90393dbefa4b124eefbdeb4a9d33556468176b41ddbea24900ba7de8","On 1 list: Soundtracks"
"(thematic candidate)","","","","Singin' In The Rain","Gene Kelly","Singin' in the Rain (Original Motion Picture Soundtrack)","647366252","311947","294","false","https://www.deezer.com/us/track/647366252","https://cdnt-preview.dzcdn.net/api/1/1/e/f/8/0/ef83b1904cee9c5219292f7eb4601336.mp3?hdnea=exp=1781458062~acl=/api/1/1/e/f/8/0/ef83b1904cee9c5219292f7eb4601336.mp3*~data=user_id=0,application_id=42~hmac=dffcd6b7db12b895aa2efc0457397783fdd7837460d93cd88e0dccf5b609d244","On 1 list: Movie Songs"
"(thematic candidate)","","","","Pure Imagination (From ""Willy Wonka & The Chocolate Factory"" Soundtrack)","Gene Wilder","Willy Wonka & The Chocolate Factory","2122407","311730","260","false","https://www.deezer.com/us/track/2122407","https://cdnt-preview.dzcdn.net/api/1/1/c/2/e/0/c2e135bf0a616459d51636adf8e25cc5.mp3?hdnea=exp=1781458063~acl=/api/1/1/c/2/e/0/c2e135bf0a616459d51636adf8e25cc5.mp3*~data=user_id=0,application_id=42~hmac=727723327f6f5d4f663499a4060cc73f48f850e85460f27152ac77871b895cec","On 1 list: Movie Songs"
"(thematic candidate)","","","","Defeated Clown","Hildur Guðnadóttir","Joker (Original Motion Picture Soundtrack)","767121662","310979","159","false","https://www.deezer.com/us/track/767121662","https://cdnt-preview.dzcdn.net/api/1/1/b/e/d/0/bedff3dbe98fd4a8061544e14a55df56.mp3?hdnea=exp=1781458065~acl=/api/1/1/b/e/d/0/bedff3dbe98fd4a8061544e14a55df56.mp3*~data=user_id=0,application_id=42~hmac=152df199371092478c1341a947f9efc7a91265950bcdb11b0f393acd8f5f4a67","On 1 list: Soundtracks"
"(thematic candidate)","","","","Marco Polo Main Titles","Daniele Luppi","Marco Polo (Music from the Netflix Original Series)","100312248","310580","95","false","https://www.deezer.com/us/track/100312248","https://cdnt-preview.dzcdn.net/api/1/1/8/7/2/0/8727d0de3a120b58dce45acd6302022e.mp3?hdnea=exp=1781458065~acl=/api/1/1/8/7/2/0/8727d0de3a120b58dce45acd6302022e.mp3*~data=user_id=0,application_id=42~hmac=126e27513a1c58d5bf58433cb9b1fc82e79a6c538ca952d9e4daa67d46d5e6b5","On 1 list: Soundtracks"
"(thematic candidate)","","","","The Vikings Have Their Tea","John Powell","How To Train Your Dragon (Music From The Motion Picture)","119437664","309705","124","false","https://www.deezer.com/us/track/119437664","https://cdnt-preview.dzcdn.net/api/1/1/6/7/1/0/671ee80926ec529403513a1494b6f615.mp3?hdnea=exp=1781458066~acl=/api/1/1/6/7/1/0/671ee80926ec529403513a1494b6f615.mp3*~data=user_id=0,application_id=42~hmac=a73c5e031ed4bc73d5635575c36fb01a47a652d611b62f81c9172738479fc5bc","On 1 list: Soundtracks"
"(thematic candidate)","","","","Main Title (Gone With the Wind)","Max Steiner","Gone With the Wind (Original Motion Picture Soundtrack)","647312382","309662","246","false","https://www.deezer.com/us/track/647312382","https://cdnt-preview.dzcdn.net/api/1/1/6/6/9/0/669dea4ed2e977286a3d0c72999399b0.mp3?hdnea=exp=1781458062~acl=/api/1/1/6/6/9/0/669dea4ed2e977286a3d0c72999399b0.mp3*~data=user_id=0,application_id=42~hmac=bd0ddf5233047eb2a1afc686f96892406a5fb53825fce3a3cb206897b5f3b143","On 1 list: Movie Songs"
"(thematic candidate)","","","","Killmonger","Ludwig Göransson","Black Panther (Original Score)","462106722","309479","175","false","https://www.deezer.com/us/track/462106722","https://cdnt-preview.dzcdn.net/api/1/1/f/0/7/0/f076ebe2d845b25efda5c123ebb6299e.mp3?hdnea=exp=1781458067~acl=/api/1/1/f/0/7/0/f076ebe2d845b25efda5c123ebb6299e.mp3*~data=user_id=0,application_id=42~hmac=b201f38188ba87549b2d584636d43d40ad72e48b1796362f6cbbcad42180cbb2","On 1 list: Soundtracks"
"(thematic candidate)","","","","Boys, Be Courageous!","Yoshihisa Hirano","HUNTER x HUNTER Original Soundtrack","2665360242","309454","71","false","https://www.deezer.com/us/track/2665360242","https://cdnt-preview.dzcdn.net/api/1/1/a/f/8/0/af8d08910cc76465a676da51282d1a7e.mp3?hdnea=exp=1781458066~acl=/api/1/1/a/f/8/0/af8d08910cc76465a676da51282d1a7e.mp3*~data=user_id=0,application_id=42~hmac=6ba702f4f19562908bf5c8b7f4f97504be8af785424a471a54b6c604722247bb","On 1 list: Soundtracks"
"(thematic candidate)","","","","Theme from Black Sails","Bear McCreary","Black Sails (A Starz Original Series Soundtrack)","1869679097","309309","197","false","https://www.deezer.com/us/track/1869679097","https://cdnt-preview.dzcdn.net/api/1/1/3/f/7/0/3f7d1923992ef5859c9ab3f12135dfbc.mp3?hdnea=exp=1781458066~acl=/api/1/1/3/f/7/0/3f7d1923992ef5859c9ab3f12135dfbc.mp3*~data=user_id=0,application_id=42~hmac=f407129bb6f143842995cdab3d6cf5e50c1ee03f605817f6f4633c4105d4649b","On 1 list: Soundtracks"
"(thematic candidate)","","","","Captain Underpants Theme Song","""Weird Al"" Yankovic","Captain Underpants: The First Epic Movie (Original Motion Picture Soundtrack)","366467281","308962","134","false","https://www.deezer.com/us/track/366467281","https://cdnt-preview.dzcdn.net/api/1/1/e/3/8/0/e384c8d249acf75376d5aa80fe07c4af.mp3?hdnea=exp=1781458063~acl=/api/1/1/e/3/8/0/e384c8d249acf75376d5aa80fe07c4af.mp3*~data=user_id=0,application_id=42~hmac=930a7fb68ec0715e5de3e5aa3a25c69a3f9ac77deb435cfd889ed39adc1ed6a8","On 1 list: Movie Songs"
"(thematic candidate)","","","","The Dragon Book","John Powell","How To Train Your Dragon (Music From The Motion Picture)","119437626","308564","142","false","https://www.deezer.com/us/track/119437626","https://cdnt-preview.dzcdn.net/api/1/1/1/9/f/0/19fbb6d4c0b140cc5448d7ea1dcc6add.mp3?hdnea=exp=1781458066~acl=/api/1/1/1/9/f/0/19fbb6d4c0b140cc5448d7ea1dcc6add.mp3*~data=user_id=0,application_id=42~hmac=21e66465e5b1fcde57e03796158c3bd3b8d9ce78261e8bb46f2ece176c3807e7","On 1 list: Soundtracks"
"(thematic candidate)","","","","Lady Bird","Jon Brion","Lady Bird (Original Motion Picture Soundtrack)","424999642","308562","310","false","https://www.deezer.com/us/track/424999642","https://cdnt-preview.dzcdn.net/api/1/1/2/4/3/0/243b777509d172896f86be394f809359.mp3?hdnea=exp=1781458064~acl=/api/1/1/2/4/3/0/243b777509d172896f86be394f809359.mp3*~data=user_id=0,application_id=42~hmac=2f1ab008133d76358539255f22bec29069afc2d2956e010848c7fc9727ea2c56","On 1 list: Soundtracks"
"(thematic candidate)","","","","In This World or the One Below","Brian Tyler","Assassin's Creed 4: Black Flag (The Complete Edition) [Original Game Soundtrack]","72417007","308397","170","false","https://www.deezer.com/us/track/72417007","https://cdnt-preview.dzcdn.net/api/1/1/9/e/f/0/9ef62ee35c4419ab5d94f2337d54cde0.mp3?hdnea=exp=1781458066~acl=/api/1/1/9/e/f/0/9ef62ee35c4419ab5d94f2337d54cde0.mp3*~data=user_id=0,application_id=42~hmac=66c04ba2e092eac3e64e1952943cb01b81859a6c15173923aeae8a81fac5b80d","On 1 list: Soundtracks"
"(thematic candidate)","","","","Main Title","Siddhartha Khosla","Only Murders in the Building (Original Score)","1470227982","308216","51","false","https://www.deezer.com/us/track/1470227982","https://cdnt-preview.dzcdn.net/api/1/1/0/9/a/0/09aaf2ca491f44268ae6ea2449b41da0.mp3?hdnea=exp=1781458063~acl=/api/1/1/0/9/a/0/09aaf2ca491f44268ae6ea2449b41da0.mp3*~data=user_id=0,application_id=42~hmac=105ef39aead7d13c8abf6fd082c0bb7073a0995e6dbdd6194700e4e32a0835ec","On 1 list: Movie Songs"
"(thematic candidate)","","","","Introduce a Little Anarchy","Hans Zimmer","The Dark Knight (Original Motion Picture Soundtrack)","904639","307654","221","false","https://www.deezer.com/us/track/904639","https://cdnt-preview.dzcdn.net/api/1/1/b/4/1/0/b41115a9d2ade5d930247790bb25d254.mp3?hdnea=exp=1781458065~acl=/api/1/1/b/4/1/0/b41115a9d2ade5d930247790bb25d254.mp3*~data=user_id=0,application_id=42~hmac=e248d382b84f8edd78daf8e3e09c0c57490ea8f750e04f6a7b84c1d9bece7ff9","On 1 list: Soundtracks"
"(thematic candidate)","","","","Nigiyaka na Machi","Yasuharu Takanashi","""Fairy Tail"" Original Soundtrack Vol.1","472517632","307330","85","false","https://www.deezer.com/us/track/472517632","https://cdnt-preview.dzcdn.net/api/1/1/a/e/f/0/aef5c1a043ebd02e4d2fe680d1b57e64.mp3?hdnea=exp=1781458066~acl=/api/1/1/a/e/f/0/aef5c1a043ebd02e4d2fe680d1b57e64.mp3*~data=user_id=0,application_id=42~hmac=2206692384f4fac6bf511cb767d9f9e40e3a01aef97b6452b94d90c6554ba1c3","On 1 list: Soundtracks"
"(thematic candidate)","","","","Take It, It's Yours","Carlos Rafael Rivera","The Queen's Gambit (Music from the Netflix Limited Series)","1110338542","306950","127","false","https://www.deezer.com/us/track/1110338542","https://cdnt-preview.dzcdn.net/api/1/1/0/a/6/0/0a697424612b21aaa6c12c303c7fa171.mp3?hdnea=exp=1781458066~acl=/api/1/1/0/a/6/0/0a697424612b21aaa6c12c303c7fa171.mp3*~data=user_id=0,application_id=42~hmac=07fdfbca8489189e5da67e3f7518d160781be94baaf4084b6a77cfa9539464d4","On 1 list: Soundtracks"
"(thematic candidate)","","","","Thor: Ragnarok","Mark Mothersbaugh","Thor: Ragnarok (Original Motion Picture Soundtrack)","417366692","305946","69","false","https://www.deezer.com/us/track/417366692","https://cdnt-preview.dzcdn.net/api/1/1/7/7/5/0/7757d82818bc56ac1739f4530e80da92.mp3?hdnea=exp=1781458066~acl=/api/1/1/7/7/5/0/7757d82818bc56ac1739f4530e80da92.mp3*~data=user_id=0,application_id=42~hmac=7730a2d882cd8ef27689cc4f543e029948e72a97b407a29e6c2d61fb8110af60","On 1 list: Soundtracks"
"(thematic candidate)","","","","Uncharted - Drake's Fortune: Nate’s Theme : Uncharted - Drake's Fortune: Nate’s Theme","Andrew Skeet","The Greatest Video Game Music","14779847","305501","112","false","https://www.deezer.com/us/track/14779847","https://cdnt-preview.dzcdn.net/api/1/1/0/1/0/0/0109618023c7d027d548379f2274cd2f.mp3?hdnea=exp=1781458065~acl=/api/1/1/0/1/0/0/0109618023c7d027d548379f2274cd2f.mp3*~data=user_id=0,application_id=42~hmac=8cd96d8907bbb2cf0590048ea26b848338101c854aab834dd31f4dd41a8f1afa","On 1 list: Soundtracks"
"(thematic candidate)","","","","Agent of Chaos","Hans Zimmer","The Dark Knight (Original Motion Picture Soundtrack)","904638","305467","415","false","https://www.deezer.com/us/track/904638","https://cdnt-preview.dzcdn.net/api/1/1/7/4/e/0/74eaebfe700c5beb2b598ae35d38a295.mp3?hdnea=exp=1781458065~acl=/api/1/1/7/4/e/0/74eaebfe700c5beb2b598ae35d38a295.mp3*~data=user_id=0,application_id=42~hmac=cc705381ef2ef09f05f1ac5b7c3f65d1d9b6cd6247086a0b1668dfb710ae189b","On 1 list: Soundtracks"
"(thematic candidate)","","","","The Bourne Identity Main Title","John Powell","The Bourne Identity (Original Motion Picture Soundtrack)","119871686","303784","257","false","https://www.deezer.com/us/track/119871686","https://cdnt-preview.dzcdn.net/api/1/1/6/c/d/0/6cde9d22f938de38d5507240a5ce614c.mp3?hdnea=exp=1781458063~acl=/api/1/1/6/c/d/0/6cde9d22f938de38d5507240a5ce614c.mp3*~data=user_id=0,application_id=42~hmac=5bd2587dfda97f9870fa85f3fb8f3bb9e65c978c3e490391de80d56c6228516c","On 1 list: Movie Songs"
"(thematic candidate)","","","","The Fastest Man Alive (Always Late)","Blake Neely","The Flash: Season 1 (Original Television Soundtrack)","647303222","303362","185","false","https://www.deezer.com/us/track/647303222","https://cdnt-preview.dzcdn.net/api/1/1/2/3/e/0/23e9632bfbd3e8ad3d73bf6fba4e18e0.mp3?hdnea=exp=1781458065~acl=/api/1/1/2/3/e/0/23e9632bfbd3e8ad3d73bf6fba4e18e0.mp3*~data=user_id=0,application_id=42~hmac=2c64edb84a3eedededc3ba9265b363e00af8bbf823b2dbd56a71e165cf750399","On 1 list: Soundtracks"
"(thematic candidate)","","","","Evening in the Tavern","Paweł Błaszczak","The Witcher (Original Game Soundtrack)","105998236","302652","57","false","https://www.deezer.com/us/track/105998236","https://cdnt-preview.dzcdn.net/api/1/1/a/5/b/0/a5b83d30d06ba644fb19b67ce49a3275.mp3?hdnea=exp=1781458066~acl=/api/1/1/a/5/b/0/a5b83d30d06ba644fb19b67ce49a3275.mp3*~data=user_id=0,application_id=42~hmac=613de2213ca6aebeac7fce6dcd3632abfcfdf62fc9bde21af72aa60bbafbcc4a","On 1 list: Soundtracks"
"(thematic candidate)","","","","Gilderoy Lockhart","John Williams","Harry Potter and The Chamber of Secrets/ Original Motion Picture Soundtrack","661880","302480","125","false","https://www.deezer.com/us/track/661880","https://cdnt-preview.dzcdn.net/api/1/1/3/7/2/0/37245ff510449e62755e707dfc728e4b.mp3?hdnea=exp=1781458065~acl=/api/1/1/3/7/2/0/37245ff510449e62755e707dfc728e4b.mp3*~data=user_id=0,application_id=42~hmac=0880e9fb485487efa5363a28f5f39376465371819d6c3b03844d5a86dda81011","On 1 list: Soundtracks"
"(thematic candidate)","","","","Jyn Erso & Hope Suite","Michael Giacchino","Rogue One: A Star Wars Story (Original Motion Picture Soundtrack)","138166343","301609","351","false","https://www.deezer.com/us/track/138166343","https://cdnt-preview.dzcdn.net/api/1/1/3/0/c/0/30c9ad655da316f1dfa9d92b1210b3cf.mp3?hdnea=exp=1781458066~acl=/api/1/1/3/0/c/0/30c9ad655da316f1dfa9d92b1210b3cf.mp3*~data=user_id=0,application_id=42~hmac=5aa192f678081998d7e140964a50cda67a3a88634282e5ea505d6217e6932e11","On 1 list: Soundtracks"
"(thematic candidate)","","","","Für Elise","Erich Leinsdorf","Une Heure de Tubes Beethoven","551542","300620","188","false","https://www.deezer.com/us/track/551542","https://cdnt-preview.dzcdn.net/api/1/1/1/1/e/0/11e6f14b7d283700dc176457a27a3482.mp3?hdnea=exp=1781458065~acl=/api/1/1/1/1/e/0/11e6f14b7d283700dc176457a27a3482.mp3*~data=user_id=0,application_id=42~hmac=5b6df649397a8de6f2a6824339bf3f47a887b8ebf9ef69bcc4f4aea5813466a0","On 1 list: Soundtracks"
"(thematic candidate)","","","","Intriguing Possibilities","Trent Reznor and Atticus Ross","The Social Network","57428351","300140","264","false","https://www.deezer.com/us/track/57428351","https://cdnt-preview.dzcdn.net/api/1/1/a/0/1/0/a011a3c7699cc24d3bbd4b5b29d0e835.mp3?hdnea=exp=1781458067~acl=/api/1/1/a/0/1/0/a011a3c7699cc24d3bbd4b5b29d0e835.mp3*~data=user_id=0,application_id=42~hmac=9db0bba58b9d5331c6c592a1797d330e7cfc96a6dfdb9395d11a586e8869bc3a","On 1 list: Soundtracks"
"(thematic candidate)","","","","This Is Our Planet (From ""Our Planet"")","Steven Price","Our Planet (Music from the Netflix Original Series)","657789102","299490","223","false","https://www.deezer.com/us/track/657789102","https://cdnt-preview.dzcdn.net/api/1/1/9/c/8/0/9c8284d75562cd7b97fadfd858db5009.mp3?hdnea=exp=1781458064~acl=/api/1/1/9/c/8/0/9c8284d75562cd7b97fadfd858db5009.mp3*~data=user_id=0,application_id=42~hmac=8aa47021f53e37172d7dd751abdc822ce50ca1e8a64fdeb11e9b41c121875d69","On 1 list: Soundtracks"
"(thematic candidate)","","","","Days Gone (From ""Days Gone"" Soundtrack)","Nathan Whitehead","Days Gone (Original Soundtrack)","664644492","298843","221","false","https://www.deezer.com/us/track/664644492","https://cdnt-preview.dzcdn.net/api/1/1/a/1/7/0/a17aeebfa19df63db2dd9a625fcddacb.mp3?hdnea=exp=1781458066~acl=/api/1/1/a/1/7/0/a17aeebfa19df63db2dd9a625fcddacb.mp3*~data=user_id=0,application_id=42~hmac=2664fca6adc358854280c5cf2111a1a29d3c9ae33106accce72d07dc20ec84ad","On 1 list: Soundtracks"
"(thematic candidate)","","","","What Have We Done to Each Other?","Trent Reznor and Atticus Ross","Gone Girl (Soundtrack from the Motion Picture)","86334661","297875","152","false","https://www.deezer.com/us/track/86334661","https://cdnt-preview.dzcdn.net/api/1/1/4/6/d/0/46d1191a445b9068bb2afb6ba3d9ba83.mp3?hdnea=exp=1781458064~acl=/api/1/1/4/6/d/0/46d1191a445b9068bb2afb6ba3d9ba83.mp3*~data=user_id=0,application_id=42~hmac=06120947463fe99b4bc24d717168d055712b18cd10d8d507dc0912e4f1bf6277","On 1 list: Soundtracks"
"(thematic candidate)","","","","Ready The Ships","John Powell","How To Train Your Dragon (Music From The Motion Picture)","119437652","297110","313","false","https://www.deezer.com/us/track/119437652","https://cdnt-preview.dzcdn.net/api/1/1/3/2/a/0/32a175698ce0a7328be054e4d8d527bb.mp3?hdnea=exp=1781458066~acl=/api/1/1/3/2/a/0/32a175698ce0a7328be054e4d8d527bb.mp3*~data=user_id=0,application_id=42~hmac=823d04162a2b7e6ce7e0d8eaf840ad76b0fb53e6eb3050dbf63e40a6d828914f","On 1 list: Soundtracks"
"(thematic candidate)","","","","The First Departure","Sarah Schachner","Assassin's Creed Valhalla (Original Game Soundtrack)","1111648102","296295","162","false","https://www.deezer.com/us/track/1111648102","https://cdnt-preview.dzcdn.net/api/1/1/f/d/e/0/fde0195d375b111fbf058f2fb76f0a15.mp3?hdnea=exp=1781458066~acl=/api/1/1/f/d/e/0/fde0195d375b111fbf058f2fb76f0a15.mp3*~data=user_id=0,application_id=42~hmac=dc779da1d2f46c65a2fc842223596e7187f9310a76ca6f5786f93b69e0fbde84","On 1 list: Soundtracks"
"(thematic candidate)","","","","You Say Run (Re-build) [feat. Takahiro Obata]","Yuki Hayashi","Re-build","1059340662","295510","269","false","https://www.deezer.com/us/track/1059340662","https://cdnt-preview.dzcdn.net/api/1/1/a/7/7/0/a77022fdeab1e8fc67faedb1ae1c3f95.mp3?hdnea=exp=1781458066~acl=/api/1/1/a/7/7/0/a77022fdeab1e8fc67faedb1ae1c3f95.mp3*~data=user_id=0,application_id=42~hmac=5dffaa2422203c9e4d7d12e282c13bb3bdc6e306adad13dcbe4eb8a430af90d5","On 1 list: Soundtracks"
"(thematic candidate)","","","","Impromptu No. 2 for Piano and Orchestra","Nicholas Britell","Succession: Season 3 (HBO Original Series Soundtrack)","1729061457","294927","131","false","https://www.deezer.com/us/track/1729061457","https://cdnt-preview.dzcdn.net/api/1/1/5/b/0/0/5b090d540aea8a0e9255098e76b44643.mp3?hdnea=exp=1781458068~acl=/api/1/1/5/b/0/0/5b090d540aea8a0e9255098e76b44643.mp3*~data=user_id=0,application_id=42~hmac=7d7488c37ebd3f3e221233f193702a3ffd549345cbff0f1f216294f0c7f99917","On 1 list: Soundtracks"
"(thematic candidate)","","","","The Room of Requirements","Nicholas Hooper","Harry Potter And The Order Of The Phoenix (Original Motion Picture Soundtrack)","679869","294803","367","false","https://www.deezer.com/us/track/679869","https://cdnt-preview.dzcdn.net/api/1/1/5/9/a/0/59aec44123a03bd51136250d9bb8b49b.mp3?hdnea=exp=1781458065~acl=/api/1/1/5/9/a/0/59aec44123a03bd51136250d9bb8b49b.mp3*~data=user_id=0,application_id=42~hmac=0af01fefa2653185479def35e0700aae0dd7973a5f7ac4f3205ec6aa65343dfc","On 1 list: Soundtracks"
"(thematic candidate)","","","","Unparalleled Throughout History","Yasuharu Takanashi","NARUTO SHIPPUDEN ORIGINAL SOUNDTRACK","1487557782","293461","97","false","https://www.deezer.com/us/track/1487557782","https://cdnt-preview.dzcdn.net/api/1/1/1/f/8/0/1f8c79b0484143d6addfe742542c382d.mp3?hdnea=exp=1781458066~acl=/api/1/1/1/f/8/0/1f8c79b0484143d6addfe742542c382d.mp3*~data=user_id=0,application_id=42~hmac=142f59c0bfcc70c5bb1783b22bb08bfb6b10b6268d6ea111863ef97b3677a005","On 1 list: Soundtracks"
"(thematic candidate)","","","","Grasslands Vivarium","chuck e. myers 'sea'","Hogwarts Legacy (Original Video Game Soundtrack)","2119681057","293046","267","false","https://www.deezer.com/us/track/2119681057","https://cdnt-preview.dzcdn.net/api/1/1/1/7/c/0/17c6eef3dd6b9c5dd509b4e5ccaa1bc1.mp3?hdnea=exp=1781458067~acl=/api/1/1/1/7/c/0/17c6eef3dd6b9c5dd509b4e5ccaa1bc1.mp3*~data=user_id=0,application_id=42~hmac=199248a7763be7768c236e667998c210fdbc5d42583e1d35336c3836dcdc4159","On 1 list: Soundtracks"
"(thematic candidate)","","","","Sapper's Tree","Hans Zimmer","Blade Runner 2049 (Original Motion Picture Soundtrack)","413733012","292862","96","false","https://www.deezer.com/us/track/413733012","https://cdnt-preview.dzcdn.net/api/1/1/b/d/c/0/bdc044f1ea1b2041b0e38408374eddb5.mp3?hdnea=exp=1781458067~acl=/api/1/1/b/d/c/0/bdc044f1ea1b2041b0e38408374eddb5.mp3*~data=user_id=0,application_id=42~hmac=9d205b4b0909a2462305e82bab9496a52a5bf0c1e45152c406e6b9fb9837cecf","On 1 list: Soundtracks"
"(thematic candidate)","","","","Someone Lived This","Hans Zimmer","Blade Runner 2049 (Original Motion Picture Soundtrack)","413733102","292059","193","false","https://www.deezer.com/us/track/413733102","https://cdnt-preview.dzcdn.net/api/1/1/0/2/0/0/0206abddcf8339d992d2b0ee63648925.mp3?hdnea=exp=1781458067~acl=/api/1/1/0/2/0/0/0206abddcf8339d992d2b0ee63648925.mp3*~data=user_id=0,application_id=42~hmac=9ea4eb1a8d29eda31a137255b283a8b85d01dfed2042f6e700cff55811d82c8a","On 1 list: Soundtracks"
"(thematic candidate)","","","","Main Title / Trinity Infinity (From ""The Matrix"")","Don Davis","The Matrix (Original Motion Picture Score)","119871440","291311","235","false","https://www.deezer.com/us/track/119871440","https://cdnt-preview.dzcdn.net/api/1/1/4/b/b/0/4bb72fb153435b799c67b21b089b928d.mp3?hdnea=exp=1781458061~acl=/api/1/1/4/b/b/0/4bb72fb153435b799c67b21b089b928d.mp3*~data=user_id=0,application_id=42~hmac=3ed9b1da5a20ba064a7dd8333851df7ec11dc66eb11d720ba6adb986ccd4b04d","On 1 list: Movie Songs"
"(thematic candidate)","","","","Evergreen (Love Theme from ""A Star Is Born"")","Barbra Streisand","The Ultimate Collection","7365587","290759","185","false","https://www.deezer.com/us/track/7365587","https://cdnt-preview.dzcdn.net/api/1/1/6/d/b/0/6db93ef724cdcdba3cb49bfd5019c2a6.mp3?hdnea=exp=1781458061~acl=/api/1/1/6/d/b/0/6db93ef724cdcdba3cb49bfd5019c2a6.mp3*~data=user_id=0,application_id=42~hmac=90c30d563834a61f1e0feb5fd20d1df7b8520e53664ac60ece5e66f59ecd8c1a","On 1 list: Movie Songs"
"(thematic candidate)","","","","A Normal Life","Henry Jackman","Uncharted 4: A Thief's End (Original Soundtrack)","1240960002","290198","77","false","https://www.deezer.com/us/track/1240960002","https://cdnt-preview.dzcdn.net/api/1/1/5/0/b/0/50bd2c355affd24cc0412de44b5f0280.mp3?hdnea=exp=1781458066~acl=/api/1/1/5/0/b/0/50bd2c355affd24cc0412de44b5f0280.mp3*~data=user_id=0,application_id=42~hmac=e807be77e241a536b37f54d0ef9658c3fbe270a415f293f0a4826788bb34d857","On 1 list: Soundtracks"
"(thematic candidate)","","","","Revisiting Normandy (From ""Saving Private Ryan"" Soundtrack)","John Williams","Saving Private Ryan","1108041","289182","246","false","https://www.deezer.com/us/track/1108041","https://cdnt-preview.dzcdn.net/api/1/1/6/5/9/0/659f50f05ebbf1231fb73a1729dc7d55.mp3?hdnea=exp=1781458063~acl=/api/1/1/6/5/9/0/659f50f05ebbf1231fb73a1729dc7d55.mp3*~data=user_id=0,application_id=42~hmac=d7376105e170bedb69fe9841521613c7f4e3f6978aec31ff515a2f65ab9f578b","On 1 list: Movie Songs"
"(thematic candidate)","","","","Finale & End Credits","John Williams","Indiana Jones and the Last Crusade (Original Motion Picture Soundtrack)","518465972","288775","637","false","https://www.deezer.com/us/track/518465972","https://cdnt-preview.dzcdn.net/api/1/1/d/9/c/0/d9cc822058d01a6a58c7db983e22cc92.mp3?hdnea=exp=1781458063~acl=/api/1/1/d/9/c/0/d9cc822058d01a6a58c7db983e22cc92.mp3*~data=user_id=0,application_id=42~hmac=e17ae51bad48e7bd8d2587aeefd4162324874b8447d4271324b3c6ba90ec5cec","On 1 list: Movie Songs"
"(thematic candidate)","","","","On the Horizon","Brian Tyler","Assassin's Creed 4: Black Flag (Original Game Soundtrack)","74599155","288733","181","false","https://www.deezer.com/us/track/74599155","https://cdnt-preview.dzcdn.net/api/1/1/5/1/c/0/51ca79aec61a2bf3516e4a99d79a1e0a.mp3?hdnea=exp=1781458065~acl=/api/1/1/5/1/c/0/51ca79aec61a2bf3516e4a99d79a1e0a.mp3*~data=user_id=0,application_id=42~hmac=ebbb8203c7500b346c888d7e5e34b78cd4c958f7e1c95f6e5fd51429668d098e","On 1 list: Soundtracks"
"(thematic candidate)","","","","Goldfinger","Shirley Bassey","20 of the Best","3276735","288319","168","false","https://www.deezer.com/us/track/3276735","https://cdnt-preview.dzcdn.net/api/1/1/b/0/a/0/b0a1fc948d4b6a7d0bba65db1b62fb56.mp3?hdnea=exp=1781458062~acl=/api/1/1/b/0/a/0/b0a1fc948d4b6a7d0bba65db1b62fb56.mp3*~data=user_id=0,application_id=42~hmac=5550193b65f2bc48ad4da47171a6cd2a9c02975c3ea94d9183338c62c55221f7","On 1 list: Movie Songs"
"(thematic candidate)","","","","Journey","Hans Zimmer","Kung Fu Panda 4 (Original Motion Picture Soundtrack)","2674697152","287899","112","false","https://www.deezer.com/us/track/2674697152","https://cdnt-preview.dzcdn.net/api/1/1/1/3/8/0/138ee8f595b03b67180843d7e692daab.mp3?hdnea=exp=1781458067~acl=/api/1/1/1/3/8/0/138ee8f595b03b67180843d7e692daab.mp3*~data=user_id=0,application_id=42~hmac=007b4323965d32f1dbf01401362e09f67a2d0cc669969040df6fee74194bf088","On 1 list: Soundtracks"
"(thematic candidate)","","","","Memory","Hans Zimmer","Blade Runner 2049 (Original Motion Picture Soundtrack)","413733062","286370","152","false","https://www.deezer.com/us/track/413733062","https://cdnt-preview.dzcdn.net/api/1/1/f/d/3/0/fd3fe668934f960db0856b5293a7ead6.mp3?hdnea=exp=1781458067~acl=/api/1/1/f/d/3/0/fd3fe668934f960db0856b5293a7ead6.mp3*~data=user_id=0,application_id=42~hmac=2b0eab6e9926d2d05793ee4bb8f46eea126e0eeb2321e958fa3a7d9c040a4fe6","On 1 list: Soundtracks"
