OriginalTitle,OriginalArtist,OriginalDeezerId,OriginalRank,AlternativeTitle,AlternativeArtist,AlternativeAlbum,AlternativeDeezerId,AlternativeRank,AlternativeDurationSec,AlternativeExplicit,DeezerTrackUrl,AlternativePreviewUrl,ConfidenceNote
"(thematic candidate)","","","","Pretty Girl","Stockholm Syndrome","Pretty Girl","60839406","84302","182","false","https://www.deezer.com/us/track/60839406","https://cdnt-preview.dzcdn.net/api/1/1/0/4/5/0/045a2d5326b783b55a41765f7d4ef593.mp3?hdnea=exp=1781790830~acl=/api/1/1/0/4/5/0/045a2d5326b783b55a41765f7d4ef593.mp3*~data=user_id=0,application_id=42~hmac=3b4597bc02e26d850186712a2befd8fb77bfbe284a06df4b726fccbabd11c794","On 2 editorial lists"
"(thematic candidate)","","","","Heroes","Janelle Monáe","Heroes (Pepsi Beats Of The Beautiful Game)","76445872","74748","200","false","https://www.deezer.com/us/track/76445872","https://cdnt-preview.dzcdn.net/api/1/1/c/b/8/0/cb8b5955c37121ba92254cbeec0aed3b.mp3?hdnea=exp=1781790830~acl=/api/1/1/c/b/8/0/cb8b5955c37121ba92254cbeec0aed3b.mp3*~data=user_id=0,application_id=42~hmac=10a09bd355a28d59b6ec1b512a12021304dcd143004214da5df2985de05c7f40","On 2 editorial lists"
"(thematic candidate)","","","","This Head I Hold","Electric Guest","Mondo","16976600","697172","175","false","https://www.deezer.com/us/track/16976600","https://cdnt-preview.dzcdn.net/api/1/1/7/6/a/0/76a23518ef53537b4feee63fa903e680.mp3?hdnea=exp=1781790830~acl=/api/1/1/7/6/a/0/76a23518ef53537b4feee63fa903e680.mp3*~data=user_id=0,application_id=42~hmac=1a761d2a4a1166bc515c3b338768978a069bdaa1799fd0f67b99d0a486e33bc3","On 1 list: Music from TV ads - updated regularly - Songs from"
"(thematic candidate)","","","","First Class","Jack Harlow","First Class","1711360637","693894","173","true","https://www.deezer.com/us/track/1711360637","https://cdnt-preview.dzcdn.net/api/1/1/4/5/8/0/458c927e4a6e0e4ef446835ee58a0ca6.mp3?hdnea=exp=1781790833~acl=/api/1/1/4/5/8/0/458c927e4a6e0e4ef446835ee58a0ca6.mp3*~data=user_id=0,application_id=42~hmac=ff656ae9e3122738bfbfb7df55e9e37b2d28bb4ab96714f70097969de5ce75fc","On 1 list: TV commercial songs"
"(thematic candidate)","","","","Toop Toop","Cassius","15 Again (Deluxe Edition)","120536314","693804","167","false","https://www.deezer.com/us/track/120536314","https://cdnt-preview.dzcdn.net/api/1/1/3/b/b/0/3bb2db6e26b619ca1f312e40963ff683.mp3?hdnea=exp=1781790832~acl=/api/1/1/3/b/b/0/3bb2db6e26b619ca1f312e40963ff683.mp3*~data=user_id=0,application_id=42~hmac=8c31d9459f7f41a5ad9df9e53ba48d6d25201cbc53a3e1a1a8d9ed515f96592d","On 1 list: Drive Beats : Iconic Car Commercial Anthems"
"(thematic candidate)","","","","Big Jet Plane","Angus & Julia Stone","Down The Way (Deluxe Edition)","63103299","686997","239","false","https://www.deezer.com/us/track/63103299","https://cdnt-preview.dzcdn.net/api/1/1/4/7/1/0/471aeeb43c5d5af24a1749c23c7bbfbc.mp3?hdnea=exp=1781790832~acl=/api/1/1/4/7/1/0/471aeeb43c5d5af24a1749c23c7bbfbc.mp3*~data=user_id=0,application_id=42~hmac=fac42e311599f5235a248826713bef08a2b90b2f993678c4294315c440b3a0fe","On 1 list: Drive Beats : Iconic Car Commercial Anthems"
"(thematic candidate)","","","","Torn","Ava Max","Torn","732873422","684930","198","false","https://www.deezer.com/us/track/732873422","https://cdnt-preview.dzcdn.net/api/1/1/5/c/b/0/5cb726f2e3f304948b68a4f4c0669b76.mp3?hdnea=exp=1781790832~acl=/api/1/1/5/c/b/0/5cb726f2e3f304948b68a4f4c0669b76.mp3*~data=user_id=0,application_id=42~hmac=02e37498745eb7702db847433fe787c188552780dc6cdc20e4729af909811f38","On 1 list: Drive Beats : Iconic Car Commercial Anthems"
"(thematic candidate)","","","","Ordinary World","Duran Duran","Duran Duran","3166602","683882","340","false","https://www.deezer.com/us/track/3166602","https://cdnt-preview.dzcdn.net/api/1/1/8/c/d/0/8cd264732daa81f21d47bdf6465ea054.mp3?hdnea=exp=1781790832~acl=/api/1/1/8/c/d/0/8cd264732daa81f21d47bdf6465ea054.mp3*~data=user_id=0,application_id=42~hmac=68f145747511e64c4d8843855a963e8eb936a21e01aed28399bc66d1c15df46f","On 1 list: Drive Beats : Iconic Car Commercial Anthems"
"(thematic candidate)","","","","When I'm Small","Phantogram","Eyelid Movies","75121243","683065","249","false","https://www.deezer.com/us/track/75121243","https://cdnt-preview.dzcdn.net/api/1/1/4/2/0/0/4209cbe2ae26e8c3ce7b200c1c9fc365.mp3?hdnea=exp=1781790833~acl=/api/1/1/4/2/0/0/4209cbe2ae26e8c3ce7b200c1c9fc365.mp3*~data=user_id=0,application_id=42~hmac=66731075f2df05d53f452e10f85b61b3945d36a6a444a24b843b97d0e21be40e","On 1 list: As Seen On Screen: Music From TV & Ads"
"(thematic candidate)","","","","Busy Earnin'","Jungle","Jungle","80884844","679136","181","false","https://www.deezer.com/us/track/80884844","https://cdnt-preview.dzcdn.net/api/1/1/b/5/a/0/b5afc8b7a08f42c7325806eb9db5b133.mp3?hdnea=exp=1781790833~acl=/api/1/1/b/5/a/0/b5afc8b7a08f42c7325806eb9db5b133.mp3*~data=user_id=0,application_id=42~hmac=5c1ff17151c579657b4e08866f1b4c6cd1ffefd07ac69f42a034fab2e94df91a","On 1 list: As Seen On Screen: Music From TV & Ads"
"(thematic candidate)","","","","Lady Marmalade","Patti LaBelle","Best Of Patti Labelle","1079308","675397","235","false","https://www.deezer.com/us/track/1079308","https://cdnt-preview.dzcdn.net/api/1/1/5/6/d/0/56d1e97bf494f6ace6377e8c6e57ad7e.mp3?hdnea=exp=1781790832~acl=/api/1/1/5/6/d/0/56d1e97bf494f6ace6377e8c6e57ad7e.mp3*~data=user_id=0,application_id=42~hmac=624340ad3e1b561d2edf623087f5c54fdb9917b3485b5acfd1010dfbb125ddaa","On 1 list: Drive Beats : Iconic Car Commercial Anthems"
"(thematic candidate)","","","","Get Into It (Yuh)","Doja Cat","Planet Her","1410738072","673812","138","true","https://www.deezer.com/us/track/1410738072","https://cdnt-preview.dzcdn.net/api/1/1/8/b/d/0/8bd11a18bf883661784eea09661a7667.mp3?hdnea=exp=1781790833~acl=/api/1/1/8/b/d/0/8bd11a18bf883661784eea09661a7667.mp3*~data=user_id=0,application_id=42~hmac=1425d04dad2a7cb15a9f410c04515a669d1ae806129a5929677325955e00aee2","On 1 list: TV commercial songs"
"(thematic candidate)","","","","Initials B.B.","Serge Gainsbourg","Initials B.B.","119874072","658833","213","false","https://www.deezer.com/us/track/119874072","https://cdnt-preview.dzcdn.net/api/1/1/7/d/1/0/7d1c10775d42640ccf2c438a251458c9.mp3?hdnea=exp=1781790832~acl=/api/1/1/7/d/1/0/7d1c10775d42640ccf2c438a251458c9.mp3*~data=user_id=0,application_id=42~hmac=6067c47a357258cca401d0583f7b2b5487db29a99c478aed205849ce3aff04bf","On 1 list: Drive Beats : Iconic Car Commercial Anthems"
"(thematic candidate)","","","","Way 2 Sexy","Drake","Certified Lover Boy","1484144862","658310","257","true","https://www.deezer.com/us/track/1484144862","https://cdnt-preview.dzcdn.net/api/1/1/5/c/2/0/5c2748681a7c88bca3172d2ae2741892.mp3?hdnea=exp=1781790833~acl=/api/1/1/5/c/2/0/5c2748681a7c88bca3172d2ae2741892.mp3*~data=user_id=0,application_id=42~hmac=6f91e74860b96541a60be47516e11d8c7d1141901931a07a513893e1f08314a1","On 1 list: TV commercial songs"
"(thematic candidate)","","","","D.A.N.C.E.","Justice","Justice","10284909","648361","242","false","https://www.deezer.com/us/track/10284909","https://cdnt-preview.dzcdn.net/api/1/1/4/a/c/0/4acfefc94f40ec3797bc1c287572f5ef.mp3?hdnea=exp=1781790832~acl=/api/1/1/4/a/c/0/4acfefc94f40ec3797bc1c287572f5ef.mp3*~data=user_id=0,application_id=42~hmac=2ccb6cb86fc48b925815953d248746b9f8046110798928c5230ee69c21e1b0ff","On 1 list: Drive Beats : Iconic Car Commercial Anthems"
"(thematic candidate)","","","","Summer","Calvin Harris","Summer","75768941","644729","221","false","https://www.deezer.com/us/track/75768941","https://cdnt-preview.dzcdn.net/api/1/1/1/d/7/0/1d701d72cee643532c8fac819829c641.mp3?hdnea=exp=1781790830~acl=/api/1/1/1/d/7/0/1d701d72cee643532c8fac819829c641.mp3*~data=user_id=0,application_id=42~hmac=40b78507c4a530174928e108fc1ad4b9087523b7608664f3c5f9266d32716e7e","On 1 list: Music from TV ads - updated regularly - Songs from"
"(thematic candidate)","","","","Gold","Spandau Ballet","Gold - The Best of Spandau Ballet","3130318","640289","231","false","https://www.deezer.com/us/track/3130318","https://cdnt-preview.dzcdn.net/api/1/1/c/8/f/0/c8f6ba0bf79baec74057da235757595b.mp3?hdnea=exp=1781790830~acl=/api/1/1/c/8/f/0/c8f6ba0bf79baec74057da235757595b.mp3*~data=user_id=0,application_id=42~hmac=c616dcc5ae2810a6a330e4839def6cac64e4864bc25a36edd11eeaab68c9398e","On 1 list: Music from TV ads - updated regularly - Songs from"
"(thematic candidate)","","","","Slave to the Rhythm","Michael Jackson","XSCAPE","78213535","636753","254","false","https://www.deezer.com/us/track/78213535","https://cdnt-preview.dzcdn.net/api/1/1/5/5/0/0/550dda18075b8c2c3b8df193635000a1.mp3?hdnea=exp=1781790830~acl=/api/1/1/5/5/0/0/550dda18075b8c2c3b8df193635000a1.mp3*~data=user_id=0,application_id=42~hmac=34afb3c763280c388c2bd1b1a503baa5e2b3c342bec602e8b06697ad597aad6e","On 1 list: Music from TV ads - updated regularly - Songs from"
"(thematic candidate)","","","","Midnight City","M83","Hurry up, We're Dreaming","92213550","619819","244","false","https://www.deezer.com/us/track/92213550","https://cdnt-preview.dzcdn.net/api/1/1/b/d/7/0/bd727b30df15d3d506abd829ee8da9f0.mp3?hdnea=exp=1781790832~acl=/api/1/1/b/d/7/0/bd727b30df15d3d506abd829ee8da9f0.mp3*~data=user_id=0,application_id=42~hmac=bbc8e85ad4bd6ec4ee84c314ffbc304b14b401dd1eabcef51596b58ca24b67bb","On 1 list: Drive Beats : Iconic Car Commercial Anthems"
"(thematic candidate)","","","","Summer in the City (Remastered)","The Lovin' Spoonful","Very Best Of The Lovin' Spoonful","600434","608902","160","false","https://www.deezer.com/us/track/600434","https://cdnt-preview.dzcdn.net/api/1/1/c/6/7/0/c67bde6df5a5466907c3d1b89ff1ee93.mp3?hdnea=exp=1781790830~acl=/api/1/1/c/6/7/0/c67bde6df5a5466907c3d1b89ff1ee93.mp3*~data=user_id=0,application_id=42~hmac=5570bc3805237dbebbb06b05d7677a693e9bc97fceb5dac524259b5bff78e46a","On 1 list: Music from TV ads - updated regularly - Songs from"
"(thematic candidate)","","","","Your Song (Bonus Track)","Ellie Goulding","Bright Lights (Lights Re-pack / Bonus Version)","7667355","604622","190","false","https://www.deezer.com/us/track/7667355","https://cdnt-preview.dzcdn.net/api/1/1/4/f/1/0/4f117d69bcc6fd7134d9187c1d5012d6.mp3?hdnea=exp=1781790830~acl=/api/1/1/4/f/1/0/4f117d69bcc6fd7134d9187c1d5012d6.mp3*~data=user_id=0,application_id=42~hmac=19d1815f845457ff6bfa687dd2f4faad38d4444b3196feb5b283ca1aa7eff880","On 1 list: Music from TV ads - updated regularly - Songs from"
"(thematic candidate)","","","","Waiting For The Stars","Vitalic","Voyager","134533176","598448","233","false","https://www.deezer.com/us/track/134533176","https://cdnt-preview.dzcdn.net/api/1/1/3/4/c/0/34c1e82f9eeb272f5a39dbfa3f0cc960.mp3?hdnea=exp=1781790832~acl=/api/1/1/3/4/c/0/34c1e82f9eeb272f5a39dbfa3f0cc960.mp3*~data=user_id=0,application_id=42~hmac=9e0662d99bcfc71b4134d65ebc70695986f7c35e934892635710364f2f84aae2","On 1 list: Drive Beats : Iconic Car Commercial Anthems"
"(thematic candidate)","","","","You're The One That I Want","Lo-Fang","Blue Film","74252546","597170","204","false","https://www.deezer.com/us/track/74252546","https://cdnt-preview.dzcdn.net/api/1/1/7/5/a/0/75a4fb375c99a24b90d8d6c31711de2b.mp3?hdnea=exp=1781790833~acl=/api/1/1/7/5/a/0/75a4fb375c99a24b90d8d6c31711de2b.mp3*~data=user_id=0,application_id=42~hmac=6018aa167c7a67c7afe2bed4cd3272a6acefc896d4711e787cea8c6053caf9fd","On 1 list: As Seen On Screen: Music From TV & Ads"
"(thematic candidate)","","","","Connected","Stereo MC's","Connected","2236513","594204","314","false","https://www.deezer.com/us/track/2236513","https://cdnt-preview.dzcdn.net/api/1/1/8/9/c/0/89cc743c80f1e8c86683fa7c78d35a52.mp3?hdnea=exp=1781790832~acl=/api/1/1/8/9/c/0/89cc743c80f1e8c86683fa7c78d35a52.mp3*~data=user_id=0,application_id=42~hmac=e0110174e105f6a18c4a8ff61e6cc2b0e1390c7145f37daed40e82ee15e19df4","On 1 list: Drive Beats : Iconic Car Commercial Anthems"
"(thematic candidate)","","","","Over","Lucky Daye","Over","1498927982","591672","207","true","https://www.deezer.com/us/track/1498927982","https://cdnt-preview.dzcdn.net/api/1/1/a/3/1/0/a31d8002a39623df35028a2c0dc00235.mp3?hdnea=exp=1781790833~acl=/api/1/1/a/3/1/0/a31d8002a39623df35028a2c0dc00235.mp3*~data=user_id=0,application_id=42~hmac=ca8d73358bdd10d6e9aea38649ee93d8ec0a1d7e4618359cfab5d88bd32a3463","On 1 list: TV commercial songs"
"(thematic candidate)","","","","Oblivion","M83","Oblivion (Original Motion Picture Soundtrack)","867248772","591100","356","false","https://www.deezer.com/us/track/867248772","https://cdnt-preview.dzcdn.net/api/1/1/2/4/a/0/24a3e264c8fbc6d5748e578906f4ffd7.mp3?hdnea=exp=1781790832~acl=/api/1/1/2/4/a/0/24a3e264c8fbc6d5748e578906f4ffd7.mp3*~data=user_id=0,application_id=42~hmac=840f8e50dab987570d4e78d9f9ce6b7013b2abeddb7d958ca5d30dbaae2a6e2a","On 1 list: Drive Beats : Iconic Car Commercial Anthems"
"(thematic candidate)","","","","Training Season","Dua Lipa","Training Season","2661230532","589224","209","false","https://www.deezer.com/us/track/2661230532","https://cdnt-preview.dzcdn.net/api/1/1/7/a/c/0/7acd7fe7e70488c6e53e35f90e7238e6.mp3?hdnea=exp=1781790832~acl=/api/1/1/7/a/c/0/7acd7fe7e70488c6e53e35f90e7238e6.mp3*~data=user_id=0,application_id=42~hmac=17bc69bfaf90c450d973d10f967bf5ebc9ef868b995d82f1b8467d94b4646dbe","On 1 list: Drive Beats : Iconic Car Commercial Anthems"
"(thematic candidate)","","","","Underdog","Kasabian","West Ryder Pauper Lunatic Asylum","3437873","577021","277","false","https://www.deezer.com/us/track/3437873","https://cdnt-preview.dzcdn.net/api/1/1/b/e/4/0/be493523face5d28430b4403e96345a3.mp3?hdnea=exp=1781790830~acl=/api/1/1/b/e/4/0/be493523face5d28430b4403e96345a3.mp3*~data=user_id=0,application_id=42~hmac=89fa5846bde663977386825c3607eb8c3bf8fc13b5056071ca6738f2ea3301d0","On 1 list: Music from TV ads - updated regularly - Songs from"
"(thematic candidate)","","","","Canned Heat","Jamiroquai","Center Stage Music From The Motion Picture","2310808","576480","330","false","https://www.deezer.com/us/track/2310808","https://cdnt-preview.dzcdn.net/api/1/1/7/e/b/0/7eba71a0039a02ac77b4296ff0ae093c.mp3?hdnea=exp=1781790833~acl=/api/1/1/7/e/b/0/7eba71a0039a02ac77b4296ff0ae093c.mp3*~data=user_id=0,application_id=42~hmac=da61ad846f1b184302ce9f794401ce50996127eaf82146d3a275e17471fea4d1","On 1 list: TV commercial songs"
"(thematic candidate)","","","","My Neck, My Back","Khia","My Neck - My Back","529639331","554547","222","true","https://www.deezer.com/us/track/529639331","https://cdnt-preview.dzcdn.net/api/1/1/d/6/7/0/d6746bd4be1f6a397534ad03f928ce31.mp3?hdnea=exp=1781790833~acl=/api/1/1/d/6/7/0/d6746bd4be1f6a397534ad03f928ce31.mp3*~data=user_id=0,application_id=42~hmac=aaba2c234a21116fe01ef46dd54df7d5990a855393d1eb9eb0e1571ba071fedb","On 1 list: TV commercial songs"
"(thematic candidate)","","","","Ante Up (Robbin Hoodz Theory)","M.O.P.","B2K Presents ""You Got Served"" Soundtrack","582212","554498","232","false","https://www.deezer.com/us/track/582212","https://cdnt-preview.dzcdn.net/api/1/1/5/0/6/0/50696f0d1cd8ea7dacccc07e0d8bf52a.mp3?hdnea=exp=1781790830~acl=/api/1/1/5/0/6/0/50696f0d1cd8ea7dacccc07e0d8bf52a.mp3*~data=user_id=0,application_id=42~hmac=a9bed7f21b040b61333b2f1819826e5bc8d5a3e79b14c9e6d34902e2b38ff226","On 1 list: Music from TV ads - updated regularly - Songs from"
"(thematic candidate)","","","","Always on My Mind","Rover","Always on My Mind","3359495271","548601","146","false","https://www.deezer.com/us/track/3359495271","https://cdnt-preview.dzcdn.net/api/1/1/c/7/c/0/c7c36414a1ab97a90a6c832fd5acafcb.mp3?hdnea=exp=1781790832~acl=/api/1/1/c/7/c/0/c7c36414a1ab97a90a6c832fd5acafcb.mp3*~data=user_id=0,application_id=42~hmac=829bb36b8c27ff23c1255da09ae402fd2d147b59b61e8be1ca5a042ed8a24856","On 1 list: Drive Beats : Iconic Car Commercial Anthems"
"(thematic candidate)","","","","You Sexy Thing","Hot Chocolate","Hot Chocolate","3851850","538588","244","false","https://www.deezer.com/us/track/3851850","https://cdnt-preview.dzcdn.net/api/1/1/e/2/7/0/e27c02c33b535cc2153cf10088175026.mp3?hdnea=exp=1781790831~acl=/api/1/1/e/2/7/0/e27c02c33b535cc2153cf10088175026.mp3*~data=user_id=0,application_id=42~hmac=b20d0c93256d383b38c322e9a84dccefb832b0014b87c0c5d3367c0468b8f101","On 1 list: As Heard On TV Commercials (2013-2014)"
"(thematic candidate)","","","","Mr. Big Stuff","Jean Knight","Mr. Big Stuff","1157856","538167","164","false","https://www.deezer.com/us/track/1157856","https://cdnt-preview.dzcdn.net/api/1/1/4/b/a/0/4ba1d6ea9756a4c22739b1894b8cb33f.mp3?hdnea=exp=1781790832~acl=/api/1/1/4/b/a/0/4ba1d6ea9756a4c22739b1894b8cb33f.mp3*~data=user_id=0,application_id=42~hmac=435d3b1706626d7d3c4f16afc57e96ca4d540c3cecacfe9fbcbed46a40e2535e","On 1 list: Drive Beats : Iconic Car Commercial Anthems"
"(thematic candidate)","","","","Working For The Weekend (Remastered 2006)","Loverboy","Get Lucky","13268006","534010","221","false","https://www.deezer.com/us/track/13268006","https://cdnt-preview.dzcdn.net/api/1/1/e/b/9/0/eb9f1ea809dfad98a452f856ade0a763.mp3?hdnea=exp=1781790831~acl=/api/1/1/e/b/9/0/eb9f1ea809dfad98a452f856ade0a763.mp3*~data=user_id=0,application_id=42~hmac=7285877c8accfad9de2b09b58eb194af39c0e73ed46af3ce5fb29cef5097ee4b","On 1 list: As Heard On TV Commercials (2013-2014)"
"(thematic candidate)","","","","All Night","Icona Pop","THIS IS... ICONA POP","70334157","527695","187","false","https://www.deezer.com/us/track/70334157","https://cdnt-preview.dzcdn.net/api/1/1/b/4/e/0/b4e658a8471c317c1f753f10acb1c370.mp3?hdnea=exp=1781790831~acl=/api/1/1/b/4/e/0/b4e658a8471c317c1f753f10acb1c370.mp3*~data=user_id=0,application_id=42~hmac=69af65230cd55496f47aebb9acb9e2c50ad4f4b77e1429e7cc727f3398aebfd8","On 1 list: As Heard On TV Commercials (2013-2014)"
"(thematic candidate)","","","","p:Machinery (Stephen Lipson's Digital Variation)","Propaganda","A Secret Wish (Digtl Sequence)","1496683542","524590","231","false","https://www.deezer.com/us/track/1496683542","https://cdnt-preview.dzcdn.net/api/1/1/9/a/f/0/9afb9215e38239c3a89b28466051660f.mp3?hdnea=exp=1781790832~acl=/api/1/1/9/a/f/0/9afb9215e38239c3a89b28466051660f.mp3*~data=user_id=0,application_id=42~hmac=fdabd5f17451ed6fc8783ec0315898a669756fcb36694fa8c5b07d91576f0e3d","On 1 list: Drive Beats : Iconic Car Commercial Anthems"
"(thematic candidate)","","","","Electricity (Remastered 2003)","Orchestral Manoeuvres In The Dark","Orchestral Manoeuvres In The Dark (Remastered 2003)","3092524","517470","212","false","https://www.deezer.com/us/track/3092524","https://cdnt-preview.dzcdn.net/api/1/1/5/5/d/0/55d5e8ac7a4f4533fae0a5a39ed84b2a.mp3?hdnea=exp=1781790832~acl=/api/1/1/5/5/d/0/55d5e8ac7a4f4533fae0a5a39ed84b2a.mp3*~data=user_id=0,application_id=42~hmac=a8a9e6342aca0069d0d046222396ce90623a20d2747f06c7ed795ecc3e6402bc","On 1 list: Drive Beats : Iconic Car Commercial Anthems"
"(thematic candidate)","","","","Blowin' in the Wind","Bob Dylan","The Freewheelin' Bob Dylan","68584634","516528","167","false","https://www.deezer.com/us/track/68584634","https://cdnt-preview.dzcdn.net/api/1/1/4/a/b/0/4ab4d4ac353bb364778b19a5896eb241.mp3?hdnea=exp=1781790830~acl=/api/1/1/4/a/b/0/4ab4d4ac353bb364778b19a5896eb241.mp3*~data=user_id=0,application_id=42~hmac=0da934e52c074b0ac95f2b35d5379167c9b0710d1f1a8b89af08ebe5a05f1d3a","On 1 list: Music from TV ads - updated regularly - Songs from"
"(thematic candidate)","","","","Instant Crush (feat. Julian Casablancas)","Daft Punk","Random Access Memories (10th Anniversary Edition)","2271580977","511079","337","false","https://www.deezer.com/us/track/2271580977","https://cdnt-preview.dzcdn.net/api/1/1/d/6/b/0/d6bc80aadfa1d7625d59a6620f229371.mp3?hdnea=exp=1781790832~acl=/api/1/1/d/6/b/0/d6bc80aadfa1d7625d59a6620f229371.mp3*~data=user_id=0,application_id=42~hmac=5fcb252d0a264c11cdaabe78daf237d764ce04d993dcebce7e6137adb2c39c5b","On 1 list: Drive Beats : Iconic Car Commercial Anthems"
"(thematic candidate)","","","","Coming Home (Part II)","Skylar Grey","The Buried Sessions of Skylar Grey","16009797","497634","164","false","https://www.deezer.com/us/track/16009797","https://cdnt-preview.dzcdn.net/api/1/1/1/4/5/0/1455fbc6fe1132cb463ffcf9595bb12d.mp3?hdnea=exp=1781790831~acl=/api/1/1/1/4/5/0/1455fbc6fe1132cb463ffcf9595bb12d.mp3*~data=user_id=0,application_id=42~hmac=2023754348c1cc6fcb544f893b91da311e501b5d878af80485b58a97f4bfe3e6","On 1 list: As Heard On TV Commercials (2013-2014)"
"(thematic candidate)","","","","The First Time Ever I Saw Your Face","Roberta Flack","First Take","14615239","496709","260","false","https://www.deezer.com/us/track/14615239","https://cdnt-preview.dzcdn.net/api/1/1/5/5/8/0/55855ed4d3abb50fe15b92b95cc29f8d.mp3?hdnea=exp=1781790830~acl=/api/1/1/5/5/8/0/55855ed4d3abb50fe15b92b95cc29f8d.mp3*~data=user_id=0,application_id=42~hmac=15d7c5ca054610b7723e8088fc039e2eff57c95697b91194e8b85378e0ac0f8e","On 1 list: Music from TV ads - updated regularly - Songs from"
"(thematic candidate)","","","","The Miracle (Of Joey Ramone)","U2","Songs Of Innocence","86671103","494223","255","false","https://www.deezer.com/us/track/86671103","https://cdnt-preview.dzcdn.net/api/1/1/0/e/9/0/0e9a324eff8eedca0bbc2707e984bd15.mp3?hdnea=exp=1781790833~acl=/api/1/1/0/e/9/0/0e9a324eff8eedca0bbc2707e984bd15.mp3*~data=user_id=0,application_id=42~hmac=3bedfb957e20000661d30dcf9d498e492971ff449bf66375ee0d580bf0c829c0","On 1 list: As Seen On Screen: Music From TV & Ads"
"(thematic candidate)","","","","Gunshot","Lykke Li","I Never Learn","77749340","490066","204","false","https://www.deezer.com/us/track/77749340","https://cdnt-preview.dzcdn.net/api/1/1/c/7/5/0/c758786d9d585306bb041917b92e868b.mp3?hdnea=exp=1781790830~acl=/api/1/1/c/7/5/0/c758786d9d585306bb041917b92e868b.mp3*~data=user_id=0,application_id=42~hmac=bdbbb42823b3caa6195f848521876704828c306b54cb7e9b4e4028b86a8bd1ff","On 1 list: Music from TV ads - updated regularly - Songs from"
"(thematic candidate)","","","","Aventine","Agnes Obel","Aventine","71129380","486371","248","false","https://www.deezer.com/us/track/71129380","https://cdnt-preview.dzcdn.net/api/1/1/d/2/e/0/d2e8267f544f7c5b360801a06a91a118.mp3?hdnea=exp=1781790830~acl=/api/1/1/d/2/e/0/d2e8267f544f7c5b360801a06a91a118.mp3*~data=user_id=0,application_id=42~hmac=da0a6d986fb7381e3146b852f82855866552ed1c71cd9c5beb0b626e29192cfa","On 1 list: Music from TV ads - updated regularly - Songs from"
"(thematic candidate)","","","","White Lies (EP Version)","Max Frost","White Lies","70334473","486257","177","false","https://www.deezer.com/us/track/70334473","https://cdnt-preview.dzcdn.net/api/1/1/b/3/1/0/b31534f1842add463f1cefd1cb7ebc62.mp3?hdnea=exp=1781790831~acl=/api/1/1/b/3/1/0/b31534f1842add463f1cefd1cb7ebc62.mp3*~data=user_id=0,application_id=42~hmac=699012e58829938a389a4be7f7e9e1b70a048ebc439896d3a0c43691defe6c26","On 1 list: As Heard On TV Commercials (2013-2014)"
"(thematic candidate)","","","","Changing","Sigma","Changing","84668849","478096","191","false","https://www.deezer.com/us/track/84668849","https://cdnt-preview.dzcdn.net/api/1/1/1/0/c/0/10cedfade8911d83a62ba99ed8d2ef4d.mp3?hdnea=exp=1781790833~acl=/api/1/1/1/0/c/0/10cedfade8911d83a62ba99ed8d2ef4d.mp3*~data=user_id=0,application_id=42~hmac=2ea9f43f2239a15b7b255934abb939483fa04ee490a29dc35db7c51be891ad56","On 1 list: As Seen On Screen: Music From TV & Ads"
"(thematic candidate)","","","","Bed","J Holiday","Back Of My Lac' (Deluxe)","3146991","471799","275","false","https://www.deezer.com/us/track/3146991","https://cdnt-preview.dzcdn.net/api/1/1/7/8/1/0/781d38af7f91d29465ed913808c20480.mp3?hdnea=exp=1781790833~acl=/api/1/1/7/8/1/0/781d38af7f91d29465ed913808c20480.mp3*~data=user_id=0,application_id=42~hmac=13efaf38c5f1cb824766ec3c87064bbbc6bbe756e2b2eb6a56c544042d51c8d9","On 1 list: TV commercial songs"
"(thematic candidate)","","","","The Grid","Daft Punk","TRON: Legacy - The Complete Edition (Original Motion Picture Soundtrack)","1173629822","463541","97","false","https://www.deezer.com/us/track/1173629822","https://cdnt-preview.dzcdn.net/api/1/1/e/6/9/0/e6970e8dfb6b487ea926c32e59e2e117.mp3?hdnea=exp=1781790832~acl=/api/1/1/e/6/9/0/e6970e8dfb6b487ea926c32e59e2e117.mp3*~data=user_id=0,application_id=42~hmac=0a2492551d7f4b33b0ed0c9ef3d4ac96483d3eee5385c36f41100d8f9c87c84b","On 1 list: Drive Beats : Iconic Car Commercial Anthems"
"(thematic candidate)","","","","Pumpin Blood","NONONO","Pumpin Blood","68960237","463414","209","false","https://www.deezer.com/us/track/68960237","https://cdnt-preview.dzcdn.net/api/1/1/7/b/6/0/7b60d51d0cc17ce8de33693666862344.mp3?hdnea=exp=1781790831~acl=/api/1/1/7/b/6/0/7b60d51d0cc17ce8de33693666862344.mp3*~data=user_id=0,application_id=42~hmac=05bb74ce3d8b04015bf1bc78a79177cff98c44aa94bb816bd7ed91c0f29d6f9a","On 1 list: As Heard On TV Commercials (2013-2014)"
"(thematic candidate)","","","","Smooth Sailing","Queens Of The Stone Age","...Like Clockwork","67615725","461965","291","true","https://www.deezer.com/us/track/67615725","https://cdnt-preview.dzcdn.net/api/1/1/f/a/0/0/fa08012f8e4363d9063ad9428e277c4c.mp3?hdnea=exp=1781790830~acl=/api/1/1/f/a/0/0/fa08012f8e4363d9063ad9428e277c4c.mp3*~data=user_id=0,application_id=42~hmac=09c09f27752948b75190c5db00c71b51ece604829f76b70647b97e01918213fd","On 1 list: Music from TV ads - updated regularly - Songs from"
"(thematic candidate)","","","","Dayvan Cowboy","Boards Of Canada","The Campfire Headphase","29381041","458522","300","false","https://www.deezer.com/us/track/29381041","https://cdnt-preview.dzcdn.net/api/1/1/d/c/3/0/dc39edd86a020077913ffe170decd774.mp3?hdnea=exp=1781790831~acl=/api/1/1/d/c/3/0/dc39edd86a020077913ffe170decd774.mp3*~data=user_id=0,application_id=42~hmac=3437938579cd8f647162078a8c57ed15f59e490d843b0f56c7d53bf77fab21f7","On 1 list: As Heard On TV Commercials (2013-2014)"
"(thematic candidate)","","","","Forever Young","Youth Group","Casino Twilight Dogs","378210141","456928","239","false","https://www.deezer.com/us/track/378210141","https://cdnt-preview.dzcdn.net/api/1/1/3/0/9/0/309a5e71cd9e78efc399131f01fb1734.mp3?hdnea=exp=1781790832~acl=/api/1/1/3/0/9/0/309a5e71cd9e78efc399131f01fb1734.mp3*~data=user_id=0,application_id=42~hmac=8b2d4fe32ec40f565f3bacae3aa8a5aff02a31e9e915006ec48468f6ccd72225","On 1 list: Drive Beats : Iconic Car Commercial Anthems"
"(thematic candidate)","","","","She's So Lovely","Scouting For Girls","Pure... Drive","13816166","455918","223","false","https://www.deezer.com/us/track/13816166","https://cdnt-preview.dzcdn.net/api/1/1/e/0/1/0/e016255d2b14bf70c437b9db6cb6fcb6.mp3?hdnea=exp=1781790830~acl=/api/1/1/e/0/1/0/e016255d2b14bf70c437b9db6cb6fcb6.mp3*~data=user_id=0,application_id=42~hmac=8b9849b578da19d86c6a8f48b05091bb5a0794da8d612d610d468138b94ebf86","On 1 list: Music from TV ads - updated regularly - Songs from"
"(thematic candidate)","","","","Rock It for Me","Caravan Palace","Panic","16565390","454582","190","false","https://www.deezer.com/us/track/16565390","https://cdnt-preview.dzcdn.net/api/1/1/b/6/0/0/b6052e4fa44019a3070dd02b3367e9ec.mp3?hdnea=exp=1781790830~acl=/api/1/1/b/6/0/0/b6052e4fa44019a3070dd02b3367e9ec.mp3*~data=user_id=0,application_id=42~hmac=69d8373cb7dcac404e6e40e4ac38ac984b5d5cd4da6a0397cf093b3d6617d13c","On 1 list: Music from TV ads - updated regularly - Songs from"
"(thematic candidate)","","","","Pump It Up","Elvis Costello & The Attractions","The Best Of The First 10 Years","1110982","449754","192","false","https://www.deezer.com/us/track/1110982","https://cdnt-preview.dzcdn.net/api/1/1/2/c/b/0/2cbf7470201eadafedcdb6a2156f0cee.mp3?hdnea=exp=1781790833~acl=/api/1/1/2/c/b/0/2cbf7470201eadafedcdb6a2156f0cee.mp3*~data=user_id=0,application_id=42~hmac=4f9d695c71a555ddad4099a78ed66cfaaab49d8ea6928690b555cd3841c046b0","On 1 list: As Seen On Screen: Music From TV & Ads"
"(thematic candidate)","","","","Hot In Herre","Nelly","Hip Hop: The Collection 2008","886444","441285","229","true","https://www.deezer.com/us/track/886444","https://cdnt-preview.dzcdn.net/api/1/1/1/3/a/0/13a83647b75e21bd9a6e5d55f26d8175.mp3?hdnea=exp=1781790830~acl=/api/1/1/1/3/a/0/13a83647b75e21bd9a6e5d55f26d8175.mp3*~data=user_id=0,application_id=42~hmac=f58ded15d1233a472035935a26e15f55701386a27bdad08438a50ffef55ff57c","On 1 list: Music from TV ads - updated regularly - Songs from"
"(thematic candidate)","","","","Female Robbery","The Neighbourhood","I Love You.","66506876","435312","209","false","https://www.deezer.com/us/track/66506876","https://cdnt-preview.dzcdn.net/api/1/1/3/6/2/0/362b5183ff8cb2c51e74f0cafad28bf2.mp3?hdnea=exp=1781790831~acl=/api/1/1/3/6/2/0/362b5183ff8cb2c51e74f0cafad28bf2.mp3*~data=user_id=0,application_id=42~hmac=4547c0affdd1160cbd318dbdc36b33c4cd3ff6a18ab1b4aef953e632fce05cbb","On 1 list: As Heard On TV Commercials (2013-2014)"
"(thematic candidate)","","","","Crew REMIX (feat. Gucci Mane, Brent Faiyaz & Shy Glizzy)","GoldLink","Crew REMIX (feat. Gucci Mane, Brent Faiyaz & Shy Glizzy)","374284761","433429","240","true","https://www.deezer.com/us/track/374284761","https://cdnt-preview.dzcdn.net/api/1/1/5/7/e/0/57e0771834ea6b0bf26fc35a6eb83c5d.mp3?hdnea=exp=1781790833~acl=/api/1/1/5/7/e/0/57e0771834ea6b0bf26fc35a6eb83c5d.mp3*~data=user_id=0,application_id=42~hmac=f2b0fcc599fc6740eef2c37241d058e31d7c037c89e4b04a090013f2372f83d2","On 1 list: TV commercial songs"
"(thematic candidate)","","","","I Am the Best (내가 제일 잘 나가)","2NE1","2nd Mini Album","28774851","429908","210","false","https://www.deezer.com/us/track/28774851","https://cdnt-preview.dzcdn.net/api/1/1/6/4/3/0/643df7b3c239e4714afe5ef515c8ab9b.mp3?hdnea=exp=1781790833~acl=/api/1/1/6/4/3/0/643df7b3c239e4714afe5ef515c8ab9b.mp3*~data=user_id=0,application_id=42~hmac=598eb95b295c8666a38d4b6aa6c256e9db3e51282406866f0dc93ac181541ecd","On 1 list: As Seen On Screen: Music From TV & Ads"
"(thematic candidate)","","","","Party Hard","Andrew W.K.","I Get Wet","2318548","429759","186","false","https://www.deezer.com/us/track/2318548","https://cdnt-preview.dzcdn.net/api/1/1/a/2/b/0/a2bc8af269da1f20507d2868fee94418.mp3?hdnea=exp=1781790833~acl=/api/1/1/a/2/b/0/a2bc8af269da1f20507d2868fee94418.mp3*~data=user_id=0,application_id=42~hmac=fb3f92a39bd491e3e32288b2f175b3e9abef9eaa5285a3ee3a9e5a55bbfc4aaa","On 1 list: As Seen On Screen: Music From TV & Ads"
"(thematic candidate)","","","","Remind Me (Remastered)","Patrice Rushen","Straight From The Heart","434614292","427884","319","false","https://www.deezer.com/us/track/434614292","https://cdnt-preview.dzcdn.net/api/1/1/4/a/1/0/4a10bc16783281a55461c8f4925f07f0.mp3?hdnea=exp=1781790833~acl=/api/1/1/4/a/1/0/4a10bc16783281a55461c8f4925f07f0.mp3*~data=user_id=0,application_id=42~hmac=2e0d2683a86b0182ccec9191f18827aa406b9ffa8fb1104ec489513cc8816bf4","On 1 list: TV commercial songs"
"(thematic candidate)","","","","Let The Sunshine In (Reprise) (Remastered 2000)","The 5th Dimension","The Age Of Aquarius","13186216","425995","87","false","https://www.deezer.com/us/track/13186216","https://cdnt-preview.dzcdn.net/api/1/1/c/b/a/0/cbad6d9fcc5d5ac4fa3a38bb6ae8447b.mp3?hdnea=exp=1781790830~acl=/api/1/1/c/b/a/0/cbad6d9fcc5d5ac4fa3a38bb6ae8447b.mp3*~data=user_id=0,application_id=42~hmac=ce3594f6ea53797862d51131aa974065acb0c55b89a3bb61018a9d32e6004aaa","On 1 list: Music from TV ads - updated regularly - Songs from"
"(thematic candidate)","","","","Stronger Than Ever","Raleigh Ritchie","Black and Blue - EP","73130338","423686","232","false","https://www.deezer.com/us/track/73130338","https://cdnt-preview.dzcdn.net/api/1/1/7/5/1/0/75190eadc9346c4fb8544279a7f206d5.mp3?hdnea=exp=1781790830~acl=/api/1/1/7/5/1/0/75190eadc9346c4fb8544279a7f206d5.mp3*~data=user_id=0,application_id=42~hmac=8ec37243292c4fa3c05797b9f6644f636b937db006ab9d9fdb68075d34fafe04","On 1 list: Music from TV ads - updated regularly - Songs from"
"(thematic candidate)","","","","Treat Me Like Your Mother","The Dead Weather","Horehound","3783640","420040","250","false","https://www.deezer.com/us/track/3783640","https://cdnt-preview.dzcdn.net/api/1/1/7/c/3/0/7c3828ed779674d808d4f172076bfd6c.mp3?hdnea=exp=1781790830~acl=/api/1/1/7/c/3/0/7c3828ed779674d808d4f172076bfd6c.mp3*~data=user_id=0,application_id=42~hmac=e471f2406cba9c6296e56c5d496dbea70a15951b95a1945ffd1a349f9dbbaddf","On 1 list: Music from TV ads - updated regularly - Songs from"
"(thematic candidate)","","","","Summer Breeze","The Isley Brothers","Love Songs","855995","417479","372","false","https://www.deezer.com/us/track/855995","https://cdnt-preview.dzcdn.net/api/1/1/9/a/1/0/9a1c10b0ad4170b09bd187cf1821ba7c.mp3?hdnea=exp=1781790830~acl=/api/1/1/9/a/1/0/9a1c10b0ad4170b09bd187cf1821ba7c.mp3*~data=user_id=0,application_id=42~hmac=f9b66e70a3e23b1586be2974ca6c3756750476d7e3052cd527174584b10df06b","On 1 list: Music from TV ads - updated regularly - Songs from"
"(thematic candidate)","","","","More Than a Feeling","Boston","Rock: The Train Kept A Rollin'","857972","417437","210","false","https://www.deezer.com/us/track/857972","https://cdnt-preview.dzcdn.net/api/1/1/2/d/a/0/2dae661226a37bdd7d3e38118a32d0ce.mp3?hdnea=exp=1781790830~acl=/api/1/1/2/d/a/0/2dae661226a37bdd7d3e38118a32d0ce.mp3*~data=user_id=0,application_id=42~hmac=3edee420aaf5345602e098da228a69feefc32d083920a35c2157939f3841bd01","On 1 list: Music from TV ads - updated regularly - Songs from"
"(thematic candidate)","","","","That's Not My Name","The Ting Tings","That's Not My Name","638665","414738","310","false","https://www.deezer.com/us/track/638665","https://cdnt-preview.dzcdn.net/api/1/1/6/1/6/0/61696a826451a7b833743048cf722a50.mp3?hdnea=exp=1781790830~acl=/api/1/1/6/1/6/0/61696a826451a7b833743048cf722a50.mp3*~data=user_id=0,application_id=42~hmac=5f4deed2bd35e3545d78a2a452175a54f3e0913f596fe8c740c26cbb5088df25","On 1 list: Music from TV ads - updated regularly - Songs from"
"(thematic candidate)","","","","Don't Believe The Hype","Public Enemy","It Takes A Nation Of Millions To Hold Us Back (Deluxe Edition)","89825261","410359","318","false","https://www.deezer.com/us/track/89825261","https://cdnt-preview.dzcdn.net/api/1/1/5/a/6/0/5a614211b5215fd38cdee3d8b98d1ccd.mp3?hdnea=exp=1781790833~acl=/api/1/1/5/a/6/0/5a614211b5215fd38cdee3d8b98d1ccd.mp3*~data=user_id=0,application_id=42~hmac=13b79438a4a480ba5f2d22e6b7cd43673240d296272a43395c5a8faaf794949f","On 1 list: TV commercial songs"
"(thematic candidate)","","","","Just What I Needed","The Cars","Complete Greatest Hits","674643","404849","225","false","https://www.deezer.com/us/track/674643","https://cdnt-preview.dzcdn.net/api/1/1/1/1/a/0/11a1e1ac5d28233a3ac90e05b38c8db3.mp3?hdnea=exp=1781790830~acl=/api/1/1/1/1/a/0/11a1e1ac5d28233a3ac90e05b38c8db3.mp3*~data=user_id=0,application_id=42~hmac=cd77713603b4d6fda7274d8cc6181f32aeb7484cc885b7dcf135aa1e9c136d19","On 1 list: Music from TV ads - updated regularly - Songs from"
"(thematic candidate)","","","","I Can See Clearly Now (Edit)","Johnny Nash","Collections","549533","403482","166","false","https://www.deezer.com/us/track/549533","https://cdnt-preview.dzcdn.net/api/1/1/7/e/4/0/7e417a8a2282c582c795b633a4a999fa.mp3?hdnea=exp=1781790830~acl=/api/1/1/7/e/4/0/7e417a8a2282c582c795b633a4a999fa.mp3*~data=user_id=0,application_id=42~hmac=444ff54836484dd1ec3dfd37f76e98c72b0da2bd9df4fde37447feeacb51a22f","On 1 list: Music from TV ads - updated regularly - Songs from"
"(thematic candidate)","","","","Amarcord","Nino Rota","Amarcord (Original Motion Picture Soundtrack)","1008096292","402487","124","false","https://www.deezer.com/us/track/1008096292","https://cdnt-preview.dzcdn.net/api/1/1/4/9/4/0/494300a77ec9fd80ab0892b6b391ad6a.mp3?hdnea=exp=1781790832~acl=/api/1/1/4/9/4/0/494300a77ec9fd80ab0892b6b391ad6a.mp3*~data=user_id=0,application_id=42~hmac=e0fd7b715cecf3b28a8c58f13ecbdd779baaa45bf22297998893e822ad6dfbb2","On 1 list: Drive Beats : Iconic Car Commercial Anthems"
"(thematic candidate)","","","","Annie's Song","John Denver","Always & Forever","15981670","401992","185","false","https://www.deezer.com/us/track/15981670","https://cdnt-preview.dzcdn.net/api/1/1/3/c/d/0/3cd7260fa48a0c64389bf31e7c403e19.mp3?hdnea=exp=1781790830~acl=/api/1/1/3/c/d/0/3cd7260fa48a0c64389bf31e7c403e19.mp3*~data=user_id=0,application_id=42~hmac=6f9396557c33c562272bc7bb16895f9bd93b092aee379cb0e1a80a512308fd28","On 1 list: Music from TV ads - updated regularly - Songs from"
"(thematic candidate)","","","","I'm Alive","Johnny Thunder","I'm Alive / Verbal Expressions","8016108","401911","176","false","https://www.deezer.com/us/track/8016108","https://cdnt-preview.dzcdn.net/api/1/1/6/4/e/0/64ec568074c3927170c49c73251d51be.mp3?hdnea=exp=1781790830~acl=/api/1/1/6/4/e/0/64ec568074c3927170c49c73251d51be.mp3*~data=user_id=0,application_id=42~hmac=0e71695458c6086951717e5caa02787f2eaf9528f10eecf242fef89e236b91d1","On 1 list: Music from TV ads - updated regularly - Songs from"
"(thematic candidate)","","","","Making Your Mind Up","Bucks Fizz","Bucks Fizz","599530","401255","157","false","https://www.deezer.com/us/track/599530","https://cdnt-preview.dzcdn.net/api/1/1/9/1/7/0/917a32e9713d54825d3327806eecd466.mp3?hdnea=exp=1781790830~acl=/api/1/1/9/1/7/0/917a32e9713d54825d3327806eecd466.mp3*~data=user_id=0,application_id=42~hmac=073788afd3cde873a4a40e91d9171cd7eae423205c870775ccc0371aa8cad44c","On 1 list: Music from TV ads - updated regularly - Songs from"
"(thematic candidate)","","","","Here With Me (feat. Anderson .Paak)","Mary J. Blige","Good Morning Gorgeous","1643390692","399841","139","false","https://www.deezer.com/us/track/1643390692","https://cdnt-preview.dzcdn.net/api/1/1/0/c/1/0/0c1a85ff1dbefdf5be834d4bc34a8501.mp3?hdnea=exp=1781790833~acl=/api/1/1/0/c/1/0/0c1a85ff1dbefdf5be834d4bc34a8501.mp3*~data=user_id=0,application_id=42~hmac=889b1f825ac58cafff2347f157a63a49762b862387e15c76b6da3dcb5d9730b0","On 1 list: TV commercial songs"
"(thematic candidate)","","","","Invisible - (RED) Edit","U2","Invisible - (RED) Edit","74808803","398882","227","false","https://www.deezer.com/us/track/74808803","https://cdnt-preview.dzcdn.net/api/1/1/6/2/5/0/625ead03f5646ec16631baf2e7b413dd.mp3?hdnea=exp=1781790831~acl=/api/1/1/6/2/5/0/625ead03f5646ec16631baf2e7b413dd.mp3*~data=user_id=0,application_id=42~hmac=a549ebe5ff9a0af33a791ff4d692b46e8d969e06c09b58b151fc2759c6ff97c8","On 1 list: As Heard On TV Commercials (2013-2014)"
"(thematic candidate)","","","","Paranoid","Black Sabbath","Reunion","625169","393203","268","false","https://www.deezer.com/us/track/625169","https://cdnt-preview.dzcdn.net/api/1/1/1/e/4/0/1e47e2160574198d3641aaefc3acc923.mp3?hdnea=exp=1781790831~acl=/api/1/1/1/e/4/0/1e47e2160574198d3641aaefc3acc923.mp3*~data=user_id=0,application_id=42~hmac=8c917995698706ca79b5c7841dcce85b27940966292edf4cc6ac5551a4f9da7a","On 1 list: As Heard On TV Commercials (2013-2014)"
"(thematic candidate)","","","","Cuddly Toy","Roachford","The Very Best Of Roachford","2280831","391389","230","false","https://www.deezer.com/us/track/2280831","https://cdnt-preview.dzcdn.net/api/1/1/7/5/0/0/75027511c3afcf74d91f8fca826368aa.mp3?hdnea=exp=1781790830~acl=/api/1/1/7/5/0/0/75027511c3afcf74d91f8fca826368aa.mp3*~data=user_id=0,application_id=42~hmac=30243ef628419e2913601c5dd5a59a40fe1af6dd2f34030c3d076b735468ba01","On 1 list: Music from TV ads - updated regularly - Songs from"
"(thematic candidate)","","","","Real Gone Kid","Deacon Blue","Our Town - The Greatest Hits","1037287","384538","244","false","https://www.deezer.com/us/track/1037287","https://cdnt-preview.dzcdn.net/api/1/1/b/2/f/0/b2ffe94a5cfa90c3e49b9d0a04a3758d.mp3?hdnea=exp=1781790830~acl=/api/1/1/b/2/f/0/b2ffe94a5cfa90c3e49b9d0a04a3758d.mp3*~data=user_id=0,application_id=42~hmac=14f7bb72e695a7a29f3cab513496cffa93cadd6c0935e4212cb909591286844a","On 1 list: Music from TV ads - updated regularly - Songs from"
"(thematic candidate)","","","","Double Bubble Trouble","M.I.A.","Matangi","72057624","378631","182","false","https://www.deezer.com/us/track/72057624","https://cdnt-preview.dzcdn.net/api/1/1/f/1/f/0/f1f36a0176b60c0fe49d0f5b538302a9.mp3?hdnea=exp=1781790832~acl=/api/1/1/f/1/f/0/f1f36a0176b60c0fe49d0f5b538302a9.mp3*~data=user_id=0,application_id=42~hmac=4a91d27cb11f980d8dcdda35d96f0926c2c51740bf96da5a38b2df53fdf43a33","On 1 list: As Heard On TV Commercials (2013-2014)"
"(thematic candidate)","","","","I'm Getting Ready","Michael Kiwanuka","Home Again (Deluxe Version)","16668496","375788","141","false","https://www.deezer.com/us/track/16668496","https://cdnt-preview.dzcdn.net/api/1/1/4/b/6/0/4b683e72a96f71a6a4fa9c3f7225aef4.mp3?hdnea=exp=1781790831~acl=/api/1/1/4/b/6/0/4b683e72a96f71a6a4fa9c3f7225aef4.mp3*~data=user_id=0,application_id=42~hmac=65a21e3f52bfd1d7672840a496b878d534ad545df8a9c78d4ba0c31314b8a5bc","On 1 list: As Heard On TV Commercials (2013-2014)"
"(thematic candidate)","","","","Blame It on Me","George Ezra","Wanted on Voyage","79419029","375568","194","false","https://www.deezer.com/us/track/79419029","https://cdnt-preview.dzcdn.net/api/1/1/4/6/2/0/4626e932678c92357924f0fd0b72291c.mp3?hdnea=exp=1781790830~acl=/api/1/1/4/6/2/0/4626e932678c92357924f0fd0b72291c.mp3*~data=user_id=0,application_id=42~hmac=f69bf6cf6f3094f518d2946b1ce05b51f8eaaa8a8163eb6bb93355c3be1fcbd7","On 1 list: Music from TV ads - updated regularly - Songs from"
"(thematic candidate)","","","","Pack Up","Eliza Doolittle","Pack Up","6719344","370474","191","false","https://www.deezer.com/us/track/6719344","https://cdnt-preview.dzcdn.net/api/1/1/8/1/f/0/81fa5724fbbcdd40be3daeb380d46fdc.mp3?hdnea=exp=1781790830~acl=/api/1/1/8/1/f/0/81fa5724fbbcdd40be3daeb380d46fdc.mp3*~data=user_id=0,application_id=42~hmac=b736c5cdb9e174a51c66bd0c3e6460650f248544082ec6bf9b16a5f28ec83870","On 1 list: Music from TV ads - updated regularly - Songs from"
"(thematic candidate)","","","","Oh My Love","The Score","Oh My Love","93791640","368832","217","false","https://www.deezer.com/us/track/93791640","https://cdnt-preview.dzcdn.net/api/1/1/5/b/6/0/5b6c0d710e74ff811fab786dfbf988e2.mp3?hdnea=exp=1781790833~acl=/api/1/1/5/b/6/0/5b6c0d710e74ff811fab786dfbf988e2.mp3*~data=user_id=0,application_id=42~hmac=9953bc2e4490495bc5aa9f254a65ba699d090073cef99e7799d5a37e86aeab68","On 1 list: As Seen On Screen: Music From TV & Ads"
"(thematic candidate)","","","","L'aventure c'est l'aventure (BOF ""L'aventure c'est l'aventure"")","Johnny Hallyday","Best Of 70","84869907","365640","216","false","https://www.deezer.com/us/track/84869907","https://cdnt-preview.dzcdn.net/api/1/1/e/d/a/0/eda112479afb9a88f64f2c8790a9d1ec.mp3?hdnea=exp=1781790832~acl=/api/1/1/e/d/a/0/eda112479afb9a88f64f2c8790a9d1ec.mp3*~data=user_id=0,application_id=42~hmac=85457866b608aeb090947cabd9ee583e5862d60ca1064fb61b7d44106e42506e","On 1 list: Drive Beats : Iconic Car Commercial Anthems"
"(thematic candidate)","","","","I'm a Believer","The Monkees","The Best of The Monkees","5093918","362118","165","false","https://www.deezer.com/us/track/5093918","https://cdnt-preview.dzcdn.net/api/1/1/7/8/e/0/78e4c232c513297f2991b1e433ceffd8.mp3?hdnea=exp=1781790831~acl=/api/1/1/7/8/e/0/78e4c232c513297f2991b1e433ceffd8.mp3*~data=user_id=0,application_id=42~hmac=482c6821b208f547fbfd2f8690bf4a6c5e7311488feb24ce5aea8e5babc2aa03","On 1 list: As Heard On TV Commercials (2013-2014)"
"(thematic candidate)","","","","Zorba the Greek","John Murphy & David Hughes","Music From The Motion Picture Lock, Stock And Two Smoking Barrels","3912151","357887","176","false","https://www.deezer.com/us/track/3912151","https://cdnt-preview.dzcdn.net/api/1/1/0/3/6/0/036c7c94dc1d9483025add3821daca64.mp3?hdnea=exp=1781790831~acl=/api/1/1/0/3/6/0/036c7c94dc1d9483025add3821daca64.mp3*~data=user_id=0,application_id=42~hmac=59d38e14f9230f64d7c786480d69dcd40ccbad9b46ca00fe5817e60d59dff4d7","On 1 list: As Heard On TV Commercials (2013-2014)"
"(thematic candidate)","","","","Nobody Rules the Streets (feat. Louisahhh!!!)","Brodinski","Bromance #3 - Single","33084401","353347","267","false","https://www.deezer.com/us/track/33084401","https://cdnt-preview.dzcdn.net/api/1/1/0/7/8/0/078177b50d0ac090185f6f64bb1d12bf.mp3?hdnea=exp=1781790833~acl=/api/1/1/0/7/8/0/078177b50d0ac090185f6f64bb1d12bf.mp3*~data=user_id=0,application_id=42~hmac=6a8b941b2269bbf312ae0b333ab9e2129283580204f30784f730589e0c66fc64","On 1 list: As Seen On Screen: Music From TV & Ads"
"(thematic candidate)","","","","Sweet Child o' Mine","Taken By Trees","Sweet Child o' Mine","4721719","347811","302","false","https://www.deezer.com/us/track/4721719","https://cdnt-preview.dzcdn.net/api/1/1/4/d/2/0/4d22e28cd7a588d8b011f6bb101dd4ab.mp3?hdnea=exp=1781790830~acl=/api/1/1/4/d/2/0/4d22e28cd7a588d8b011f6bb101dd4ab.mp3*~data=user_id=0,application_id=42~hmac=e836fa534adb064bd864c37d97018e5a56a8fbea19a32880f0ce915071f822d4","On 1 list: Music from TV ads - updated regularly - Songs from"
"(thematic candidate)","","","","Can You Do This","Aloe Blacc","Lift Your Spirit","71519889","345845","176","false","https://www.deezer.com/us/track/71519889","https://cdnt-preview.dzcdn.net/api/1/1/d/f/c/0/dfc58dcb0513622aaeedfccaee30ae8d.mp3?hdnea=exp=1781790831~acl=/api/1/1/d/f/c/0/dfc58dcb0513622aaeedfccaee30ae8d.mp3*~data=user_id=0,application_id=42~hmac=2784f716c7b12e9b1f59ce3187a7e1824f8ff1e6c4d83d631982f45e93d46b61","On 1 list: As Heard On TV Commercials (2013-2014)"
"(thematic candidate)","","","","Wut","Kalifa","Hey","75749460","344051","167","false","https://www.deezer.com/us/track/75749460","https://cdnt-preview.dzcdn.net/api/1/1/1/a/8/0/1a87b21697d65125e7edf3449d220b62.mp3?hdnea=exp=1781790831~acl=/api/1/1/1/a/8/0/1a87b21697d65125e7edf3449d220b62.mp3*~data=user_id=0,application_id=42~hmac=22dbf966bb3567628050ca02c50646a289e80fa87fc57678270d22bb8314ce85","On 1 list: As Heard On TV Commercials (2013-2014)"
"(thematic candidate)","","","","Never Let You Go","Georgia","Seeking Thrills","751466062","341680","227","false","https://www.deezer.com/us/track/751466062","https://cdnt-preview.dzcdn.net/api/1/1/6/f/1/0/6f1cf2b349c0fa97d379c2555593907f.mp3?hdnea=exp=1781790832~acl=/api/1/1/6/f/1/0/6f1cf2b349c0fa97d379c2555593907f.mp3*~data=user_id=0,application_id=42~hmac=09d930a966e38179597ecc98f48028a3b8527a7a15ba22587d36e57fbbc5afa0","On 1 list: Drive Beats : Iconic Car Commercial Anthems"
"(thematic candidate)","","","","Make Some Noise","Beastie Boys","Hot Sauce Committee (Pt. 2)","10445599","340520","210","false","https://www.deezer.com/us/track/10445599","https://cdnt-preview.dzcdn.net/api/1/1/f/3/2/0/f323ab94dc35879fe558fd2ea71eefd6.mp3?hdnea=exp=1781790831~acl=/api/1/1/f/3/2/0/f323ab94dc35879fe558fd2ea71eefd6.mp3*~data=user_id=0,application_id=42~hmac=f84bca925657c9933d6e40f1843c5927221e9e5d6e29f0a1bedb74e266b66598","On 1 list: As Heard On TV Commercials (2013-2014)"
"(thematic candidate)","","","","Real Love (From the John Lewis Christmas Advert 2014)","Tom Odell","Real Love","89701999","335995","140","false","https://www.deezer.com/us/track/89701999","https://cdnt-preview.dzcdn.net/api/1/1/9/0/7/0/9072c603a9fdb39cb576bb3ce3be496a.mp3?hdnea=exp=1781790833~acl=/api/1/1/9/0/7/0/9072c603a9fdb39cb576bb3ce3be496a.mp3*~data=user_id=0,application_id=42~hmac=688babc1353068acf8076fdc88fac1c937915c943a8436f3e3985db49b4d895a","On 1 list: As Seen On Screen: Music From TV & Ads"
"(thematic candidate)","","","","A Little Samba","Ugly Duckling","A Little Samba","935455","335533","231","false","https://www.deezer.com/us/track/935455","https://cdnt-preview.dzcdn.net/api/1/1/c/0/7/0/c07eaef25d393dde022a4a8db4443a32.mp3?hdnea=exp=1781790830~acl=/api/1/1/c/0/7/0/c07eaef25d393dde022a4a8db4443a32.mp3*~data=user_id=0,application_id=42~hmac=9fcb47a09716f76ef8e3cb4bd578cb1a2b4c3c345266f024fbfedac4a8fb9715","On 1 list: Music from TV ads - updated regularly - Songs from"
"(thematic candidate)","","","","Moments","Elderbrook","Another Touch (Deluxe)","3209861311","327877","186","false","https://www.deezer.com/us/track/3209861311","https://cdnt-preview.dzcdn.net/api/1/1/3/9/4/0/3947d8fe8c77881d8af2d6cf761019cf.mp3?hdnea=exp=1781790832~acl=/api/1/1/3/9/4/0/3947d8fe8c77881d8af2d6cf761019cf.mp3*~data=user_id=0,application_id=42~hmac=69f5622948248b7bc7dfa631f65206854c41b8288fbc989c45609ae93f0d838b","On 1 list: Drive Beats : Iconic Car Commercial Anthems"
"(thematic candidate)","","","","The World Is Ours (Coca-Cola 2014 World's Cup Anthem)","Aloe Blacc X David Correy","The World Is Ours (Coca-Cola 2014 World's Cup Anthem)","77652625","324031","173","false","https://www.deezer.com/us/track/77652625","https://cdnt-preview.dzcdn.net/api/1/1/b/1/c/0/b1cf444e277e83b54a825a0cae4a73dd.mp3?hdnea=exp=1781790830~acl=/api/1/1/b/1/c/0/b1cf444e277e83b54a825a0cae4a73dd.mp3*~data=user_id=0,application_id=42~hmac=6aeb54c481f176539627c2e4b61d2bc3045bb36ce91f7a9dc0d44741a539d9ee","On 1 list: Music from TV ads - updated regularly - Songs from"
"(thematic candidate)","","","","It Is You","Natalie Prass","Natalie Prass","93135778","321882","241","false","https://www.deezer.com/us/track/93135778","https://cdnt-preview.dzcdn.net/api/1/1/3/c/f/0/3cf66913893cdc86707ea4687ee16081.mp3?hdnea=exp=1781790833~acl=/api/1/1/3/c/f/0/3cf66913893cdc86707ea4687ee16081.mp3*~data=user_id=0,application_id=42~hmac=8dfd1cd4cf07f4cb431b8ffc1e14efd34449cb071545814b81174592b5e1cd45","On 1 list: As Seen On Screen: Music From TV & Ads"
"(thematic candidate)","","","","A Little Less Conversation (feat. The Great Escape)","Nebbra","A Little Less Conversation (feat. The Great Escape)","820856292","317178","171","false","https://www.deezer.com/us/track/820856292","https://cdnt-preview.dzcdn.net/api/1/1/3/5/0/0/350d6691a59707d79910fc5a0b910a5d.mp3?hdnea=exp=1781790832~acl=/api/1/1/3/5/0/0/350d6691a59707d79910fc5a0b910a5d.mp3*~data=user_id=0,application_id=42~hmac=f838742356e3cf180fe06189bad0cb548091e9c93dcf21625bbb31eb3a5202b7","On 1 list: Drive Beats : Iconic Car Commercial Anthems"
"(thematic candidate)","","","","Observations","The Raveonettes","Observations","39002761","311579","270","false","https://www.deezer.com/us/track/39002761","https://cdnt-preview.dzcdn.net/api/1/1/6/4/9/0/649c123ae1f45ce08d3266adc71dfc14.mp3?hdnea=exp=1781790832~acl=/api/1/1/6/4/9/0/649c123ae1f45ce08d3266adc71dfc14.mp3*~data=user_id=0,application_id=42~hmac=0b1a33f7614146c0ff4a72a81bc4bd50b1362a2820f48d2b5135ac511255f27f","On 1 list: Drive Beats : Iconic Car Commercial Anthems"
"(thematic candidate)","","","","The Good Life (Single Version)","Tony Bennett","Music From The Motion Picture What Women Want","867199","310292","135","false","https://www.deezer.com/us/track/867199","https://cdnt-preview.dzcdn.net/api/1/1/9/6/c/0/96c2d07b336e9a0b361e8dc20123c78b.mp3?hdnea=exp=1781790830~acl=/api/1/1/9/6/c/0/96c2d07b336e9a0b361e8dc20123c78b.mp3*~data=user_id=0,application_id=42~hmac=62dc2d539cd13f2cb98f51d4ea1622a4590576e0a0e31d3b8694bc2afcafc677","On 1 list: Music from TV ads - updated regularly - Songs from"
"(thematic candidate)","","","","Vapors","Biz Markie","Biz's Baddest Beats: The Best of Biz Markie","6627452","308779","362","false","https://www.deezer.com/us/track/6627452","https://cdnt-preview.dzcdn.net/api/1/1/c/4/d/0/c4dff0efecd614699e1216e8222a8843.mp3?hdnea=exp=1781790833~acl=/api/1/1/c/4/d/0/c4dff0efecd614699e1216e8222a8843.mp3*~data=user_id=0,application_id=42~hmac=121cb3b4802ed28d7ded0a957ec1b89fac71de26d0f6dd52c182f1007170ca99","On 1 list: TV commercial songs"
"(thematic candidate)","","","","Explosions","Ellie Goulding","Halcyon Days (Deluxe)","78176579","301478","243","false","https://www.deezer.com/us/track/78176579","https://cdnt-preview.dzcdn.net/api/1/1/c/7/8/0/c782d293d605786dcadf2da20cc71b21.mp3?hdnea=exp=1781790831~acl=/api/1/1/c/7/8/0/c782d293d605786dcadf2da20cc71b21.mp3*~data=user_id=0,application_id=42~hmac=e83e69dd264c74a584119784c7ec962b2c89def0c7da9c60b76e37d4a8937f5a","On 1 list: As Heard On TV Commercials (2013-2014)"
"(thematic candidate)","","","","Bounce (feat. Kelis) (Radio Edit)","Calvin Harris","Bounce","12636024","299211","222","false","https://www.deezer.com/us/track/12636024","https://cdnt-preview.dzcdn.net/api/1/1/e/0/5/0/e055f1a51cba144b8dd0861451bd0031.mp3?hdnea=exp=1781790830~acl=/api/1/1/e/0/5/0/e055f1a51cba144b8dd0861451bd0031.mp3*~data=user_id=0,application_id=42~hmac=ff5edc68ff6fef198ab468672f0a6203cb858b35503e1288daaff00a332f73a9","On 1 list: Music from TV ads - updated regularly - Songs from"
"(thematic candidate)","","","","Rain Or Shine","Beat Assailant","B","63100239","298677","237","false","https://www.deezer.com/us/track/63100239","https://cdnt-preview.dzcdn.net/api/1/1/b/b/8/0/bb84b9745b877480d8b55a0feb19d1ae.mp3?hdnea=exp=1781790831~acl=/api/1/1/b/b/8/0/bb84b9745b877480d8b55a0feb19d1ae.mp3*~data=user_id=0,application_id=42~hmac=b640a6638501fba248d52646b0e64148450cfb51d2fe85b5850e9ef38f71d1d4","On 1 list: As Heard On TV Commercials (2013-2014)"
"(thematic candidate)","","","","Je reviens te chercher (feat. Candice Parise) (The Hybsters Back To The Future Rework)","Gilbert Bécaud","Je reviens te chercher (feat. Candice Parise) (The Hybsters Back To The Future Rework)","3030854111","290930","130","false","https://www.deezer.com/us/track/3030854111","https://cdnt-preview.dzcdn.net/api/1/1/1/c/2/0/1c2f2e84d9f7bbc7af625b994567a5c2.mp3?hdnea=exp=1781790832~acl=/api/1/1/1/c/2/0/1c2f2e84d9f7bbc7af625b994567a5c2.mp3*~data=user_id=0,application_id=42~hmac=3116db53d520d9e55940583f96904d3e0a3b8d0a2526fd5871d06bcfbe981a84","On 1 list: Drive Beats : Iconic Car Commercial Anthems"
"(thematic candidate)","","","","Can't Fight This Feeling","REO Speedwagon","Love Songs","2847498","290152","285","false","https://www.deezer.com/us/track/2847498","https://cdnt-preview.dzcdn.net/api/1/1/4/9/8/0/498cdf511bd35499136d80aa30547019.mp3?hdnea=exp=1781790830~acl=/api/1/1/4/9/8/0/498cdf511bd35499136d80aa30547019.mp3*~data=user_id=0,application_id=42~hmac=3134d8480b6efc5f9588325a4ae0aea6769e3bc82b4f2c58c7c1e68abfd187b3","On 1 list: Music from TV ads - updated regularly - Songs from"
"(thematic candidate)","","","","You & Me Song","The Wannadies","Slow Motion 10","613577","288382","172","false","https://www.deezer.com/us/track/613577","https://cdnt-preview.dzcdn.net/api/1/1/0/f/9/0/0f9c878915749a4d5a3108f3636c5d3c.mp3?hdnea=exp=1781790830~acl=/api/1/1/0/f/9/0/0f9c878915749a4d5a3108f3636c5d3c.mp3*~data=user_id=0,application_id=42~hmac=0fb8c8ff4bfb1c5bd24aaade2f81d570f317c7fdca91ade4ef07de5c8858ecf2","On 1 list: Music from TV ads - updated regularly - Songs from"
"(thematic candidate)","","","","Darling Be Home Soon","The Lovin' Spoonful","Very Best Of The Lovin' Spoonful","615546","286604","212","false","https://www.deezer.com/us/track/615546","https://cdnt-preview.dzcdn.net/api/1/1/0/a/d/0/0ad1662d33cbc9ba3e86edea23ad140a.mp3?hdnea=exp=1781790830~acl=/api/1/1/0/a/d/0/0ad1662d33cbc9ba3e86edea23ad140a.mp3*~data=user_id=0,application_id=42~hmac=8a9cc642b641e831b12afa30b085626c445e8fb0310763f0a05350d585145959","On 1 list: Music from TV ads - updated regularly - Songs from"
"(thematic candidate)","","","","I Put a Spell On You (Alternate Take)","Screaming Jay Hawkins","Cow Fingers And Mosquito Pie","1066677","285091","148","false","https://www.deezer.com/us/track/1066677","https://cdnt-preview.dzcdn.net/api/1/1/d/8/4/0/d84dadf6518f019c3b21448fa1229e8a.mp3?hdnea=exp=1781790830~acl=/api/1/1/d/8/4/0/d84dadf6518f019c3b21448fa1229e8a.mp3*~data=user_id=0,application_id=42~hmac=a95f23f6c8647de1dfc8b09fe231e61fc0c8e66141969350101e7c6bb5e63070","On 1 list: Music from TV ads - updated regularly - Songs from"
"(thematic candidate)","","","","Proud","Heather Small","Ultimate Collection (feat. Heather Small)","600411","282069","234","false","https://www.deezer.com/us/track/600411","https://cdnt-preview.dzcdn.net/api/1/1/3/6/7/0/3677875568ab8fc3908a3a2855b9499b.mp3?hdnea=exp=1781790830~acl=/api/1/1/3/6/7/0/3677875568ab8fc3908a3a2855b9499b.mp3*~data=user_id=0,application_id=42~hmac=588f4c5e23aaf2d358f8e6958bee518f64cf07199da150dd98b749d3efe13870","On 1 list: Music from TV ads - updated regularly - Songs from"
"(thematic candidate)","","","","Fantastic Day","Haircut 100","The Very Best Of","835669","280562","191","false","https://www.deezer.com/us/track/835669","https://cdnt-preview.dzcdn.net/api/1/1/d/a/a/0/daade26666a2a86944eea769baf68448.mp3?hdnea=exp=1781790830~acl=/api/1/1/d/a/a/0/daade26666a2a86944eea769baf68448.mp3*~data=user_id=0,application_id=42~hmac=9fc66db613e36a4d2f60b5c1c47584132c6d5f18e6ccd42a9c4660609055f7ed","On 1 list: Music from TV ads - updated regularly - Songs from"
"(thematic candidate)","","","","Let Me In","Kleerup","Let Me In","83938621","275194","220","false","https://www.deezer.com/us/track/83938621","https://cdnt-preview.dzcdn.net/api/1/1/1/7/4/0/1740731865ba1dbb484197f091451009.mp3?hdnea=exp=1781790833~acl=/api/1/1/1/7/4/0/1740731865ba1dbb484197f091451009.mp3*~data=user_id=0,application_id=42~hmac=2f368231d841f10c5700ce7b7d90fa41e561afe40d8e2fa0f5d538429df32235","On 1 list: As Seen On Screen: Music From TV & Ads"
"(thematic candidate)","","","","Fantastic Shine","Love Of Lesbian","Fantastic Shine","67781657","272234","182","false","https://www.deezer.com/us/track/67781657","https://cdnt-preview.dzcdn.net/api/1/1/d/d/3/0/dd3b50af1a76088cc282635475e75faa.mp3?hdnea=exp=1781790830~acl=/api/1/1/d/d/3/0/dd3b50af1a76088cc282635475e75faa.mp3*~data=user_id=0,application_id=42~hmac=2f01c8127626716608396c9b9d136e99edbf061c23999d86404aa711fbce44e5","On 1 list: Music from TV ads - updated regularly - Songs from"
"(thematic candidate)","","","","Like This And Like That (feat. Mr. Malik)","Monica","Miss Thang","13166031","271598","281","false","https://www.deezer.com/us/track/13166031","https://cdnt-preview.dzcdn.net/api/1/1/a/c/4/0/ac467b4044f36135fbd1c4b1d3d15779.mp3?hdnea=exp=1781790833~acl=/api/1/1/a/c/4/0/ac467b4044f36135fbd1c4b1d3d15779.mp3*~data=user_id=0,application_id=42~hmac=bd9dc27dc52546c3a372543ec91e81d9cfefe3de4da4cab6d16dec64852a3011","On 1 list: TV commercial songs"
"(thematic candidate)","","","","Welcome to My World","Jim Reeves","Anthology","2552851","267868","159","false","https://www.deezer.com/us/track/2552851","https://cdnt-preview.dzcdn.net/api/1/1/0/6/6/0/066a85d1622b39c2e0f110f5781a8741.mp3?hdnea=exp=1781790830~acl=/api/1/1/0/6/6/0/066a85d1622b39c2e0f110f5781a8741.mp3*~data=user_id=0,application_id=42~hmac=819f0c4425eefd2dd5ba73d1e01824d5036660dff7cb190087fea02de86fae8f","On 1 list: Music from TV ads - updated regularly - Songs from"
"(thematic candidate)","","","","Pilgrim","MØ","No Mythologies to Follow","75282563","267705","231","true","https://www.deezer.com/us/track/75282563","https://cdnt-preview.dzcdn.net/api/1/1/5/e/7/0/5e76af53017b5bcf5bc34dde906d7341.mp3?hdnea=exp=1781790831~acl=/api/1/1/5/e/7/0/5e76af53017b5bcf5bc34dde906d7341.mp3*~data=user_id=0,application_id=42~hmac=77ba4a5a3df7691dcc8d1f11030fbb34f5b6e603e31de4de02d1f7be875e77ef","On 1 list: As Heard On TV Commercials (2013-2014)"
"(thematic candidate)","","","","She's Always A Woman (Bonus Track)","Fyfe Dangerfield","Fly Yellow Moon","6489157","265882","194","false","https://www.deezer.com/us/track/6489157","https://cdnt-preview.dzcdn.net/api/1/1/b/d/e/0/bde97c644db50e57c6bfaa76021a0663.mp3?hdnea=exp=1781790830~acl=/api/1/1/b/d/e/0/bde97c644db50e57c6bfaa76021a0663.mp3*~data=user_id=0,application_id=42~hmac=65cf6007638f648b3f23dba7aedd204b90af79eec43f4691c69a4ab1e0f3c700","On 1 list: Music from TV ads - updated regularly - Songs from"
"(thematic candidate)","","","","Blue Velvet","Lana Del Rey","Paradise","62241626","262611","156","false","https://www.deezer.com/us/track/62241626","https://cdnt-preview.dzcdn.net/api/1/1/5/a/3/0/5a36a3c94a5a6b544450b15384281974.mp3?hdnea=exp=1781790830~acl=/api/1/1/5/a/3/0/5a36a3c94a5a6b544450b15384281974.mp3*~data=user_id=0,application_id=42~hmac=b6bdc6c25c3a114b2cac64ad082e39c63a865c1f6faba768a625ba5741690afb","On 1 list: Music from TV ads - updated regularly - Songs from"
"(thematic candidate)","","","","Keep Marchin' (Album Version)","Raphael Saadiq","The Way I See It","2103365","257644","158","false","https://www.deezer.com/us/track/2103365","https://cdnt-preview.dzcdn.net/api/1/1/c/3/d/0/c3d32ba06aa6959ee220d270c0a8092c.mp3?hdnea=exp=1781790831~acl=/api/1/1/c/3/d/0/c3d32ba06aa6959ee220d270c0a8092c.mp3*~data=user_id=0,application_id=42~hmac=326d73fc0b42f7ed7cde8d26f5423fda1dc0ec207be4e4b4df2dc165d6d3a991","On 1 list: As Heard On TV Commercials (2013-2014)"
"(thematic candidate)","","","","Touch","Shift K3Y","Touch","76384675","257374","180","false","https://www.deezer.com/us/track/76384675","https://cdnt-preview.dzcdn.net/api/1/1/9/c/3/0/9c3af6495a8b671ee5417128c0cf6efd.mp3?hdnea=exp=1781790830~acl=/api/1/1/9/c/3/0/9c3af6495a8b671ee5417128c0cf6efd.mp3*~data=user_id=0,application_id=42~hmac=f011b62805e71c8ae908a45783ff4ef0e57571996c512953e74b4be6749f9dcd","On 1 list: Music from TV ads - updated regularly - Songs from"
"(thematic candidate)","","","","Let's Go Fly a Kite","David Tomlinson","Mary Poppins Original Soundtrack","3118727","254399","111","false","https://www.deezer.com/us/track/3118727","https://cdnt-preview.dzcdn.net/api/1/1/9/9/c/0/99cb5c39e677164521cc811738215e50.mp3?hdnea=exp=1781790830~acl=/api/1/1/9/9/c/0/99cb5c39e677164521cc811738215e50.mp3*~data=user_id=0,application_id=42~hmac=b9b8367292a2e3aac9c5fdbdba4a7ca4efd9d6781ac17a852655af3d1be7f106","On 1 list: Music from TV ads - updated regularly - Songs from"
"(thematic candidate)","","","","Don't Let Me Go","Lane 8","Don't Let Me Go","803932292","250654","274","false","https://www.deezer.com/us/track/803932292","https://cdnt-preview.dzcdn.net/api/1/1/9/9/c/0/99ca027632e09ea077fa03e17d693a4b.mp3?hdnea=exp=1781790832~acl=/api/1/1/9/9/c/0/99ca027632e09ea077fa03e17d693a4b.mp3*~data=user_id=0,application_id=42~hmac=e7435e5c94d795538af6ba5c704fdfcf640f41aea3e2e894b8ada3884306c86d","On 1 list: Drive Beats : Iconic Car Commercial Anthems"
"(thematic candidate)","","","","Man Like That","Gin Wigmore","Gravel & Wine","61002827","248751","170","false","https://www.deezer.com/us/track/61002827","https://cdnt-preview.dzcdn.net/api/1/1/4/2/c/0/42ccbec8bfe21ec7993ca463e2fc38c8.mp3?hdnea=exp=1781790830~acl=/api/1/1/4/2/c/0/42ccbec8bfe21ec7993ca463e2fc38c8.mp3*~data=user_id=0,application_id=42~hmac=3d52f007367dd7bffe76bf7a40b827e7969a877f172d08764c0f09e1434c5b6a","On 1 list: Music from TV ads - updated regularly - Songs from"
"(thematic candidate)","","","","Beethoven's 5 Secrets","The Piano Guys","Beethoven's 5 Secrets","58782291","244266","309","false","https://www.deezer.com/us/track/58782291","https://cdnt-preview.dzcdn.net/api/1/1/a/e/5/0/ae59dbb9134cb2892fde160b9cb95127.mp3?hdnea=exp=1781790830~acl=/api/1/1/a/e/5/0/ae59dbb9134cb2892fde160b9cb95127.mp3*~data=user_id=0,application_id=42~hmac=2b0bdccbe3d7e6469c369d8f68306d62a5c0a3566e7e7f5ad89c6e7e3cf9ad71","On 1 list: Music from TV ads - updated regularly - Songs from"
"(thematic candidate)","","","","Radioactive","Imagine Dragons","Night Visions","58071421","233316","187","false","https://www.deezer.com/us/track/58071421","https://cdnt-preview.dzcdn.net/api/1/1/3/2/4/0/32433a2e4d6d264e84867ae0c3b85960.mp3?hdnea=exp=1781790830~acl=/api/1/1/3/2/4/0/32433a2e4d6d264e84867ae0c3b85960.mp3*~data=user_id=0,application_id=42~hmac=dda38e85b8dcbd2e41b11fa9167c9ec52d5d251f7ea4e0dc4750d7e8024771d6","On 1 list: Music from TV ads - updated regularly - Songs from"
"(thematic candidate)","","","","You Can Do It","Ice Cube","War & Peace Vol. 2 (The Peace Disc)","3494336","231239","259","true","https://www.deezer.com/us/track/3494336","https://cdnt-preview.dzcdn.net/api/1/1/0/9/2/0/0922f9fa8f232b79b4fe059d82d3024d.mp3?hdnea=exp=1781790833~acl=/api/1/1/0/9/2/0/0922f9fa8f232b79b4fe059d82d3024d.mp3*~data=user_id=0,application_id=42~hmac=23b0a320f512ccb8475530c136c3639674e8aee4a9151403e89c780bb6f93a3c","On 1 list: TV commercial songs"
"(thematic candidate)","","","","Sing","Ed Sheeran","Sing","77387146","228086","235","false","https://www.deezer.com/us/track/77387146","https://cdnt-preview.dzcdn.net/api/1/1/b/d/2/0/bd280e734a5d5fa68d0f5dbb671bd8f4.mp3?hdnea=exp=1781790833~acl=/api/1/1/b/d/2/0/bd280e734a5d5fa68d0f5dbb671bd8f4.mp3*~data=user_id=0,application_id=42~hmac=fa0a509b5a106c625532a1924201b76cff73245a02c9fe0a994d38e3e478ecc9","On 1 list: As Seen On Screen: Music From TV & Ads"
"(thematic candidate)","","","","I Like It Like That","Chris Kenner","Full Metal Jacket (Original Motion Picture Soundtrack)","4210320","225547","117","false","https://www.deezer.com/us/track/4210320","https://cdnt-preview.dzcdn.net/api/1/1/6/c/1/0/6c15747dc2a788e3773b6f9b3f71cb0c.mp3?hdnea=exp=1781790830~acl=/api/1/1/6/c/1/0/6c15747dc2a788e3773b6f9b3f71cb0c.mp3*~data=user_id=0,application_id=42~hmac=12db5cd721a9f7b628d0f28a94c7f0b82ae421a37245368df2cfd90ac7f87243","On 1 list: Music from TV ads - updated regularly - Songs from"
"(thematic candidate)","","","","Ain't Got No, I Got Life (Remix / Radio Edit)","Nina Simone","Get The Party Started: Essential Pop and Dance Anthems","4253431","224512","200","false","https://www.deezer.com/us/track/4253431","https://cdnt-preview.dzcdn.net/api/1/1/f/c/1/0/fc111a5336ec5ef867f3dcd5621acdc6.mp3?hdnea=exp=1781790830~acl=/api/1/1/f/c/1/0/fc111a5336ec5ef867f3dcd5621acdc6.mp3*~data=user_id=0,application_id=42~hmac=519c25dbfbc35449cbe38287a072889244ed682a846409b60eae88a4240c4ef7","On 1 list: Music from TV ads - updated regularly - Songs from"
"(thematic candidate)","","","","Rawhide","Frankie Laine","Rawhide - Greatest Hits","2012760","223968","121","false","https://www.deezer.com/us/track/2012760","https://cdnt-preview.dzcdn.net/api/1/1/5/2/6/0/5263e3274aae0cd4e14b55c9080b3079.mp3?hdnea=exp=1781790830~acl=/api/1/1/5/2/6/0/5263e3274aae0cd4e14b55c9080b3079.mp3*~data=user_id=0,application_id=42~hmac=e0f94ef6ec3f7ba0ca15f0bb4596dddb90ecd291a733d1d5b6413aa70891a543","On 1 list: Music from TV ads - updated regularly - Songs from"
"(thematic candidate)","","","","In the Morning","The Coral","The Best Of","6854856","222431","152","false","https://www.deezer.com/us/track/6854856","https://cdnt-preview.dzcdn.net/api/1/1/4/e/c/0/4ecbb3528e7ce4854a473ccc22047652.mp3?hdnea=exp=1781790830~acl=/api/1/1/4/e/c/0/4ecbb3528e7ce4854a473ccc22047652.mp3*~data=user_id=0,application_id=42~hmac=2b3b9759e2f1dbe0537f02d9dc3606fb331689be701b308fa772f2a23b0d29f5","On 1 list: Music from TV ads - updated regularly - Songs from"
"(thematic candidate)","","","","Latifah's Had It Up to Here","Queen Latifah","Nature of a Sista'","1584423772","219150","267","false","https://www.deezer.com/us/track/1584423772","https://cdnt-preview.dzcdn.net/api/1/1/d/0/5/0/d0582a0bd4cdb1183902dce09412f78c.mp3?hdnea=exp=1781790833~acl=/api/1/1/d/0/5/0/d0582a0bd4cdb1183902dce09412f78c.mp3*~data=user_id=0,application_id=42~hmac=2af9b05e7caf7575d00523673a80532e5d0053efd6b1de740a804d62cb5d516a","On 1 list: TV commercial songs"
"(thematic candidate)","","","","Off & On","Findlay","Off & On","66124769","217004","168","false","https://www.deezer.com/us/track/66124769","https://cdnt-preview.dzcdn.net/api/1/1/9/7/2/0/9728ce884a1999c6ef6cda1aca287c75.mp3?hdnea=exp=1781790831~acl=/api/1/1/9/7/2/0/9728ce884a1999c6ef6cda1aca287c75.mp3*~data=user_id=0,application_id=42~hmac=524a2b5950a291c8bf4f8c7d5a3280b3a6ad56e31780951250fb0707d90423f0","On 1 list: As Heard On TV Commercials (2013-2014)"
"(thematic candidate)","","","","Tremel (Jamie xx Remix)","Glasser","Tremel","80353934","215121","243","false","https://www.deezer.com/us/track/80353934","https://cdnt-preview.dzcdn.net/api/1/1/d/3/4/0/d347e7980627d86af1cfd8903abdd387.mp3?hdnea=exp=1781790830~acl=/api/1/1/d/3/4/0/d347e7980627d86af1cfd8903abdd387.mp3*~data=user_id=0,application_id=42~hmac=fa21b17c2bea1813f02227c45d20cd3a6f7ab8b2b4198e4ce30e6a660280299c","On 1 list: Music from TV ads - updated regularly - Songs from"
"(thematic candidate)","","","","WALKTHROUGH","Myles Yachts","WALKTHROUGH","1429554422","212061","174","true","https://www.deezer.com/us/track/1429554422","https://cdnt-preview.dzcdn.net/api/1/1/c/a/2/0/ca2dab827af7da708bb46187a5018978.mp3?hdnea=exp=1781790833~acl=/api/1/1/c/a/2/0/ca2dab827af7da708bb46187a5018978.mp3*~data=user_id=0,application_id=42~hmac=73ce995fb00dd1f997126a939d6dc0572f56efc1daf1c8e81242d62f4c18857f","On 1 list: TV commercial songs"
"(thematic candidate)","","","","Closer","Frida Amundsen","Closer","11266678","211200","158","false","https://www.deezer.com/us/track/11266678","https://cdnt-preview.dzcdn.net/api/1/1/5/a/0/0/5a05e32f9ef66f81967f17be74c6f790.mp3?hdnea=exp=1781790830~acl=/api/1/1/5/a/0/0/5a05e32f9ef66f81967f17be74c6f790.mp3*~data=user_id=0,application_id=42~hmac=4e44e39904f2f014d05b041cb82943e02d6c2d5a1389d024fd109f898eaeea28","On 1 list: Music from TV ads - updated regularly - Songs from"
"(thematic candidate)","","","","Throw It Down","Dominique Young Unique","Throw It Down","76188167","208236","196","true","https://www.deezer.com/us/track/76188167","https://cdnt-preview.dzcdn.net/api/1/1/4/0/b/0/40b1b3fdab4ebb78b551d518fa49dfa9.mp3?hdnea=exp=1781790830~acl=/api/1/1/4/0/b/0/40b1b3fdab4ebb78b551d518fa49dfa9.mp3*~data=user_id=0,application_id=42~hmac=95e0ecdc7f5d5c809ca5aea5ddf88703fed3874ab42c745a90ca5b34551e568d","On 1 list: Music from TV ads - updated regularly - Songs from"
"(thematic candidate)","","","","Mind Yo Business","Lakeyah","Mind Yo Business","1768360157","206199","122","true","https://www.deezer.com/us/track/1768360157","https://cdnt-preview.dzcdn.net/api/1/1/5/f/3/0/5f3f2732d4ea8e5a2f6d5f0426c177cc.mp3?hdnea=exp=1781790833~acl=/api/1/1/5/f/3/0/5f3f2732d4ea8e5a2f6d5f0426c177cc.mp3*~data=user_id=0,application_id=42~hmac=fe2da0759aa00d327195b7f24c12016d2da2bf0f4171967f0b5b08d97f803181","On 1 list: TV commercial songs"
"(thematic candidate)","","","","Walk This Way","MØ","No Mythologies to Follow","75282568","205074","220","false","https://www.deezer.com/us/track/75282568","https://cdnt-preview.dzcdn.net/api/1/1/1/3/a/0/13ab236e7468cea8f752d6fd774c63b9.mp3?hdnea=exp=1781790830~acl=/api/1/1/1/3/a/0/13ab236e7468cea8f752d6fd774c63b9.mp3*~data=user_id=0,application_id=42~hmac=e7fe687e5639a200d84fdd125b94b286c060b66a50c796b8ec7f7cfc42bb1df8","On 1 list: Music from TV ads - updated regularly - Songs from"
"(thematic candidate)","","","","Situation","Yaz","Upstairs At Eric's","14619298","204357","346","false","https://www.deezer.com/us/track/14619298","https://cdnt-preview.dzcdn.net/api/1/1/e/0/d/0/e0d6a827955c10090f9a57f2a3119c71.mp3?hdnea=exp=1781790831~acl=/api/1/1/e/0/d/0/e0d6a827955c10090f9a57f2a3119c71.mp3*~data=user_id=0,application_id=42~hmac=965bb7a75176e6a9c65aa955f3ebf6a9df5fcc2df557a12f730a0669c54bc480","On 1 list: As Heard On TV Commercials (2013-2014)"
"(thematic candidate)","","","","Jealous (I Ain't With It)","Chromeo","Jealous (I Ain't With It)","75570431","204115","228","false","https://www.deezer.com/us/track/75570431","https://cdnt-preview.dzcdn.net/api/1/1/6/9/6/0/6965cbf780673d70051d1b613cffe62b.mp3?hdnea=exp=1781790830~acl=/api/1/1/6/9/6/0/6965cbf780673d70051d1b613cffe62b.mp3*~data=user_id=0,application_id=42~hmac=6b23d8403fea2b604e91a63d1638d8a36e00aa8282e78050b6be399e99000913","On 1 list: Music from TV ads - updated regularly - Songs from"
"(thematic candidate)","","","","I.D.G.A.F.O.S.","Dillon Francis","I.D.G.A.F.O.S.","71619937","202297","248","false","https://www.deezer.com/us/track/71619937","https://cdnt-preview.dzcdn.net/api/1/1/8/7/7/0/877a7e9cd17be909d21f2be22f061253.mp3?hdnea=exp=1781790831~acl=/api/1/1/8/7/7/0/877a7e9cd17be909d21f2be22f061253.mp3*~data=user_id=0,application_id=42~hmac=6553df40f4687feb810a6a2a895cac6166e28fbd03907d5da02ffb660df3b3d6","On 1 list: As Heard On TV Commercials (2013-2014)"
"(thematic candidate)","","","","White Nights","Oh Land","Oh Land","9992760","194743","226","false","https://www.deezer.com/us/track/9992760","https://cdnt-preview.dzcdn.net/api/1/1/8/8/0/0/880590e4f47437a48302b1d6329ce7f2.mp3?hdnea=exp=1781790830~acl=/api/1/1/8/8/0/0/880590e4f47437a48302b1d6329ce7f2.mp3*~data=user_id=0,application_id=42~hmac=91405875ac40944fd7dd882df5945377bcb7dcdd51f49dc6018b6bc52c1a8cb1","On 1 list: Music from TV ads - updated regularly - Songs from"
"(thematic candidate)","","","","It's Oh So Quiet!","Betty Hutton","The Very Best Of","5554963","194314","193","false","https://www.deezer.com/us/track/5554963","https://cdnt-preview.dzcdn.net/api/1/1/d/2/a/0/d2a98067f979c5a964ee6722e0f33f03.mp3?hdnea=exp=1781790830~acl=/api/1/1/d/2/a/0/d2a98067f979c5a964ee6722e0f33f03.mp3*~data=user_id=0,application_id=42~hmac=ee3d205e03bd563f210c9b1e9c8db65d7b556e1962dd5d17bbae0d0fba9f1443","On 1 list: Music from TV ads - updated regularly - Songs from"
"(thematic candidate)","","","","Get Ready (Mono Single)","The Temptations","The Motown Story","909599","187733","159","false","https://www.deezer.com/us/track/909599","https://cdnt-preview.dzcdn.net/api/1/1/7/7/3/0/773cf6cc90bc1c2ed0106e8c32027e4c.mp3?hdnea=exp=1781790830~acl=/api/1/1/7/7/3/0/773cf6cc90bc1c2ed0106e8c32027e4c.mp3*~data=user_id=0,application_id=42~hmac=bb46008282dbd1487deda821311eb336563443efbcba243b482fd200223df3b9","On 1 list: Music from TV ads - updated regularly - Songs from"
"(thematic candidate)","","","","Glorious","Foxes","Glorious (Deluxe)","78016573","186863","261","false","https://www.deezer.com/us/track/78016573","https://cdnt-preview.dzcdn.net/api/1/1/5/d/8/0/5d8a5b38026dbb1619df95a4f1ff819f.mp3?hdnea=exp=1781790830~acl=/api/1/1/5/d/8/0/5d8a5b38026dbb1619df95a4f1ff819f.mp3*~data=user_id=0,application_id=42~hmac=64dda80bc4babf8144c80a685183cd0a65c545bf00f9ff2fe9206b02593e958a","On 1 list: Music from TV ads - updated regularly - Songs from"
"(thematic candidate)","","","","That's Alright","Laura Mvula","Sing to the Moon (Deluxe)","64784553","185323","214","false","https://www.deezer.com/us/track/64784553","https://cdnt-preview.dzcdn.net/api/1/1/6/c/9/0/6c96b940299b37bf4ecc32e412ec03b5.mp3?hdnea=exp=1781790830~acl=/api/1/1/6/c/9/0/6c96b940299b37bf4ecc32e412ec03b5.mp3*~data=user_id=0,application_id=42~hmac=e8a3e391f2157914c34eef084b1207a7dfeb16d504389317348d94b3bc357586","On 1 list: Music from TV ads - updated regularly - Songs from"
"(thematic candidate)","","","","White Rabbit","Jefferson Airplane","The RCA Collection","2170411","184623","152","false","https://www.deezer.com/us/track/2170411","https://cdnt-preview.dzcdn.net/api/1/1/b/c/d/0/bcdbbd0d6a46a4a7a7d2c5c2c21a4dfc.mp3?hdnea=exp=1781790830~acl=/api/1/1/b/c/d/0/bcdbbd0d6a46a4a7a7d2c5c2c21a4dfc.mp3*~data=user_id=0,application_id=42~hmac=41eea36634e3c1651dd92968ac2c5592d11932f476adb0db01caf3d22c65a812","On 1 list: Music from TV ads - updated regularly - Songs from"
"(thematic candidate)","","","","School Boy Crush","Average White Band","Cut the Cake","63400205","183477","300","false","https://www.deezer.com/us/track/63400205","https://cdnt-preview.dzcdn.net/api/1/1/e/8/b/0/e8b6cea7e0d6792fec3027d69bd4496e.mp3?hdnea=exp=1781790833~acl=/api/1/1/e/8/b/0/e8b6cea7e0d6792fec3027d69bd4496e.mp3*~data=user_id=0,application_id=42~hmac=063b54d1e540a7236484c03fab4c16f7da2f98888713fb51943bfd15a1823bdd","On 1 list: TV commercial songs"
"(thematic candidate)","","","","IV Play (Album Version Explicit)","The-Dream","IV Play (Deluxe)","67359626","178468","338","true","https://www.deezer.com/us/track/67359626","https://cdnt-preview.dzcdn.net/api/1/1/5/e/a/0/5ea2eb44d3fa36a4bcf17f687668f8e8.mp3?hdnea=exp=1781790833~acl=/api/1/1/5/e/a/0/5ea2eb44d3fa36a4bcf17f687668f8e8.mp3*~data=user_id=0,application_id=42~hmac=554b076c7337fa2413e49ad153a1a252e4a2eea80c39ea39b819ed1d69380edd","On 1 list: TV commercial songs"
"(thematic candidate)","","","","The Impossible Dream","Andy Williams","16 Most Requested Songs","1079614","169730","156","false","https://www.deezer.com/us/track/1079614","https://cdnt-preview.dzcdn.net/api/1/1/b/0/c/0/b0c011ae28e5bfd82fbf1711511c4c25.mp3?hdnea=exp=1781790830~acl=/api/1/1/b/0/c/0/b0c011ae28e5bfd82fbf1711511c4c25.mp3*~data=user_id=0,application_id=42~hmac=03afd6b11a68a6cfd08932391329b28d30a890624ae0e7483af76bb558471962","On 1 list: Music from TV ads - updated regularly - Songs from"
"(thematic candidate)","","","","Lady Marmalade (Single Version)","LaBelle","Get The Party Started: Essential Pop and Dance Anthems","4253429","167139","194","false","https://www.deezer.com/us/track/4253429","https://cdnt-preview.dzcdn.net/api/1/1/1/a/0/0/1a071b45731740e6dc2632e76d50c9c5.mp3?hdnea=exp=1781790830~acl=/api/1/1/1/a/0/0/1a071b45731740e6dc2632e76d50c9c5.mp3*~data=user_id=0,application_id=42~hmac=0b9f6ba4aa31a8f9db403eb4aa1a57f67b248964df9a3f3828862eedf05ba685","On 1 list: Music from TV ads - updated regularly - Songs from"
"(thematic candidate)","","","","Konichiwa Bitches","Robyn","Konichiwa Bitches EP (International Version)","1150769","162566","158","false","https://www.deezer.com/us/track/1150769","https://cdnt-preview.dzcdn.net/api/1/1/d/2/9/0/d29b701965f2bcd23844d9f729ab4281.mp3?hdnea=exp=1781790833~acl=/api/1/1/d/2/9/0/d29b701965f2bcd23844d9f729ab4281.mp3*~data=user_id=0,application_id=42~hmac=a529d6ad0d4a5274e338e8bdd47700ea6fcf0222033fe6b28ccb1ef17fad7ab9","On 1 list: As Seen On Screen: Music From TV & Ads"
"(thematic candidate)","","","","Doowutchyalike (Radio Mix)","Digital Underground","The Best Of Digital Underground: Playwutchyalike","1584342362","159497","285","false","https://www.deezer.com/us/track/1584342362","https://cdnt-preview.dzcdn.net/api/1/1/a/5/9/0/a597b15ecbeef1cd9f1be1d2dabcec34.mp3?hdnea=exp=1781790833~acl=/api/1/1/a/5/9/0/a597b15ecbeef1cd9f1be1d2dabcec34.mp3*~data=user_id=0,application_id=42~hmac=3e30c255a70208e1d37a1284cfc7a1736edeff61abbbc471b954016976029ba6","On 1 list: TV commercial songs"
"(thematic candidate)","","","","Hip Hop Junkies","Nice & Smooth","Ain't A Damn Thing Changed","24980461","156870","204","false","https://www.deezer.com/us/track/24980461","https://cdnt-preview.dzcdn.net/api/1/1/0/1/e/0/01ec482c7c81223b8bcee296df6949fa.mp3?hdnea=exp=1781790833~acl=/api/1/1/0/1/e/0/01ec482c7c81223b8bcee296df6949fa.mp3*~data=user_id=0,application_id=42~hmac=7470efc2d512248464915cd9cc0c173e2f6a0d516f0e258f2c4d85d3950d6bb2","On 1 list: TV commercial songs"
"(thematic candidate)","","","","Every Breath You Take","Scala & Kolacny Brothers","On The Rocks","138129273","154454","308","false","https://www.deezer.com/us/track/138129273","https://cdnt-preview.dzcdn.net/api/1/1/d/6/5/0/d656f3bc66e64e6319b57cce783e96f2.mp3?hdnea=exp=1781790832~acl=/api/1/1/d/6/5/0/d656f3bc66e64e6319b57cce783e96f2.mp3*~data=user_id=0,application_id=42~hmac=47d4a83845b4776ca4ace2244af9b8653067022dcec65051a53193cbfc9a4b8d","On 1 list: Drive Beats : Iconic Car Commercial Anthems"
"(thematic candidate)","","","","A Design for Life","Manic Street Preachers","National Treasures - The Complete Singles","13784850","148733","259","false","https://www.deezer.com/us/track/13784850","https://cdnt-preview.dzcdn.net/api/1/1/8/d/0/0/8d0f610c31c7c43631fbb11905f8e651.mp3?hdnea=exp=1781790830~acl=/api/1/1/8/d/0/0/8d0f610c31c7c43631fbb11905f8e651.mp3*~data=user_id=0,application_id=42~hmac=2df03a4e6fc6ec2e8d45adb69d2ca2b36a6e872502bb79986b7a9291986def8c","On 1 list: Music from TV ads - updated regularly - Songs from"
"(thematic candidate)","","","","The Theme from ""A Summer Place""","Percy Faith","Milkshakes & Heartaches - Sitting In The Back Row","7346790","142600","144","false","https://www.deezer.com/us/track/7346790","https://cdnt-preview.dzcdn.net/api/1/1/4/8/0/0/480714bb04160af1a578d1c3995e6400.mp3?hdnea=exp=1781790830~acl=/api/1/1/4/8/0/0/480714bb04160af1a578d1c3995e6400.mp3*~data=user_id=0,application_id=42~hmac=5e3ebb4d8bc09d7beaa01a48d03da384ac5292019630c53d29ad9b183191203e","On 1 list: Music from TV ads - updated regularly - Songs from"
"(thematic candidate)","","","","Bossa Nova Baby (New Sound Remastered)","Elvis Presley & The Jordanaires","The Essential Elvis Presley 3.0","6596878","142142","118","false","https://www.deezer.com/us/track/6596878","https://cdnt-preview.dzcdn.net/api/1/1/9/4/5/0/945263cd85f55cceea5dc88643db73de.mp3?hdnea=exp=1781790830~acl=/api/1/1/9/4/5/0/945263cd85f55cceea5dc88643db73de.mp3*~data=user_id=0,application_id=42~hmac=4429911c988b407951498145aab82f69df7e87d958dca091f7111927e324cb14","On 1 list: Music from TV ads - updated regularly - Songs from"
"(thematic candidate)","","","","I See Fire","Sol3 Mio","I See Fire","105941778","139358","250","false","https://www.deezer.com/us/track/105941778","https://cdnt-preview.dzcdn.net/api/1/1/5/d/6/0/5d66b20d09b0814a6324b4b2ff15c9c9.mp3?hdnea=exp=1781790833~acl=/api/1/1/5/d/6/0/5d66b20d09b0814a6324b4b2ff15c9c9.mp3*~data=user_id=0,application_id=42~hmac=f725a9fc2e051e604529b8051a1cab8e9b1601e94ff8b9260c4fa7d1bfb2aa3d","On 1 list: As Seen On Screen: Music From TV & Ads"
"(thematic candidate)","","","","Wouldn't It Be Loverly (Voice)","Marni Nixon","My Fair Lady","968638","132254","260","false","https://www.deezer.com/us/track/968638","https://cdnt-preview.dzcdn.net/api/1/1/9/5/f/0/95fd4db16d1486f738215fc2d13b2b9a.mp3?hdnea=exp=1781790830~acl=/api/1/1/9/5/f/0/95fd4db16d1486f738215fc2d13b2b9a.mp3*~data=user_id=0,application_id=42~hmac=750ebf8c35b63b1e8d35eff244c0dc6cd188134bed685e4d69a4de0e2524a724","On 1 list: Music from TV ads - updated regularly - Songs from"
"(thematic candidate)","","","","OTW (Remix)","DJ Luke Nasty","The Detour","347278261","126445","304","true","https://www.deezer.com/us/track/347278261","https://cdnt-preview.dzcdn.net/api/1/1/2/d/4/0/2d4d9670deb7d70dca8b17b101c0af6a.mp3?hdnea=exp=1781790833~acl=/api/1/1/2/d/4/0/2d4d9670deb7d70dca8b17b101c0af6a.mp3*~data=user_id=0,application_id=42~hmac=0e8205863511ba4d855d984ca8e18b443fc4da50d59cc68210bd9297bd044c00","On 1 list: TV commercial songs"
"(thematic candidate)","","","","Ready For Your Love (MNEK Refix)","Gorgon City","Ready For Your Love (Remixes)","74078007","122808","250","false","https://www.deezer.com/us/track/74078007","https://cdnt-preview.dzcdn.net/api/1/1/2/9/d/0/29d6a6f52ec2ef5d3ea645a99a8f4892.mp3?hdnea=exp=1781790830~acl=/api/1/1/2/9/d/0/29d6a6f52ec2ef5d3ea645a99a8f4892.mp3*~data=user_id=0,application_id=42~hmac=0eff5ee8b94192dc152c5b0e119c735a9b892e0243fbf13ea6ab05d74aff25b0","On 1 list: Music from TV ads - updated regularly - Songs from"
"(thematic candidate)","","","","Clean White Love","Lisa Mitchell","Wonder","4210863","122652","227","false","https://www.deezer.com/us/track/4210863","https://cdnt-preview.dzcdn.net/api/1/1/7/a/6/0/7a6aa54ae92b3794d8a50a2661e3cb1e.mp3?hdnea=exp=1781790830~acl=/api/1/1/7/a/6/0/7a6aa54ae92b3794d8a50a2661e3cb1e.mp3*~data=user_id=0,application_id=42~hmac=7b7793a7d93fb58cf28428d731a821a320b53a3149bc8492dd21866ed19f12b5","On 1 list: Music from TV ads - updated regularly - Songs from"
"(thematic candidate)","","","","Yeah Yeah","Willy Moon","Yeah Yeah","62119162","121586","163","false","https://www.deezer.com/us/track/62119162","https://cdnt-preview.dzcdn.net/api/1/1/7/f/0/0/7f0c5bb65c721fa9c63ce07d6a0f16c0.mp3?hdnea=exp=1781790830~acl=/api/1/1/7/f/0/0/7f0c5bb65c721fa9c63ce07d6a0f16c0.mp3*~data=user_id=0,application_id=42~hmac=4bdafa289847618c7d3f5e877da5ebbd050aee598705b1a8777107cf82ebc12a","On 1 list: Music from TV ads - updated regularly - Songs from"
"(thematic candidate)","","","","Rumble And Sway","Jamie N Commons","Rumble And Sway","65444505","118735","185","false","https://www.deezer.com/us/track/65444505","https://cdnt-preview.dzcdn.net/api/1/1/4/d/5/0/4d5d3a8e12ed46f3322a06fc6d0cde12.mp3?hdnea=exp=1781790833~acl=/api/1/1/4/d/5/0/4d5d3a8e12ed46f3322a06fc6d0cde12.mp3*~data=user_id=0,application_id=42~hmac=16c824cafb3ab03d3d5133cdb6959aaad35eb87470587df89cbd06d6fc092558","On 1 list: As Seen On Screen: Music From TV & Ads"
"(thematic candidate)","","","","Sexy Lady","Jessie J","Alive","70553106","116041","194","false","https://www.deezer.com/us/track/70553106","https://cdnt-preview.dzcdn.net/api/1/1/7/9/2/0/7926f68621aa26a811f992642be18ca0.mp3?hdnea=exp=1781790833~acl=/api/1/1/7/9/2/0/7926f68621aa26a811f992642be18ca0.mp3*~data=user_id=0,application_id=42~hmac=928c1d5e07e64205e7aeb25b99736dc2ecad2d51160aa3a0acb7140a52c344cf","On 1 list: As Seen On Screen: Music From TV & Ads"
"(thematic candidate)","","","","Little Green Bag","The George Baker Selection","The Heritage / Colossus Story","71536554","115469","197","false","https://www.deezer.com/us/track/71536554","https://cdnt-preview.dzcdn.net/api/1/1/e/b/e/0/ebe71ef4d8be339791a504b98725eb1b.mp3?hdnea=exp=1781790831~acl=/api/1/1/e/b/e/0/ebe71ef4d8be339791a504b98725eb1b.mp3*~data=user_id=0,application_id=42~hmac=091b5cea724de41cc6f314b21d5bf1d7a707e1262bbe6f9c738b478693c73daf","On 1 list: As Heard On TV Commercials (2013-2014)"
"(thematic candidate)","","","","True Love Will Find You In The End (1990)","Daniel Johnston","Welcome to my World","3974138","114508","107","false","https://www.deezer.com/us/track/3974138","https://cdnt-preview.dzcdn.net/api/1/1/7/a/0/0/7a0f390d40c13bdf95c1980458c0fee1.mp3?hdnea=exp=1781790831~acl=/api/1/1/7/a/0/0/7a0f390d40c13bdf95c1980458c0fee1.mp3*~data=user_id=0,application_id=42~hmac=9533d43107f17061b917ef58499d98c6894c2bc86089d379851f5cba97513a3b","On 1 list: As Heard On TV Commercials (2013-2014)"
"(thematic candidate)","","","","Come & Get It (Dave Audé Club Remix)","Selena Gomez","Come & Get It Remixes","67625552","113495","369","false","https://www.deezer.com/us/track/67625552","https://cdnt-preview.dzcdn.net/api/1/1/8/7/d/0/87dddf6915625ba0d3325d6f54da9394.mp3?hdnea=exp=1781790833~acl=/api/1/1/8/7/d/0/87dddf6915625ba0d3325d6f54da9394.mp3*~data=user_id=0,application_id=42~hmac=56bab2ff0fe049ee59d1433aa774cf743ed7f603d89014f5c594229f78f7a0b3","On 1 list: As Seen On Screen: Music From TV & Ads"
"(thematic candidate)","","","","Come Alive (feat. Toro y Moi)","Chromeo","Come Alive (feat. Toro y Moi)","73765235","112170","238","false","https://www.deezer.com/us/track/73765235","https://cdnt-preview.dzcdn.net/api/1/1/6/2/d/0/62da42368cf3a6d8016a189384adcfb0.mp3?hdnea=exp=1781790830~acl=/api/1/1/6/2/d/0/62da42368cf3a6d8016a189384adcfb0.mp3*~data=user_id=0,application_id=42~hmac=8ee3e009783d5e7ede89f4592d86b149e7f45f1ddeae60b74d74a0ada8b2ade4","On 1 list: Music from TV ads - updated regularly - Songs from"
"(thematic candidate)","","","","Suit","Boom! Bap! Pow!","Suit","64397405","112060","176","false","https://www.deezer.com/us/track/64397405","https://cdnt-preview.dzcdn.net/api/1/1/c/2/9/0/c29fae8efd1c1904bdb86b243f6b35dd.mp3?hdnea=exp=1781790831~acl=/api/1/1/c/2/9/0/c29fae8efd1c1904bdb86b243f6b35dd.mp3*~data=user_id=0,application_id=42~hmac=fcf86d4325fd08bf3c0f216d6bf9d2ec14bbe2ca7ecca1ac66758700f14093e6","On 1 list: As Heard On TV Commercials (2013-2014)"
"(thematic candidate)","","","","The Beat","Lou Johnson","Crazy About You","7973999","111485","174","false","https://www.deezer.com/us/track/7973999","https://cdnt-preview.dzcdn.net/api/1/1/f/7/c/0/f7c8f4ba90f23518fbb738c8ed93f8c7.mp3?hdnea=exp=1781790831~acl=/api/1/1/f/7/c/0/f7c8f4ba90f23518fbb738c8ed93f8c7.mp3*~data=user_id=0,application_id=42~hmac=95c13664ed84d28f2d126492c545760c10075bbe68ccabcb33f9d1b330c0a93a","On 1 list: As Heard On TV Commercials (2013-2014)"
"(thematic candidate)","","","","Green Garden","Laura Mvula","Green Garden","64479414","107698","250","false","https://www.deezer.com/us/track/64479414","https://cdnt-preview.dzcdn.net/api/1/1/9/2/5/0/925814ef5e9b86b97f35116cdfaf89ca.mp3?hdnea=exp=1781790830~acl=/api/1/1/9/2/5/0/925814ef5e9b86b97f35116cdfaf89ca.mp3*~data=user_id=0,application_id=42~hmac=e8fb0ad3e2a13055bf7e7fa902ea4310bb010721f6502b2104093754c255c759","On 1 list: Music from TV ads - updated regularly - Songs from"
"(thematic candidate)","","","","Fir Coat","Widowspeak","Widowspeak","64633626","106900","158","false","https://www.deezer.com/us/track/64633626","https://cdnt-preview.dzcdn.net/api/1/1/f/e/2/0/fe2b2ddec3ee49ca5e69797cbb8e8c43.mp3?hdnea=exp=1781790830~acl=/api/1/1/f/e/2/0/fe2b2ddec3ee49ca5e69797cbb8e8c43.mp3*~data=user_id=0,application_id=42~hmac=200ab3c156d1562b2cef1522d6b5576307d1efd2886fb2fe19309ca76f1212a6","On 1 list: Music from TV ads - updated regularly - Songs from"
"(thematic candidate)","","","","LDN","Lily Allen","Alright, Still","3164957","105818","190","false","https://www.deezer.com/us/track/3164957","https://cdnt-preview.dzcdn.net/api/1/1/6/5/c/0/65cfd8498df7b401784fc0df01fb2701.mp3?hdnea=exp=1781790830~acl=/api/1/1/6/5/c/0/65cfd8498df7b401784fc0df01fb2701.mp3*~data=user_id=0,application_id=42~hmac=386547f2f2351a5a19fcc8ea1c1412767b6265aed02e68dfb32209040ac3a3a8","On 1 list: Music from TV ads - updated regularly - Songs from"
"(thematic candidate)","","","","Wiggle (feat. DreamDoll)","Rick Ross","Richer Than I Ever Been","1580968232","105322","161","true","https://www.deezer.com/us/track/1580968232","https://cdnt-preview.dzcdn.net/api/1/1/2/f/f/0/2ffaa5d45fd5b824945940852401dcd1.mp3?hdnea=exp=1781790833~acl=/api/1/1/2/f/f/0/2ffaa5d45fd5b824945940852401dcd1.mp3*~data=user_id=0,application_id=42~hmac=ec4c9b38c9da98de9db0922061a5e7ff65cc1478ccc4af404facf9e4f910e243","On 1 list: TV commercial songs"
"(thematic candidate)","","","","Hammer and Nails","The Staple Singers","Freedom Highway (Millenium)","619553","104539","145","false","https://www.deezer.com/us/track/619553","https://cdnt-preview.dzcdn.net/api/1/1/8/7/1/0/871e26287bf226bc4e3b7fce1e7a2374.mp3?hdnea=exp=1781790830~acl=/api/1/1/8/7/1/0/871e26287bf226bc4e3b7fce1e7a2374.mp3*~data=user_id=0,application_id=42~hmac=f28e098cdf2fa4f93965401827a084cd038f47e193bae7bd7467a3544e5dcf8b","On 1 list: Music from TV ads - updated regularly - Songs from"
"(thematic candidate)","","","","Not On Drugs","Tove Lo","Truth Serum","75072790","100346","181","false","https://www.deezer.com/us/track/75072790","https://cdnt-preview.dzcdn.net/api/1/1/3/7/4/0/3749f7393e297175128537ea2753040e.mp3?hdnea=exp=1781790833~acl=/api/1/1/3/7/4/0/3749f7393e297175128537ea2753040e.mp3*~data=user_id=0,application_id=42~hmac=921c071e65e7ed4fb1b0d750ea18529d603deb36882e7bae0a20fa200266c112","On 1 list: As Seen On Screen: Music From TV & Ads"
"(thematic candidate)","","","","September (Acoustic)","Blame Jones","Acoustic Versions","561473202","89102","175","false","https://www.deezer.com/us/track/561473202","https://cdnt-preview.dzcdn.net/api/1/1/0/3/4/0/03457b5f33e5ad0dca0226f2abc7187b.mp3?hdnea=exp=1781790832~acl=/api/1/1/0/3/4/0/03457b5f33e5ad0dca0226f2abc7187b.mp3*~data=user_id=0,application_id=42~hmac=e057d3e2b992678098ba9d1fa6e8cfe800c1bf1744fca9e995d4b01a6f261053","On 1 list: Drive Beats : Iconic Car Commercial Anthems"
"(thematic candidate)","","","","Carmina Burana - O Fortuna","Halloween All-Stars","99 Must-Have Halloween Classics","7415228","88633","155","false","https://www.deezer.com/us/track/7415228","https://cdnt-preview.dzcdn.net/api/1/1/e/7/e/0/e7e2d60f2b7ac7359e84a2cf1569a848.mp3?hdnea=exp=1781790831~acl=/api/1/1/e/7/e/0/e7e2d60f2b7ac7359e84a2cf1569a848.mp3*~data=user_id=0,application_id=42~hmac=819e15c08024724165d043f8cb7100e69614e8944c0ad12922058e48529afbfe","On 1 list: As Heard On TV Commercials (2013-2014)"
"(thematic candidate)","","","","Falsetto","The-Dream","Love/Hate (Deluxe Edition)","872357182","87242","271","true","https://www.deezer.com/us/track/872357182","https://cdnt-preview.dzcdn.net/api/1/1/4/4/5/0/445bf17537ee93bee213ac7bb38b4900.mp3?hdnea=exp=1781790833~acl=/api/1/1/4/4/5/0/445bf17537ee93bee213ac7bb38b4900.mp3*~data=user_id=0,application_id=42~hmac=0ab214821c1dc65f2f635f03ffc2c889d571b3fb7fb89e4e291bd1dae1078886","On 1 list: TV commercial songs"
"(thematic candidate)","","","","Your Body Is a Weapon","The Wombats","Your Body Is a Weapon","71041309","86877","239","false","https://www.deezer.com/us/track/71041309","https://cdnt-preview.dzcdn.net/api/1/1/8/b/2/0/8b2dbc237e6fb51a8e6ab00b5b58232f.mp3?hdnea=exp=1781790831~acl=/api/1/1/8/b/2/0/8b2dbc237e6fb51a8e6ab00b5b58232f.mp3*~data=user_id=0,application_id=42~hmac=ce18eaa71df0f2b4b76bdfee09edd0694a48a2561fb5974d6836cdea02cd1828","On 1 list: As Heard On TV Commercials (2013-2014)"
"(thematic candidate)","","","","Time's All Gone Pt. 1","Nick Waterhouse","Time's All Gone","70206055","85590","111","false","https://www.deezer.com/us/track/70206055","https://cdnt-preview.dzcdn.net/api/1/1/7/4/2/0/742a20cab1f48171df1838ef0288e901.mp3?hdnea=exp=1781790831~acl=/api/1/1/7/4/2/0/742a20cab1f48171df1838ef0288e901.mp3*~data=user_id=0,application_id=42~hmac=531d2b6e72182fc86f041365eac0c276a19734064551e233ac08dcc9e621bd76","On 1 list: As Heard On TV Commercials (2013-2014)"
"(thematic candidate)","","","","Roc Boys (And The Winner Is)...","JAŸ-Z","The Hits Collection Volume One (International Version Explicit)","7532699","84461","252","true","https://www.deezer.com/us/track/7532699","https://cdnt-preview.dzcdn.net/api/1/1/b/f/e/0/bfe853286b3a1411f88aafe498e27996.mp3?hdnea=exp=1781790831~acl=/api/1/1/b/f/e/0/bfe853286b3a1411f88aafe498e27996.mp3*~data=user_id=0,application_id=42~hmac=749b65b2e3d5e70e6ce9b9e3d851dcd54888b82686414aaf6bf8a15318adf577","On 1 list: As Heard On TV Commercials (2013-2014)"
"(thematic candidate)","","","","This Time Tomorrow","Gaz Coombes","This Time Tomorrow","78102585","73398","184","false","https://www.deezer.com/us/track/78102585","https://cdnt-preview.dzcdn.net/api/1/1/9/3/5/0/935df48a0928bcca3f0e9e8626f4f86e.mp3?hdnea=exp=1781790830~acl=/api/1/1/9/3/5/0/935df48a0928bcca3f0e9e8626f4f86e.mp3*~data=user_id=0,application_id=42~hmac=27def1114b3e87807d62dc760b2af0acb87b08ac33a8ed6178975533ca2e8206","On 1 list: Music from TV ads - updated regularly - Songs from"
"(thematic candidate)","","","","Ula Ula","Illya Kuryaki And The Valderramas","Ula Ula","60017101","70462","243","false","https://www.deezer.com/us/track/60017101","https://cdnt-preview.dzcdn.net/api/1/1/2/e/e/0/2ee4456166e6807696a9cfdb44ac57a1.mp3?hdnea=exp=1781790831~acl=/api/1/1/2/e/e/0/2ee4456166e6807696a9cfdb44ac57a1.mp3*~data=user_id=0,application_id=42~hmac=4da5e6a846a3ab81926f6c745685f6ddb8b1b9ca7f507935b3cbc3a49c65902c","On 1 list: As Heard On TV Commercials (2013-2014)"
"(thematic candidate)","","","","Dead In The Water","Ellie Goulding","Halcyon Days","69811046","65153","284","false","https://www.deezer.com/us/track/69811046","https://cdnt-preview.dzcdn.net/api/1/1/1/d/0/0/1d0382e2f6dca31e6615342b3e00c21b.mp3?hdnea=exp=1781790831~acl=/api/1/1/1/d/0/0/1d0382e2f6dca31e6615342b3e00c21b.mp3*~data=user_id=0,application_id=42~hmac=4a1da02f938ec5946aa9a898679bb8d0514cde1c63d3a6d6085d907185755376","On 1 list: As Heard On TV Commercials (2013-2014)"
"(thematic candidate)","","","","Keep in the Dark","Temples","Keep in the Dark","70078868","63363","218","false","https://www.deezer.com/us/track/70078868","https://cdnt-preview.dzcdn.net/api/1/1/7/f/7/0/7f7fed1505247564c5be495c65c95dde.mp3?hdnea=exp=1781790830~acl=/api/1/1/7/f/7/0/7f7fed1505247564c5be495c65c95dde.mp3*~data=user_id=0,application_id=42~hmac=b38f7517b94901590f5e19e884b51682fecbedbc030b294e64a47e3eaa2bb9ea","On 1 list: Music from TV ads - updated regularly - Songs from"
"(thematic candidate)","","","","Money Dance","Compton AV","Money Dance","360159481","60720","198","true","https://www.deezer.com/us/track/360159481","https://cdnt-preview.dzcdn.net/api/1/1/3/c/d/0/3cdf86967d2ef06fcf198b4619aa41e5.mp3?hdnea=exp=1781790833~acl=/api/1/1/3/c/d/0/3cdf86967d2ef06fcf198b4619aa41e5.mp3*~data=user_id=0,application_id=42~hmac=b289bbf7aeaaf87626cce1185aeee5a9cd4ccb412fe46771a502e8cf305b65dc","On 1 list: TV commercial songs"
"(thematic candidate)","","","","Blue Eyes","Ladyhawke","Anxiety","23934761","49166","197","false","https://www.deezer.com/us/track/23934761","https://cdnt-preview.dzcdn.net/api/1/1/1/c/6/0/1c6bba3197dc7b42e74f41bf098837fc.mp3?hdnea=exp=1781790831~acl=/api/1/1/1/c/6/0/1c6bba3197dc7b42e74f41bf098837fc.mp3*~data=user_id=0,application_id=42~hmac=025f0e58c37f7ebe58712fdb7a9d521b29d61af34c1824fc99b4023bc743b0b7","On 1 list: As Heard On TV Commercials (2013-2014)"
"(thematic candidate)","","","","I Will Never Let You Down (R3hab Remix Radio Edit)","Rita Ora","Clubland 26","88376489","48161","216","false","https://www.deezer.com/us/track/88376489","https://cdnt-preview.dzcdn.net/api/1/1/9/4/0/0/9401b83476f9003d2b6f353673907cfe.mp3?hdnea=exp=1781790830~acl=/api/1/1/9/4/0/0/9401b83476f9003d2b6f353673907cfe.mp3*~data=user_id=0,application_id=42~hmac=b81c498bf8dcba2353ffb5bb2375cb1ff0061bd17bf1f5d763266bff31664036","On 1 list: Music from TV ads - updated regularly - Songs from"
"(thematic candidate)","","","","Cat & Mouse","Nikki & Rich","Next Best Thing","5596290","47326","187","false","https://www.deezer.com/us/track/5596290","https://cdnt-preview.dzcdn.net/api/1/1/f/c/e/0/fce11cf31be625bba62e6ca0b9ed8aed.mp3?hdnea=exp=1781790831~acl=/api/1/1/f/c/e/0/fce11cf31be625bba62e6ca0b9ed8aed.mp3*~data=user_id=0,application_id=42~hmac=22b39644bf5693c082c6af0120cf58b6c1906684686ac62695b9792a4c4ea9b2","On 1 list: As Heard On TV Commercials (2013-2014)"
"(thematic candidate)","","","","Nessun Dorma - Tourandot","Luciano Pavarotti","Nessun Dorma - None Shall Sleep","1361567","45110","190","false","https://www.deezer.com/us/track/1361567","https://cdnt-preview.dzcdn.net/api/1/1/2/6/b/0/26b296e0539d3c8db973629894adb5ae.mp3?hdnea=exp=1781790831~acl=/api/1/1/2/6/b/0/26b296e0539d3c8db973629894adb5ae.mp3*~data=user_id=0,application_id=42~hmac=8d5e2fa58dc3bddadd1cf53aac60ef284c2d6eb8363c57e2fbad6786e7a06aa7","On 1 list: As Heard On TV Commercials (2013-2014)"
"(thematic candidate)","","","","It's Tricky (DJ Fresh Remix)","Run DMC","It's Tricky (DJ Fresh Remix)","76159031","42240","211","false","https://www.deezer.com/us/track/76159031","https://cdnt-preview.dzcdn.net/api/1/1/9/9/9/0/99915671b2168274279b20b169e93fa6.mp3?hdnea=exp=1781790830~acl=/api/1/1/9/9/9/0/99915671b2168274279b20b169e93fa6.mp3*~data=user_id=0,application_id=42~hmac=d64277810763fa19a19631704b7a6e9e575ee273935eb228a0838a8e410862d6","On 1 list: Music from TV ads - updated regularly - Songs from"
"(thematic candidate)","","","","I Can't Help Myself","Fiona O'Kane","I Can't Help Myself","76493157","41477","153","false","https://www.deezer.com/us/track/76493157","https://cdnt-preview.dzcdn.net/api/1/1/3/e/f/0/3ef5e3ce6166350249e35f051924c741.mp3?hdnea=exp=1781790831~acl=/api/1/1/3/e/f/0/3ef5e3ce6166350249e35f051924c741.mp3*~data=user_id=0,application_id=42~hmac=625dd8b74c5658e78d4e2c8945f4dd36de0f92a6ba58db404cde87bf67aa2524","On 1 list: As Heard On TV Commercials (2013-2014)"
"(thematic candidate)","","","","Stars (Hold On)","Youngblood Hawke","Youngblood Hawke (EP)","53826541","37813","221","false","https://www.deezer.com/us/track/53826541","https://cdnt-preview.dzcdn.net/api/1/1/2/5/e/0/25efa6e731c8b009f3f595be2540e22a.mp3?hdnea=exp=1781790830~acl=/api/1/1/2/5/e/0/25efa6e731c8b009f3f595be2540e22a.mp3*~data=user_id=0,application_id=42~hmac=e75ebc9b2afdd0cc26777ad6e074eb7130fa8f7bdbdbe6b9414cb63b4e349c48","On 1 list: Music from TV ads - updated regularly - Songs from"
"(thematic candidate)","","","","I'm Thinking Sunshine","Max & Simon","Max & Simon","75498970","34004","126","false","https://www.deezer.com/us/track/75498970","https://cdnt-preview.dzcdn.net/api/1/1/c/e/9/0/ce9d366884a3b1e14fa4ed7e83ba20e3.mp3?hdnea=exp=1781790830~acl=/api/1/1/c/e/9/0/ce9d366884a3b1e14fa4ed7e83ba20e3.mp3*~data=user_id=0,application_id=42~hmac=42f67575cd00a682aacd5b910aa6e686f166d4b926f0332addfdb8472a10f745","On 1 list: Music from TV ads - updated regularly - Songs from"
"(thematic candidate)","","","","The Heat","JUCE!","Taste The JUCE!","88903455","32791","257","false","https://www.deezer.com/us/track/88903455","https://cdnt-preview.dzcdn.net/api/1/1/a/b/f/0/abfb3e886e0c4de1353912f215756c43.mp3?hdnea=exp=1781790833~acl=/api/1/1/a/b/f/0/abfb3e886e0c4de1353912f215756c43.mp3*~data=user_id=0,application_id=42~hmac=20c709a149898a2388f0009402c531b6bb144c057a6d5cfab16c99fde5737e05","On 1 list: As Seen On Screen: Music From TV & Ads"
"(thematic candidate)","","","","Music for a Movie","Baobab","Baobab","63589635","31589","205","false","https://www.deezer.com/us/track/63589635","https://cdnt-preview.dzcdn.net/api/1/1/3/9/7/0/3978e29256948aceb18c7e04ca15bb9e.mp3?hdnea=exp=1781790831~acl=/api/1/1/3/9/7/0/3978e29256948aceb18c7e04ca15bb9e.mp3*~data=user_id=0,application_id=42~hmac=4bbc7b2b0f283d48868ecf4b6ff0aa76fc19da85e17a29bb4f015fc4e4b6bbb6","On 1 list: As Heard On TV Commercials (2013-2014)"
"(thematic candidate)","","","","Magic","Leagues","You Belong Here","63123594","31377","218","false","https://www.deezer.com/us/track/63123594","https://cdnt-preview.dzcdn.net/api/1/1/0/d/5/0/0d5137426752d98b32a814ae1cbe678d.mp3?hdnea=exp=1781790831~acl=/api/1/1/0/d/5/0/0d5137426752d98b32a814ae1cbe678d.mp3*~data=user_id=0,application_id=42~hmac=6cb525c68ac6f2383b5785050cc51a4d96ba083d0040ca88607103decaad4c59","On 1 list: As Heard On TV Commercials (2013-2014)"
"(thematic candidate)","","","","At Last (Autotrader version)","Natalie Duncan","Find Me A Home","58839691","29518","180","false","https://www.deezer.com/us/track/58839691","https://cdnt-preview.dzcdn.net/api/1/1/b/4/5/0/b450b23102a70c65a4e17341fa64c15f.mp3?hdnea=exp=1781790830~acl=/api/1/1/b/4/5/0/b450b23102a70c65a4e17341fa64c15f.mp3*~data=user_id=0,application_id=42~hmac=3535c066f0be3597b63fc16d8f5a9dd87854f53ca16c468f454608a66a807143","On 1 list: Music from TV ads - updated regularly - Songs from"
"(thematic candidate)","","","","I Got It","Jung Youth","I Got It","1595872561","29018","169","false","https://www.deezer.com/us/track/1595872561","https://cdnt-preview.dzcdn.net/api/1/1/5/4/6/0/546676b51b62813e3c598e98f0636228.mp3?hdnea=exp=1781790833~acl=/api/1/1/5/4/6/0/546676b51b62813e3c598e98f0636228.mp3*~data=user_id=0,application_id=42~hmac=e166cef3a48d71c24990c6ed0f443e92c57973ca6b8414b616d95169052d14a2","On 1 list: TV commercial songs"
"(thematic candidate)","","","","Mama, I'm Gonna Sing","EJ","Mama, I'm Gonna Sing","16647067","25504","118","false","https://www.deezer.com/us/track/16647067","https://cdnt-preview.dzcdn.net/api/1/1/8/b/a/0/8baad7809f098169ad93b9d26a93478a.mp3?hdnea=exp=1781790830~acl=/api/1/1/8/b/a/0/8baad7809f098169ad93b9d26a93478a.mp3*~data=user_id=0,application_id=42~hmac=a647c04f52603886fdfa1ccc4f05f07387093538b7a97ec4ec5d247c0b162445","On 1 list: Music from TV ads - updated regularly - Songs from"
"(thematic candidate)","","","","Looking for Someone","East India Youth","Total Strife Forever","73572238","25359","256","false","https://www.deezer.com/us/track/73572238","https://cdnt-preview.dzcdn.net/api/1/1/b/8/1/0/b810e503e762a929d52501b0de4294d7.mp3?hdnea=exp=1781790830~acl=/api/1/1/b/8/1/0/b810e503e762a929d52501b0de4294d7.mp3*~data=user_id=0,application_id=42~hmac=0fce0b085ba85e6b3d03f17d238ae698035a803d1040e30919fc62f555607adf","On 1 list: Music from TV ads - updated regularly - Songs from"
"(thematic candidate)","","","","Reload - Tribute to Sebastian Ingrosso and Tommy Trash","Music Waves","Reload - Tribute to Sebastian Ingrosso and Tommy Trash","70560128","24656","255","false","https://www.deezer.com/us/track/70560128","https://cdnt-preview.dzcdn.net/api/1/1/2/f/2/0/2f23f383c9813e4f2bcd4d52aa30a8e8.mp3?hdnea=exp=1781790831~acl=/api/1/1/2/f/2/0/2f23f383c9813e4f2bcd4d52aa30a8e8.mp3*~data=user_id=0,application_id=42~hmac=f8520da076bfdee89ec762b07335b9a8adc3c7f2b4b1ee48d0f8091f890975b9","On 1 list: As Heard On TV Commercials (2013-2014)"
"(thematic candidate)","","","","I Won't Play","L.A. Guns","Hollywood Forever","27485021","22012","189","false","https://www.deezer.com/us/track/27485021","https://cdnt-preview.dzcdn.net/api/1/1/f/5/0/0/f50617809e9bf47100fda395b6c18645.mp3?hdnea=exp=1781790831~acl=/api/1/1/f/5/0/0/f50617809e9bf47100fda395b6c18645.mp3*~data=user_id=0,application_id=42~hmac=b74fe65f428c5283df0ad9ce0833d6f5c025581217462d3592fe2e602f53e61c","On 1 list: As Heard On TV Commercials (2013-2014)"
"(thematic candidate)","","","","Soothing Me So","Victory","Victory Is Music","66656136","22003","115","false","https://www.deezer.com/us/track/66656136","https://cdnt-preview.dzcdn.net/api/1/1/e/4/0/0/e400b855e9881c5894360cffd661ec5a.mp3?hdnea=exp=1781790832~acl=/api/1/1/e/4/0/0/e400b855e9881c5894360cffd661ec5a.mp3*~data=user_id=0,application_id=42~hmac=4510af9c3c43e7484899c71cd8033cdd83a67f6a74030b64eb79dad384fdf9e2","On 1 list: As Heard On TV Commercials (2013-2014)"
"(thematic candidate)","","","","Puttin' on the Ritz","Fred Astair & Ginger Rodgers","Ledgends of Music Collection","13574410","21966","154","false","https://www.deezer.com/us/track/13574410","https://cdnt-preview.dzcdn.net/api/1/1/1/b/7/0/1b7ad255a742de2065ad0f8ca5935ffe.mp3?hdnea=exp=1781790830~acl=/api/1/1/1/b/7/0/1b7ad255a742de2065ad0f8ca5935ffe.mp3*~data=user_id=0,application_id=42~hmac=7f49220a1fdbc3a2735d6ba4848f9239b3821c63d4ed8090770a2c1d8022e8e4","On 1 list: Music from TV ads - updated regularly - Songs from"
"(thematic candidate)","","","","I Believe in Father Christmas","Greg Lake","Pure... Christmas","14008063","21850","212","false","https://www.deezer.com/us/track/14008063","https://cdnt-preview.dzcdn.net/api/1/1/a/a/8/0/aa89ae6f0d094ff663cfc60c2f23abd3.mp3?hdnea=exp=1781790830~acl=/api/1/1/a/a/8/0/aa89ae6f0d094ff663cfc60c2f23abd3.mp3*~data=user_id=0,application_id=42~hmac=6d62eba9d365f39a2cafae3114b92af6db1fa2febf12241347c78c2344a0be7b","On 1 list: Music from TV ads - updated regularly - Songs from"
"(thematic candidate)","","","","Sexx Laws","Beck","Midnite Vultures","983756","18423","218","false","https://www.deezer.com/us/track/983756","https://cdnt-preview.dzcdn.net/api/1/1/d/4/2/0/d4232e6372469d5e5089fd3e3d97d917.mp3?hdnea=exp=1781790833~acl=/api/1/1/d/4/2/0/d4232e6372469d5e5089fd3e3d97d917.mp3*~data=user_id=0,application_id=42~hmac=d3cf53ccc4790fc9aee45036606c162f696ba04af094b205fba58dbe91831f10","On 1 list: As Seen On Screen: Music From TV & Ads"
"(thematic candidate)","","","","Let Your Love Flow","The Bellamy Brothers","Eddie Stobart Trucking Songs: Trucking All Over The World","78435777","18301","195","false","https://www.deezer.com/us/track/78435777","https://cdnt-preview.dzcdn.net/api/1/1/2/a/d/0/2ad649f52b6ef05633e5ab5d3fb827a0.mp3?hdnea=exp=1781790830~acl=/api/1/1/2/a/d/0/2ad649f52b6ef05633e5ab5d3fb827a0.mp3*~data=user_id=0,application_id=42~hmac=08b179afddd0ddb2099a8be51e4c994752f01767e92351dfe56dca171d98f03b","On 1 list: Music from TV ads - updated regularly - Songs from"
"(thematic candidate)","","","","We Built This City","Starship","VH1 Music First: Behind The Music - The Jefferson Airplane / Jefferson Starship / Starship Collection","965376","18159","293","false","https://www.deezer.com/us/track/965376","https://cdnt-preview.dzcdn.net/api/1/1/b/f/5/0/bf5ea4af0885e2f2d379b7aae79282a1.mp3?hdnea=exp=1781790831~acl=/api/1/1/b/f/5/0/bf5ea4af0885e2f2d379b7aae79282a1.mp3*~data=user_id=0,application_id=42~hmac=a1b2f8e41568677ba158db3e014da7947cbd4e7e7b5d100e647073cd2942be09","On 1 list: As Heard On TV Commercials (2013-2014)"
"(thematic candidate)","","","","It's Just Begun (Kool Hertz Remix)","The Jimmy Castor Bunch","It's Just Begun","65583756","15923","223","false","https://www.deezer.com/us/track/65583756","https://cdnt-preview.dzcdn.net/api/1/1/2/7/2/0/272f7f171e24d45df85b493ce7608ed9.mp3?hdnea=exp=1781790830~acl=/api/1/1/2/7/2/0/272f7f171e24d45df85b493ce7608ed9.mp3*~data=user_id=0,application_id=42~hmac=d94f6d1c4ba6d6e698475310fdc556a171c67bc2fb481047476c51e86a952dd6","On 1 list: Music from TV ads - updated regularly - Songs from"
"(thematic candidate)","","","","Walking On Sunshine","Katrina & The Waves","Playlist: Summer","3158145","10122","233","false","https://www.deezer.com/us/track/3158145","https://cdnt-preview.dzcdn.net/api/1/1/f/8/c/0/f8c31f3630172c9f6a0361d416efa54f.mp3?hdnea=exp=1781790831~acl=/api/1/1/f/8/c/0/f8c31f3630172c9f6a0361d416efa54f.mp3*~data=user_id=0,application_id=42~hmac=c31b950e7528369ff41fff38081f52c75873a57149447d05de329912d6f8046b","On 1 list: As Heard On TV Commercials (2013-2014)"
