OriginalTitle,OriginalArtist,OriginalDeezerId,OriginalRank,AlternativeTitle,AlternativeArtist,AlternativeAlbum,AlternativeDeezerId,AlternativeRank,AlternativeDurationSec,AlternativeExplicit,DeezerTrackUrl,AlternativePreviewUrl,ConfidenceNote
"(thematic candidate)","","","","Feels Like Home (Acoustic Extended Version)","Matt Johnson","Acoustic Hits, Vol.4","129424380","137783","282","false","https://www.deezer.com/us/track/129424380","https://cdnt-preview.dzcdn.net/api/1/1/f/9/0/0/f905ad4c8b5f55c26cc3470d95a252e4.mp3?hdnea=exp=1781363509~acl=/api/1/1/f/9/0/0/f905ad4c8b5f55c26cc3470d95a252e4.mp3*~data=user_id=0,application_id=42~hmac=3c76807750d3b3ef9aa14d7d759ae0d4991ba2bab20ff5cfed651dee7d2e5513","On 2 editorial lists"
"(thematic candidate)","","","","Crazy What Love Can Do","David Guetta","Crazy What Love Can Do","1685068157","698890","169","false","https://www.deezer.com/us/track/1685068157","https://cdnt-preview.dzcdn.net/api/1/1/3/2/1/0/3213eb52dfec499a0858739912464356.mp3?hdnea=exp=1781363506~acl=/api/1/1/3/2/1/0/3213eb52dfec499a0858739912464356.mp3*~data=user_id=0,application_id=42~hmac=66c8d1c081a4f129005537bbd4ac0a38381d2cfa3ca4e0d79c13df9d8b7ad7a9","On 1 list: Wedding Songs 2026"
"(thematic candidate)","","","","Love Shack","The B-52's","Cosmic Thing","3929350","698578","320","false","https://www.deezer.com/us/track/3929350","https://cdnt-preview.dzcdn.net/api/1/1/7/b/b/0/7bb756207eeb777e6067e42fc218ecd9.mp3?hdnea=exp=1781363506~acl=/api/1/1/7/b/b/0/7bb756207eeb777e6067e42fc218ecd9.mp3*~data=user_id=0,application_id=42~hmac=9a8a0624252dacef430f12f10a1e275a467709eab53a85a448eea8b697fbd854","On 1 list: Wedding Songs 2026"
"(thematic candidate)","","","","Stuck On You","Lionel Richie","Can't Slow Down","920067","697149","190","false","https://www.deezer.com/us/track/920067","https://cdnt-preview.dzcdn.net/api/1/1/b/d/c/0/bdc6385b031a9876dfa389c16c583474.mp3?hdnea=exp=1781363509~acl=/api/1/1/b/d/c/0/bdc6385b031a9876dfa389c16c583474.mp3*~data=user_id=0,application_id=42~hmac=697f7a8df7362de402cf4f2a136e83e385bef240f00f71ed04eca32c0fdfa15e","On 1 list: Wedding First Dance Songs"
"(thematic candidate)","","","","Just Dance","Lady Gaga","The Fame","2603555","692347","244","false","https://www.deezer.com/us/track/2603555","https://cdnt-preview.dzcdn.net/api/1/1/8/2/0/0/82006e670fe9f4fa417c7fcc22dcf456.mp3?hdnea=exp=1781363511~acl=/api/1/1/8/2/0/0/82006e670fe9f4fa417c7fcc22dcf456.mp3*~data=user_id=0,application_id=42~hmac=b7e2a342b0ca6fa5d1138f5c39060e35916e56a5e630d0c1862a2ca507785dce","On 1 list: Wedding Reception BANGERS"
"(thematic candidate)","","","","Love Of My Life","Harry Styles","Harry's House","1756569687","690946","191","false","https://www.deezer.com/us/track/1756569687","https://cdnt-preview.dzcdn.net/api/1/1/4/2/d/0/42dcd33d3088488004398b65b3ce8446.mp3?hdnea=exp=1781363511~acl=/api/1/1/4/2/d/0/42dcd33d3088488004398b65b3ce8446.mp3*~data=user_id=0,application_id=42~hmac=a9ab269c436aee5a0c86debe653391fccbac46d9a80fca0408caacd994e1f0ba","On 1 list: 2023 - Top Wedding Slow First Dance Songs"
"(thematic candidate)","","","","I'm a Believer (2006 Remaster)","The Monkees","More of The Monkees (Deluxe Edition)","764920","690072","167","false","https://www.deezer.com/us/track/764920","https://cdnt-preview.dzcdn.net/api/1/1/a/2/c/0/a2ceac5e338df5614ab25380a3b15206.mp3?hdnea=exp=1781363506~acl=/api/1/1/a/2/c/0/a2ceac5e338df5614ab25380a3b15206.mp3*~data=user_id=0,application_id=42~hmac=8b72fc6f07d10a71ad328b35287c2a46566c4cb6c6913ae36e2950b1d9474173","On 1 list: Wedding Songs 2026"
"(thematic candidate)","","","","Haven't Met You Yet","Michael Bublé","Crazy Love","4311272","689465","244","false","https://www.deezer.com/us/track/4311272","https://cdnt-preview.dzcdn.net/api/1/1/0/f/5/0/0f567d6d2da5b1c81ebde632e69e2a6b.mp3?hdnea=exp=1781363505~acl=/api/1/1/0/f/5/0/0f567d6d2da5b1c81ebde632e69e2a6b.mp3*~data=user_id=0,application_id=42~hmac=63b6ec239e3a31b33e5760f866a4b9c0cdf3df18f3cd4a57c093ae6285a261af","On 1 list: Wedding Songs 2026"
"(thematic candidate)","","","","I Say a Little Prayer","Aretha Franklin","Aretha Now","904785","688622","216","false","https://www.deezer.com/us/track/904785","https://cdnt-preview.dzcdn.net/api/1/1/9/7/f/0/97f7f6ae7dd46cf5db160c8ab4db5213.mp3?hdnea=exp=1781363505~acl=/api/1/1/9/7/f/0/97f7f6ae7dd46cf5db160c8ab4db5213.mp3*~data=user_id=0,application_id=42~hmac=d27265dfc458de591b2257911fa5cd574bafebd74977b11cb83af7e47ec57382","On 1 list: Wedding Songs 2026"
"(thematic candidate)","","","","Arthur's Theme (Best That You Can Do)","Christopher Cross","Arthur - The Album [Original Soundtrack]","3872734","687974","234","false","https://www.deezer.com/us/track/3872734","https://cdnt-preview.dzcdn.net/api/1/1/d/5/7/0/d57a468a90697a6793100319059215ce.mp3?hdnea=exp=1781363509~acl=/api/1/1/d/5/7/0/d57a468a90697a6793100319059215ce.mp3*~data=user_id=0,application_id=42~hmac=94938bcbfcc9c7db0cb99c65fea809129038dca2b426d432c63c240772e9a58f","On 1 list: Wedding First Dance Songs"
"(thematic candidate)","","","","Something in the Orange","Zach Bryan","Something in the Orange","1714552247","687937","228","false","https://www.deezer.com/us/track/1714552247","https://cdnt-preview.dzcdn.net/api/1/1/7/8/6/0/786d9d803879699be22e6a9818e517b1.mp3?hdnea=exp=1781363505~acl=/api/1/1/7/8/6/0/786d9d803879699be22e6a9818e517b1.mp3*~data=user_id=0,application_id=42~hmac=e109a9145961825059c6b8f63601b23d50f29c8a3abc1295551e780fc6614bc9","On 1 list: Wedding Songs 2026"
"(thematic candidate)","","","","American Boy","Estelle","Shine","2021739237","684703","284","true","https://www.deezer.com/us/track/2021739237","https://cdnt-preview.dzcdn.net/api/1/1/6/0/1/0/601ddbb5d2ee805b228f342206f12679.mp3?hdnea=exp=1781363506~acl=/api/1/1/6/0/1/0/601ddbb5d2ee805b228f342206f12679.mp3*~data=user_id=0,application_id=42~hmac=1d2e4d1cf6df6fafaff3944d1b7b949a30fc16e4739019f14c92f983cf562865","On 1 list: Wedding Songs 2026"
"(thematic candidate)","","","","Groove Is in the Heart","Deee-Lite","Groove Is in the Heart","75070408","684330","234","false","https://www.deezer.com/us/track/75070408","https://cdnt-preview.dzcdn.net/api/1/1/f/f/6/0/ff68ac1700619546f7caf21c5b1fdf45.mp3?hdnea=exp=1781363506~acl=/api/1/1/f/f/6/0/ff68ac1700619546f7caf21c5b1fdf45.mp3*~data=user_id=0,application_id=42~hmac=ceff3c56aabc0c4ce2a670ea29d4169a429c5560e7e8056ecd793f096cc8d187","On 1 list: Wedding Songs 2026"
"(thematic candidate)","","","","Good as Hell (feat. Ariana Grande)","Lizzo","Cuz I Love You (Super Deluxe)","857206512","683251","159","false","https://www.deezer.com/us/track/857206512","https://cdnt-preview.dzcdn.net/api/1/1/f/9/e/0/f9e3c4f5360187e40efb78fc8b2487cc.mp3?hdnea=exp=1781363506~acl=/api/1/1/f/9/e/0/f9e3c4f5360187e40efb78fc8b2487cc.mp3*~data=user_id=0,application_id=42~hmac=9f3326ca21b61779064f519b44d78f1d9f6dc6dfefbaeb4fea27e34fd4eaa526","On 1 list: Wedding Songs 2026"
"(thematic candidate)","","","","A Groovy Kind of Love (2016 Remaster)","Phil Collins","The Singles (Expanded)","134036244","680126","210","false","https://www.deezer.com/us/track/134036244","https://cdnt-preview.dzcdn.net/api/1/1/e/c/a/0/eca6a7ff4b0758571bbf74d4b097e4fe.mp3?hdnea=exp=1781363505~acl=/api/1/1/e/c/a/0/eca6a7ff4b0758571bbf74d4b097e4fe.mp3*~data=user_id=0,application_id=42~hmac=681d90e383864bafd2a77ad29f8ccc4a5c6eec6a1d34ac15d04c80f1ba2e065f","On 1 list: Wedding Songs 2026"
"(thematic candidate)","","","","I'll Be There","Jess Glynne","I'll Be There","491898322","678277","193","false","https://www.deezer.com/us/track/491898322","https://cdnt-preview.dzcdn.net/api/1/1/1/7/c/0/17c6546dece9e6af1e21b9acb2885381.mp3?hdnea=exp=1781363506~acl=/api/1/1/1/7/c/0/17c6546dece9e6af1e21b9acb2885381.mp3*~data=user_id=0,application_id=42~hmac=c1f4789360fdaf3eff29e461e0cf990feb92da08d8de9cc45911cd54fa53e422","On 1 list: Wedding Songs 2026"
"(thematic candidate)","","","","Never Gonna Give You Up","Rick Astley","The Best of Me","3786363472","677307","213","false","https://www.deezer.com/us/track/3786363472","https://cdnt-preview.dzcdn.net/api/1/1/5/9/0/0/590d0aec6e50f2ffb46d5879dca20030.mp3?hdnea=exp=1781363506~acl=/api/1/1/5/9/0/0/590d0aec6e50f2ffb46d5879dca20030.mp3*~data=user_id=0,application_id=42~hmac=31bfe20680c450cb4dfa101793061734ecd16a6382adc8f0a269a9b365d63817","On 1 list: Wedding Songs 2026"
"(thematic candidate)","","","","I Got You Babe","UB40","The Very Best Of UB40","3129573","676817","190","false","https://www.deezer.com/us/track/3129573","https://cdnt-preview.dzcdn.net/api/1/1/5/0/a/0/50aafaa02dc2ff9440254be9cc575680.mp3?hdnea=exp=1781363510~acl=/api/1/1/5/0/a/0/50aafaa02dc2ff9440254be9cc575680.mp3*~data=user_id=0,application_id=42~hmac=6b1342b598491986134d1223cf542e6385e79c690ce8bf0127b2560426a78505","On 1 list: Wedding First Dance Songs"
"(thematic candidate)","","","","This Town","Niall Horan","This Town","133135660","675224","233","false","https://www.deezer.com/us/track/133135660","https://cdnt-preview.dzcdn.net/api/1/1/e/6/7/0/e6765c26ce38bd396e634f5a1fe017b4.mp3?hdnea=exp=1781363507~acl=/api/1/1/e/6/7/0/e6765c26ce38bd396e634f5a1fe017b4.mp3*~data=user_id=0,application_id=42~hmac=462ef8a4c94ea660a78d880f7f96518c2d0e6dd2e6615fee2cfe31a31b08ab33","On 1 list: Wedding Songs"
"(thematic candidate)","","","","I'm Kissing You","Des'ree","Supernatural","866832","674003","292","false","https://www.deezer.com/us/track/866832","https://cdnt-preview.dzcdn.net/api/1/1/7/4/7/0/7474234fba27712fd3dd46e6d1db23c8.mp3?hdnea=exp=1781363510~acl=/api/1/1/7/4/7/0/7474234fba27712fd3dd46e6d1db23c8.mp3*~data=user_id=0,application_id=42~hmac=8ad7def08c3e65cbbdee41cc99391ff30f8c933d5ad3bf8dc349afde0841c4ea","On 1 list: Wedding First Dance Songs"
"(thematic candidate)","","","","Fergalicious","Fergie","The Dutchess Deluxe","882287","673043","292","true","https://www.deezer.com/us/track/882287","https://cdnt-preview.dzcdn.net/api/1/1/0/6/4/0/0642deca134b57741a090d7ac91bcc23.mp3?hdnea=exp=1781363511~acl=/api/1/1/0/6/4/0/0642deca134b57741a090d7ac91bcc23.mp3*~data=user_id=0,application_id=42~hmac=79dfbe842f86bb6efc541980c3c37691cb4452e09b071d9ae80e169398e6e520","On 1 list: Wedding Reception BANGERS"
"(thematic candidate)","","","","(You Make Me Feel Like) A Natural Woman","Aretha Franklin","Lady Soul (With Bonus Selections)","904774","672653","165","false","https://www.deezer.com/us/track/904774","https://cdnt-preview.dzcdn.net/api/1/1/4/5/b/0/45b2ee7c192ec1c5a4ee0a74b3b74546.mp3?hdnea=exp=1781363505~acl=/api/1/1/4/5/b/0/45b2ee7c192ec1c5a4ee0a74b3b74546.mp3*~data=user_id=0,application_id=42~hmac=8de1c695509d0cdce09549263ccba9c9ba438a04d2a8e44216fce25d7c574c6e","On 1 list: Wedding Songs 2026"
"(thematic candidate)","","","","Le Freak (Edit)","Chic","Les Plus Grands Success De Chic - Chic's Greatest Hits","684172","668214","215","false","https://www.deezer.com/us/track/684172","https://cdnt-preview.dzcdn.net/api/1/1/4/9/5/0/495846815d9048eed7648a699cd7ab68.mp3?hdnea=exp=1781363506~acl=/api/1/1/4/9/5/0/495846815d9048eed7648a699cd7ab68.mp3*~data=user_id=0,application_id=42~hmac=2a86ddb9a81cac6ee8132d3d9e5f31e11c68d4bd2e06ccb85b658886bd49089b","On 1 list: Wedding Songs 2026"
"(thematic candidate)","","","","About Damn Time","Lizzo","Special","1818665207","667128","191","true","https://www.deezer.com/us/track/1818665207","https://cdnt-preview.dzcdn.net/api/1/1/8/1/e/0/81ecb311a6316b318bf1e7e623386145.mp3?hdnea=exp=1781363506~acl=/api/1/1/8/1/e/0/81ecb311a6316b318bf1e7e623386145.mp3*~data=user_id=0,application_id=42~hmac=ad033758d779332ea57b42c825e5e42869ab2b00c1c9f9d7c63fab1739ea691e","On 1 list: Wedding Songs 2026"
"(thematic candidate)","","","","These Arms of Mine","Otis Redding","The Very Best of Otis Redding","722589","663739","154","false","https://www.deezer.com/us/track/722589","https://cdnt-preview.dzcdn.net/api/1/1/e/a/f/0/eaf390874bc557dfc5cdceb20ef36b1d.mp3?hdnea=exp=1781363510~acl=/api/1/1/e/a/f/0/eaf390874bc557dfc5cdceb20ef36b1d.mp3*~data=user_id=0,application_id=42~hmac=dd1474b88d419f4a92854ea228de940d63eb4e77b92035983c5029a00ef9b5d7","On 1 list: Wedding First Dance Songs"
"(thematic candidate)","","","","She's The One","Robbie Williams","I've Been Expecting You","3099009","661139","258","false","https://www.deezer.com/us/track/3099009","https://cdnt-preview.dzcdn.net/api/1/1/d/e/b/0/deb3a26eea73fa1d25dccfe5b6d6676a.mp3?hdnea=exp=1781363509~acl=/api/1/1/d/e/b/0/deb3a26eea73fa1d25dccfe5b6d6676a.mp3*~data=user_id=0,application_id=42~hmac=f41820482eadb4fba9b8b7616a5b640f9bbe24ebcbba1c80c7d49b22c52bac13","On 1 list: Wedding First Dance Songs"
"(thematic candidate)","","","","Falling Like The Stars","James Arthur","Falling Like The Stars","670664512","659527","212","false","https://www.deezer.com/us/track/670664512","https://cdnt-preview.dzcdn.net/api/1/1/a/8/f/0/a8fe24237843021f75603bac0dea3f53.mp3?hdnea=exp=1781363511~acl=/api/1/1/a/8/f/0/a8fe24237843021f75603bac0dea3f53.mp3*~data=user_id=0,application_id=42~hmac=183480bb78e497345bbcf9a156000b5fb0693f2749d46c4c814678c99338cccd","On 1 list: 2023 - Top Wedding Slow First Dance Songs"
"(thematic candidate)","","","","Little Things","One Direction","Take Me Home","61644197","656426","219","false","https://www.deezer.com/us/track/61644197","https://cdnt-preview.dzcdn.net/api/1/1/7/6/d/0/76d644389bdad8c232ef8effc4b3c377.mp3?hdnea=exp=1781363509~acl=/api/1/1/7/6/d/0/76d644389bdad8c232ef8effc4b3c377.mp3*~data=user_id=0,application_id=42~hmac=812d183f21110709c02f32a23b6928b13679fe0797fbe86b476e5c409c559340","On 1 list: Wedding First Dance Songs"
"(thematic candidate)","","","","ALL MY LOVE","Coldplay","Moon Music","3024257821","653634","222","false","https://www.deezer.com/us/track/3024257821","https://cdnt-preview.dzcdn.net/api/1/1/4/1/9/0/419d2522fa9f9b57de4fa810b23b5280.mp3?hdnea=exp=1781363505~acl=/api/1/1/4/1/9/0/419d2522fa9f9b57de4fa810b23b5280.mp3*~data=user_id=0,application_id=42~hmac=fcbf21856071993f6f6e94d9d02226682a10141bc43d34a96ce575b8f2eca7cb","On 1 list: Wedding Songs 2026"
"(thematic candidate)","","","","(I Can't Help) Falling In Love With You","UB40","The Very Best Of UB40","3129579","653235","204","false","https://www.deezer.com/us/track/3129579","https://cdnt-preview.dzcdn.net/api/1/1/b/8/d/0/b8d438ae04d366eb0494a6506c3e34f9.mp3?hdnea=exp=1781363509~acl=/api/1/1/b/8/d/0/b8d438ae04d366eb0494a6506c3e34f9.mp3*~data=user_id=0,application_id=42~hmac=80841851360d75eb20934ebfb3280de61a0d6b5a27b2140788e3d28ed4cd3fcf","On 1 list: Wedding First Dance Songs"
"(thematic candidate)","","","","Everywhere (2017 Remaster)","Fleetwood Mac","Tango in the Night (2017 Remaster)","341017531","646524","226","false","https://www.deezer.com/us/track/341017531","https://cdnt-preview.dzcdn.net/api/1/1/e/4/6/0/e46138e6d65ddaab234f5d31caf73909.mp3?hdnea=exp=1781363505~acl=/api/1/1/e/4/6/0/e46138e6d65ddaab234f5d31caf73909.mp3*~data=user_id=0,application_id=42~hmac=a3e6f2ed259d31e5852985ac2857c07de2a80279eb7825ddb47b1420d4493a95","On 1 list: Wedding Songs 2026"
"(thematic candidate)","","","","I Like It","Enrique Iglesias","Euphoria","10202477","646362","232","false","https://www.deezer.com/us/track/10202477","https://cdnt-preview.dzcdn.net/api/1/1/5/1/5/0/515c1b8bdfdff321b06fc9f7b91d71db.mp3?hdnea=exp=1781363511~acl=/api/1/1/5/1/5/0/515c1b8bdfdff321b06fc9f7b91d71db.mp3*~data=user_id=0,application_id=42~hmac=a5463f31383e7e540eff17c04586cdb055239a6227b1476fdd2ef0033eea0b67","On 1 list: Wedding Reception BANGERS"
"(thematic candidate)","","","","The Kind of Love We Make","Luke Combs","The Kind of Love We Make","1786183077","643762","224","false","https://www.deezer.com/us/track/1786183077","https://cdnt-preview.dzcdn.net/api/1/1/7/2/3/0/723916ca980420a6a9442c57e32a01f9.mp3?hdnea=exp=1781363511~acl=/api/1/1/7/2/3/0/723916ca980420a6a9442c57e32a01f9.mp3*~data=user_id=0,application_id=42~hmac=90a696f94a085d9db62f58beb7db24ea2900065df2cbd878f920ea400eabd114","On 1 list: 2023 - Top Wedding Slow First Dance Songs"
"(thematic candidate)","","","","How Long Will I Love You (Bonus Track)","Ellie Goulding","Halcyon Days (Deluxe)","78176597","640680","153","false","https://www.deezer.com/us/track/78176597","https://cdnt-preview.dzcdn.net/api/1/1/5/e/7/0/5e7e91e4b86a15338bd3dacdc8398cbb.mp3?hdnea=exp=1781363511~acl=/api/1/1/5/e/7/0/5e7e91e4b86a15338bd3dacdc8398cbb.mp3*~data=user_id=0,application_id=42~hmac=82f2a71b508a96ce1617e9406bd5386bc4d40db0dff5027d9b785b5491c7d432","On 1 list: 2023 - Top Wedding Slow First Dance Songs"
"(thematic candidate)","","","","Bloom (Bonus Track)","The Paper Kites","Woodland","1648025012","638621","210","false","https://www.deezer.com/us/track/1648025012","https://cdnt-preview.dzcdn.net/api/1/1/1/2/3/0/1234e8f18ec84e0e2e40846c611f06c1.mp3?hdnea=exp=1781363505~acl=/api/1/1/1/2/3/0/1234e8f18ec84e0e2e40846c611f06c1.mp3*~data=user_id=0,application_id=42~hmac=d25bceb19aac549401d46b0f1c97bbf7f5acc20df17ebd2aaf48f4ee568e8790","On 1 list: Wedding Songs 2026"
"(thematic candidate)","","","","Snap Yo Fingers","Lil Jon","Snap Yo Fingers - Single","2594366","635364","274","false","https://www.deezer.com/us/track/2594366","https://cdnt-preview.dzcdn.net/api/1/1/3/c/c/0/3cc69ed4ccd23d31080fd71071ca1bb8.mp3?hdnea=exp=1781363511~acl=/api/1/1/3/c/c/0/3cc69ed4ccd23d31080fd71071ca1bb8.mp3*~data=user_id=0,application_id=42~hmac=984bd28835d4d2749402ad27634795860df761eea2469710fb9d7e4b04ea235e","On 1 list: Wedding Reception BANGERS"
"(thematic candidate)","","","","Up Where We Belong","Joe Cocker","The Ultimate Collection 1968-2003","3156388","635261","233","false","https://www.deezer.com/us/track/3156388","https://cdnt-preview.dzcdn.net/api/1/1/c/9/b/0/c9b03123ef5ca008a52176f12b67d89c.mp3?hdnea=exp=1781363509~acl=/api/1/1/c/9/b/0/c9b03123ef5ca008a52176f12b67d89c.mp3*~data=user_id=0,application_id=42~hmac=61ba0134a2283608db84f68868c190d3d5c63b84225f70fd3bf4955d489f12c7","On 1 list: Wedding First Dance Songs"
"(thematic candidate)","","","","Hold My Hand","Jess Glynne","I Cry When I Laugh","105499622","632539","227","false","https://www.deezer.com/us/track/105499622","https://cdnt-preview.dzcdn.net/api/1/1/4/9/6/0/49601e8d76ce4a73bebd27084c9335b7.mp3?hdnea=exp=1781363506~acl=/api/1/1/4/9/6/0/49601e8d76ce4a73bebd27084c9335b7.mp3*~data=user_id=0,application_id=42~hmac=27e2e17bd20ddacf99ea23f2a15dcdad9ddc2576727ac870dad2f9e135c800db","On 1 list: Wedding Songs 2026"
"(thematic candidate)","","","","All My Life","K-Ci & JoJo","Love Always","2428523","629936","331","false","https://www.deezer.com/us/track/2428523","https://cdnt-preview.dzcdn.net/api/1/1/8/3/a/0/83af0999dfc9f3083c0147f67148fe08.mp3?hdnea=exp=1781363509~acl=/api/1/1/8/3/a/0/83af0999dfc9f3083c0147f67148fe08.mp3*~data=user_id=0,application_id=42~hmac=c07cacb1f7f0284f19b02509a5fae345f3941dfe20a2a6dfe270a6e20c3a88cd","On 1 list: Wedding First Dance Songs"
"(thematic candidate)","","","","Meant to Be (feat. Florida Georgia Line)","Bebe Rexha","All Your Fault: Pt. 2","391786232","629410","163","false","https://www.deezer.com/us/track/391786232","https://cdnt-preview.dzcdn.net/api/1/1/3/a/9/0/3a93794c63195a841df537ff64439670.mp3?hdnea=exp=1781363505~acl=/api/1/1/3/a/9/0/3a93794c63195a841df537ff64439670.mp3*~data=user_id=0,application_id=42~hmac=d633cb8aa41f81b75e22bea4c0a7e0a8fac54be7bf112fccba7284ec10c5730d","On 1 list: Wedding Songs 2026"
"(thematic candidate)","","","","This Is It","Michael Jackson","Michael Jackson's This Is It","4763166","625749","216","false","https://www.deezer.com/us/track/4763166","https://cdnt-preview.dzcdn.net/api/1/1/d/1/0/0/d101b9734ab51897205dad4d79603e7f.mp3?hdnea=exp=1781363509~acl=/api/1/1/d/1/0/0/d101b9734ab51897205dad4d79603e7f.mp3*~data=user_id=0,application_id=42~hmac=caba393ca5ae0262ba40ecd942877c44dd99d58a4cf6b3076393e840924cd33a","On 1 list: Wedding First Dance Songs"
"(thematic candidate)","","","","Kiss from a Rose","Seal","Hits","4688230","621098","288","false","https://www.deezer.com/us/track/4688230","https://cdnt-preview.dzcdn.net/api/1/1/b/d/8/0/bd84572b48d3f9fb77e4db0c84559acc.mp3?hdnea=exp=1781363509~acl=/api/1/1/b/d/8/0/bd84572b48d3f9fb77e4db0c84559acc.mp3*~data=user_id=0,application_id=42~hmac=a28d0ccacc073ac22f84adc2a693d7149bfd6c1c555e908f38649e74fd4b6bbb","On 1 list: Wedding First Dance Songs"
"(thematic candidate)","","","","Songbird (2004 Remaster)","Fleetwood Mac","Rumours","63480991","617979","200","false","https://www.deezer.com/us/track/63480991","https://cdnt-preview.dzcdn.net/api/1/1/a/d/9/0/ad94901612b6c2b856990ed1f0b801b3.mp3?hdnea=exp=1781363505~acl=/api/1/1/a/d/9/0/ad94901612b6c2b856990ed1f0b801b3.mp3*~data=user_id=0,application_id=42~hmac=7438f4e29d2ec1c8df5fb2f3a301f80fc5972a42ff1f33566a38d5ae3ca1e7e9","On 1 list: Wedding Songs 2026"
"(thematic candidate)","","","","Can't Get You out of My Head","Kylie Minogue","Can't Get You out of My Head","3138703","616552","231","false","https://www.deezer.com/us/track/3138703","https://cdnt-preview.dzcdn.net/api/1/1/9/8/7/0/987e0ee98392ffda54cb5efd87ea3f20.mp3?hdnea=exp=1781363506~acl=/api/1/1/9/8/7/0/987e0ee98392ffda54cb5efd87ea3f20.mp3*~data=user_id=0,application_id=42~hmac=9ac0847e483b67d3617fc6d92bf41dd0f129218861e2c93ba4d14da0d3e9671c","On 1 list: Wedding Songs 2026"
"(thematic candidate)","","","","Spinning Around","Kylie Minogue","Light Years","3151534","615418","206","false","https://www.deezer.com/us/track/3151534","https://cdnt-preview.dzcdn.net/api/1/1/a/8/1/0/a810627fb694817f9f1bfaa9a3d16832.mp3?hdnea=exp=1781363506~acl=/api/1/1/a/8/1/0/a810627fb694817f9f1bfaa9a3d16832.mp3*~data=user_id=0,application_id=42~hmac=e905a68bd6bd2aeb3904ed5a3a01c450e294655c1084b5b10a8288282ccc9252","On 1 list: Wedding Songs 2026"
"(thematic candidate)","","","","Nothing Can Change This Love","Sam Cooke","The Best of Sam Cooke","119940706","612918","156","false","https://www.deezer.com/us/track/119940706","https://cdnt-preview.dzcdn.net/api/1/1/e/3/b/0/e3bbb53fe0cd2945ea7f27e103d7e26c.mp3?hdnea=exp=1781363511~acl=/api/1/1/e/3/b/0/e3bbb53fe0cd2945ea7f27e103d7e26c.mp3*~data=user_id=0,application_id=42~hmac=f6c1aae2e4bc217f5fe8f94756505d1b82f103c83beb7e646e54c11fb660577d","On 1 list: 2023 - Top Wedding Slow First Dance Songs"
"(thematic candidate)","","","","Candy","Paolo Nutini","Sunny Side Up","3607486","612656","298","false","https://www.deezer.com/us/track/3607486","https://cdnt-preview.dzcdn.net/api/1/1/7/f/4/0/7f4a9e015a764d585c8900fcd8adf682.mp3?hdnea=exp=1781363505~acl=/api/1/1/7/f/4/0/7f4a9e015a764d585c8900fcd8adf682.mp3*~data=user_id=0,application_id=42~hmac=0f37e5d4e2699ecc5d12517a648c4c1de47df3ee29b36d55cea96e132d680e9f","On 1 list: Wedding Songs 2026"
"(thematic candidate)","","","","Waiting for a Girl like You (2008 Remaster)","Foreigner","No End in Sight: The Very Best of Foreigner","977947","608222","289","false","https://www.deezer.com/us/track/977947","https://cdnt-preview.dzcdn.net/api/1/1/c/3/7/0/c37e20934174aaf59695f1800b016bdb.mp3?hdnea=exp=1781363510~acl=/api/1/1/c/3/7/0/c37e20934174aaf59695f1800b016bdb.mp3*~data=user_id=0,application_id=42~hmac=c418c3f568aded22d90abf8905895f1b9df5fd52bc163e25326cd71c3be96236","On 1 list: Wedding First Dance Songs"
"(thematic candidate)","","","","Open Arms","Journey","The Essential Journey","625672","606123","199","false","https://www.deezer.com/us/track/625672","https://cdnt-preview.dzcdn.net/api/1/1/1/8/6/0/186c99377efc08fcf102a840020bf17c.mp3?hdnea=exp=1781363506~acl=/api/1/1/1/8/6/0/186c99377efc08fcf102a840020bf17c.mp3*~data=user_id=0,application_id=42~hmac=730007be5be5900e30bc6fa68e7c0e4338e44a98ce1ca008442e204a320b16a7","On 1 list: Wedding Reception Party | Bride & Groom"
"(thematic candidate)","","","","I Can't Help Myself (Sugar Pie, Honey Bunch)","Four Tops","20th Century Masters: The Millennium Collection: Best Of The Four Tops","1582310","605703","163","false","https://www.deezer.com/us/track/1582310","https://cdnt-preview.dzcdn.net/api/1/1/2/d/c/0/2dc352ba2f2140fdb8b2671e7c918748.mp3?hdnea=exp=1781363507~acl=/api/1/1/2/d/c/0/2dc352ba2f2140fdb8b2671e7c918748.mp3*~data=user_id=0,application_id=42~hmac=f8d1517066334d6ead8bd5cd4d5dffaa4a45a1f74462ed7456eaffb7c5d2968d","On 1 list: Wedding Songs"
"(thematic candidate)","","","","High","Lighthouse Family","Postcards From Heaven","4668258","604157","308","false","https://www.deezer.com/us/track/4668258","https://cdnt-preview.dzcdn.net/api/1/1/c/e/4/0/ce4362597bed21316cee1956d105ea6b.mp3?hdnea=exp=1781363509~acl=/api/1/1/c/e/4/0/ce4362597bed21316cee1956d105ea6b.mp3*~data=user_id=0,application_id=42~hmac=53513be590e553a25f0b9aa669b79fb4e380a25584c4c585b96a7347834459aa","On 1 list: Wedding First Dance Songs"
"(thematic candidate)","","","","One And Only","Adele","21","8086134","601350","348","false","https://www.deezer.com/us/track/8086134","https://cdnt-preview.dzcdn.net/api/1/1/f/b/1/0/fb185649172bce60bd735ac66934e926.mp3?hdnea=exp=1781363510~acl=/api/1/1/f/b/1/0/fb185649172bce60bd735ac66934e926.mp3*~data=user_id=0,application_id=42~hmac=dfc2de257ea72c9800534504b83969b3db78183fb0b8349ee9b4051cf4e5c121","On 1 list: Wedding First Dance Songs"
"(thematic candidate)","","","","I Won't Let You Go","James Morrison","The Awakening","13020574","592765","229","false","https://www.deezer.com/us/track/13020574","https://cdnt-preview.dzcdn.net/api/1/1/8/8/8/0/8881d496d9647a0b778269f9b73af149.mp3?hdnea=exp=1781363509~acl=/api/1/1/8/8/8/0/8881d496d9647a0b778269f9b73af149.mp3*~data=user_id=0,application_id=42~hmac=1047cdf2d5236f571174e96d9b3d6123021e7d4803b99e1e6b333736f2ed8e8c","On 1 list: Wedding First Dance Songs"
"(thematic candidate)","","","","(Sittin' On) the Dock of the Bay (Mono)","Otis Redding","The Dock of the Bay (Mono)","90859071","591271","163","false","https://www.deezer.com/us/track/90859071","https://cdnt-preview.dzcdn.net/api/1/1/4/4/e/0/44ec4df06736a24f474f5153b198ab2d.mp3?hdnea=exp=1781363505~acl=/api/1/1/4/4/e/0/44ec4df06736a24f474f5153b198ab2d.mp3*~data=user_id=0,application_id=42~hmac=688bf531915e1ccacb7dd7c8884b2973bac470b4395a99ab2e35fca4182a4c5f","On 1 list: Wedding Songs 2026"
"(thematic candidate)","","","","Low (feat. T-Pain)","Flo Rida","Mail on Sunday","786826","589470","231","false","https://www.deezer.com/us/track/786826","https://cdnt-preview.dzcdn.net/api/1/1/9/2/f/0/92fd4d977c3f46f172facd1d7c6a548d.mp3?hdnea=exp=1781363511~acl=/api/1/1/9/2/f/0/92fd4d977c3f46f172facd1d7c6a548d.mp3*~data=user_id=0,application_id=42~hmac=06dcc3b10d1b4f21c02605a1f603114f8b2b303e0ad2371ed22908c113f31a00","On 1 list: Wedding Reception BANGERS"
"(thematic candidate)","","","","Can't Help Falling in Love - Single","Haley Reinhart","Can't Help Falling in Love - Single","390901081","589466","173","false","https://www.deezer.com/us/track/390901081","https://cdnt-preview.dzcdn.net/api/1/1/4/3/a/0/43ace3553d8bd1635c53be980634286e.mp3?hdnea=exp=1781363511~acl=/api/1/1/4/3/a/0/43ace3553d8bd1635c53be980634286e.mp3*~data=user_id=0,application_id=42~hmac=5cadc0deae15cf4332d0659120e76b6f9d2c5ed353857810ac1c9c5c9b61d34a","On 1 list: 2023 - Top Wedding Slow First Dance Songs"
"(thematic candidate)","","","","Run","Leona Lewis","Spirit","2485011","589092","312","false","https://www.deezer.com/us/track/2485011","https://cdnt-preview.dzcdn.net/api/1/1/1/e/6/0/1e633b7122563264f0e6e765ce5ccdf8.mp3?hdnea=exp=1781363509~acl=/api/1/1/1/e/6/0/1e633b7122563264f0e6e765ce5ccdf8.mp3*~data=user_id=0,application_id=42~hmac=577a123d5d6c29965d115740a59e8b9e35f135825b312c880949b2d933bbf7a3","On 1 list: Wedding First Dance Songs"
"(thematic candidate)","","","","Wind Beneath My Wings","Bette Midler","Experience The Divine (Greatest Hits)","3616256","583594","293","false","https://www.deezer.com/us/track/3616256","https://cdnt-preview.dzcdn.net/api/1/1/f/3/c/0/f3c8c2f8c0625f783bad1996ed91f476.mp3?hdnea=exp=1781363509~acl=/api/1/1/f/3/c/0/f3c8c2f8c0625f783bad1996ed91f476.mp3*~data=user_id=0,application_id=42~hmac=66764e37f2a65d99585f36fdd9255cfddb3d37e3bc08f146ad969f2f85425426","On 1 list: Wedding First Dance Songs"
"(thematic candidate)","","","","In Case You Didn't Know","Brett Young","Brett Young","141820983","582806","227","false","https://www.deezer.com/us/track/141820983","https://cdnt-preview.dzcdn.net/api/1/1/f/d/4/0/fd4929c9df47e19cea3f3a87e36c972d.mp3?hdnea=exp=1781363511~acl=/api/1/1/f/d/4/0/fd4929c9df47e19cea3f3a87e36c972d.mp3*~data=user_id=0,application_id=42~hmac=508303fa305131a22cb3d115db39ffa82d605bace45abb991decb71dadfbe024","On 1 list: 2023 - Top Wedding Slow First Dance Songs"
"(thematic candidate)","","","","Beautiful Crazy","Luke Combs","This One's for You Too (Deluxe Edition)","504533172","582191","193","false","https://www.deezer.com/us/track/504533172","https://cdnt-preview.dzcdn.net/api/1/1/6/e/5/0/6e5d24af53459c26861dbac0d5f38a9f.mp3?hdnea=exp=1781363511~acl=/api/1/1/6/e/5/0/6e5d24af53459c26861dbac0d5f38a9f.mp3*~data=user_id=0,application_id=42~hmac=21611ab020194bb73531db58e5d3a45365e7bf4350e008f78c04dab78bc6bb46","On 1 list: 2023 - Top Wedding Slow First Dance Songs"
"(thematic candidate)","","","","Turning Page","Sleeping At Last","The Twilight Saga: Breaking Dawn - Part 1 (Original Motion Picture Soundtrack)","14499482","581551","255","false","https://www.deezer.com/us/track/14499482","https://cdnt-preview.dzcdn.net/api/1/1/7/2/b/0/72b533afcb6c88d1c311a606b0575bd5.mp3?hdnea=exp=1781363509~acl=/api/1/1/7/2/b/0/72b533afcb6c88d1c311a606b0575bd5.mp3*~data=user_id=0,application_id=42~hmac=a2c5d6345e43aa32de8010861529891da3c6db0ab8bdb28f11579549f61a4694","On 1 list: Wedding First Dance Songs"
"(thematic candidate)","","","","XO","John Mayer","XO","78712307","578884","213","false","https://www.deezer.com/us/track/78712307","https://cdnt-preview.dzcdn.net/api/1/1/f/1/3/0/f13c62f5b0578dd4fb96d24cc3a341ae.mp3?hdnea=exp=1781363511~acl=/api/1/1/f/1/3/0/f13c62f5b0578dd4fb96d24cc3a341ae.mp3*~data=user_id=0,application_id=42~hmac=f66a64ca4767ceff37e47b7a351844e9178db61e27eb34154cfae57f56cc5972","On 1 list: 2023 - Top Wedding Slow First Dance Songs"
"(thematic candidate)","","","","I Got You","Jack Johnson","From Here To Now To You","70389704","578775","179","false","https://www.deezer.com/us/track/70389704","https://cdnt-preview.dzcdn.net/api/1/1/d/f/e/0/dfeec3c7f7d9233e268c324b79744728.mp3?hdnea=exp=1781363510~acl=/api/1/1/d/f/e/0/dfeec3c7f7d9233e268c324b79744728.mp3*~data=user_id=0,application_id=42~hmac=7d73b74ba3914fb84bf21fccffef53368b4ee46519d7721afa6b233391687c12","On 1 list: Wedding First Dance Songs"
"(thematic candidate)","","","","I Will Always Love You","Dolly Parton","Jolene (Expanded Edition)","567771","577487","174","false","https://www.deezer.com/us/track/567771","https://cdnt-preview.dzcdn.net/api/1/1/e/7/a/0/e7a5c1cdd04358c3c985965f68ad3a96.mp3?hdnea=exp=1781363505~acl=/api/1/1/e/7/a/0/e7a5c1cdd04358c3c985965f68ad3a96.mp3*~data=user_id=0,application_id=42~hmac=93757613ac68b5a6cd9da367f46ce111a0aa17c1470303ff8fee1cf891f605bc","On 1 list: Wedding Songs 2026"
"(thematic candidate)","","","","This Is Me","Keala Settle","This Is Me","420269112","577330","234","false","https://www.deezer.com/us/track/420269112","https://cdnt-preview.dzcdn.net/api/1/1/8/4/e/0/84e5e5d23e4ab950f2aa2137bb9ffe30.mp3?hdnea=exp=1781363506~acl=/api/1/1/8/4/e/0/84e5e5d23e4ab950f2aa2137bb9ffe30.mp3*~data=user_id=0,application_id=42~hmac=77c89fd391d39e09723b252a1aa9abdf3adc74a6735e22fde10cdcb133e69fe0","On 1 list: Wedding Songs 2026"
"(thematic candidate)","","","","How Would You Feel (Paean)","Ed Sheeran","÷ (Deluxe)","142986218","577028","280","false","https://www.deezer.com/us/track/142986218","https://cdnt-preview.dzcdn.net/api/1/1/c/c/f/0/ccfc28abe8e089d6b70e320067400d51.mp3?hdnea=exp=1781363511~acl=/api/1/1/c/c/f/0/ccfc28abe8e089d6b70e320067400d51.mp3*~data=user_id=0,application_id=42~hmac=62c4e46567bef654278d9d429426096ac271de2cf836f00fe5f160e0bcb7753b","On 1 list: 2023 - Top Wedding Slow First Dance Songs"
"(thematic candidate)","","","","Fun (feat. Chris Brown)","Pitbull","Globalization","89597763","575759","202","false","https://www.deezer.com/us/track/89597763","https://cdnt-preview.dzcdn.net/api/1/1/d/4/a/0/d4ad56ebbd0e34f79bad1009f7ceac6c.mp3?hdnea=exp=1781363511~acl=/api/1/1/d/4/a/0/d4ad56ebbd0e34f79bad1009f7ceac6c.mp3*~data=user_id=0,application_id=42~hmac=f020d2b143181efbb27aa627884bea561318305a1f9c649178af8d177eb406f2","On 1 list: Wedding Reception BANGERS"
"(thematic candidate)","","","","Crazy Little Thing Called Love (Remastered 2011)","Queen","Greatest Hits (Remastered)","67503800","575441","164","false","https://www.deezer.com/us/track/67503800","https://cdnt-preview.dzcdn.net/api/1/1/7/0/9/0/709de4c89cb0443f66c243975dc2ca10.mp3?hdnea=exp=1781363510~acl=/api/1/1/7/0/9/0/709de4c89cb0443f66c243975dc2ca10.mp3*~data=user_id=0,application_id=42~hmac=296aade722845cc4ca89db50d672c2877a38f9b519599bea167aca52b8f654a5","On 1 list: Wedding First Dance Songs"
"(thematic candidate)","","","","Conversations in the Dark","John Legend","Conversations in the Dark","848196042","573946","237","false","https://www.deezer.com/us/track/848196042","https://cdnt-preview.dzcdn.net/api/1/1/4/1/f/0/41fb0793c6d6ed483e8084372c1d2326.mp3?hdnea=exp=1781363511~acl=/api/1/1/4/1/f/0/41fb0793c6d6ed483e8084372c1d2326.mp3*~data=user_id=0,application_id=42~hmac=6515d453deba1659c263a85b0ce4085a0d71b0759caf53aafd6ce145e76e353d","On 1 list: 2023 - Top Wedding Slow First Dance Songs"
"(thematic candidate)","","","","When a Man Loves a Woman","Percy Sledge","When a Man Loves a Woman","727540","570215","173","false","https://www.deezer.com/us/track/727540","https://cdnt-preview.dzcdn.net/api/1/1/9/6/5/0/965f54a683740499a5a79af00507da10.mp3?hdnea=exp=1781363505~acl=/api/1/1/9/6/5/0/965f54a683740499a5a79af00507da10.mp3*~data=user_id=0,application_id=42~hmac=9473a4e351d3f14565525b8e64d914a7a0e1545cbceea8e2b5e2e1f7b4a07d4d","On 1 list: Wedding Songs 2026"
"(thematic candidate)","","","","Thank You For Loving Me","Bon Jovi","Crush","89870997","568337","308","false","https://www.deezer.com/us/track/89870997","https://cdnt-preview.dzcdn.net/api/1/1/4/d/a/0/4da139c4655d317a82d9350d96a00188.mp3?hdnea=exp=1781363510~acl=/api/1/1/4/d/a/0/4da139c4655d317a82d9350d96a00188.mp3*~data=user_id=0,application_id=42~hmac=05765fa84727fbb18f3fd41f97e7f070af5b93f243cf2320fec59b4e07ed57cf","On 1 list: Wedding First Dance Songs"
"(thematic candidate)","","","","No Brainer (feat. Justin Bieber, Chance the Rapper & Quavo)","DJ Khaled","No Brainer (feat. Justin Bieber, Chance the Rapper & Quavo)","533193682","567481","260","true","https://www.deezer.com/us/track/533193682","https://cdnt-preview.dzcdn.net/api/1/1/b/f/e/0/bfe9ea05229d71b189418d6072a3afe2.mp3?hdnea=exp=1781363511~acl=/api/1/1/b/f/e/0/bfe9ea05229d71b189418d6072a3afe2.mp3*~data=user_id=0,application_id=42~hmac=996041c9f101bead5ffe09d45e5f841cbf1ec79e3a88c174aa709b238ae12243","On 1 list: Wedding Reception BANGERS"
"(thematic candidate)","","","","Rock and A Hard Place","Bailey Zimmerman","Rock and A Hard Place","1767917347","567134","207","false","https://www.deezer.com/us/track/1767917347","https://cdnt-preview.dzcdn.net/api/1/1/b/8/6/0/b865fe3bb00daceae99cf7d7c6c50fda.mp3?hdnea=exp=1781363505~acl=/api/1/1/b/8/6/0/b865fe3bb00daceae99cf7d7c6c50fda.mp3*~data=user_id=0,application_id=42~hmac=038ab709f4a45e397116e77bba118fdfa00072dce1b37e239ff04f05d2c91594","On 1 list: Wedding Songs 2026"
"(thematic candidate)","","","","Fall In Love","Bailey Zimmerman","Fall In Love","1635715662","561178","232","false","https://www.deezer.com/us/track/1635715662","https://cdnt-preview.dzcdn.net/api/1/1/f/9/9/0/f99a19634edfc3d9625c1ac9e6bdab7e.mp3?hdnea=exp=1781363505~acl=/api/1/1/f/9/9/0/f99a19634edfc3d9625c1ac9e6bdab7e.mp3*~data=user_id=0,application_id=42~hmac=0a379817db0a931dc0af8b657c0de1b7b4be519eb56a4f641e438461429c2076","On 1 list: Wedding Songs 2026"
"(thematic candidate)","","","","Breathe","Faith Hill","Breathe","6641040","558573","250","false","https://www.deezer.com/us/track/6641040","https://cdnt-preview.dzcdn.net/api/1/1/4/a/d/0/4ad197b9369e1b711c3679baf4e277bc.mp3?hdnea=exp=1781363510~acl=/api/1/1/4/a/d/0/4ad197b9369e1b711c3679baf4e277bc.mp3*~data=user_id=0,application_id=42~hmac=c75d784219694d219506ec0c761b58d65bf1eb725ec9fbb4f07d1bd239d621e8","On 1 list: Wedding First Dance Songs"
"(thematic candidate)","","","","Lolly","Maejor Ali","Lolly","70717107","553933","225","true","https://www.deezer.com/us/track/70717107","https://cdnt-preview.dzcdn.net/api/1/1/a/5/1/0/a514bcd0b1fdffa66a7a6b0220d79fc4.mp3?hdnea=exp=1781363511~acl=/api/1/1/a/5/1/0/a514bcd0b1fdffa66a7a6b0220d79fc4.mp3*~data=user_id=0,application_id=42~hmac=f6fc7e29267dea255fe5779e434f254e8781fd0f23db05b48c0da7726a882580","On 1 list: Wedding Reception BANGERS"
"(thematic candidate)","","","","First Times","Ed Sheeran","=","1529509462","548337","185","false","https://www.deezer.com/us/track/1529509462","https://cdnt-preview.dzcdn.net/api/1/1/6/a/1/0/6a1c5234eba4abcad1d3f2a43f954d6f.mp3?hdnea=exp=1781363505~acl=/api/1/1/6/a/1/0/6a1c5234eba4abcad1d3f2a43f954d6f.mp3*~data=user_id=0,application_id=42~hmac=b7d3846dc92f6d26e124a68f0cc8799c5a80f4e7a37f8791e906ab77fc7700d9","On 1 list: Wedding Songs 2026"
"(thematic candidate)","","","","Firestone (Live Acoustic Version)","Kygo","Firestone","106314294","546924","226","false","https://www.deezer.com/us/track/106314294","https://cdnt-preview.dzcdn.net/api/1/1/b/5/c/0/b5cf5b65714ab5e33e9d0996c627c686.mp3?hdnea=exp=1781363511~acl=/api/1/1/b/5/c/0/b5cf5b65714ab5e33e9d0996c627c686.mp3*~data=user_id=0,application_id=42~hmac=c77f3885b43253122f2a45927346b5f7ff2fb9ad28bcda46c44cd46f1a103e09","On 1 list: 2023 - Top Wedding Slow First Dance Songs"
"(thematic candidate)","","","","Feel the Love (feat. John Newman)","Rudimental","Feel the Love (feat. John Newman)","25746611","546393","245","false","https://www.deezer.com/us/track/25746611","https://cdnt-preview.dzcdn.net/api/1/1/6/0/0/0/600d7f15a101457210de2ffd214c4431.mp3?hdnea=exp=1781363507~acl=/api/1/1/6/0/0/0/600d7f15a101457210de2ffd214c4431.mp3*~data=user_id=0,application_id=42~hmac=76849b3e9a320693d277c8f9f8a4df4b6575b465d4a10f4f22ecd1b305ce1913","On 1 list: Wedding Reception Party | Bride & Groom"
"(thematic candidate)","","","","Last Friday Night (T.G.I.F.)","Katy Perry","Teenage Dream","6812359","543753","231","false","https://www.deezer.com/us/track/6812359","https://cdnt-preview.dzcdn.net/api/1/1/5/e/d/0/5edb44ec9dec7d37935ef2170cef0957.mp3?hdnea=exp=1781363511~acl=/api/1/1/5/e/d/0/5edb44ec9dec7d37935ef2170cef0957.mp3*~data=user_id=0,application_id=42~hmac=fdee5a13cfd68725da3e303ab73c763b2aed1760c004527ffde6b775138c21af","On 1 list: Wedding Reception BANGERS"
"(thematic candidate)","","","","Rule The World (Radio Edit)","Take That","Rule The World","1105330","542204","237","false","https://www.deezer.com/us/track/1105330","https://cdnt-preview.dzcdn.net/api/1/1/3/a/9/0/3a98bc48ab9520e0213965be13a971d5.mp3?hdnea=exp=1781363509~acl=/api/1/1/3/a/9/0/3a98bc48ab9520e0213965be13a971d5.mp3*~data=user_id=0,application_id=42~hmac=f5eb9b111089305dc80aa93432858bea3bd84c6ffed0198183704de64ddb88fe","On 1 list: Wedding First Dance Songs"
"(thematic candidate)","","","","Through The Echoes","Paolo Nutini","Last Night In The Bittersweet","1793508117","541664","221","false","https://www.deezer.com/us/track/1793508117","https://cdnt-preview.dzcdn.net/api/1/1/6/e/7/0/6e7a09f75df961f36fb92791ff5a0fa3.mp3?hdnea=exp=1781363505~acl=/api/1/1/6/e/7/0/6e7a09f75df961f36fb92791ff5a0fa3.mp3*~data=user_id=0,application_id=42~hmac=edddd2f2ddfc0400a30f46137586cec978f9816aca84fa03a13feb3d39b26709","On 1 list: Wedding Songs 2026"
"(thematic candidate)","","","","Love Story (Taylor’s Version)","Taylor Swift","Love Story (Taylor’s Version)","1241796632","541613","235","false","https://www.deezer.com/us/track/1241796632","https://cdnt-preview.dzcdn.net/api/1/1/6/4/e/0/64ee8188d680d591b1482976ddc81619.mp3?hdnea=exp=1781363511~acl=/api/1/1/6/4/e/0/64ee8188d680d591b1482976ddc81619.mp3*~data=user_id=0,application_id=42~hmac=f8528b30fa6fab4892b68c8ea4f48843bef35a429446631be26445ac0ee489e3","On 1 list: Wedding Reception BANGERS"
"(thematic candidate)","","","","Let's Go (feat. Ne-Yo)","Calvin Harris","18 Months","61142295","541521","233","false","https://www.deezer.com/us/track/61142295","https://cdnt-preview.dzcdn.net/api/1/1/d/5/f/0/d5f6188b79ccfc10014afd2e25711d9d.mp3?hdnea=exp=1781363511~acl=/api/1/1/d/5/f/0/d5f6188b79ccfc10014afd2e25711d9d.mp3*~data=user_id=0,application_id=42~hmac=652ead11a823ec5d5acb5938778ab6b49b653df2bf10c41e56c39e028e76471c","On 1 list: Wedding Reception BANGERS"
"(thematic candidate)","","","","Let’s Go Home Together","Ella Henderson","Let’s Go Home Together","1235027172","541092","208","false","https://www.deezer.com/us/track/1235027172","https://cdnt-preview.dzcdn.net/api/1/1/e/7/8/0/e787eda9423c68b890c712dbede8a90f.mp3?hdnea=exp=1781363505~acl=/api/1/1/e/7/8/0/e787eda9423c68b890c712dbede8a90f.mp3*~data=user_id=0,application_id=42~hmac=2ca475d8e761cb8e1a44f53e8004ce90809c41bc41f0134907396587a3d92f49","On 1 list: Wedding Songs 2026"
"(thematic candidate)","","","","I Get to Love You","Ruelle","I Get to Love You","118303222","539988","240","false","https://www.deezer.com/us/track/118303222","https://cdnt-preview.dzcdn.net/api/1/1/a/0/3/0/a03ba84199106b130753ad64b8f16fb2.mp3?hdnea=exp=1781363511~acl=/api/1/1/a/0/3/0/a03ba84199106b130753ad64b8f16fb2.mp3*~data=user_id=0,application_id=42~hmac=c6f70745dd2654082eb96d303a07646f3f775d76a5a0edf4247083c81f2988fe","On 1 list: 2023 - Top Wedding Slow First Dance Songs"
"(thematic candidate)","","","","Now And Forever","Richard Marx","Greatest Hits","3087486","539750","212","false","https://www.deezer.com/us/track/3087486","https://cdnt-preview.dzcdn.net/api/1/1/d/6/5/0/d657d63187ff783fb774cd9336c40931.mp3?hdnea=exp=1781363505~acl=/api/1/1/d/6/5/0/d657d63187ff783fb774cd9336c40931.mp3*~data=user_id=0,application_id=42~hmac=1d316a8e594be1702835b8a525ff208bbf6297bcb02b4ce3be25b1f5cd939b2d","On 1 list: Wedding Songs 2026"
"(thematic candidate)","","","","The Way You Look Tonight (2008 Remastered)","Frank Sinatra","Nothing But The Best (2008 Remastered)","71483062","539471","202","false","https://www.deezer.com/us/track/71483062","https://cdnt-preview.dzcdn.net/api/1/1/a/9/9/0/a9902ebe0ddf595409046202bd7187f1.mp3?hdnea=exp=1781363507~acl=/api/1/1/a/9/9/0/a9902ebe0ddf595409046202bd7187f1.mp3*~data=user_id=0,application_id=42~hmac=0447b7993e5a54102e211ff4e9de0e65bf9c2d5cac2f569f807dc3595f0a735d","On 1 list: Wedding Songs"
"(thematic candidate)","","","","Uptown Funk (feat. Bruno Mars)","Mark Ronson","Uptown Funk (feat. Bruno Mars)","89779813","536819","270","false","https://www.deezer.com/us/track/89779813","https://cdnt-preview.dzcdn.net/api/1/1/8/c/c/0/8cca0ca8120cbe427a09b0a9fe48bc86.mp3?hdnea=exp=1781363507~acl=/api/1/1/8/c/c/0/8cca0ca8120cbe427a09b0a9fe48bc86.mp3*~data=user_id=0,application_id=42~hmac=eee6610f7d828dcc3957a09b41c524ffb85f0136de30ac84c0173b3cae627def","On 1 list: Wedding Reception Party | Bride & Groom"
"(thematic candidate)","","","","Mess Is Mine","Vance Joy","Dream Your Life Away","83841460","535046","223","false","https://www.deezer.com/us/track/83841460","https://cdnt-preview.dzcdn.net/api/1/1/3/c/c/0/3cce92ecd98fed552018a81a26707377.mp3?hdnea=exp=1781363505~acl=/api/1/1/3/c/c/0/3cce92ecd98fed552018a81a26707377.mp3*~data=user_id=0,application_id=42~hmac=d3002a46f05cae033d81b55f066c0eb49f3c846324895fe6d16bc87fc63cfb7f","On 1 list: Wedding Songs 2026"
"(thematic candidate)","","","","Yours","Ella Henderson","Chapter One (Deluxe Version)","83111376","530396","169","false","https://www.deezer.com/us/track/83111376","https://cdnt-preview.dzcdn.net/api/1/1/d/8/7/0/d87cb702b653890c0b2f841aa004212f.mp3?hdnea=exp=1781363509~acl=/api/1/1/d/8/7/0/d87cb702b653890c0b2f841aa004212f.mp3*~data=user_id=0,application_id=42~hmac=30dfc769827edecdbe5ce971911b5eea7ca4c97ab2e97d9c34259aae3674d4da","On 1 list: Wedding First Dance Songs"
"(thematic candidate)","","","","Single Ladies (Put A Ring On It)","Beyoncé","I AM...SASHA FIERCE","2553270","530093","193","false","https://www.deezer.com/us/track/2553270","https://cdnt-preview.dzcdn.net/api/1/1/c/2/6/0/c265e3858360f2dc4eea488ad4c79caf.mp3?hdnea=exp=1781363511~acl=/api/1/1/c/2/6/0/c265e3858360f2dc4eea488ad4c79caf.mp3*~data=user_id=0,application_id=42~hmac=7b1f7fe15195cc25af3088892ec50a03da19625d5b36b342a03249567dc84229","On 1 list: Wedding Reception BANGERS"
"(thematic candidate)","","","","Last Night on Earth","Green Day","21st Century Breakdown","3087232","529003","236","false","https://www.deezer.com/us/track/3087232","https://cdnt-preview.dzcdn.net/api/1/1/1/e/e/0/1ee6cf2d557d893dd35c9455ef291c0e.mp3?hdnea=exp=1781363509~acl=/api/1/1/1/e/e/0/1ee6cf2d557d893dd35c9455ef291c0e.mp3*~data=user_id=0,application_id=42~hmac=25119ef011a31725f472840500f52a6d22ceebb37680ea236e41b49c5563961e","On 1 list: Wedding First Dance Songs"
"(thematic candidate)","","","","You're The First, The Last, My Everything (Edit)","Barry White","Music For Partying","907931","527485","212","false","https://www.deezer.com/us/track/907931","https://cdnt-preview.dzcdn.net/api/1/1/6/9/b/0/69b4b431a813fba79bd6b2063704e968.mp3?hdnea=exp=1781363507~acl=/api/1/1/6/9/b/0/69b4b431a813fba79bd6b2063704e968.mp3*~data=user_id=0,application_id=42~hmac=b4273aad810f094d4581ff3191ab110bcdfae33b5eead1ed7d5b424f1bf37403","On 1 list: Wedding Reception Party | Bride & Groom"
"(thematic candidate)","","","","One Day Like This","Elbow","The Seldom Seen Kid","1088130","526712","394","false","https://www.deezer.com/us/track/1088130","https://cdnt-preview.dzcdn.net/api/1/1/9/b/d/0/9bde34b46bffbdd3f2e104b38d7d2b44.mp3?hdnea=exp=1781363509~acl=/api/1/1/9/b/d/0/9bde34b46bffbdd3f2e104b38d7d2b44.mp3*~data=user_id=0,application_id=42~hmac=2b8b7918a1990e68b7ef09e4552328e0162eac57409ce2a68e4447cb3a027bdc","On 1 list: Wedding First Dance Songs"
"(thematic candidate)","","","","You Are So Beautiful","Joe Cocker","The Ultimate Collection 1968-2003","3156389","525623","162","false","https://www.deezer.com/us/track/3156389","https://cdnt-preview.dzcdn.net/api/1/1/d/8/d/0/d8df1170027326dad15b3fb10d2aecc0.mp3?hdnea=exp=1781363509~acl=/api/1/1/d/8/d/0/d8df1170027326dad15b3fb10d2aecc0.mp3*~data=user_id=0,application_id=42~hmac=aa74a164058c7f73b8224a462d91808e7b7b745b560976c4887348948b804a7a","On 1 list: Wedding First Dance Songs"
"(thematic candidate)","","","","Can't Help Falling In Love","Kina Grannis","Crazy Rich Asians (Original Motion Picture Soundtrack)","647645722","522511","201","false","https://www.deezer.com/us/track/647645722","https://cdnt-preview.dzcdn.net/api/1/1/e/d/b/0/edb0a7c5b5a493b86f5d378df6cb3e9b.mp3?hdnea=exp=1781363511~acl=/api/1/1/e/d/b/0/edb0a7c5b5a493b86f5d378df6cb3e9b.mp3*~data=user_id=0,application_id=42~hmac=485e11381274bae2dc9dd8540516906a7d50b8ce5a6239f1a5fbe4f9b2118335","On 1 list: 2023 - Top Wedding Slow First Dance Songs"
"(thematic candidate)","","","","A Whole New World (End Title) (From ""Aladdin"")","ZAYN","A Whole New World (End Title) (From ""Aladdin"")","676012612","521736","242","false","https://www.deezer.com/us/track/676012612","https://cdnt-preview.dzcdn.net/api/1/1/7/8/2/0/7826c348cb038225e228b4531561446f.mp3?hdnea=exp=1781363511~acl=/api/1/1/7/8/2/0/7826c348cb038225e228b4531561446f.mp3*~data=user_id=0,application_id=42~hmac=9fedf0695081c3682b0908d9441cfa5da966e9b0d7a63d1bc3491950b8209b9d","On 1 list: 2023 - Top Wedding Slow First Dance Songs"
"(thematic candidate)","","","","Cupid Shuffle","Cupid","Time for a Change","2680799","520219","231","false","https://www.deezer.com/us/track/2680799","https://cdnt-preview.dzcdn.net/api/1/1/e/d/e/0/ede5934ed90468aea3d1fd837cbeb18c.mp3?hdnea=exp=1781363511~acl=/api/1/1/e/d/e/0/ede5934ed90468aea3d1fd837cbeb18c.mp3*~data=user_id=0,application_id=42~hmac=e33150ea3e17cdc4dd0eeca65916079cfb3c5b9009dcb905119cc190fecf3e37","On 1 list: Wedding Reception BANGERS"
"(thematic candidate)","","","","Come What May (From ""Moulin Rouge"" Soundtrack)","Nicole Kidman","Moulin Rouge","2438254","517216","287","false","https://www.deezer.com/us/track/2438254","https://cdnt-preview.dzcdn.net/api/1/1/e/3/e/0/e3e87c073b4af66a4440daf79384a5db.mp3?hdnea=exp=1781363510~acl=/api/1/1/e/3/e/0/e3e87c073b4af66a4440daf79384a5db.mp3*~data=user_id=0,application_id=42~hmac=2c0a2655129022866584fc3f8bdb296aece5fa8ed71d5488ada8f380e5d2bd82","On 1 list: Wedding First Dance Songs"
"(thematic candidate)","","","","Perfect Day","Lou Reed","Essential - Easy Listening","5149239","514856","211","false","https://www.deezer.com/us/track/5149239","https://cdnt-preview.dzcdn.net/api/1/1/b/6/3/0/b63c0a1530febc21fe02319da2bdda26.mp3?hdnea=exp=1781363506~acl=/api/1/1/b/6/3/0/b63c0a1530febc21fe02319da2bdda26.mp3*~data=user_id=0,application_id=42~hmac=27519946bd776b7527fcb095458d023d2f8a1584bfafaa67234c8bd8676cad92","On 1 list: Wedding Reception Party | Bride & Groom"
"(thematic candidate)","","","","Wherever You Will Go","Charlene Soraia","Wherever You Will Go","78391993","513338","197","false","https://www.deezer.com/us/track/78391993","https://cdnt-preview.dzcdn.net/api/1/1/0/7/e/0/07edcf292c7de05d7543194535261418.mp3?hdnea=exp=1781363509~acl=/api/1/1/0/7/e/0/07edcf292c7de05d7543194535261418.mp3*~data=user_id=0,application_id=42~hmac=0364f7c48cecdafb286d2ec64b905c28570f5024195abc11ece739c25f1484b9","On 1 list: Wedding First Dance Songs"
"(thematic candidate)","","","","You Give Me Something","James Morrison","Our Year (International Version)","929557","512800","216","false","https://www.deezer.com/us/track/929557","https://cdnt-preview.dzcdn.net/api/1/1/4/4/d/0/44d17012f59e71f9d959f6cd9130d570.mp3?hdnea=exp=1781363509~acl=/api/1/1/4/4/d/0/44d17012f59e71f9d959f6cd9130d570.mp3*~data=user_id=0,application_id=42~hmac=0261062cae3ed9b8aafa2e38dad4cdb977cf8b64e23513d947fc14bdd1afbbd8","On 1 list: Wedding First Dance Songs"
"(thematic candidate)","","","","Greatest Day","Take That","The Circus","4710920","510677","239","false","https://www.deezer.com/us/track/4710920","https://cdnt-preview.dzcdn.net/api/1/1/e/2/0/0/e204c3f8c08bfbea35be7c30bbef4093.mp3?hdnea=exp=1781363509~acl=/api/1/1/e/2/0/0/e204c3f8c08bfbea35be7c30bbef4093.mp3*~data=user_id=0,application_id=42~hmac=a5f9b4ee8f26766789ae7cd93aa52bf54a35e98ddcf4ab8c508052798da2468d","On 1 list: Wedding First Dance Songs"
"(thematic candidate)","","","","Time After Time (Time After Time)","Eva Cassidy","Time After Time","2852796","510431","240","false","https://www.deezer.com/us/track/2852796","https://cdnt-preview.dzcdn.net/api/1/1/1/7/1/0/171230282440bbd70f97e6cacc47bee7.mp3?hdnea=exp=1781363505~acl=/api/1/1/1/7/1/0/171230282440bbd70f97e6cacc47bee7.mp3*~data=user_id=0,application_id=42~hmac=d69fc129d5228db3404cc7612daac16d66b0dfa8eaf7578e192d691560bd00d1","On 1 list: Wedding Songs 2026"
"(thematic candidate)","","","","Dancing On The Ceiling","Lionel Richie","Dancing On The Ceiling (Expanded Edition)","905690","510378","270","false","https://www.deezer.com/us/track/905690","https://cdnt-preview.dzcdn.net/api/1/1/5/0/2/0/502136a27e2fbc627b1da2f2f6a9b8c7.mp3?hdnea=exp=1781363506~acl=/api/1/1/5/0/2/0/502136a27e2fbc627b1da2f2f6a9b8c7.mp3*~data=user_id=0,application_id=42~hmac=1092628fb02e8bf8daae7be6b367d37d19cafca806f2572dc3c859ed98a1aa91","On 1 list: Wedding Reception Party | Bride & Groom"
"(thematic candidate)","","","","Angel of Mine","Monica","The Boy Is Mine","958976","509585","250","false","https://www.deezer.com/us/track/958976","https://cdnt-preview.dzcdn.net/api/1/1/b/4/c/0/b4c52e5210ed1efbb7d8f1abcf135e67.mp3?hdnea=exp=1781363510~acl=/api/1/1/b/4/c/0/b4c52e5210ed1efbb7d8f1abcf135e67.mp3*~data=user_id=0,application_id=42~hmac=60e939e9c4e3f4b74b768924aa62b2756622827e91ac52be581e9dd37be4f4eb","On 1 list: Wedding First Dance Songs"
"(thematic candidate)","","","","Grow as We Go","Ben Platt","Sing To Me Instead","647640812","507963","249","false","https://www.deezer.com/us/track/647640812","https://cdnt-preview.dzcdn.net/api/1/1/9/c/8/0/9c8fa4e4781ca8cc79c1308bd0be0170.mp3?hdnea=exp=1781363505~acl=/api/1/1/9/c/8/0/9c8fa4e4781ca8cc79c1308bd0be0170.mp3*~data=user_id=0,application_id=42~hmac=711a27037636b1a2d75c5b52015932e6f9e8b6a1f16e09585d4bb28420f3eabd","On 1 list: Wedding Songs 2026"
"(thematic candidate)","","","","When You Say Nothing At All","Ronan Keating","90s Love Songs","910908","506890","254","false","https://www.deezer.com/us/track/910908","https://cdnt-preview.dzcdn.net/api/1/1/a/4/2/0/a422f2feaad0549ca6c93c19e772049d.mp3?hdnea=exp=1781363509~acl=/api/1/1/a/4/2/0/a422f2feaad0549ca6c93c19e772049d.mp3*~data=user_id=0,application_id=42~hmac=91b3d696f3c3ff2870360489a473fdbf21e909856c351ce325dd201e0006aff5","On 1 list: Wedding First Dance Songs"
"(thematic candidate)","","","","She","Elvis Costello","In Motion Pictures","62471842","506765","186","false","https://www.deezer.com/us/track/62471842","https://cdnt-preview.dzcdn.net/api/1/1/9/f/f/0/9ffb76374f755911d8c3729a404b9029.mp3?hdnea=exp=1781363509~acl=/api/1/1/9/f/f/0/9ffb76374f755911d8c3729a404b9029.mp3*~data=user_id=0,application_id=42~hmac=0e50006a749eebc3ede994f6962b8eb4d90e06a20bb786d178dc0f093bbb976c","On 1 list: Wedding First Dance Songs"
"(thematic candidate)","","","","Fields Of Gold (Songbird)","Eva Cassidy","Songbird","2852933","503244","282","false","https://www.deezer.com/us/track/2852933","https://cdnt-preview.dzcdn.net/api/1/1/e/3/a/0/e3a360b6937272d76244f6f49266aef1.mp3?hdnea=exp=1781363505~acl=/api/1/1/e/3/a/0/e3a360b6937272d76244f6f49266aef1.mp3*~data=user_id=0,application_id=42~hmac=0e45cab459a0db1bdd29f259d06214f6440a130186c3f816c5f8fb1826385275","On 1 list: Wedding Songs 2026"
"(thematic candidate)","","","","Joy Of My Life","Chris Stapleton","Starting Over","1133364482","503141","275","false","https://www.deezer.com/us/track/1133364482","https://cdnt-preview.dzcdn.net/api/1/1/0/3/8/0/038254bb0fa8d4e00825bfe0fb284e8b.mp3?hdnea=exp=1781363511~acl=/api/1/1/0/3/8/0/038254bb0fa8d4e00825bfe0fb284e8b.mp3*~data=user_id=0,application_id=42~hmac=aa03ed7c10fe6ed6e5d7f34ba6bf79d7262852e7ce8027a4467e18ce2e556907","On 1 list: 2023 - Top Wedding Slow First Dance Songs"
"(thematic candidate)","","","","Endless Love","Luther Vandross","Greatest Hits","596020","497983","258","false","https://www.deezer.com/us/track/596020","https://cdnt-preview.dzcdn.net/api/1/1/d/a/2/0/da2c1bf48162c1b0bc814a8aea92f520.mp3?hdnea=exp=1781363509~acl=/api/1/1/d/a/2/0/da2c1bf48162c1b0bc814a8aea92f520.mp3*~data=user_id=0,application_id=42~hmac=c89fd7620c34ee00e2540ef8949e1ed37f3fa22d52b2b6e50f5e619f4cd589db","On 1 list: Wedding First Dance Songs"
"(thematic candidate)","","","","This I Promise You","*NSYNC","No Strings Attached","632495","492684","283","false","https://www.deezer.com/us/track/632495","https://cdnt-preview.dzcdn.net/api/1/1/5/9/5/0/5952a5ac3cee18ed22fe033f2d207c44.mp3?hdnea=exp=1781363509~acl=/api/1/1/5/9/5/0/5952a5ac3cee18ed22fe033f2d207c44.mp3*~data=user_id=0,application_id=42~hmac=4fd25083c9dcccf5b5d854d3c80559b572346521c11d8916e83037352e45855f","On 1 list: Wedding First Dance Songs"
"(thematic candidate)","","","","Beautiful Day","U2","The Best Of 1990-2000","1104578","490697","246","false","https://www.deezer.com/us/track/1104578","https://cdnt-preview.dzcdn.net/api/1/1/f/6/8/0/f689dda5b8f4de5fa2686a0bb52b177b.mp3?hdnea=exp=1781363511~acl=/api/1/1/f/6/8/0/f689dda5b8f4de5fa2686a0bb52b177b.mp3*~data=user_id=0,application_id=42~hmac=d22d2224037cf68b07bc74d365fc313d674f0e7ae6b8f04769af87a0c9f7ddc1","On 1 list: Wedding Reception BANGERS"
"(thematic candidate)","","","","(There Is) No Greater Love","Amy Winehouse","Frank (Deluxe Edition)","924493","487247","128","false","https://www.deezer.com/us/track/924493","https://cdnt-preview.dzcdn.net/api/1/1/c/b/6/0/cb6f238625ab3d803e5350a979a9d4ca.mp3?hdnea=exp=1781363506~acl=/api/1/1/c/b/6/0/cb6f238625ab3d803e5350a979a9d4ca.mp3*~data=user_id=0,application_id=42~hmac=e67ee0b35d9a3f09f1740cf10c465de5656df71e3da26ce92ece0d4438838502","On 1 list: Wedding Reception Party | Bride & Groom"
"(thematic candidate)","","","","You Do Something To Me","Paul Weller","Stanley Road","1177222","481706","218","false","https://www.deezer.com/us/track/1177222","https://cdnt-preview.dzcdn.net/api/1/1/6/e/6/0/6e60512cce2704e13fde0a1d860a9472.mp3?hdnea=exp=1781363509~acl=/api/1/1/6/e/6/0/6e60512cce2704e13fde0a1d860a9472.mp3*~data=user_id=0,application_id=42~hmac=d949ee84fc2d6f9b4a3903329c29c3b93ad990517e814e9472dcca8f6589fdd5","On 1 list: Wedding First Dance Songs"
"(thematic candidate)","","","","No Ordinary Love (Remastered)","Sade","The Ultimate Collection","10686136","480042","440","false","https://www.deezer.com/us/track/10686136","https://cdnt-preview.dzcdn.net/api/1/1/f/a/4/0/fa40ab38fc0cb4c202f4fefa1f8a3d6e.mp3?hdnea=exp=1781363506~acl=/api/1/1/f/a/4/0/fa40ab38fc0cb4c202f4fefa1f8a3d6e.mp3*~data=user_id=0,application_id=42~hmac=338da3258e32d9b6c7f7c46fa6c5fa8441e9cd8e3f85ed9bd754c6c685e11bcc","On 1 list: Wedding Reception Party | Bride & Groom"
"(thematic candidate)","","","","Me and Julio Down by the Schoolyard","Paul Simon","Paul Simon","6581093","474936","164","false","https://www.deezer.com/us/track/6581093","https://cdnt-preview.dzcdn.net/api/1/1/e/a/2/0/ea249bc7e1dd192e2e1ab326794dd18a.mp3?hdnea=exp=1781363506~acl=/api/1/1/e/a/2/0/ea249bc7e1dd192e2e1ab326794dd18a.mp3*~data=user_id=0,application_id=42~hmac=f4ff4de5db0d56434466cc5515d741d7f19d9ea8f5bf87a139e7574272bcd921","On 1 list: Wedding Reception Party | Bride & Groom"
"(thematic candidate)","","","","Give You Love (feat. Jason Derulo)","Jessica Mauboy","Give You Love (feat. Jason Derulo)","2342279045","473316","174","false","https://www.deezer.com/us/track/2342279045","https://cdnt-preview.dzcdn.net/api/1/1/1/9/e/0/19e9e8c9fe9cae6a41cdb2ed905de1aa.mp3?hdnea=exp=1781363505~acl=/api/1/1/1/9/e/0/19e9e8c9fe9cae6a41cdb2ed905de1aa.mp3*~data=user_id=0,application_id=42~hmac=d3363479b9de308cfd91008ecd1f24084ee6bbd72147d90f78a10a394ead6a0c","On 1 list: Wedding Songs 2026"
"(thematic candidate)","","","","First Man","Camila Cabello","Romance","823567872","472769","228","false","https://www.deezer.com/us/track/823567872","https://cdnt-preview.dzcdn.net/api/1/1/3/e/e/0/3ee72cf6c2de2cdf1678cc21dd1183e8.mp3?hdnea=exp=1781363511~acl=/api/1/1/3/e/e/0/3ee72cf6c2de2cdf1678cc21dd1183e8.mp3*~data=user_id=0,application_id=42~hmac=ed93915c3ab51520fc93f7ce7f72fc7115c2cee9699d801b91ad3837e9c63f77","On 1 list: Wedding Reception BANGERS"
"(thematic candidate)","","","","Save the Last Dance for Me","Michael Bublé","It's Time","4368123","469719","218","false","https://www.deezer.com/us/track/4368123","https://cdnt-preview.dzcdn.net/api/1/1/e/d/4/0/ed4b4a7899649b2e28d4f188115b4ae2.mp3?hdnea=exp=1781363509~acl=/api/1/1/e/d/4/0/ed4b4a7899649b2e28d4f188115b4ae2.mp3*~data=user_id=0,application_id=42~hmac=9cb278a7e14fb1235693c157d121a78485d8d0d527644d893dd583763fe7ae99","On 1 list: Wedding First Dance Songs"
"(thematic candidate)","","","","Fire Burning","Sean Kingston","Fire Burning","3031536","468139","243","false","https://www.deezer.com/us/track/3031536","https://cdnt-preview.dzcdn.net/api/1/1/3/c/0/0/3c0ecac86047499ef24ee0d89c4ae299.mp3?hdnea=exp=1781363511~acl=/api/1/1/3/c/0/0/3c0ecac86047499ef24ee0d89c4ae299.mp3*~data=user_id=0,application_id=42~hmac=de3a093c8c8a580ba63260465573997c7ed30b3a04e4f0c1b2a5a423dafaa24e","On 1 list: Wedding Reception BANGERS"
"(thematic candidate)","","","","Feels Like This","Maisie Peters","Dressed Too Nice For A Jacket","576850552","467598","223","false","https://www.deezer.com/us/track/576850552","https://cdnt-preview.dzcdn.net/api/1/1/3/0/4/0/30424e295680daf4c6b3ff2b60cbcd0c.mp3?hdnea=exp=1781363505~acl=/api/1/1/3/0/4/0/30424e295680daf4c6b3ff2b60cbcd0c.mp3*~data=user_id=0,application_id=42~hmac=362b7a8c2f3c507ea317061ad4222f7ad381f2073bdaa43c51a0796d56dd5948","On 1 list: Wedding Songs 2026"
"(thematic candidate)","","","","All About You","McFly","Memory Lane (The Best Of McFly) (Deluxe Edition)","62471658","464607","185","false","https://www.deezer.com/us/track/62471658","https://cdnt-preview.dzcdn.net/api/1/1/5/6/3/0/563bbbcb97471fda19f8394ec4d532ec.mp3?hdnea=exp=1781363509~acl=/api/1/1/5/6/3/0/563bbbcb97471fda19f8394ec4d532ec.mp3*~data=user_id=0,application_id=42~hmac=ba3eb71c3e63f49366303277a933016b565718072714d332b463b8b674272fa0","On 1 list: Wedding First Dance Songs"
"(thematic candidate)","","","","Grow Old with Me","Tom Odell","Long Way Down (Deluxe)","65723647","460402","182","true","https://www.deezer.com/us/track/65723647","https://cdnt-preview.dzcdn.net/api/1/1/6/b/b/0/6bb02b8ee05d2c27df95e0a018ac4845.mp3?hdnea=exp=1781363506~acl=/api/1/1/6/b/b/0/6bb02b8ee05d2c27df95e0a018ac4845.mp3*~data=user_id=0,application_id=42~hmac=eecf6d63bdf87f24b0499b5b30f86fdbc8a5b3f79c4ae67ef8a12c211c14e17a","On 1 list: Wedding Reception Party | Bride & Groom"
"(thematic candidate)","","","","You're in My Heart (The Final Acclaim) (2008 Remaster)","Rod Stewart","Some Guys Have All the Luck","2550604","459047","271","false","https://www.deezer.com/us/track/2550604","https://cdnt-preview.dzcdn.net/api/1/1/d/7/5/0/d754b1beadd8c232276fae260db21efb.mp3?hdnea=exp=1781363509~acl=/api/1/1/d/7/5/0/d754b1beadd8c232276fae260db21efb.mp3*~data=user_id=0,application_id=42~hmac=de559ca0a301606965d470786c80d8984c45f52723e701a3bc4af8d979227254","On 1 list: Wedding First Dance Songs"
"(thematic candidate)","","","","A Million Love Songs","Take That","Never Forget: The Ultimate Collection","12754196","457200","232","false","https://www.deezer.com/us/track/12754196","https://cdnt-preview.dzcdn.net/api/1/1/d/3/9/0/d39ca0919cf5cfff843193d17909aad7.mp3?hdnea=exp=1781363509~acl=/api/1/1/d/3/9/0/d39ca0919cf5cfff843193d17909aad7.mp3*~data=user_id=0,application_id=42~hmac=4c4dee28fa698b12ca78cafae13ec7431c4dacb718b179319167640942f013b7","On 1 list: Wedding First Dance Songs"
"(thematic candidate)","","","","A Moment Like This","Leona Lewis","Spirit","2485008","455194","257","false","https://www.deezer.com/us/track/2485008","https://cdnt-preview.dzcdn.net/api/1/1/6/b/0/0/6b0fe949bd3489c50e170433e5139a38.mp3?hdnea=exp=1781363509~acl=/api/1/1/6/b/0/0/6b0fe949bd3489c50e170433e5139a38.mp3*~data=user_id=0,application_id=42~hmac=54df9d067424cf76f69be2a679fb068f78101c151b1027db33e529b13158047f","On 1 list: Wedding First Dance Songs"
"(thematic candidate)","","","","This Will Be (An Everlasting Love) (2003 Remaster)","Natalie Cole","Natalie Cole Anthology","3326021","451888","174","false","https://www.deezer.com/us/track/3326021","https://cdnt-preview.dzcdn.net/api/1/1/4/e/d/0/4ede4709f4b2405fc8c4779e846345b0.mp3?hdnea=exp=1781363507~acl=/api/1/1/4/e/d/0/4ede4709f4b2405fc8c4779e846345b0.mp3*~data=user_id=0,application_id=42~hmac=5f20a952ccfafa1d656b88cbe80731b53b521b1559ce765a24710075067a0def","On 1 list: Wedding Songs"
"(thematic candidate)","","","","Love You 'Till the End","The Pogues","Pogue Mahone (Expanded Edition)","3589474","448881","272","false","https://www.deezer.com/us/track/3589474","https://cdnt-preview.dzcdn.net/api/1/1/d/d/b/0/ddbfc552617a1e0090db3288dbd4db90.mp3?hdnea=exp=1781363509~acl=/api/1/1/d/d/b/0/ddbfc552617a1e0090db3288dbd4db90.mp3*~data=user_id=0,application_id=42~hmac=c740d895015dbd4a8806e4fe4b956382b0336532495f2d1f6fc9dc01720f554b","On 1 list: Wedding First Dance Songs"
"(thematic candidate)","","","","Us Against the World","Coldplay","Mylo Xyloto","14299591","445033","239","false","https://www.deezer.com/us/track/14299591","https://cdnt-preview.dzcdn.net/api/1/1/b/b/1/0/bb1c959dfc252fbfc60f04c163dc6bd1.mp3?hdnea=exp=1781363505~acl=/api/1/1/b/b/1/0/bb1c959dfc252fbfc60f04c163dc6bd1.mp3*~data=user_id=0,application_id=42~hmac=b82dd952bb1062d08a6375207ffe8d1f038aa2ebe866b439f0d31ed25192c1a4","On 1 list: Wedding Songs 2026"
"(thematic candidate)","","","","H.O.L.Y.","Florida Georgia Line","Dig Your Roots","130935374","444872","194","false","https://www.deezer.com/us/track/130935374","https://cdnt-preview.dzcdn.net/api/1/1/0/e/4/0/0e4ccc459febacd34cd8b4cc621709b8.mp3?hdnea=exp=1781363507~acl=/api/1/1/0/e/4/0/0e4ccc459febacd34cd8b4cc621709b8.mp3*~data=user_id=0,application_id=42~hmac=5ea8a58776de095d731e2ba34ff3ac51e300b448e53b05f4808f4ef49f68e3a3","On 1 list: Wedding Songs"
"(thematic candidate)","","","","Sweet Nothing","Taylor Swift","Midnights","1976903257","440633","188","false","https://www.deezer.com/us/track/1976903257","https://cdnt-preview.dzcdn.net/api/1/1/6/f/3/0/6f3570e0976ee6a2872e4fdbe4d2a15e.mp3?hdnea=exp=1781363511~acl=/api/1/1/6/f/3/0/6f3570e0976ee6a2872e4fdbe4d2a15e.mp3*~data=user_id=0,application_id=42~hmac=af8a1553fb4b2707356e2724c7df9a42147f29a52d9c5f1635923cef7ba99c4a","On 1 list: 2023 - Top Wedding Slow First Dance Songs"
"(thematic candidate)","","","","Love Is All Around (From ""Four Weddings And A Funeral"")","Wet Wet Wet","90s Love Songs","910912","440378","230","false","https://www.deezer.com/us/track/910912","https://cdnt-preview.dzcdn.net/api/1/1/1/e/1/0/1e18ed4624fef57b36a19efcc67b24ce.mp3?hdnea=exp=1781363509~acl=/api/1/1/1/e/1/0/1e18ed4624fef57b36a19efcc67b24ce.mp3*~data=user_id=0,application_id=42~hmac=a911652e63b9e2ccc3e06547b60c262e674200f617dc692a657aa8f7b8e5c49a","On 1 list: Wedding First Dance Songs"
"(thematic candidate)","","","","I Was Made For Loving You","Tori Kelly","Unbreakable Smile","109702270","437698","188","false","https://www.deezer.com/us/track/109702270","https://cdnt-preview.dzcdn.net/api/1/1/0/f/e/0/0fee8b56a5c21a88cf5b84a86341c564.mp3?hdnea=exp=1781363511~acl=/api/1/1/0/f/e/0/0fee8b56a5c21a88cf5b84a86341c564.mp3*~data=user_id=0,application_id=42~hmac=e61b267a3955558ceb2d5e3a3bfbb765e61a3b528a1f4413269fbb3b846f2756","On 1 list: 2023 - Top Wedding Slow First Dance Songs"
"(thematic candidate)","","","","I Choose You","Sara Bareilles","The Blessed Unrest","68772213","434941","218","false","https://www.deezer.com/us/track/68772213","https://cdnt-preview.dzcdn.net/api/1/1/f/5/f/0/f5f9cb36edf5dbd2ed77616cfb032b6e.mp3?hdnea=exp=1781363511~acl=/api/1/1/f/5/f/0/f5f9cb36edf5dbd2ed77616cfb032b6e.mp3*~data=user_id=0,application_id=42~hmac=1d67d920285302705790eed5fa02516bfc556f3cd57ea2594290c5f45c46e9b0","On 1 list: 2023 - Top Wedding Slow First Dance Songs"
"(thematic candidate)","","","","Place Your Hands","Reef","The Collections","4210844","433749","219","false","https://www.deezer.com/us/track/4210844","https://cdnt-preview.dzcdn.net/api/1/1/8/0/9/0/809df1fe1f9e5c452f3610c3117ce3ca.mp3?hdnea=exp=1781363507~acl=/api/1/1/8/0/9/0/809df1fe1f9e5c452f3610c3117ce3ca.mp3*~data=user_id=0,application_id=42~hmac=375e10bbd16f359db58f758e71e09ff4e9d544729e26546808da7d4354d091fb","On 1 list: Wedding Reception Party | Bride & Groom"
"(thematic candidate)","","","","Nobody But You (Duet with Gwen Stefani)","Blake Shelton","Fully Loaded: God's Country","828852622","432573","194","false","https://www.deezer.com/us/track/828852622","https://cdnt-preview.dzcdn.net/api/1/1/8/e/a/0/8ea5f6c36b07f754e243c59d5a370425.mp3?hdnea=exp=1781363511~acl=/api/1/1/8/e/a/0/8ea5f6c36b07f754e243c59d5a370425.mp3*~data=user_id=0,application_id=42~hmac=201dabc2f22013b3914fe18c1e7cbdde75f46c9b3d105b8f3ee8e80a52f4adc3","On 1 list: 2023 - Top Wedding Slow First Dance Songs"
"(thematic candidate)","","","","Butterflies","Kacey Musgraves","Golden Hour","482643402","432030","219","false","https://www.deezer.com/us/track/482643402","https://cdnt-preview.dzcdn.net/api/1/1/c/1/c/0/c1c371f25c67b6bec7f792db2a246dae.mp3?hdnea=exp=1781363511~acl=/api/1/1/c/1/c/0/c1c371f25c67b6bec7f792db2a246dae.mp3*~data=user_id=0,application_id=42~hmac=cfc2fe0adb019e0d8a564ee406768b2929919b877e67f1db72f2009fb877726b","On 1 list: 2023 - Top Wedding Slow First Dance Songs"
"(thematic candidate)","","","","It Had to Be You","Ray Charles","The Genius Of Ray Charles","765889","430783","164","false","https://www.deezer.com/us/track/765889","https://cdnt-preview.dzcdn.net/api/1/1/6/c/3/0/6c3dd4ec9c23e7273094c6cc0aa2a9df.mp3?hdnea=exp=1781363505~acl=/api/1/1/6/c/3/0/6c3dd4ec9c23e7273094c6cc0aa2a9df.mp3*~data=user_id=0,application_id=42~hmac=d1b07575686e4d8362a66fcf8dcd7edcb2f5265b8d2f0ea15b7d27157ebf5681","On 1 list: Wedding Songs 2026"
"(thematic candidate)","","","","Hero","Enrique Iglesias","Escape","2279378","428999","266","false","https://www.deezer.com/us/track/2279378","https://cdnt-preview.dzcdn.net/api/1/1/b/c/e/0/bce2140edb1f3063a3b22e0aad19009d.mp3?hdnea=exp=1781363509~acl=/api/1/1/b/c/e/0/bce2140edb1f3063a3b22e0aad19009d.mp3*~data=user_id=0,application_id=42~hmac=a760f022f5a0621c0d06747ce20ccd60f52f03ab4ab4d1b8aeceb0f52a18a394","On 1 list: Wedding First Dance Songs"
"(thematic candidate)","","","","Incredible","James TW","Chapters","668917092","428760","246","false","https://www.deezer.com/us/track/668917092","https://cdnt-preview.dzcdn.net/api/1/1/1/b/9/0/1b9fa5f72a71f3f63b87da20d643463e.mp3?hdnea=exp=1781363508~acl=/api/1/1/1/b/9/0/1b9fa5f72a71f3f63b87da20d643463e.mp3*~data=user_id=0,application_id=42~hmac=33e504e639feaa35e128ed33153c207623c8571c61398cd3550f2d2039df7922","On 1 list: Wedding Songs"
"(thematic candidate)","","","","Lovin'you","Minnie Riperton","De l'autre côté du lit (Bande originale du film)","2837988","426589","204","false","https://www.deezer.com/us/track/2837988","https://cdnt-preview.dzcdn.net/api/1/1/0/5/8/0/058bc7009e3e97d09e9404aa04e274ab.mp3?hdnea=exp=1781363509~acl=/api/1/1/0/5/8/0/058bc7009e3e97d09e9404aa04e274ab.mp3*~data=user_id=0,application_id=42~hmac=7febc6c31c481d4be9b31f3e99d8e20b6fffd19bea1902a02043cee4597e6394","On 1 list: Wedding First Dance Songs"
"(thematic candidate)","","","","You and I","Michael Bublé","It's Time","4368128","424510","234","false","https://www.deezer.com/us/track/4368128","https://cdnt-preview.dzcdn.net/api/1/1/0/6/0/0/0605fcf23df00e49eadc0bbc41057cbf.mp3?hdnea=exp=1781363509~acl=/api/1/1/0/6/0/0/0605fcf23df00e49eadc0bbc41057cbf.mp3*~data=user_id=0,application_id=42~hmac=f5ba647a5d18b73809ccaf097bbf4d5626cdacdabbdf5a4f427034580122f5f3","On 1 list: Wedding First Dance Songs"
"(thematic candidate)","","","","Footprints in the Sand (Single Mix)","Leona Lewis","Spirit","2485007","423838","236","false","https://www.deezer.com/us/track/2485007","https://cdnt-preview.dzcdn.net/api/1/1/3/a/0/0/3a0e3e72f01a1895dcc1e7377736d7ac.mp3?hdnea=exp=1781363509~acl=/api/1/1/3/a/0/0/3a0e3e72f01a1895dcc1e7377736d7ac.mp3*~data=user_id=0,application_id=42~hmac=ec33b1990d7e84243e070c98b8594f8ca69f0c7e6181d4e773128235fae1ea36","On 1 list: Wedding First Dance Songs"
"(thematic candidate)","","","","Tequila","Dan + Shay","Tequila","441821132","423155","195","false","https://www.deezer.com/us/track/441821132","https://cdnt-preview.dzcdn.net/api/1/1/e/b/3/0/eb32f5faad15ad884fcaba89228e2065.mp3?hdnea=exp=1781363511~acl=/api/1/1/e/b/3/0/eb32f5faad15ad884fcaba89228e2065.mp3*~data=user_id=0,application_id=42~hmac=10851ad875e23fc4e79a0c7253d98efe72ebfb374529edafa6a0b9fd30250f8e","On 1 list: Wedding Reception BANGERS"
"(thematic candidate)","","","","Hey Love (From the Netflix Film ‘A Beautiful Life’)","Christopher","A Beautiful Life (Music From The Netflix Film)","2278174727","417979","166","false","https://www.deezer.com/us/track/2278174727","https://cdnt-preview.dzcdn.net/api/1/1/4/4/8/0/448e9312fe6aa48733bd903cf467dab7.mp3?hdnea=exp=1781363505~acl=/api/1/1/4/4/8/0/448e9312fe6aa48733bd903cf467dab7.mp3*~data=user_id=0,application_id=42~hmac=69ed87fbe76632494969d171ec319bfccb12222e2f41ee334e203af947e39a57","On 1 list: Wedding Songs 2026"
"(thematic candidate)","","","","Always Be My Baby","Mariah Carey","Greatest Hits","596030","415893","258","false","https://www.deezer.com/us/track/596030","https://cdnt-preview.dzcdn.net/api/1/1/5/7/b/0/57bb7d6fce6c8c83bec102c4d820fda4.mp3?hdnea=exp=1781363506~acl=/api/1/1/5/7/b/0/57bb7d6fce6c8c83bec102c4d820fda4.mp3*~data=user_id=0,application_id=42~hmac=13ef7f9283f349611b402f64b09dad033fcda5a3323328ae9a6a9be80940ea04","On 1 list: Wedding Reception Party | Bride & Groom"
"(thematic candidate)","","","","Can't Help Falling in Love","Kacey Musgraves","Can't Help Falling in Love","1793528917","414514","168","false","https://www.deezer.com/us/track/1793528917","https://cdnt-preview.dzcdn.net/api/1/1/6/8/b/0/68bf248db5cdc0e1ec7fe7a8a8ea66b3.mp3?hdnea=exp=1781363511~acl=/api/1/1/6/8/b/0/68bf248db5cdc0e1ec7fe7a8a8ea66b3.mp3*~data=user_id=0,application_id=42~hmac=b023c7b6f45babb67594f66205e8ee73425d06a5bb73e14d318ea9f6e8d8ff91","On 1 list: 2023 - Top Wedding Slow First Dance Songs"
"(thematic candidate)","","","","Home","Michael Bublé","The Essential Michael Bublé","1859005667","409755","226","false","https://www.deezer.com/us/track/1859005667","https://cdnt-preview.dzcdn.net/api/1/1/7/f/5/0/7f5fcb60d857a4723a7c7ebad6b05329.mp3?hdnea=exp=1781363505~acl=/api/1/1/7/f/5/0/7f5fcb60d857a4723a7c7ebad6b05329.mp3*~data=user_id=0,application_id=42~hmac=6ca2d16613072ae258d591be597c91838b9e48ebb8a920b103564aa5ed2114e5","On 1 list: Wedding Songs 2026"
"(thematic candidate)","","","","I Lost Myself In Loving You","Jamie Miller","I Lost Myself In Loving You","1622735272","408221","201","false","https://www.deezer.com/us/track/1622735272","https://cdnt-preview.dzcdn.net/api/1/1/7/8/3/0/7835490df3c9ba9df89e3f1120433dce.mp3?hdnea=exp=1781363505~acl=/api/1/1/7/8/3/0/7835490df3c9ba9df89e3f1120433dce.mp3*~data=user_id=0,application_id=42~hmac=fcd92e4e30a067712dbeffda75bd1cc7433f6a8a1752320856452fab34422ff1","On 1 list: Wedding Songs 2026"
"(thematic candidate)","","","","I'll Never Not Love You","Michael Bublé","Higher","1587281812","393480","218","false","https://www.deezer.com/us/track/1587281812","https://cdnt-preview.dzcdn.net/api/1/1/c/3/d/0/c3d8017273ad0b693bbb6656cc82a500.mp3?hdnea=exp=1781363505~acl=/api/1/1/c/3/d/0/c3d8017273ad0b693bbb6656cc82a500.mp3*~data=user_id=0,application_id=42~hmac=db3fd2fc3e382a948b2ca189ec4682353a01c170853c8d7e135dee1e8e8b3566","On 1 list: Wedding Songs 2026"
"(thematic candidate)","","","","distance","Christina Perri","lovestrong.","17258766","391260","236","false","https://www.deezer.com/us/track/17258766","https://cdnt-preview.dzcdn.net/api/1/1/b/a/c/0/bac084e431a1a11bf3283915b871b543.mp3?hdnea=exp=1781363505~acl=/api/1/1/b/a/c/0/bac084e431a1a11bf3283915b871b543.mp3*~data=user_id=0,application_id=42~hmac=5217e7b5c7570012feaa5ee5ff570cd6b623225c601d9b3d72238b59173d891f","On 1 list: Wedding Songs 2026"
"(thematic candidate)","","","","Make You Feel My Love","Bob Dylan","Time Out Of Mind","1014190","389366","211","false","https://www.deezer.com/us/track/1014190","https://cdnt-preview.dzcdn.net/api/1/1/8/c/7/0/8c74aa1012d3ff13888422d0d5758d6c.mp3?hdnea=exp=1781363507~acl=/api/1/1/8/c/7/0/8c74aa1012d3ff13888422d0d5758d6c.mp3*~data=user_id=0,application_id=42~hmac=46f9000a4d88b5462b49c5b84b146de9a1644f88c02bbf95faa598303b326648","On 1 list: Wedding Reception Party | Bride & Groom"
"(thematic candidate)","","","","Forever Love","Gary Barlow","Open Road","1044566","387894","276","false","https://www.deezer.com/us/track/1044566","https://cdnt-preview.dzcdn.net/api/1/1/6/a/9/0/6a9c74b90c761d9dc519c69320d6b302.mp3?hdnea=exp=1781363509~acl=/api/1/1/6/a/9/0/6a9c74b90c761d9dc519c69320d6b302.mp3*~data=user_id=0,application_id=42~hmac=f63d8c5af63b13b35f94c0292b821687a54ea81c3d1329769b4a19a45aca7853","On 1 list: Wedding First Dance Songs"
"(thematic candidate)","","","","911 (feat. Mary J. Blige)","Wyclef Jean","Greatest Hits","70528478","387691","261","false","https://www.deezer.com/us/track/70528478","https://cdnt-preview.dzcdn.net/api/1/1/e/b/2/0/eb2e83d1b83600413aa4dbcf2ecbdb73.mp3?hdnea=exp=1781363507~acl=/api/1/1/e/b/2/0/eb2e83d1b83600413aa4dbcf2ecbdb73.mp3*~data=user_id=0,application_id=42~hmac=b4c4c8150b99cc4217dbaa40d4f8d314ad07501aeee767204c25905c60ff6182","On 1 list: Wedding Reception Party | Bride & Groom"
"(thematic candidate)","","","","The Way You Look Tonight","Tony Bennett","MY BEST FRIEND'S WEDDING MUSIC FROM THE MOTION PICTURE","1038490","386597","203","false","https://www.deezer.com/us/track/1038490","https://cdnt-preview.dzcdn.net/api/1/1/5/0/d/0/50dfe6cb1688825b5bbad16a317ed686.mp3?hdnea=exp=1781363509~acl=/api/1/1/5/0/d/0/50dfe6cb1688825b5bbad16a317ed686.mp3*~data=user_id=0,application_id=42~hmac=aa308c570c6340d688b271629b85613c2ed9ed98e4b6c40f6124377bb946144f","On 1 list: Wedding First Dance Songs"
"(thematic candidate)","","","","How Deep Is Your Love","The Bird And The Bee","Please Clap Your Hands","3129081","384534","202","false","https://www.deezer.com/us/track/3129081","https://cdnt-preview.dzcdn.net/api/1/1/b/d/1/0/bd1d21f216670a31f0a052652fe0bb1f.mp3?hdnea=exp=1781363507~acl=/api/1/1/b/d/1/0/bd1d21f216670a31f0a052652fe0bb1f.mp3*~data=user_id=0,application_id=42~hmac=54f47a4dbef001c97327217d46a6316764ad8644cebfec921b4a121b6186b55c","On 1 list: Wedding Reception Party | Bride & Groom"
"(thematic candidate)","","","","Let's Get It Started","The Black Eyed Peas","Let's Get It Started","5638184","383487","224","false","https://www.deezer.com/us/track/5638184","https://cdnt-preview.dzcdn.net/api/1/1/0/f/b/0/0fbbcc8da0fa07a79a0f62d787efade8.mp3?hdnea=exp=1781363511~acl=/api/1/1/0/f/b/0/0fbbcc8da0fa07a79a0f62d787efade8.mp3*~data=user_id=0,application_id=42~hmac=b73419a8c9fab4fcb110a942ed333f31b18c7e4f4f0d3f3b54f0e419a52737e0","On 1 list: Wedding Reception BANGERS"
"(thematic candidate)","","","","I Choose You","Forest Blakk","I Choose You","2307879715","381549","180","false","https://www.deezer.com/us/track/2307879715","https://cdnt-preview.dzcdn.net/api/1/1/a/4/f/0/a4f17ae09445dae2a97655a54b22f37d.mp3?hdnea=exp=1781363505~acl=/api/1/1/a/4/f/0/a4f17ae09445dae2a97655a54b22f37d.mp3*~data=user_id=0,application_id=42~hmac=b7893d01369d47c9fdccf8b947f44bf0950ba8be42787e124bfbda789e3c7ac3","On 1 list: Wedding Songs 2026"
"(thematic candidate)","","","","Cha Cha Slide (Original Live Platinum Band Mix)","DJ Casper","Cha Cha Slide","1567603","371452","388","false","https://www.deezer.com/us/track/1567603","https://cdnt-preview.dzcdn.net/api/1/1/e/f/0/0/ef0bc60a15d833a3275d7087c6b64d98.mp3?hdnea=exp=1781363511~acl=/api/1/1/e/f/0/0/ef0bc60a15d833a3275d7087c6b64d98.mp3*~data=user_id=0,application_id=42~hmac=5e3b05f3f3901660e77dbb3cc2fc25a6bad6e5cddc51e09ea7061e5e813e4fff","On 1 list: Wedding Reception BANGERS"
"(thematic candidate)","","","","This I Promise You","Ronan Keating","Bring You Home (exclusive online bundle)","2193280","370130","233","false","https://www.deezer.com/us/track/2193280","https://cdnt-preview.dzcdn.net/api/1/1/7/8/9/0/789292ba61ea8c8f8326c71941db95ae.mp3?hdnea=exp=1781363509~acl=/api/1/1/7/8/9/0/789292ba61ea8c8f8326c71941db95ae.mp3*~data=user_id=0,application_id=42~hmac=cc9283abd09fcd681624c4d059396c8ba1240df718b97d9cf77dee364ede0986","On 1 list: Wedding First Dance Songs"
"(thematic candidate)","","","","From the Ground Up (Single Version)","Dan + Shay","From the Ground Up (Single Version)","118326058","368796","254","false","https://www.deezer.com/us/track/118326058","https://cdnt-preview.dzcdn.net/api/1/1/b/b/7/0/bb75ae9ef5c7cea83a1760b6666eb438.mp3?hdnea=exp=1781363511~acl=/api/1/1/b/b/7/0/bb75ae9ef5c7cea83a1760b6666eb438.mp3*~data=user_id=0,application_id=42~hmac=0b76d22e3b9f1ab5bdfb4e3ba90ab5eab68f8f2418634d41c27a46b2ce47d0eb","On 1 list: 2023 - Top Wedding Slow First Dance Songs"
"(thematic candidate)","","","","Into the Mystic (2013 Remaster)","Van Morrison","Moondance (Deluxe Edition)","71444767","368376","207","false","https://www.deezer.com/us/track/71444767","https://cdnt-preview.dzcdn.net/api/1/1/5/4/5/0/545c5ae0b6344eb4daa976660a9255dd.mp3?hdnea=exp=1781363511~acl=/api/1/1/5/4/5/0/545c5ae0b6344eb4daa976660a9255dd.mp3*~data=user_id=0,application_id=42~hmac=779dd04a90c2cbbdf14e4bf27b149498fc0eb53f31d8ab5c12ecdeaf51171fe8","On 1 list: 2023 - Top Wedding Slow First Dance Songs"
"(thematic candidate)","","","","Back For Good (Radio Mix)","Take That","Beautiful","602357","367032","242","false","https://www.deezer.com/us/track/602357","https://cdnt-preview.dzcdn.net/api/1/1/f/8/b/0/f8b6908078699fce400f44fc0a720f54.mp3?hdnea=exp=1781363507~acl=/api/1/1/f/8/b/0/f8b6908078699fce400f44fc0a720f54.mp3*~data=user_id=0,application_id=42~hmac=8fe7c7a243a68ec25eacc101903f4c294b7a949f9b7e9c5af810e820f84c17cf","On 1 list: Wedding Reception Party | Bride & Groom"
"(thematic candidate)","","","","How Sweet It Is (To Be Loved By You) (2019 Remaster)","James Taylor","James Taylor's Greatest Hits (2019 Remaster)","913033692","356932","217","false","https://www.deezer.com/us/track/913033692","https://cdnt-preview.dzcdn.net/api/1/1/1/c/c/0/1cc8dcad2e5f25d9f0b2ccf3e2711b60.mp3?hdnea=exp=1781363505~acl=/api/1/1/1/c/c/0/1cc8dcad2e5f25d9f0b2ccf3e2711b60.mp3*~data=user_id=0,application_id=42~hmac=a50edc76edc76a616fe9fdb9c74bd870bb2980dfcde7a238d7149cd3cce6ef2b","On 1 list: Wedding Songs 2026"
"(thematic candidate)","","","","When I Fall in Love","Michael Bublé","When I Fall in Love","558727892","348983","243","false","https://www.deezer.com/us/track/558727892","https://cdnt-preview.dzcdn.net/api/1/1/9/5/7/0/9576c58798090ef66e9c03f235588704.mp3?hdnea=exp=1781363505~acl=/api/1/1/9/5/7/0/9576c58798090ef66e9c03f235588704.mp3*~data=user_id=0,application_id=42~hmac=1c68a7a5fb6b77e10291a2757e36692868d55b0d4285106138731872959694b4","On 1 list: Wedding Songs 2026"
"(thematic candidate)","","","","Always Remember Us This Way","Lady Gaga","A Star Is Born Soundtrack","561856052","348059","210","false","https://www.deezer.com/us/track/561856052","https://cdnt-preview.dzcdn.net/api/1/1/1/6/3/0/163cb3c71338b046cbae55746c43538c.mp3?hdnea=exp=1781363511~acl=/api/1/1/1/6/3/0/163cb3c71338b046cbae55746c43538c.mp3*~data=user_id=0,application_id=42~hmac=3afa6dec9c9906d5ee2c51ed7e39139ca46a7333d1d135c2f6b59bfd8a9e3695","On 1 list: 2023 - Top Wedding Slow First Dance Songs"
"(thematic candidate)","","","","The Power of Love","Gabrielle Aplin","English Rain","67239209","345926","245","false","https://www.deezer.com/us/track/67239209","https://cdnt-preview.dzcdn.net/api/1/1/6/8/f/0/68f76e16681ecf84d87f22bcf854a542.mp3?hdnea=exp=1781363505~acl=/api/1/1/6/8/f/0/68f76e16681ecf84d87f22bcf854a542.mp3*~data=user_id=0,application_id=42~hmac=47059d43612caf9457cf2a07aaf58ee5774098158609897da90fea83ac27f725","On 1 list: Wedding Songs 2026"
"(thematic candidate)","","","","Love You 'Til Death","Forest Blakk","Love You 'Til Death","3217615311","345542","160","false","https://www.deezer.com/us/track/3217615311","https://cdnt-preview.dzcdn.net/api/1/1/e/4/a/0/e4a2f9c6fa45f558bfc59d6877fb585d.mp3?hdnea=exp=1781363505~acl=/api/1/1/e/4/a/0/e4a2f9c6fa45f558bfc59d6877fb585d.mp3*~data=user_id=0,application_id=42~hmac=dd76aa60b38cf6df537a654bca65d28581e4f9b88ae3d7350d37a804e73eebc3","On 1 list: Wedding Songs 2026"
"(thematic candidate)","","","","Never Stop (Wedding Version)","SafetySuit","Hallelujah","76084578","344208","175","false","https://www.deezer.com/us/track/76084578","https://cdnt-preview.dzcdn.net/api/1/1/0/4/a/0/04a7fa48bba0bbf42d741dcb8f5859c8.mp3?hdnea=exp=1781363511~acl=/api/1/1/0/4/a/0/04a7fa48bba0bbf42d741dcb8f5859c8.mp3*~data=user_id=0,application_id=42~hmac=3afb018cfea3874bbba3986ec08cdd4d907a889cc5285c0f52e66a0ba1a8bda0","On 1 list: 2023 - Top Wedding Slow First Dance Songs"
"(thematic candidate)","","","","Evergreen","Will Young","The Essential Will Young","71092102","343605","250","false","https://www.deezer.com/us/track/71092102","https://cdnt-preview.dzcdn.net/api/1/1/1/d/f/0/1df7484a9b5936a069acd28683570e73.mp3?hdnea=exp=1781363509~acl=/api/1/1/1/d/f/0/1df7484a9b5936a069acd28683570e73.mp3*~data=user_id=0,application_id=42~hmac=f35a6e1e88b70fb68f7e99cb26ac3c113cf3c81dd619d0f6f71e650f34d78a74","On 1 list: Wedding First Dance Songs"
"(thematic candidate)","","","","You And I","Stevie Wonder","Talking Book","2505665","341318","279","false","https://www.deezer.com/us/track/2505665","https://cdnt-preview.dzcdn.net/api/1/1/1/5/b/0/15b6febd132a7fd3b8904ac893b28c6f.mp3?hdnea=exp=1781363506~acl=/api/1/1/1/5/b/0/15b6febd132a7fd3b8904ac893b28c6f.mp3*~data=user_id=0,application_id=42~hmac=7165258703336fe4aeff503f12b3c3a05a7945e1db80ed5166a961dc9964ad03","On 1 list: Wedding Reception Party | Bride & Groom"
"(thematic candidate)","","","","Can't Take My Eyes Off You","Andy Williams","The Best Of The 70's (seventies)","541383","340097","193","false","https://www.deezer.com/us/track/541383","https://cdnt-preview.dzcdn.net/api/1/1/d/c/3/0/dc34dbe59659494074d7c394188d6b63.mp3?hdnea=exp=1781363509~acl=/api/1/1/d/c/3/0/dc34dbe59659494074d7c394188d6b63.mp3*~data=user_id=0,application_id=42~hmac=a4c0e957bb2822e9c15d35b60e0ce5681b4742ca2a16d83ba4bf0b3e1292b890","On 1 list: Wedding First Dance Songs"
"(thematic candidate)","","","","One Man's Love","Amble","The Commons","3035055561","339625","211","false","https://www.deezer.com/us/track/3035055561","https://cdnt-preview.dzcdn.net/api/1/1/3/4/0/0/34045b3a4808ca8b3f7f555a4683ee35.mp3?hdnea=exp=1781363505~acl=/api/1/1/3/4/0/0/34045b3a4808ca8b3f7f555a4683ee35.mp3*~data=user_id=0,application_id=42~hmac=2fa431f6d977dcb3ed1edac722854fece0cc974dab661f527925315e5de45a93","On 1 list: Wedding Songs 2026"
"(thematic candidate)","","","","Three Times A Lady (Single Version)","Commodores","Love Songs #1's","906611","337825","217","false","https://www.deezer.com/us/track/906611","https://cdnt-preview.dzcdn.net/api/1/1/5/e/f/0/5ef9f6719f699b09f0e5e0c32590561a.mp3?hdnea=exp=1781363510~acl=/api/1/1/5/e/f/0/5ef9f6719f699b09f0e5e0c32590561a.mp3*~data=user_id=0,application_id=42~hmac=9ecab56e122879ec2a0f06bbecc78b73f1b95842c9fd1f5d6b1cf3744a9b8651","On 1 list: Wedding First Dance Songs"
"(thematic candidate)","","","","Heartbeats","José González","Veneer","75485502","333340","160","false","https://www.deezer.com/us/track/75485502","https://cdnt-preview.dzcdn.net/api/1/1/9/a/c/0/9acafad9d23346ab1f109f98a55df6ec.mp3?hdnea=exp=1781363505~acl=/api/1/1/9/a/c/0/9acafad9d23346ab1f109f98a55df6ec.mp3*~data=user_id=0,application_id=42~hmac=ba38e999412755db1cb4de1fb46cf51085c7904099caf8ad2bf266355b76991c","On 1 list: Wedding Songs 2026"
"(thematic candidate)","","","","Stay with You","The Goo Goo Dolls","Greatest Hits Volume One - The Singles","2680859","330434","236","false","https://www.deezer.com/us/track/2680859","https://cdnt-preview.dzcdn.net/api/1/1/9/b/8/0/9b8b2535daee1b7a4ddc7b56f661b1be.mp3?hdnea=exp=1781363509~acl=/api/1/1/9/b/8/0/9b8b2535daee1b7a4ddc7b56f661b1be.mp3*~data=user_id=0,application_id=42~hmac=5ba25f209e35aafcee5d7238832c324c4dfd60fc54f74f635127dc2f313c34b1","On 1 list: Wedding First Dance Songs"
"(thematic candidate)","","","","Fly Me To The Moon","Rod Stewart","Fly Me To The Moon...The Great American Songbook Volume V (Deluxe Version)","7312669","327799","166","false","https://www.deezer.com/us/track/7312669","https://cdnt-preview.dzcdn.net/api/1/1/3/d/6/0/3d6cf6f004b5459c8f75ed348b8e9f9c.mp3?hdnea=exp=1781363510~acl=/api/1/1/3/d/6/0/3d6cf6f004b5459c8f75ed348b8e9f9c.mp3*~data=user_id=0,application_id=42~hmac=400e515249c06bc25de715dd04f2152a93843e68f81ca8f725251020df241c9c","On 1 list: Wedding First Dance Songs"
"(thematic candidate)","","","","The Heart Never Lies (Radio Edit)","McFly","Memory Lane (The Best Of McFly) (Deluxe Edition)","62471652","324630","205","false","https://www.deezer.com/us/track/62471652","https://cdnt-preview.dzcdn.net/api/1/1/7/2/a/0/72a5963f61f005ab244dabd44b9643c2.mp3?hdnea=exp=1781363509~acl=/api/1/1/7/2/a/0/72a5963f61f005ab244dabd44b9643c2.mp3*~data=user_id=0,application_id=42~hmac=ca25a9035430f5ef056c1b3aef082d058d9507b444e526a76a8c40616e6bca85","On 1 list: Wedding First Dance Songs"
"(thematic candidate)","","","","Wobble","V.I.C.","Beast","1195748","323874","321","true","https://www.deezer.com/us/track/1195748","https://cdnt-preview.dzcdn.net/api/1/1/f/6/6/0/f664d3f0d86a7f11b2d12591f9365bf9.mp3?hdnea=exp=1781363511~acl=/api/1/1/f/6/6/0/f664d3f0d86a7f11b2d12591f9365bf9.mp3*~data=user_id=0,application_id=42~hmac=58276c8cd7dbe261282586c6322c4bdac42ab65096695ed11f19276fc43a58d5","On 1 list: Wedding Reception BANGERS"
"(thematic candidate)","","","","The Luckiest","Ben Folds","Rockin' The Suburbs","624202","320083","265","false","https://www.deezer.com/us/track/624202","https://cdnt-preview.dzcdn.net/api/1/1/e/6/d/0/e6d4b51a6ba77eab3d83a9739efa3c93.mp3?hdnea=exp=1781363511~acl=/api/1/1/e/6/d/0/e6d4b51a6ba77eab3d83a9739efa3c93.mp3*~data=user_id=0,application_id=42~hmac=15efd6fe8625a04a6bc7f8de09fd95806b0909d19957b8aea68bc0f08fffeed9","On 1 list: 2023 - Top Wedding Slow First Dance Songs"
"(thematic candidate)","","","","You're My Number One","S Club","Best: The Greatest Hits Of S Club 7","98981554","319878","207","false","https://www.deezer.com/us/track/98981554","https://cdnt-preview.dzcdn.net/api/1/1/1/3/5/0/13564416469e8185848d93d6aaeb65bf.mp3?hdnea=exp=1781363510~acl=/api/1/1/1/3/5/0/13564416469e8185848d93d6aaeb65bf.mp3*~data=user_id=0,application_id=42~hmac=5c5f73c1d6e1d5d741e5d615f20bb4dde5cb7d2255d1760dd774fa0f45ab52c1","On 1 list: Wedding First Dance Songs"
"(thematic candidate)","","","","The Best Day","Taylor Swift","Fearless (Platinum Edition)","4634588","319619","246","false","https://www.deezer.com/us/track/4634588","https://cdnt-preview.dzcdn.net/api/1/1/5/d/6/0/5d68110676aef50321be39ccc8ac6822.mp3?hdnea=exp=1781363511~acl=/api/1/1/5/d/6/0/5d68110676aef50321be39ccc8ac6822.mp3*~data=user_id=0,application_id=42~hmac=4ee298ebdc12287eabf9f7402d2595452a63d6e529c8dcbad5d306a4bfbd4cc0","On 1 list: Wedding Reception BANGERS"
"(thematic candidate)","","","","Better","Boyzone","Back Again... No Matter What - The Greatest Hits","2203335","318233","213","false","https://www.deezer.com/us/track/2203335","https://cdnt-preview.dzcdn.net/api/1/1/d/2/5/0/d2505ec105e46a098bc6fb47230b31e5.mp3?hdnea=exp=1781363509~acl=/api/1/1/d/2/5/0/d2505ec105e46a098bc6fb47230b31e5.mp3*~data=user_id=0,application_id=42~hmac=f1aa4d2b7d56dc963353bdfb551a838e3b64ef0e4b91368ac09cada220131a82","On 1 list: Wedding First Dance Songs"
"(thematic candidate)","","","","Greatest Love Story","LANCO","Hallelujah Nights","448477352","317648","222","false","https://www.deezer.com/us/track/448477352","https://cdnt-preview.dzcdn.net/api/1/1/9/9/0/0/990ec4d66f920ac4d38383c6f0dcf998.mp3?hdnea=exp=1781363511~acl=/api/1/1/9/9/0/0/990ec4d66f920ac4d38383c6f0dcf998.mp3*~data=user_id=0,application_id=42~hmac=30f2f07fed9656d58a8955a9c72a36db253fb5dbcf8f104e56005eb5dbd771a9","On 1 list: 2023 - Top Wedding Slow First Dance Songs"
"(thematic candidate)","","","","Feels Like Home","Chantal Kreviazuk","Songs from Dawson's Creek","833306","316490","280","false","https://www.deezer.com/us/track/833306","https://cdnt-preview.dzcdn.net/api/1/1/5/5/7/0/55721126aeeefe989b3d7287184aa53a.mp3?hdnea=exp=1781363509~acl=/api/1/1/5/5/7/0/55721126aeeefe989b3d7287184aa53a.mp3*~data=user_id=0,application_id=42~hmac=e9746cdf5b36e44e329428a9cf7201c22b40ed59a930fd9ac3f0fb863a9ee7dd","On 1 list: Wedding First Dance Songs"
"(thematic candidate)","","","","Forever in My Life","Prince","Sign ""O"" the Times","775408","315770","210","false","https://www.deezer.com/us/track/775408","https://cdnt-preview.dzcdn.net/api/1/1/5/c/c/0/5ccce06f7f0a844467d5630e366542ef.mp3?hdnea=exp=1781363509~acl=/api/1/1/5/c/c/0/5ccce06f7f0a844467d5630e366542ef.mp3*~data=user_id=0,application_id=42~hmac=3514108c24c0b24372d9dd163c46f1124c5e85b9ef20fadf5f13d6c4604e1550","On 1 list: Wedding First Dance Songs"
"(thematic candidate)","","","","way after forever","vaultboy","way after forever","2162134257","314770","173","false","https://www.deezer.com/us/track/2162134257","https://cdnt-preview.dzcdn.net/api/1/1/b/c/1/0/bc1c30d71c13a67985497c4d2cbdece0.mp3?hdnea=exp=1781363505~acl=/api/1/1/b/c/1/0/bc1c30d71c13a67985497c4d2cbdece0.mp3*~data=user_id=0,application_id=42~hmac=833ca55959ea96d7f57e2c4a74b4addb8190e605b7ad7ea9be78a360b3ed3fb4","On 1 list: Wedding Songs 2026"
"(thematic candidate)","","","","Imagine (Acoustic)","Ben Platt","Imagine (Acoustic)","1385999962","311030","181","false","https://www.deezer.com/us/track/1385999962","https://cdnt-preview.dzcdn.net/api/1/1/3/e/9/0/3e98e640b8bfc2f4c15465fa52221a6b.mp3?hdnea=exp=1781363511~acl=/api/1/1/3/e/9/0/3e98e640b8bfc2f4c15465fa52221a6b.mp3*~data=user_id=0,application_id=42~hmac=e128ce880a6354e44f88e2254eda89f6b8bac3a55651aa6623721490e5636496","On 1 list: 2023 - Top Wedding Slow First Dance Songs"
"(thematic candidate)","","","","Endless Love (From ""The Endless Love"" Soundtrack)","Lionel Richie","Gold","918054","308220","268","false","https://www.deezer.com/us/track/918054","https://cdnt-preview.dzcdn.net/api/1/1/f/a/1/0/fa1b1c88d1bfcb3f607ebd5b532ae2d6.mp3?hdnea=exp=1781363507~acl=/api/1/1/f/a/1/0/fa1b1c88d1bfcb3f607ebd5b532ae2d6.mp3*~data=user_id=0,application_id=42~hmac=8e0b868864624abf781c203fe60b73e33d60ea66c71421dd8cc30d770a9d22fb","On 1 list: Wedding Songs"
"(thematic candidate)","","","","Little White Chapel","Amble","Little White Chapel","2957975261","307568","243","false","https://www.deezer.com/us/track/2957975261","https://cdnt-preview.dzcdn.net/api/1/1/c/0/5/0/c0591aabadbbf862b6c3fb75187a95c7.mp3?hdnea=exp=1781363505~acl=/api/1/1/c/0/5/0/c0591aabadbbf862b6c3fb75187a95c7.mp3*~data=user_id=0,application_id=42~hmac=045e560e5d30a5e052cfcb30e6a84b25421d3832cd0e21b63c50da0db626c670","On 1 list: Wedding Songs 2026"
"(thematic candidate)","","","","The Power of Love (Radio Edit)","Jennifer Rush","80s 100 Hits","5404587","304410","293","false","https://www.deezer.com/us/track/5404587","https://cdnt-preview.dzcdn.net/api/1/1/c/f/7/0/cf7cd3c816613ec19096341ae8eaefbe.mp3?hdnea=exp=1781363509~acl=/api/1/1/c/f/7/0/cf7cd3c816613ec19096341ae8eaefbe.mp3*~data=user_id=0,application_id=42~hmac=5e9a09f50e9192c15aaffb7df4bf375977f889a880fcaa692fe874590827509d","On 1 list: Wedding First Dance Songs"
"(thematic candidate)","","","","Listen (From the Motion Picture ""Dreamgirls"")","Beyoncé","B'Day Deluxe Edition","551232","300029","219","false","https://www.deezer.com/us/track/551232","https://cdnt-preview.dzcdn.net/api/1/1/9/0/5/0/90549f9e17daf8c5afaf7396526d4366.mp3?hdnea=exp=1781363506~acl=/api/1/1/9/0/5/0/90549f9e17daf8c5afaf7396526d4366.mp3*~data=user_id=0,application_id=42~hmac=f00827c552af8de572534a8ab53417ea1e6a5dcd2dccc27fa780abb14294d360","On 1 list: Wedding Reception Party | Bride & Groom"
"(thematic candidate)","","","","You","Dan + Shay","Good Things","1444053012","299192","196","false","https://www.deezer.com/us/track/1444053012","https://cdnt-preview.dzcdn.net/api/1/1/f/8/d/0/f8d200a011ff0b6e3bdb7794b43ccb07.mp3?hdnea=exp=1781363505~acl=/api/1/1/f/8/d/0/f8d200a011ff0b6e3bdb7794b43ccb07.mp3*~data=user_id=0,application_id=42~hmac=598c36795f2d60cd6a2b45e80208265ece6a1e4862d1e4a7ae80aa9acbb9c0ad","On 1 list: Wedding Songs 2026"
"(thematic candidate)","","","","Blessed","Thomas Rhett","Center Point Road","685812952","299170","214","false","https://www.deezer.com/us/track/685812952","https://cdnt-preview.dzcdn.net/api/1/1/c/2/a/0/c2afa8eda5f0f09cf0bd42498e04a586.mp3?hdnea=exp=1781363511~acl=/api/1/1/c/2/a/0/c2afa8eda5f0f09cf0bd42498e04a586.mp3*~data=user_id=0,application_id=42~hmac=18fd8c5738314bb051b9cc85063e2c71669930f495db2c1e94b7f9a0e710df30","On 1 list: 2023 - Top Wedding Slow First Dance Songs"
"(thematic candidate)","","","","Wedding Dress","Matt Nathanson","Some Mad Hope","3128481","295283","234","false","https://www.deezer.com/us/track/3128481","https://cdnt-preview.dzcdn.net/api/1/1/7/5/5/0/75517546bb122ce7b21bad61a72eebb4.mp3?hdnea=exp=1781363509~acl=/api/1/1/7/5/5/0/75517546bb122ce7b21bad61a72eebb4.mp3*~data=user_id=0,application_id=42~hmac=347bd8a0246a57eefd785cdd5c9d56046ce859fffbb8cdbb4dcbd0cc1850fa84","On 1 list: Wedding First Dance Songs"
"(thematic candidate)","","","","A Little Bit More","Dr. Hook","Premium Gold (Int'l Only)","3132378","284312","194","false","https://www.deezer.com/us/track/3132378","https://cdnt-preview.dzcdn.net/api/1/1/0/e/e/0/0eed3961688ecc14c3695217c0331b27.mp3?hdnea=exp=1781363509~acl=/api/1/1/0/e/e/0/0eed3961688ecc14c3695217c0331b27.mp3*~data=user_id=0,application_id=42~hmac=ae3b571089bc665b75b418e6560f1859c9cfc4259ca78d373e699c0944de381f","On 1 list: Wedding First Dance Songs"
"(thematic candidate)","","","","All Of Me","All 4 U","All Of Me (John Legend Cover)","77474364","279373","296","false","https://www.deezer.com/us/track/77474364","https://cdnt-preview.dzcdn.net/api/1/1/b/d/5/0/bd53369dd98a570833bcfef7bb4e44b6.mp3?hdnea=exp=1781363509~acl=/api/1/1/b/d/5/0/bd53369dd98a570833bcfef7bb4e44b6.mp3*~data=user_id=0,application_id=42~hmac=a4202ed9715137b167e01faf4b56f6b623075cfd897aa69ae8dbe4d2ec7876ea","On 1 list: Wedding First Dance Songs"
"(thematic candidate)","","","","Bring It Back","Travis Porter","Bring It Back","9933657","278747","216","true","https://www.deezer.com/us/track/9933657","https://cdnt-preview.dzcdn.net/api/1/1/b/e/5/0/be5e3b01bdc19397814108c36097caa8.mp3?hdnea=exp=1781363511~acl=/api/1/1/b/e/5/0/be5e3b01bdc19397814108c36097caa8.mp3*~data=user_id=0,application_id=42~hmac=7fd26143a09eb9c4aa8d3c2e52485195dccf875d2ca613d914527bc34a3e79e5","On 1 list: Wedding Reception BANGERS"
"(thematic candidate)","","","","He's the Greatest Dancer (Edit Version)","Sister Sledge","We Are Family - The Essential Sister Sledge","67649281","266146","214","false","https://www.deezer.com/us/track/67649281","https://cdnt-preview.dzcdn.net/api/1/1/0/d/5/0/0d558f780db473f67f67eeb4dac175eb.mp3?hdnea=exp=1781363506~acl=/api/1/1/0/d/5/0/0d558f780db473f67f67eeb4dac175eb.mp3*~data=user_id=0,application_id=42~hmac=018f86d4ce43940f9e910d9899ace0339bd83b34338187a35936c7799bbc0867","On 1 list: Wedding Songs 2026"
"(thematic candidate)","","","","ever & ever before","for KING & COUNTRY","Ever & Ever Before","3776269082","261187","230","false","https://www.deezer.com/us/track/3776269082","https://cdnt-preview.dzcdn.net/api/1/1/3/b/3/0/3b3482d2c3e42a1dcf32ef6ba0e2b7c9.mp3?hdnea=exp=1781363505~acl=/api/1/1/3/b/3/0/3b3482d2c3e42a1dcf32ef6ba0e2b7c9.mp3*~data=user_id=0,application_id=42~hmac=5140325f622cb1001c4b4bfa63203b0cbcbf84e209add5f75d42f0708e2c1e6c","On 1 list: Wedding Songs 2026"
"(thematic candidate)","","","","True Companion","Marc Cohn","Marc Cohn","675197","258357","249","false","https://www.deezer.com/us/track/675197","https://cdnt-preview.dzcdn.net/api/1/1/a/c/7/0/ac775e8a04ada1cbc0f8a047b1ed256d.mp3?hdnea=exp=1781363505~acl=/api/1/1/a/c/7/0/ac775e8a04ada1cbc0f8a047b1ed256d.mp3*~data=user_id=0,application_id=42~hmac=c6c660667ac3d1d259397e611310d9c2c8e29fe3f9a2dbd72b28ac78df277de4","On 1 list: Wedding Songs 2026"
"(thematic candidate)","","","","Till The End (From ""Me Before You"")","Jessie Ware","Me Before You (Original Motion Picture Soundtrack)","125968125","256592","187","false","https://www.deezer.com/us/track/125968125","https://cdnt-preview.dzcdn.net/api/1/1/1/e/7/0/1e782b071914cd6fdb63f2be4e5da2d8.mp3?hdnea=exp=1781363510~acl=/api/1/1/1/e/7/0/1e782b071914cd6fdb63f2be4e5da2d8.mp3*~data=user_id=0,application_id=42~hmac=05de3996aced15d6cdea38a7732ea2d2282379a3cd132081b29179cc5af941c5","On 1 list: Wedding First Dance Songs"
"(thematic candidate)","","","","A Whole New World (From ""Aladdin"" / Soundtrack Version)","Lea Salonga","Disney Princesses","13796242","252360","162","false","https://www.deezer.com/us/track/13796242","https://cdnt-preview.dzcdn.net/api/1/1/9/7/7/0/9777018227072827ada8949b1b0f821e.mp3?hdnea=exp=1781363509~acl=/api/1/1/9/7/7/0/9777018227072827ada8949b1b0f821e.mp3*~data=user_id=0,application_id=42~hmac=db217714ebb4bff776d35a319d22c4be20e4c19ee8b9a6f28bdd209e0c17ff72","On 1 list: Wedding First Dance Songs"
"(thematic candidate)","","","","The Best Is yet to Come","Michael Bublé","Call Me Irresponsible","680644","251658","185","false","https://www.deezer.com/us/track/680644","https://cdnt-preview.dzcdn.net/api/1/1/7/b/6/0/7b6b86773b767e9ddc5b992117a30efb.mp3?hdnea=exp=1781363507~acl=/api/1/1/7/b/6/0/7b6b86773b767e9ddc5b992117a30efb.mp3*~data=user_id=0,application_id=42~hmac=535e201c04272ead09a4843bbfeeed9a457b3c70c172bfffcaf2b81dc75d1cdc","On 1 list: Wedding Reception Party | Bride & Groom"
"(thematic candidate)","","","","I'm Yours","The Script","The Script","13129402","248373","253","false","https://www.deezer.com/us/track/13129402","https://cdnt-preview.dzcdn.net/api/1/1/f/f/5/0/ff51d9e3f18240c92e8d2bea18b1278c.mp3?hdnea=exp=1781363509~acl=/api/1/1/f/f/5/0/ff51d9e3f18240c92e8d2bea18b1278c.mp3*~data=user_id=0,application_id=42~hmac=d62d1021b39156e84c2a9e7abef987721729f9857c43a0b642c941823446d5e7","On 1 list: Wedding First Dance Songs"
"(thematic candidate)","","","","For the First Time","The Script","For the First Time","7011719","246980","250","true","https://www.deezer.com/us/track/7011719","https://cdnt-preview.dzcdn.net/api/1/1/e/d/5/0/ed54405977dc034a93ac33be85b49596.mp3?hdnea=exp=1781363506~acl=/api/1/1/e/d/5/0/ed54405977dc034a93ac33be85b49596.mp3*~data=user_id=0,application_id=42~hmac=4da96ddd6cb256ab9252708287be9b389c4398ca11e279e618e7c2c151731b2c","On 1 list: Wedding Reception Party | Bride & Groom"
"(thematic candidate)","","","","Fall","Ed Sheeran","Songs I Wrote With Amy","14955977","244586","163","false","https://www.deezer.com/us/track/14955977","https://cdnt-preview.dzcdn.net/api/1/1/b/a/d/0/badc937d1029baa5cfed8cab3c281dcb.mp3?hdnea=exp=1781363510~acl=/api/1/1/b/a/d/0/badc937d1029baa5cfed8cab3c281dcb.mp3*~data=user_id=0,application_id=42~hmac=db8f9750e24aab5fc25861759e8df2c5bdb95196511f450fbd833fde9b55575f","On 1 list: Wedding First Dance Songs"
"(thematic candidate)","","","","No Matter What","Boyzone","90's Pop Pre-Cleared Comp","1118857","244180","274","false","https://www.deezer.com/us/track/1118857","https://cdnt-preview.dzcdn.net/api/1/1/5/2/4/0/5246a1d61703a0ad2b6245ed2b72a7b3.mp3?hdnea=exp=1781363509~acl=/api/1/1/5/2/4/0/5246a1d61703a0ad2b6245ed2b72a7b3.mp3*~data=user_id=0,application_id=42~hmac=825e7cc90bbf1d216c0b167527bfeff0de59ec994fc3368a58d03c0414aa4c99","On 1 list: Wedding First Dance Songs"
"(thematic candidate)","","","","You Make Me Feel Brand New (Let's Put It All Together Version)","The Stylistics","70s Love","917230","241953","327","false","https://www.deezer.com/us/track/917230","https://cdnt-preview.dzcdn.net/api/1/1/7/a/e/0/7ae97dc732cda63800d956e3108513d8.mp3?hdnea=exp=1781363509~acl=/api/1/1/7/a/e/0/7ae97dc732cda63800d956e3108513d8.mp3*~data=user_id=0,application_id=42~hmac=6c3b72e3d257859442c90a271f9573e01b8ed5450b87c9279e9f6477a2fc29de","On 1 list: Wedding First Dance Songs"
"(thematic candidate)","","","","Heaven (Candlelight Mix)","DJ Sammy","Greatest - DJ Sammy","69420274","241363","242","false","https://www.deezer.com/us/track/69420274","https://cdnt-preview.dzcdn.net/api/1/1/a/3/0/0/a304218cd528ba79a663a0a364baeb5c.mp3?hdnea=exp=1781363509~acl=/api/1/1/a/3/0/0/a304218cd528ba79a663a0a364baeb5c.mp3*~data=user_id=0,application_id=42~hmac=80bc1fbf76a39c1a272272bc90ee91fa82e6486526f6f7d37a48fcf2671b1d1e","On 1 list: Wedding First Dance Songs"
"(thematic candidate)","","","","To Be Loved","Michael Bublé","To Be Loved","66379626","240497","221","false","https://www.deezer.com/us/track/66379626","https://cdnt-preview.dzcdn.net/api/1/1/3/f/3/0/3f30e6fe3004c60d298696ce076971fb.mp3?hdnea=exp=1781363509~acl=/api/1/1/3/f/3/0/3f30e6fe3004c60d298696ce076971fb.mp3*~data=user_id=0,application_id=42~hmac=fa4f0a81a4b073fd687f4bbbaa3d17dd281cb08778d9a50adac80c075e425973","On 1 list: Wedding First Dance Songs"
"(thematic candidate)","","","","Religiously","Bailey Zimmerman","Religiously","2174389207","237877","178","false","https://www.deezer.com/us/track/2174389207","https://cdnt-preview.dzcdn.net/api/1/1/0/d/0/0/0d07a533c3da6a2c489ed972194011d3.mp3?hdnea=exp=1781363505~acl=/api/1/1/0/d/0/0/0d07a533c3da6a2c489ed972194011d3.mp3*~data=user_id=0,application_id=42~hmac=8b1b48fb33a56f7a07e84fbde6d3bcdee0ecc2538ffcce2cfc987b86870fa334","On 1 list: Wedding Songs 2026"
"(thematic candidate)","","","","Til Death Do Us Part","Leroy Sanchez","STANDBY (Español)","2946240281","236986","190","false","https://www.deezer.com/us/track/2946240281","https://cdnt-preview.dzcdn.net/api/1/1/6/8/c/0/68c89cc6b8b6e0f10417d5b8675f92ee.mp3?hdnea=exp=1781363505~acl=/api/1/1/6/8/c/0/68c89cc6b8b6e0f10417d5b8675f92ee.mp3*~data=user_id=0,application_id=42~hmac=866eecbf5fac8d7bacdff447a9c49b8c94f26d220a02e9b20d6f73e258f0812c","On 1 list: Wedding Songs 2026"
"(thematic candidate)","","","","So Beautiful (Single Edit)","James Morrison","So Beautiful (Single Edit)","751164682","236585","188","false","https://www.deezer.com/us/track/751164682","https://cdnt-preview.dzcdn.net/api/1/1/f/e/9/0/fe9cdc53263dbf0ef04daa1f7875ffa8.mp3?hdnea=exp=1781363505~acl=/api/1/1/f/e/9/0/fe9cdc53263dbf0ef04daa1f7875ffa8.mp3*~data=user_id=0,application_id=42~hmac=0c57622350b2a0d88b88bfdaba9f6369a8e3655713182694003dddea343e7186","On 1 list: Wedding Songs 2026"
"(thematic candidate)","","","","Eternal Flame (La Flama Enterna)","The Bangles","Greatest Hits","1055437","236094","235","false","https://www.deezer.com/us/track/1055437","https://cdnt-preview.dzcdn.net/api/1/1/9/0/1/0/901fa479015ddc6283eb95f554442482.mp3?hdnea=exp=1781363507~acl=/api/1/1/9/0/1/0/901fa479015ddc6283eb95f554442482.mp3*~data=user_id=0,application_id=42~hmac=605db2cced735e3c2eba91aa0ce9cab42ae6700bdcefa6cd0d5aa3c3a6b1bdb9","On 1 list: Wedding Reception Party | Bride & Groom"
"(thematic candidate)","","","","You Bet Your Sweet, Sweet Love","Candi Staton","Young Hearts Run Free (US Internet Release)","720730","233358","278","false","https://www.deezer.com/us/track/720730","https://cdnt-preview.dzcdn.net/api/1/1/7/a/3/0/7a3f12e3aa48e175c0439ffde3773db0.mp3?hdnea=exp=1781363505~acl=/api/1/1/7/a/3/0/7a3f12e3aa48e175c0439ffde3773db0.mp3*~data=user_id=0,application_id=42~hmac=080126cdad3da99a66fe0f87fc7c39d40d4b7111cfc908a4be058517a37743da","On 1 list: Wedding Songs 2026"
"(thematic candidate)","","","","We Can Reach the Stars","Blake Shelton","We Can Reach The Stars","1522432092","229037","216","false","https://www.deezer.com/us/track/1522432092","https://cdnt-preview.dzcdn.net/api/1/1/7/6/e/0/76ebee02ec052f4cd8957af9f77c6440.mp3?hdnea=exp=1781363505~acl=/api/1/1/7/6/e/0/76ebee02ec052f4cd8957af9f77c6440.mp3*~data=user_id=0,application_id=42~hmac=6320d307fc7f6e70eae9c61c41a602a1c0628070c54b3f1818d79d754dbd5ce4","On 1 list: Wedding Songs 2026"
"(thematic candidate)","","","","Rosanna (Single Version)","Toto","LOVE","2847600","228861","241","false","https://www.deezer.com/us/track/2847600","https://cdnt-preview.dzcdn.net/api/1/1/8/7/f/0/87f9672f359d4ab3ed075d33ba1c35ac.mp3?hdnea=exp=1781363507~acl=/api/1/1/8/7/f/0/87f9672f359d4ab3ed075d33ba1c35ac.mp3*~data=user_id=0,application_id=42~hmac=f7e45fb635e31aa2a67ad313f4fec980c2e7c6dd03f484a43cdb0ce3ef899d6a","On 1 list: Wedding Reception Party | Bride & Groom"
"(thematic candidate)","","","","The Best Days of My Life","Jason Gray","Love Will Have the Final Word","1288133032","228130","228","false","https://www.deezer.com/us/track/1288133032","https://cdnt-preview.dzcdn.net/api/1/1/0/3/3/0/0330af0a84e9c2beb79b3893567128c0.mp3?hdnea=exp=1781363505~acl=/api/1/1/0/3/3/0/0330af0a84e9c2beb79b3893567128c0.mp3*~data=user_id=0,application_id=42~hmac=5f751f0812585a17c87c6df30809b42730cacb15571a3a6427380049dac75e26","On 1 list: Wedding Songs 2026"
"(thematic candidate)","","","","Let's Dance (Single Version, 2014 Remaster)","David Bowie","Legacy (The Very Best Of David Bowie, Deluxe)","2173385647","224920","248","false","https://www.deezer.com/us/track/2173385647","https://cdnt-preview.dzcdn.net/api/1/1/d/a/3/0/da3578d584b7a4a009642982bbbfc8a9.mp3?hdnea=exp=1781363506~acl=/api/1/1/d/a/3/0/da3578d584b7a4a009642982bbbfc8a9.mp3*~data=user_id=0,application_id=42~hmac=91116450e2ec0e2a88beb1d6f70c73110252a9247877c2395f291e3d7a989d0e","On 1 list: Wedding Songs 2026"
"(thematic candidate)","","","","Gorgeous","Brett Eldredge","Gorgeous","3135056901","224719","214","false","https://www.deezer.com/us/track/3135056901","https://cdnt-preview.dzcdn.net/api/1/1/6/5/c/0/65c0810823b4dd1d5b7c2e50396277e2.mp3?hdnea=exp=1781363505~acl=/api/1/1/6/5/c/0/65c0810823b4dd1d5b7c2e50396277e2.mp3*~data=user_id=0,application_id=42~hmac=a25a6339399a6889a3da385584719d08fa472fef92e4f1a4b582d5d9c8b2cca8","On 1 list: Wedding Songs 2026"
"(thematic candidate)","","","","You & Me Song","The Wannadies","Slow Motion 10","613577","224619","172","false","https://www.deezer.com/us/track/613577","https://cdnt-preview.dzcdn.net/api/1/1/0/f/9/0/0f9c878915749a4d5a3108f3636c5d3c.mp3?hdnea=exp=1781363509~acl=/api/1/1/0/f/9/0/0f9c878915749a4d5a3108f3636c5d3c.mp3*~data=user_id=0,application_id=42~hmac=f7a9febfe2e377e1ab5e8de0a757f5d1eb4186bfefe870ce41392a3a39fb0e13","On 1 list: Wedding First Dance Songs"
"(thematic candidate)","","","","You'll Be Mine","Brett Eldredge","You'll Be Mine","3191384361","223686","170","false","https://www.deezer.com/us/track/3191384361","https://cdnt-preview.dzcdn.net/api/1/1/6/6/f/0/66f68e33bbf684db3431c22ece23f8df.mp3?hdnea=exp=1781363505~acl=/api/1/1/6/6/f/0/66f68e33bbf684db3431c22ece23f8df.mp3*~data=user_id=0,application_id=42~hmac=4bb561662806d322a5d0817c2bc585b8adcb23364ee288cbbf33041ef2d5d285","On 1 list: Wedding Songs 2026"
"(thematic candidate)","","","","I Believe in You","Rumer","I Believe in You","14172509","221254","184","false","https://www.deezer.com/us/track/14172509","https://cdnt-preview.dzcdn.net/api/1/1/9/9/c/0/99c312c94a3cb6f120756b374ce51ecc.mp3?hdnea=exp=1781363510~acl=/api/1/1/9/9/c/0/99c312c94a3cb6f120756b374ce51ecc.mp3*~data=user_id=0,application_id=42~hmac=9689cd4a3e79726faed4a7ef52f88fd07dbb8030b8a6875787fbd13d333565ad","On 1 list: Wedding First Dance Songs"
"(thematic candidate)","","","","Light My Fire","Will Young","From Now On","995020","217423","213","false","https://www.deezer.com/us/track/995020","https://cdnt-preview.dzcdn.net/api/1/1/0/8/0/0/0806407382cfc66a84e77360472ff0a6.mp3?hdnea=exp=1781363507~acl=/api/1/1/0/8/0/0/0806407382cfc66a84e77360472ff0a6.mp3*~data=user_id=0,application_id=42~hmac=311cd435c2793a13efb27872ef84d0ff7a6d1cd16d43fc44a19a73ff7c5f67c2","On 1 list: Wedding Reception Party | Bride & Groom"
"(thematic candidate)","","","","I Don't Dance","Lee Brice","I Don't Dance (Single)","75782837","215880","221","false","https://www.deezer.com/us/track/75782837","https://cdnt-preview.dzcdn.net/api/1/1/a/d/7/0/ad7d7cc24779e28a281300f67b7e5f8c.mp3?hdnea=exp=1781363511~acl=/api/1/1/a/d/7/0/ad7d7cc24779e28a281300f67b7e5f8c.mp3*~data=user_id=0,application_id=42~hmac=2d4462de6f4cfc2e5edf1b710f6b55fac526d334b33cc7cac752e2aae2e0f0ae","On 1 list: 2023 - Top Wedding Slow First Dance Songs"
"(thematic candidate)","","","","Look At Us Now (Honeycomb) (Acoustic Demo)","Daisy Jones & The Six","Look At Us Now (Honeycomb) (Acoustic Demo)","2225194427","211072","231","false","https://www.deezer.com/us/track/2225194427","https://cdnt-preview.dzcdn.net/api/1/1/1/1/8/0/1185dda08843442a1fa8302ebd894ddb.mp3?hdnea=exp=1781363505~acl=/api/1/1/1/1/8/0/1185dda08843442a1fa8302ebd894ddb.mp3*~data=user_id=0,application_id=42~hmac=ee9ab75612981631b516cb5a58e75200056e5283c9c9b2667f43ccd3cf8c1510","On 1 list: Wedding Songs 2026"
"(thematic candidate)","","","","First Date (Acoustic)","Taylor Acorn","First Date (Acoustic)","1690785727","210876","175","false","https://www.deezer.com/us/track/1690785727","https://cdnt-preview.dzcdn.net/api/1/1/f/0/7/0/f076f3a76d9c44e0b29099a106948cca.mp3?hdnea=exp=1781363511~acl=/api/1/1/f/0/7/0/f076f3a76d9c44e0b29099a106948cca.mp3*~data=user_id=0,application_id=42~hmac=76f729ac64eedd9e2daf1a2fec5c4eb30049dbb539c6e4171436605bcf1527c8","On 1 list: 2023 - Top Wedding Slow First Dance Songs"
"(thematic candidate)","","","","If You're Not The One","Daniel Bedingfield","Gotta Get Thru This","2287146","209192","256","false","https://www.deezer.com/us/track/2287146","https://cdnt-preview.dzcdn.net/api/1/1/e/2/1/0/e212512fa7c1841818bf7f375332ed20.mp3?hdnea=exp=1781363509~acl=/api/1/1/e/2/1/0/e212512fa7c1841818bf7f375332ed20.mp3*~data=user_id=0,application_id=42~hmac=2a3691f5114fa838cf50838a0844666437b298a40b2a3886e99c908ef77b75e5","On 1 list: Wedding First Dance Songs"
"(thematic candidate)","","","","Love Really Hurts Without You","Billy Ocean","The Best of Disco","555747","206785","181","false","https://www.deezer.com/us/track/555747","https://cdnt-preview.dzcdn.net/api/1/1/d/3/1/0/d31603d03bf94096caf176a4058f6433.mp3?hdnea=exp=1781363507~acl=/api/1/1/d/3/1/0/d31603d03bf94096caf176a4058f6433.mp3*~data=user_id=0,application_id=42~hmac=83a0fad398e3fce755e03de5e15f4e4d7c05efca8a49bc007bacf1c41abb621d","On 1 list: Wedding Reception Party | Bride & Groom"
"(thematic candidate)","","","","Home With Me","RIIKI REID","Home With Me","2357021665","206466","167","false","https://www.deezer.com/us/track/2357021665","https://cdnt-preview.dzcdn.net/api/1/1/b/5/0/0/b505679d913f3582be7047f2d2bab7d0.mp3?hdnea=exp=1781363505~acl=/api/1/1/b/5/0/0/b505679d913f3582be7047f2d2bab7d0.mp3*~data=user_id=0,application_id=42~hmac=c38cadcefbc01b37a752d9253855221f2cc1aed9a20c304c5367b5f0d5bacc5a","On 1 list: Wedding Songs 2026"
"(thematic candidate)","","","","Sex on Fire","Kings Of Leon","Indie Pop Rock: Les classiques rock et nouveautés pop réunis dans une playlist","77234700","206134","203","false","https://www.deezer.com/us/track/77234700","https://cdnt-preview.dzcdn.net/api/1/1/c/f/9/0/cf91eba7944cb75ce1b292723d71265c.mp3?hdnea=exp=1781363507~acl=/api/1/1/c/f/9/0/cf91eba7944cb75ce1b292723d71265c.mp3*~data=user_id=0,application_id=42~hmac=91f1e8cf7942d8b5ae5eeb39b4d018050eb72c530052d9ac1fec2d627b4eb910","On 1 list: Wedding Reception Party | Bride & Groom"
"(thematic candidate)","","","","Forever","Ben Harper","Boxed Set Collection","3134563","204782","203","false","https://www.deezer.com/us/track/3134563","https://cdnt-preview.dzcdn.net/api/1/1/c/f/7/0/cf781b6ba3b948fb3b7fffaa34222cf0.mp3?hdnea=exp=1781363507~acl=/api/1/1/c/f/7/0/cf781b6ba3b948fb3b7fffaa34222cf0.mp3*~data=user_id=0,application_id=42~hmac=977f976a2f8875dcf00f1d1907d70f1cd0efc0cd3bd339e4b8e84659ab06340d","On 1 list: Wedding Reception Party | Bride & Groom"
"(thematic candidate)","","","","Me and You","Kenny Chesney","Greatest Hits","965415","201779","219","false","https://www.deezer.com/us/track/965415","https://cdnt-preview.dzcdn.net/api/1/1/4/8/0/0/480923f886591bfad6052ed73c4c27de.mp3?hdnea=exp=1781363511~acl=/api/1/1/4/8/0/0/480923f886591bfad6052ed73c4c27de.mp3*~data=user_id=0,application_id=42~hmac=42349c147e527a91c8d7f104f535d4c2c6fe2411d911c7780ede5851bb4b2d6d","On 1 list: 2023 - Top Wedding Slow First Dance Songs"
"(thematic candidate)","","","","BUTTERFLIES","MAX","LOVE IN STEREO","2650564882","200576","191","false","https://www.deezer.com/us/track/2650564882","https://cdnt-preview.dzcdn.net/api/1/1/4/d/0/0/4d0b96f2d3c9965123291b35d0395faf.mp3?hdnea=exp=1781363505~acl=/api/1/1/4/d/0/0/4d0b96f2d3c9965123291b35d0395faf.mp3*~data=user_id=0,application_id=42~hmac=9484f2d7b25c876518439f0f0770dd43719080cb8bbba3ba936b375d89924813","On 1 list: Wedding Songs 2026"
"(thematic candidate)","","","","Count On You","Johnny Drille","Count On You","750115772","184182","237","false","https://www.deezer.com/us/track/750115772","https://cdnt-preview.dzcdn.net/api/1/1/4/8/9/0/489ef5173a47370b703c785626b427b1.mp3?hdnea=exp=1781363507~acl=/api/1/1/4/8/9/0/489ef5173a47370b703c785626b427b1.mp3*~data=user_id=0,application_id=42~hmac=1813e7088eb89ecf2e8ebfc7080926bca041410172e6afe64ad831d088f6bcc7","On 1 list: Wedding Songs"
"(thematic candidate)","","","","Come Back To What You Know","Embrace","Fireworks (Singles 1997-2002)","3363411","182300","249","false","https://www.deezer.com/us/track/3363411","https://cdnt-preview.dzcdn.net/api/1/1/0/5/2/0/052f45b33b43e35df3d3414a2dbd5263.mp3?hdnea=exp=1781363509~acl=/api/1/1/0/5/2/0/052f45b33b43e35df3d3414a2dbd5263.mp3*~data=user_id=0,application_id=42~hmac=38953eb608b290ff1b01726d8fdc398cbf7c1e75200b952cc28f2870de87ce75","On 1 list: Wedding First Dance Songs"
"(thematic candidate)","","","","Grow Old","Florida Georgia Line","Dig Your Roots","130935394","178975","230","false","https://www.deezer.com/us/track/130935394","https://cdnt-preview.dzcdn.net/api/1/1/8/0/7/0/80708f15e38645522444175e4c5fec33.mp3?hdnea=exp=1781363511~acl=/api/1/1/8/0/7/0/80708f15e38645522444175e4c5fec33.mp3*~data=user_id=0,application_id=42~hmac=35acbd635f6c554b74636d2c8a2b5e3122f43948304980a1b07ca2f7d8a32e2c","On 1 list: 2023 - Top Wedding Slow First Dance Songs"
"(thematic candidate)","","","","Perfect (Acoustic)","Matt Johnson","Perfect (Acoustic)","349681791","178435","256","false","https://www.deezer.com/us/track/349681791","https://cdnt-preview.dzcdn.net/api/1/1/a/d/d/0/add58b506608d23979fb96afb5df9746.mp3?hdnea=exp=1781363509~acl=/api/1/1/a/d/d/0/add58b506608d23979fb96afb5df9746.mp3*~data=user_id=0,application_id=42~hmac=c8bb748b707dcbdea797e75d566826a579252fdc4cd074dd6116650e6a8a3eaa","On 1 list: Wedding First Dance Songs"
"(thematic candidate)","","","","Cinema","Jason Evigan","Cinema","69257058","177898","201","false","https://www.deezer.com/us/track/69257058","https://cdnt-preview.dzcdn.net/api/1/1/5/0/9/0/50961abaf12d46411308583660a8527a.mp3?hdnea=exp=1781363511~acl=/api/1/1/5/0/9/0/50961abaf12d46411308583660a8527a.mp3*~data=user_id=0,application_id=42~hmac=7d31c7ccb6ed4a334e266061b447da0aaa386bfbe13b8071db6e8c9438729c5d","On 1 list: 2023 - Top Wedding Slow First Dance Songs"
"(thematic candidate)","","","","Wasn't Expecting That","Jamie Lawson","Jamie Lawson","109113162","177756","201","false","https://www.deezer.com/us/track/109113162","https://cdnt-preview.dzcdn.net/api/1/1/f/3/0/0/f30b4688d57e3454415151e321e23a90.mp3?hdnea=exp=1781363505~acl=/api/1/1/f/3/0/0/f30b4688d57e3454415151e321e23a90.mp3*~data=user_id=0,application_id=42~hmac=308f57c31557453c4ad68522768017afcc1e4f6c281baf1de301a6da62189027","On 1 list: Wedding Songs 2026"
"(thematic candidate)","","","","On This Day","David Pomeranz","On This Day","1630029","176678","255","false","https://www.deezer.com/us/track/1630029","https://cdnt-preview.dzcdn.net/api/1/1/5/d/7/0/5d752d05f702085746fa398fbcf551fb.mp3?hdnea=exp=1781363510~acl=/api/1/1/5/d/7/0/5d752d05f702085746fa398fbcf551fb.mp3*~data=user_id=0,application_id=42~hmac=607f55276d93d914a4a08724d8c57ef664a4bdc51f5e90ae031fd1e94ef157ef","On 1 list: Wedding First Dance Songs"
"(thematic candidate)","","","","You Make It Real","James Morrison","Songs For You, Truths For Me","2195960","176660","211","false","https://www.deezer.com/us/track/2195960","https://cdnt-preview.dzcdn.net/api/1/1/3/a/6/0/3a6a95195afb678f79a25f5f60cb40a5.mp3?hdnea=exp=1781363509~acl=/api/1/1/3/a/6/0/3a6a95195afb678f79a25f5f60cb40a5.mp3*~data=user_id=0,application_id=42~hmac=ac84cf7df938319b309f3520c442082201e3950e6e57114c02b3ac6c1055ab9b","On 1 list: Wedding First Dance Songs"
"(thematic candidate)","","","","Just the Way You Are (Radio Edit)","Billy Joel","Piano Man: The Very Best of Billy Joel","2168836","173556","215","false","https://www.deezer.com/us/track/2168836","https://cdnt-preview.dzcdn.net/api/1/1/8/f/a/0/8fad734e2a09fda82ccda7bb5d67976e.mp3?hdnea=exp=1781363509~acl=/api/1/1/8/f/a/0/8fad734e2a09fda82ccda7bb5d67976e.mp3*~data=user_id=0,application_id=42~hmac=9f2e26931833f861dfe2d4ad6b404526bfc123c0cbef44baa1921935dc3e1aea","On 1 list: Wedding First Dance Songs"
"(thematic candidate)","","","","Dancing in the Minefields","Andrew Peterson","Counting Stars","1380603212","168256","210","false","https://www.deezer.com/us/track/1380603212","https://cdnt-preview.dzcdn.net/api/1/1/2/8/3/0/283797f0d2470d650eb20d815dc23ae8.mp3?hdnea=exp=1781363505~acl=/api/1/1/2/8/3/0/283797f0d2470d650eb20d815dc23ae8.mp3*~data=user_id=0,application_id=42~hmac=c9b76cc8cb1077df47de7deea9f4b60ecb73a52fcd97321c5655bf63f2edc6e8","On 1 list: Wedding Songs 2026"
"(thematic candidate)","","","","When I Fall In Love (feat. Clive Griffin)","Céline Dion","Sleepless In Seattle: Original Motion Picture Soundtrack","7675348","163858","259","false","https://www.deezer.com/us/track/7675348","https://cdnt-preview.dzcdn.net/api/1/1/0/3/a/0/03ac1dd7ac341406b7ef826f4ec5f005.mp3?hdnea=exp=1781363509~acl=/api/1/1/0/3/a/0/03ac1dd7ac341406b7ef826f4ec5f005.mp3*~data=user_id=0,application_id=42~hmac=8ce179d6714ae90121b5bfb3effadb5c77bc2bba4ccdc1bb485c0c6fbb583ed5","On 1 list: Wedding First Dance Songs"
"(thematic candidate)","","","","Glad You Exist","Dan + Shay","Good Things","1444053082","162605","144","false","https://www.deezer.com/us/track/1444053082","https://cdnt-preview.dzcdn.net/api/1/1/d/b/0/0/db0fcce3fd2baccdcb73499b5a1fe3ae.mp3?hdnea=exp=1781363505~acl=/api/1/1/d/b/0/0/db0fcce3fd2baccdcb73499b5a1fe3ae.mp3*~data=user_id=0,application_id=42~hmac=b1a04e88bd0ff521ec811e6ed1f1484d4d266e30a4aa630594945e4b8f9bedab","On 1 list: Wedding Songs 2026"
"(thematic candidate)","","","","So Amazing","Luther Vandross","The Greatest Hits","87669719","158083","223","false","https://www.deezer.com/us/track/87669719","https://cdnt-preview.dzcdn.net/api/1/1/d/d/d/0/ddd424106b0cf8585e79818d52ea6c0e.mp3?hdnea=exp=1781363510~acl=/api/1/1/d/d/d/0/ddd424106b0cf8585e79818d52ea6c0e.mp3*~data=user_id=0,application_id=42~hmac=95ffad2c8321532cd6c502315d6cee18d49b697ba4d938aec62af1bed2073143","On 1 list: Wedding First Dance Songs"
"(thematic candidate)","","","","Hot In Herre","Nelly","Party People (Essential 5 EP)","913310","156447","230","false","https://www.deezer.com/us/track/913310","https://cdnt-preview.dzcdn.net/api/1/1/2/d/5/0/2d53360c220ffdce1f77488f377d361e.mp3?hdnea=exp=1781363511~acl=/api/1/1/2/d/5/0/2d53360c220ffdce1f77488f377d361e.mp3*~data=user_id=0,application_id=42~hmac=d865b06ba53468707e80552e0271627cd01cd5d3e2a15ccc2f2a1b0d269fc56b","On 1 list: Wedding Reception BANGERS"
"(thematic candidate)","","","","Wild Horses","The Rolling Stones","The Rolling Stones Singles Box Set (1971-2006) (Sampler)","10405286","155857","343","false","https://www.deezer.com/us/track/10405286","https://cdnt-preview.dzcdn.net/api/1/1/8/b/1/0/8b182f1977cd0e647ee22d382bc0bb17.mp3?hdnea=exp=1781363510~acl=/api/1/1/8/b/1/0/8b182f1977cd0e647ee22d382bc0bb17.mp3*~data=user_id=0,application_id=42~hmac=6aae1e15f5abcee2b407ee4382a2f6c4662231aa303c0a94da4112ee3523181b","On 1 list: Wedding First Dance Songs"
"(thematic candidate)","","","","Heart On My Sleeve","Olly Murs","Olly Murs","14877091","153523","209","false","https://www.deezer.com/us/track/14877091","https://cdnt-preview.dzcdn.net/api/1/1/b/1/b/0/b1b8a187a64ffceb3dfb10cff83e34a7.mp3?hdnea=exp=1781363509~acl=/api/1/1/b/1/b/0/b1b8a187a64ffceb3dfb10cff83e34a7.mp3*~data=user_id=0,application_id=42~hmac=79297f6269a45ed928213babbd8d7a4fe5f2c82744ade834753015860a278f13","On 1 list: Wedding First Dance Songs"
"(thematic candidate)","","","","That's Why I Love You","Boyz II Men","Full Circle","960274","148064","315","false","https://www.deezer.com/us/track/960274","https://cdnt-preview.dzcdn.net/api/1/1/7/2/4/0/72412c8840e0f52d65fe443a2b1e4300.mp3?hdnea=exp=1781363507~acl=/api/1/1/7/2/4/0/72412c8840e0f52d65fe443a2b1e4300.mp3*~data=user_id=0,application_id=42~hmac=5659b27b8fd08f64b716a8dde9c151a1dce1f0beb884b03072aaa19c199c2b97","On 1 list: Wedding Reception Party | Bride & Groom"
"(thematic candidate)","","","","Don't Stop The Music","Rihanna","Good Girl Gone Bad: Reloaded","887241","141796","267","false","https://www.deezer.com/us/track/887241","https://cdnt-preview.dzcdn.net/api/1/1/7/9/3/0/79381dfd980c4efd786e0a3e598ee0fe.mp3?hdnea=exp=1781363507~acl=/api/1/1/7/9/3/0/79381dfd980c4efd786e0a3e598ee0fe.mp3*~data=user_id=0,application_id=42~hmac=91b23703973057ea5a5ed836431fd350925e234d7e09cf81f52315e3694b625e","On 1 list: Wedding Reception Party | Bride & Groom"
"(thematic candidate)","","","","Making Memories Of Us","Keith Urban","Keith Urban Days Go By","3357610","140922","234","false","https://www.deezer.com/us/track/3357610","https://cdnt-preview.dzcdn.net/api/1/1/7/c/3/0/7c312ac73be51c46418fd3496462b268.mp3?hdnea=exp=1781363511~acl=/api/1/1/7/c/3/0/7c312ac73be51c46418fd3496462b268.mp3*~data=user_id=0,application_id=42~hmac=1a4d0ebf8c6f5f1ed6b582c6a3c505fe1b054ce60b037ec4818cd7ac375944a2","On 1 list: 2023 - Top Wedding Slow First Dance Songs"
"(thematic candidate)","","","","Lovely Tonight","Joshua Radin","Wax Wings","80466566","140062","224","false","https://www.deezer.com/us/track/80466566","https://cdnt-preview.dzcdn.net/api/1/1/7/9/8/0/798f2aabf48ecdccef74b30976e6285c.mp3?hdnea=exp=1781363509~acl=/api/1/1/7/9/8/0/798f2aabf48ecdccef74b30976e6285c.mp3*~data=user_id=0,application_id=42~hmac=bd88af3c02f0ac2f618157bdf3cfb5490360f06af1871efdcf42e6362a597497","On 1 list: Wedding First Dance Songs"
"(thematic candidate)","","","","September Morn","Neil Diamond","In My Lifetime","13149389","139130","231","false","https://www.deezer.com/us/track/13149389","https://cdnt-preview.dzcdn.net/api/1/1/3/9/b/0/39b333246ebe337048612b66908d3934.mp3?hdnea=exp=1781363510~acl=/api/1/1/3/9/b/0/39b333246ebe337048612b66908d3934.mp3*~data=user_id=0,application_id=42~hmac=6b125694907e47af376c3b1faccde368d6e18332eff6ee0ef340e971accd0501","On 1 list: Wedding First Dance Songs"
"(thematic candidate)","","","","More Than Life","Gary Barlow","Since I Saw You Last (Deluxe Edition)","72586784","137813","228","false","https://www.deezer.com/us/track/72586784","https://cdnt-preview.dzcdn.net/api/1/1/5/b/4/0/5b45a4498a61f39c0e3a4f7554bec3c5.mp3?hdnea=exp=1781363509~acl=/api/1/1/5/b/4/0/5b45a4498a61f39c0e3a4f7554bec3c5.mp3*~data=user_id=0,application_id=42~hmac=d3f4b4b99fd6432e272973788d6c1580830d87c35c40bb9036500f75066c38cf","On 1 list: Wedding First Dance Songs"
"(thematic candidate)","","","","The First Time Ever I Saw Your Face","Matt Cardle","Amazing","16197310","130618","217","false","https://www.deezer.com/us/track/16197310","https://cdnt-preview.dzcdn.net/api/1/1/3/5/a/0/35a04362ceace87ed7f8fac8a646702f.mp3?hdnea=exp=1781363509~acl=/api/1/1/3/5/a/0/35a04362ceace87ed7f8fac8a646702f.mp3*~data=user_id=0,application_id=42~hmac=f6eab623920b55c67f7ae4d1b40befe37ef92d5ecfd06399cd5e42e54e49af28","On 1 list: Wedding First Dance Songs"
"(thematic candidate)","","","","Always","Bunch Of Grapes","Always","3256598721","110367","148","false","https://www.deezer.com/us/track/3256598721","https://cdnt-preview.dzcdn.net/api/1/1/b/9/d/0/b9d8c931d596459e2b77785933141b73.mp3?hdnea=exp=1781363505~acl=/api/1/1/b/9/d/0/b9d8c931d596459e2b77785933141b73.mp3*~data=user_id=0,application_id=42~hmac=437e1adccb9d8e44b8825e95ac7acb27766e176b3f8dd1b25c6f5412f988e104","On 1 list: Wedding Songs 2026"
"(thematic candidate)","","","","First Try","JOHNNYSWIM","Georgica Pond","134036194","107829","176","false","https://www.deezer.com/us/track/134036194","https://cdnt-preview.dzcdn.net/api/1/1/1/2/2/0/1224d922303553422c6652fca2fec550.mp3?hdnea=exp=1781363511~acl=/api/1/1/1/2/2/0/1224d922303553422c6652fca2fec550.mp3*~data=user_id=0,application_id=42~hmac=57b780fcd1b15aa59ca313efed6a1c3defbd2039dd6775ce6a2beed9d29c0b88","On 1 list: 2023 - Top Wedding Slow First Dance Songs"
"(thematic candidate)","","","","Breathless","Shayne Ward","LOVE","2847555","105968","226","false","https://www.deezer.com/us/track/2847555","https://cdnt-preview.dzcdn.net/api/1/1/8/9/7/0/89777bbe7b6d7c3100d6bf5ec1afd016.mp3?hdnea=exp=1781363510~acl=/api/1/1/8/9/7/0/89777bbe7b6d7c3100d6bf5ec1afd016.mp3*~data=user_id=0,application_id=42~hmac=c1ea2b02f7edfe411dafb4518974b54333e86d104768ac12205f621906b287a4","On 1 list: Wedding First Dance Songs"
"(thematic candidate)","","","","You've Got The Love","Florence + The Machine","Lungs","4124189","105680","169","false","https://www.deezer.com/us/track/4124189","https://cdnt-preview.dzcdn.net/api/1/1/8/5/9/0/859373ad418a796f8cf525d46918ba18.mp3?hdnea=exp=1781363506~acl=/api/1/1/8/5/9/0/859373ad418a796f8cf525d46918ba18.mp3*~data=user_id=0,application_id=42~hmac=b090029078fd41316bf34370ccdda5314ebfc53932f76b13034e006726e9026f","On 1 list: Wedding Songs 2026"
"(thematic candidate)","","","","We Are In Love (Album Version)","Harry Connick Jr.","Harry Connick, Jr./We Are In Love","627728","95908","160","false","https://www.deezer.com/us/track/627728","https://cdnt-preview.dzcdn.net/api/1/1/d/7/e/0/d7e4a4186b4658bfad3868c1fe848a5f.mp3?hdnea=exp=1781363507~acl=/api/1/1/d/7/e/0/d7e4a4186b4658bfad3868c1fe848a5f.mp3*~data=user_id=0,application_id=42~hmac=3c8a80aa2bf5ba94277f633a0fba021b468acfce22bed8779284417000722e65","On 1 list: Wedding Reception Party | Bride & Groom"
"(thematic candidate)","","","","Birds of a Feather","The Civil Wars","Barton Hollow","16157334","90528","189","false","https://www.deezer.com/us/track/16157334","https://cdnt-preview.dzcdn.net/api/1/1/7/f/a/0/7faeb3cb83de18a9dea27935b3aefdd4.mp3?hdnea=exp=1781363506~acl=/api/1/1/7/f/a/0/7faeb3cb83de18a9dea27935b3aefdd4.mp3*~data=user_id=0,application_id=42~hmac=dde924d603fbab71d7a42cefd43f63e64bc13a7b115574f2f0a20f815aaa4730","On 1 list: Wedding Reception Party | Bride & Groom"
"(thematic candidate)","","","","All My Roads (Acoustic Version)","Matt Johnson","Acoustic Hits, Vol. 3","129424026","77653","184","false","https://www.deezer.com/us/track/129424026","https://cdnt-preview.dzcdn.net/api/1/1/3/b/0/0/3b0d7fdda3defe3a8c0c4514ccca09f2.mp3?hdnea=exp=1781363509~acl=/api/1/1/3/b/0/0/3b0d7fdda3defe3a8c0c4514ccca09f2.mp3*~data=user_id=0,application_id=42~hmac=81a6c332de62a7b9859ff1959240d42821a7be0a8dccb3644afcbe5b86eef33c","On 1 list: Wedding First Dance Songs"
"(thematic candidate)","","","","Always and Forever (Single Version)","Heatwave","LOVE","2847592","66420","285","false","https://www.deezer.com/us/track/2847592","https://cdnt-preview.dzcdn.net/api/1/1/4/2/6/0/426556d51d34113c87f9bedbaa495d8d.mp3?hdnea=exp=1781363509~acl=/api/1/1/4/2/6/0/426556d51d34113c87f9bedbaa495d8d.mp3*~data=user_id=0,application_id=42~hmac=f2a8ebf10bdacca33aa0e04fece24d0a8a9ec2fedd2b776a9572ff4b7b1c63bb","On 1 list: Wedding First Dance Songs"
"(thematic candidate)","","","","The One","Alistair Griffin","From Nowhere","80719574","58449","204","false","https://www.deezer.com/us/track/80719574","https://cdnt-preview.dzcdn.net/api/1/1/1/a/c/0/1ac168202e968e6cba63f29ad13fe6f8.mp3?hdnea=exp=1781363510~acl=/api/1/1/1/a/c/0/1ac168202e968e6cba63f29ad13fe6f8.mp3*~data=user_id=0,application_id=42~hmac=d8c64bdbf4e4fecc60d68f965590ae3030d5675fa3966514ead1211630e9f379","On 1 list: Wedding First Dance Songs"
"(thematic candidate)","","","","Still","Commodores","From Motown With Love","93954910","57502","227","false","https://www.deezer.com/us/track/93954910","https://cdnt-preview.dzcdn.net/api/1/1/9/3/1/0/9317ff385186e365ce87de66d1c6d595.mp3?hdnea=exp=1781363509~acl=/api/1/1/9/3/1/0/9317ff385186e365ce87de66d1c6d595.mp3*~data=user_id=0,application_id=42~hmac=6a021a0e5243c44862ad9f2184551be38c9719771bb10dd0ca3c2dda75905af3","On 1 list: Wedding First Dance Songs"
"(thematic candidate)","","","","I Knew I Loved You","Savage Garden","Affirmation","532605","47901","250","false","https://www.deezer.com/us/track/532605","https://cdnt-preview.dzcdn.net/api/1/1/5/1/5/0/515de4ba5d45a934ba07fa9fbc2fa70d.mp3?hdnea=exp=1781363509~acl=/api/1/1/5/1/5/0/515de4ba5d45a934ba07fa9fbc2fa70d.mp3*~data=user_id=0,application_id=42~hmac=4b6da3d79f54fc66ae88e9479f77c519df43445e481e379c4080345a726ee41a","On 1 list: Wedding First Dance Songs"
"(thematic candidate)","","","","Before Your Love","Kelly Clarkson","American Idol: Greatest Moments","965471","47622","239","false","https://www.deezer.com/us/track/965471","https://cdnt-preview.dzcdn.net/api/1/1/2/1/1/0/211932808ae727bb45f15fa4e2fb64e3.mp3?hdnea=exp=1781363510~acl=/api/1/1/2/1/1/0/211932808ae727bb45f15fa4e2fb64e3.mp3*~data=user_id=0,application_id=42~hmac=75f79a14858a7fce59ec83f51796b1b0d1dd657abe515fb185a9c9624fccf92a","On 1 list: Wedding First Dance Songs"
"(thematic candidate)","","","","Come Rain or Come Shine (Remastered)","Ray Charles","The Best Of (The Classics Remastered)","94791796","40518","221","false","https://www.deezer.com/us/track/94791796","https://cdnt-preview.dzcdn.net/api/1/1/a/c/e/0/ace11f2dd64a62d7ba1650b16d666d5b.mp3?hdnea=exp=1781363510~acl=/api/1/1/a/c/e/0/ace11f2dd64a62d7ba1650b16d666d5b.mp3*~data=user_id=0,application_id=42~hmac=f576c268aa63739a7ea1ac69b16553a949b21194884e634b89e56813dc7bee4a","On 1 list: Wedding First Dance Songs"
"(thematic candidate)","","","","I Do","Colbie Caillat","All Of You (Booklet Version)","12324747","39216","173","false","https://www.deezer.com/us/track/12324747","https://cdnt-preview.dzcdn.net/api/1/1/a/7/f/0/a7f92922228de9d4f9bd9a0afe4be996.mp3?hdnea=exp=1781363507~acl=/api/1/1/a/7/f/0/a7f92922228de9d4f9bd9a0afe4be996.mp3*~data=user_id=0,application_id=42~hmac=d012b30fb4c33d25d1141d9e2da3aae7838911f1e0fd14d68b09a3d9e1cd3adf","On 1 list: Wedding Songs"
"(thematic candidate)","","","","Dancing In the Dark","Bruce Springsteen","80 Totally 80s Hits","75574965","37682","241","false","https://www.deezer.com/us/track/75574965","https://cdnt-preview.dzcdn.net/api/1/1/7/4/b/0/74b63501c8c1adb7c880b8a3d9f93d67.mp3?hdnea=exp=1781363506~acl=/api/1/1/7/4/b/0/74b63501c8c1adb7c880b8a3d9f93d67.mp3*~data=user_id=0,application_id=42~hmac=0cc83ff96392a0f2521c826e2f30b8cf3eb86673fe6ab91df0b96b8da3a470e7","On 1 list: Wedding Reception Party | Bride & Groom"
"(thematic candidate)","","","","Still In Love With You","Matt Johnson","Still In Love With You","133453526","32492","248","false","https://www.deezer.com/us/track/133453526","https://cdnt-preview.dzcdn.net/api/1/1/6/b/d/0/6bda95953f5cde3e20df7925a7977a7a.mp3?hdnea=exp=1781363509~acl=/api/1/1/6/b/d/0/6bda95953f5cde3e20df7925a7977a7a.mp3*~data=user_id=0,application_id=42~hmac=49f509a54fbf495ba8e489359bd4061ffe5a52fb00ada11ce07b83cd97dd5558","On 1 list: Wedding First Dance Songs"
"(thematic candidate)","","","","Truly","Lionel Richie","From Motown With Love","93954896","31799","199","false","https://www.deezer.com/us/track/93954896","https://cdnt-preview.dzcdn.net/api/1/1/c/1/e/0/c1e993df74191852406b1ebc214c80dc.mp3?hdnea=exp=1781363509~acl=/api/1/1/c/1/e/0/c1e993df74191852406b1ebc214c80dc.mp3*~data=user_id=0,application_id=42~hmac=3ddaedd5f8a7bad3c84a305ab3b743cbe1f9a6cc2f45585462f6cfd98e337e40","On 1 list: Wedding First Dance Songs"
"(thematic candidate)","","","","L-O-V-E","Gregory Porter","Nat ""King"" Cole & Me (Deluxe)","419881442","30766","129","false","https://www.deezer.com/us/track/419881442","https://cdnt-preview.dzcdn.net/api/1/1/d/1/1/0/d111e956ff825c7b474ae5c6a83f875d.mp3?hdnea=exp=1781363507~acl=/api/1/1/d/1/1/0/d111e956ff825c7b474ae5c6a83f875d.mp3*~data=user_id=0,application_id=42~hmac=b6cee0853ed9578420af391d2fd0369a84d1d2322f9d79ae18abaeadcc97b14b","On 1 list: Wedding Songs"
"(thematic candidate)","","","","True (Live Guitar Sessions)","Matt Johnson","Acoustic Hits, Vol. 4","130403570","19351","226","false","https://www.deezer.com/us/track/130403570","https://cdnt-preview.dzcdn.net/api/1/1/4/e/8/0/4e87278f6b6166cb99f2ae350a74f50b.mp3?hdnea=exp=1781363510~acl=/api/1/1/4/e/8/0/4e87278f6b6166cb99f2ae350a74f50b.mp3*~data=user_id=0,application_id=42~hmac=1e23507f0efdff1c900285ca1e2ebbf6f67a80820af008dfe4b16bfc66bfe471","On 1 list: Wedding First Dance Songs"
"(thematic candidate)","","","","We Didn't Start the Fire","Billy Joel","Le 100 Canzoni Rock","68950595","15926","289","false","https://www.deezer.com/us/track/68950595","https://cdnt-preview.dzcdn.net/api/1/1/b/8/7/0/b8755e9394c673f2ee16cb23122fd8f2.mp3?hdnea=exp=1781363507~acl=/api/1/1/b/8/7/0/b8755e9394c673f2ee16cb23122fd8f2.mp3*~data=user_id=0,application_id=42~hmac=9d8df69728923692b4e63ea473cb2ad6203335c42e9a6a7d835e5cb0df5f97ee","On 1 list: Wedding Reception Party | Bride & Groom"
"(thematic candidate)","","","","Mambo No. 5 (A Little Bit of...)","Lou Bega","Hits Of The 90s","994493","9039","219","false","https://www.deezer.com/us/track/994493","https://cdnt-preview.dzcdn.net/api/1/1/c/4/2/0/c429f9ce07f0ea14d99f892d678d632e.mp3?hdnea=exp=1781363511~acl=/api/1/1/c/4/2/0/c429f9ce07f0ea14d99f892d678d632e.mp3*~data=user_id=0,application_id=42~hmac=4c6e6485649ad1c5a1593315241ee8570239bb58582f13f06b64b862d0f4db71","On 1 list: Wedding Reception BANGERS"
"(thematic candidate)","","","","Brown Eyed Girl","Van Morrison","Hear It Now! The Sound Of The '60s","857994","8777","183","false","https://www.deezer.com/us/track/857994","https://cdnt-preview.dzcdn.net/api/1/1/9/c/1/0/9c179bdbd486a9283c8d4e949146aa2f.mp3?hdnea=exp=1781363507~acl=/api/1/1/9/c/1/0/9c179bdbd486a9283c8d4e949146aa2f.mp3*~data=user_id=0,application_id=42~hmac=09578c4ea964bc183c1183527f64955570b57c7689bedc2e98d7f6f189d61263","On 1 list: Wedding Reception Party | Bride & Groom"
"(thematic candidate)","","","","All I Want for Christmas Is You","Michael Bublé","Christmas (Deluxe Special Edition)","61700774","6914","171","false","https://www.deezer.com/us/track/61700774","https://cdnt-preview.dzcdn.net/api/1/1/8/5/6/0/856804455acf61332104faf40f15fd89.mp3?hdnea=exp=1781363510~acl=/api/1/1/8/5/6/0/856804455acf61332104faf40f15fd89.mp3*~data=user_id=0,application_id=42~hmac=49af81c057e520f02e0f81c6c16a79265dae0881df12e93497effc2c752efeec","On 1 list: Wedding First Dance Songs"
"(thematic candidate)","","","","Easy Lover","Philip Bailey","R-Kive","84792119","3838","280","false","https://www.deezer.com/us/track/84792119","https://cdnt-preview.dzcdn.net/api/1/1/f/9/9/0/f99536d78305f0da8525454553df00d1.mp3?hdnea=exp=1781363509~acl=/api/1/1/f/9/9/0/f99536d78305f0da8525454553df00d1.mp3*~data=user_id=0,application_id=42~hmac=f4bfa81bfd0435e0ca202a0bad10a6174f8a2c1aef4bf6a2d46176122e3ab458","On 1 list: Wedding First Dance Songs"
